time,theta,omega,energy
0.000000000000000000e+00,5.235987755982988157e-01,0.000000000000000000e+00,-8.495709211125344495e+00
1.000000000000000021e-02,5.233535255982988410e-01,-4.904999999999999638e-02,-8.495708955615183910e+00
2.000000000000000042e-02,5.226178797843076262e-01,-9.807916279824963057e-02,-8.495706656132822943e+00
2.999999999999999889e-02,5.213922549445229038e-01,-1.470458051587035797e-01,-8.495700270079174388e+00
4.000000000000000083e-02,5.196774847870956338e-01,-1.959082263267523660e-01,-8.495687759546747486e+00
5.000000000000000278e-02,5.174748201124260705e-01,-2.446247086071591248e-01,-8.495667094927016549e+00
5.999999999999999778e-02,5.147859289761165247e-01,-2.931535186547583050e-01,-8.495636258644013949e+00
7.000000000000000666e-02,5.116128968339863636e-01,-3.414529097712764583e-01,-8.495593249054412155e+00
8.000000000000000167e-02,5.079582266576534444e-01,-3.894811254953017832e-01,-8.495536084551362777e+00
8.999999999999999667e-02,5.038248390063566617e-01,-4.371964047640359841e-01,-8.495462807905896696e+00
1.000000000000000056e-01,4.992160720379614225e-01,-4.845569889150118104e-01,-8.495371490875255560e+00
1.100000000000000006e-01,4.941356814394690655e-01,-5.315211307834531995e-01,-8.495260239102492505e+00
1.199999999999999956e-01,4.885878402548697874e-01,-5.780471061364017560e-01,-8.495127197326013402e+00
1.300000000000000044e-01,4.825771385858469986e-01,-6.240932276681481206e-01,-8.494970554911370542e+00
1.400000000000000133e-01,4.761085831386916989e-01,-6.696178617629146013e-01,-8.494788551710758640e+00
1.499999999999999944e-01,4.691875965888262501e-01,-7.145794482101696099e-01,-8.494579484248326651e+00
1.600000000000000033e-01,4.618200167325980932e-01,-7.589365230354637726e-01,-8.494341712221640250e+00
1.700000000000000122e-01,4.540120953944941640e-01,-8.026477445853272830e-01,-8.494073665301520748e+00
1.799999999999999933e-01,4.457704970566743752e-01,-8.456719229786351377e-01,-8.493773850204274112e+00
1.900000000000000022e-01,4.371022971767359877e-01,-8.879680530090360291e-01,-8.493440858001740423e+00
2.000000000000000111e-01,4.280149801589224756e-01,-9.294953505536713845e-01,-8.493073371626367774e+00
2.099999999999999922e-01,4.185164369435909748e-01,-9.702132925126272234e-01,-8.492670173520055599e+00
2.200000000000000011e-01,4.086149621796701381e-01,-1.010081660271538118e+00,-8.492230153367607670e+00
2.300000000000000100e-01,3.983192509450789731e-01,-1.049060586646687998e+00,-8.491752315847957533e+00
2.399999999999999911e-01,3.876383949806552764e-01,-1.087110606238050670e+00,-8.491235788329252188e+00
2.500000000000000000e-01,3.765818784040588230e-01,-1.124192709081238029e+00,-8.490679828427548870e+00
2.600000000000000089e-01,3.651595728713799560e-01,-1.160268397454529588e+00,-8.490083831343296694e+00
2.700000000000000178e-01,3.533817321557954916e-01,-1.195299745662367075e+00,-8.489447336885246997e+00
2.800000000000000266e-01,3.412589861145726711e-01,-1.229249462582206132e+00,-8.488770036088027382e+00
2.899999999999999800e-01,3.288023340180227794e-01,-1.262080956727778647e+00,-8.488051777327408232e+00
2.999999999999999889e-01,3.160231372166389385e-01,-1.293758403548987301e+00,-8.487292571836499988e+00
3.099999999999999978e-01,3.029331111256080566e-01,-1.324246814657190408e+00,-8.486492598526778508e+00
3.200000000000000067e-01,2.895443165091474702e-01,-1.353512108634926436e+00,-8.485652208019983433e+00
3.300000000000000155e-01,2.758691500506650907e-01,-1.381521183061548141e+00,-8.484771925800769665e+00
3.400000000000000244e-01,2.619203341985515410e-01,-1.408241987361164016e+00,-8.483852454405379717e+00
3.500000000000000333e-01,2.477109062814602802e-01,-1.433643596057090797e+00,-8.482894674568532523e+00
3.599999999999999867e-01,2.332542068911845345e-01,-1.457696281998057675e+00,-8.481899645259495912e+00
3.699999999999999956e-01,2.185638675356642302e-01,-1.480371589106000307e+00,-8.480868602548184754e+00
3.800000000000000044e-01,2.036537975692155056e-01,-1.501642404183746615e+00,-8.479802957253872009e+00
3.900000000000000133e-01,1.885381704117292945e-01,-1.521483027313493386e+00,-8.478704291341729871e+00
4.000000000000000222e-01,1.732314090732921807e-01,-1.539869240373927584e+00,-8.477574353046357203e+00
4.100000000000000311e-01,1.577481710053958430e-01,-1.556778373205337962e+00,-8.476415050716376243e+00
4.199999999999999845e-01,1.421033323045780561e-01,-1.572189366958218093e+00,-8.475228445389493714e+00
4.299999999999999933e-01,1.263119712989282384e-01,-1.586082834171743672e+00,-8.474016742123538393e+00
4.400000000000000022e-01,1.103893515523488994e-01,-1.598441115144123126e+00,-8.472782280125011667e+00
4.500000000000000111e-01,9.435090432574269603e-02,-1.609248330177116548e+00,-8.471527521732680199e+00
4.600000000000000200e-01,7.821221053834782888e-02,-1.618490427301855883e+00,-8.470255040329435658e+00
4.700000000000000289e-01,6.198898227622701845e-02,-1.626155225122306369e+00,-8.468967507270468431e+00
4.799999999999999822e-01,4.569704389838542824e-02,-1.632232450446011951e+00,-8.467667677929785697e+00
4.899999999999999911e-01,2.935231279411108091e-02,-1.636713770408857460e+00,-8.466358376979819411e+00
5.000000000000000000e-01,1.297077984786142862e-02,-1.639592818841072441e+00,-8.465042483030057241e+00
5.100000000000000089e-01,-3.431510329669798000e-03,-1.640865216665172710e+00,-8.463722912760140105e+00
5.200000000000000178e-01,-1.983847934380808531e-02,-1.640528586162485203e+00,-8.462402604690375085e+00
5.300000000000000266e-01,-3.623403506958468301e-02,-1.638582558992834670e+00,-8.461084502738229318e+00
5.400000000000000355e-01,-5.260209175405539117e-02,-1.635028777901306407e+00,-8.459771539712567900e+00
5.500000000000000444e-01,-6.892659010404278419e-02,-1.629870892096172641e+00,-8.458466620898516197e+00
5.600000000000000533e-01,-8.519151729618607005e-02,-1.623114546332487418e+00,-8.457172607884597682e+00
5.700000000000000622e-01,-1.013809268467780605e-01,-1.614767363785910570e+00,-8.455892302780295466e+00
5.799999999999999600e-01,-1.174789582799597859e-01,-1.604838922850431615e+00,-8.454628432966510232e+00
5.899999999999999689e-01,-1.334698565344181465e-01,-1.593340728041242604e+00,-8.453383636513652988e+00
5.999999999999999778e-01,-1.493379910507719177e-01,-1.580286175229511869e+00,-8.452160448392396219e+00
6.099999999999999867e-01,-1.650678744843130097e-01,-1.565690511478709190e+00,-8.450961287590759596e+00
6.199999999999999956e-01,-1.806441809906663420e-01,-1.549570789791956393e+00,-8.449788445238242574e+00
6.300000000000000044e-01,-1.960517640352071045e-01,-1.531945819116194096e+00,-8.448644073823613709e+00
6.400000000000000133e-01,-2.112756736806950530e-01,-1.512836109981393617e+00,-8.447530177577787569e+00
6.500000000000000222e-01,-2.263011733115084523e-01,-1.492263816181284675e+00,-8.446448604077458455e+00
6.600000000000000311e-01,-2.411137557570442458e-01,-1.470252672925869142e+00,-8.445401037108887010e+00
6.700000000000000400e-01,-2.556991587812494360e-01,-1.446827931915168897e+00,-8.444388990814960749e+00
6.800000000000000488e-01,-2.700433799098156396e-01,-1.422016293798077591e+00,-8.443413805132498950e+00
6.900000000000000577e-01,-2.841326905712551754e-01,-1.395845838489827573e+00,-8.442476642511097751e+00
7.000000000000000666e-01,-2.979536495328364842e-01,-1.368345953826430872e+00,-8.441578485889811745e+00
7.099999999999999645e-01,-3.114931156171417137e-01,-1.339547263034606139e+00,-8.440720137893993780e+00
7.199999999999999734e-01,-3.247382596897711582e-01,-1.309481551491282980e+00,-8.439902221201659671e+00
7.299999999999999822e-01,-3.376765759134174316e-01,-1.278181693237973482e+00,-8.439125180017216010e+00
7.399999999999999911e-01,-3.502958922681190801e-01,-1.245681577702355769e+00,-8.438389282580184059e+00
7.500000000000000000e-01,-3.625843803419438460e-01,-1.212016037062598528e+00,-8.437694624628100826e+00
7.600000000000000089e-01,-3.745305644006047263e-01,-1.177220774669585746e+00,-8.437041133725660558e+00
7.700000000000000178e-01,-3.861233297485457405e-01,-1.141332294918617984e+00,-8.436428574366983568e+00
7.800000000000000266e-01,-3.973519303978174655e-01,-1.104387834935731894e+00,-8.435856553754222276e+00
7.900000000000000355e-01,-4.082059960645704755e-01,-1.066425298414864553e+00,-8.435324528153705259e+00
8.000000000000000444e-01,-4.186755385162002630e-01,-1.027483191911094940e+00,-8.434831809730400920e+00
8.100000000000000533e-01,-4.287509572950681802e-01,-9.876005638624859584e-01,-8.434377573762553482e+00
8.200000000000000622e-01,-4.384230448472757335e-01,-9.468169465790311490e-01,-8.433960866140861157e+00
8.300000000000000711e-01,-4.476829910871820695e-01,-9.051723014022339253e-01,-8.433580611060255805e+00
8.399999999999999689e-01,-4.565223874302097307e-01,-8.627069672032944281e-01,-8.433235618817329637e+00
8.499999999999999778e-01,-4.649332303279865575e-01,-8.194616123520710449e-01,-8.432924593632328936e+00
8.599999999999999867e-01,-4.729079243410132527e-01,-7.754771902532575645e-01,-8.432646141421420438e+00
8.699999999999999956e-01,-4.804392847848338866e-01,-7.307948985108598805e-01,-8.432398777452444705e+00
8.800000000000000044e-01,-4.875205399861249345e-01,-6.854561417473474805e-01,-8.432180933825426550e+00
8.900000000000000133e-01,-4.941453331852118658e-01,-6.395024980700338979e-01,-8.431990966727521908e+00
9.000000000000000222e-01,-5.003077241212847692e-01,-5.929756891445331357e-01,-8.431827163420866356e+00
9.100000000000000311e-01,-5.060021903360261142e-01,-5.459175538037313036e-01,-8.431687748930592363e+00
9.200000000000000400e-01,-5.112236282304987167e-01,-4.983700250907781015e-01,-8.431570892409094853e+00
9.300000000000000488e-01,-5.159673539089839611e-01,-4.503751106062759968e-01,-8.431474713161435375e+00
9.400000000000000577e-01,-5.202291038420315816e-01,-4.019748760032512136e-01,-8.431397286325109874e+00
9.500000000000000666e-01,-5.240050353792914395e-01,-3.532114314487215800e-01,-8.431336648205672191e+00
9.599999999999999645e-01,-5.272917271407741024e-01,-3.041269208478139530e-01,-8.431290801277256719e+00
9.699999999999999734e-01,-5.300861793130405841e-01,-2.547635136054868243e-01,-8.431257718864397788e+00
9.799999999999999822e-01,-5.323858138744781421e-01,-2.051633986820270150e-01,-8.431235349527998579e+00
9.899999999999999911e-01,-5.341884747712966064e-01,-1.553687806816510808e-01,-8.431221621184358028e+00
1.000000000000000000e+00,-5.354924280631987443e-01,-1.054218776987700112e-01,-8.431214444991397272e+00
1.010000000000000009e+00,-5.362963620548616417e-01,-5.536492063379108014e-02,-8.431211719040767605e+00
1.020000000000000018e+00,-5.365993874264293195e-01,-5.240153679740018611e-03,-8.431211331898271766e+00
1.030000000000000027e+00,-5.364010373731905590e-01,4.491016432750118831e-02,-8.431211166037986260e+00
1.040000000000000036e+00,-5.357012677615083929e-01,9.504375800892833626e-02,-8.431209101217602253e+00
1.050000000000000044e+00,-5.345004573049138008e-01,1.451183333099816675e-01,-8.431203017843799330e+00
1.060000000000000053e+00,-5.327994077610840318e-01,1.950915754559669479e-01,-8.431190800376862526e+00
1.070000000000000062e+00,-5.305993441472272032e-01,2.449211473153971030e-01,-8.431170340823415543e+00
1.080000000000000071e+00,-5.279019149682039336e-01,2.945646884892436090e-01,-8.431139542364757489e+00
1.090000000000000080e+00,-5.247091924485582926e-01,3.439798154398819308e-01,-8.431096323166235251e+00
1.100000000000000089e+00,-5.210236727565230597e-01,3.931241229671752491e-01,-8.431038620410115314e+00
1.110000000000000098e+00,-5.168482762050339296e-01,4.419551873306591938e-01,-8.430964394590587219e+00
1.120000000000000107e+00,-5.121863474118498738e-01,4.904305713061624661e-01,-8.430871634105006507e+00
1.130000000000000115e+00,-5.070416553980569008e-01,5.385078314524175402e-01,-8.430758360170036880e+00
1.140000000000000124e+00,-5.014183936015533805e-01,5.861445278482885213e-01,-8.430622632085432500e+00
1.150000000000000133e+00,-4.953211797795911142e-01,6.332982365441717221e-01,-8.430462552861309078e+00
1.159999999999999920e+00,-4.887550557721105915e-01,6.799265649519291577e-01,-8.430276275217423176e+00
1.169999999999999929e+00,-4.817254870954688628e-01,7.259871703764172457e-01,-8.430062007955136494e+00
1.179999999999999938e+00,-4.742383623342451560e-01,7.714377818683197940e-01,-8.429818022694291813e+00
1.189999999999999947e+00,-4.662999922971404199e-01,8.162362255526313115e-01,-8.429542660958402323e+00
1.199999999999999956e+00,-4.579171089015780516e-01,8.603404535598486724e-01,-8.429234341582697354e+00
1.209999999999999964e+00,-4.490968637504897942e-01,9.037085766578026869e-01,-8.428891568410170620e+00
1.219999999999999973e+00,-4.398468263639446763e-01,9.462989006512168011e-01,-8.428512938231623508e+00
1.229999999999999982e+00,-4.301749820277703251e-01,9.880699665836607526e-01,-8.428097148916553039e+00
1.239999999999999991e+00,-4.200897292211382972e-01,1.028980594742742394e+00,-8.427643007672800834e+00
1.250000000000000000e+00,-4.095998765852528756e-01,1.068989932434345036e+00,-8.427149439364324479e+00
1.260000000000000009e+00,-3.987146393958026502e-01,1.108057505455704028e+00,-8.426615494808556761e+00
1.270000000000000018e+00,-3.874436355027222612e-01,1.146143273160368681e+00,-8.426040358967485489e+00
1.280000000000000027e+00,-3.757968807020658497e-01,1.183207686970914052e+00,-8.425423358940260954e+00
1.290000000000000036e+00,-3.637847835064215163e-01,1.219211752157944861e+00,-8.424763971659718464e+00
1.300000000000000044e+00,-3.514181392822976480e-01,1.254117092666828803e+00,-8.424061831191114180e+00
1.310000000000000053e+00,-3.387081237252782540e-01,1.287886018737048666e+00,-8.423316735528471710e+00
1.320000000000000062e+00,-3.256662856464755951e-01,1.320481597023477782e+00,-8.422528652782622416e+00
1.330000000000000071e+00,-3.123045390468850435e-01,1.351867722894632085e+00,-8.421697726655231975e+00
1.340000000000000080e+00,-2.986351544596595464e-01,1.382009194550468223e+00,-8.420824281094969166e+00
1.350000000000000089e+00,-2.846707495440472524e-01,1.410871788571979701e+00,-8.419908824035655215e+00
1.360000000000000098e+00,-2.704242789187518148e-01,1.438422336487107378e+00,-8.418952050121600195e+00
1.370000000000000107e+00,-2.559090232267525744e-01,1.464628801912744693e+00,-8.417954842332575183e+00
1.380000000000000115e+00,-2.411385774281325500e-01,1.489460357811260183e+00,-8.416918272429803949e+00
1.390000000000000124e+00,-2.261268383221644585e-01,1.512887463382359687e+00,-8.415843600155074711e+00
1.400000000000000133e+00,-2.108879913047645993e-01,1.534881940097611031e+00,-8.414732271127217444e+00
1.409999999999999920e+00,-1.954364963723972948e-01,1.555417046375850987e+00,-8.413585913394076243e+00
1.419999999999999929e+00,-1.797870733885517380e-01,1.574467550393262583e+00,-8.412406332612913928e+00
1.429999999999999938e+00,-1.639546866339736675e-01,1.592009800522349305e+00,-8.411195505848393594e+00
1.439999999999999947e+00,-1.479545286668644544e-01,1.608021792899496649e+00,-8.409955573994087885e+00
1.449999999999999956e+00,-1.318020035242099541e-01,1.622483235631401399e+00,-8.408688832840919503e+00
1.459999999999999964e+00,-1.155127093002210892e-01,1.635375609166372923e+00,-8.407397722833694687e+00
1.469999999999999973e+00,-9.910242014250254805e-02,1.646682222377335858e+00,-8.406084817574422274e+00
1.479999999999999982e+00,-8.258706771097004684e-02,1.656388263929161830e+00,-8.404752811148524572e+00
1.489999999999999991e+00,-6.598272214865652519e-02,1.664480848533541613e+00,-8.403404504366568162e+00
1.500000000000000000e+00,-4.930557261734026114e-02,1.670949057729711917e+00,-8.402042790029677022e+00
1.510000000000000009e+00,-3.257190745434850737e-02,1.675783974868638948e+00,-8.400670637341146829e+00
1.520000000000000018e+00,-1.579809400989865692e-02,1.678978714021330587e+00,-8.399291075599325751e+00
1.530000000000000027e+00,9.994417730997001443e-04,1.680528442578340664e+00,-8.397907177317694760e+00
1.540000000000000036e+00,1.780423597277501491e-02,1.680430397356722283e+00,-8.396522040926724273e+00
1.550000000000000044e+00,3.459980742996923708e-02,1.678683894082122707e+00,-8.395138773218572936e+00
1.560000000000000053e+00,5.136967855121375714e-02,1.675290330166782304e+00,-8.393760471699675207e+00
1.570000000000000062e+00,6.809739610583906422e-02,1.670253180758278333e+00,-8.392390207017829340e+00
1.580000000000000071e+00,8.476655195007191945e-02,1.663577988088293269e+00,-8.391031005629416839e+00
1.590000000000000080e+00,1.013608036115375283e-01,1.655272344204828938e+00,-8.389685832868867266e+00
1.600000000000000089e+00,1.178638946686841049e-01,1.645345867224486947e+00,-8.388357576576556340e+00
1.610000000000000098e+00,1.342596748612717994e-01,1.633810171293050395e+00,-8.387049031433061685e+00
1.620000000000000107e+00,1.505321198701972396e-01,1.620678830492033651e+00,-8.385762884137298201e+00
1.630000000000000115e+00,1.666653507075350482e-01,1.605967336975530291e+00,-8.384501699553705834e+00
1.640000000000000124e+00,1.826436526607380095e-01,1.589693053665063527e+00,-8.383267907939648822e+00
1.650000000000000133e+00,1.984514937384121436e-01,1.571875161869758841e+00,-8.382063793348676128e+00
1.660000000000000142e+00,2.140735425689338778e-01,1.552534604234586890e+00,-8.380891483288817057e+00
1.669999999999999929e+00,2.294946857073584534e-01,1.531694023450328679e+00,-8.379752939697693748e+00
1.679999999999999938e+00,2.447000443105351863e-01,1.509377697185018130e+00,-8.378649951278390517e+00
1.689999999999999947e+00,2.596749901450488007e-01,1.485611469717699196e+00,-8.377584127222171162e+00
1.699999999999999956e+00,2.744051608974937273e-01,1.460422680771282788e+00,-8.376556892326291859e+00
1.709999999999999964e+00,2.888764747616103246e-01,1.433840092052029780e+00,-8.375569483497887546e+00
1.719999999999999973e+00,3.030751442819141772e-01,1.405893812008742083e+00,-8.374622947618455271e+00
1.729999999999999982e+00,3.169876894385837973e-01,1.376615219325189932e+00,-8.373718140727952175e+00
1.739999999999999991e+00,3.306009499634837145e-01,1.346036885654797066e+00,-8.372855728473282966e+00
1.750000000000000000e+00,3.439020968822443236e-01,1.314192498097334960e+00,-8.372036187753240100e+00
1.760000000000000009e+00,3.568786432822490529e-01,1.281116781903617996e+00,-8.371259809480701364e+00
1.770000000000000018e+00,3.695184543111483255e-01,1.246845423876238756e+00,-8.370526702373513928e+00
1.780000000000000027e+00,3.818097564150923495e-01,1.211414996912576258e+00,-8.369836797677757900e+00
1.790000000000000036e+00,3.937411458302103595e-01,1.174862886111031957e+00,-8.369189854721305721e+00
1.800000000000000044e+00,4.053015963449310144e-01,1.137227216833091026e+00,-8.368585467191525851e+00
1.810000000000000053e+00,4.164804663545103591e-01,1.098546785082780586e+00,-8.368023070028863586e+00
1.820000000000000062e+00,4.272675052325833889e-01,1.058860990531826030e+00,-8.367501946827514914e+00
1.830000000000000071e+00,4.376528590476611025e-01,1.018209772483716691e+00,-8.367021237635640318e+00
1.840000000000000080e+00,4.476270756552466756e-01,9.766335490333889480e-01,-8.366579947050297505e+00
1.850000000000000089e+00,4.571811091986223152e-01,9.341731596417398586e-01,-8.366176952506437559e+00
1.860000000000000098e+00,4.663063240533613651e-01,8.908698113060757873e-01,-8.365811012664686075e+00
1.870000000000000107e+00,4.749944982522380510e-01,8.467650284692544993e-01,-8.365480775809212233e+00
1.880000000000000115e+00,4.832378264284445391e-01,8.019006067720400033e-01,-8.365184788174403252e+00
1.890000000000000124e+00,4.910289223158816330e-01,7.563185707153798898e-01,-8.364921502127284469e+00
1.900000000000000133e+00,4.983608208457696587e-01,7.100611352622220318e-01,-8.364689284141521242e+00
1.910000000000000142e+00,5.052269798789427169e-01,6.631706713723770630e-01,-8.364486422508070618e+00
1.919999999999999929e+00,5.116212816129498409e-01,6.156896754290361873e-01,-8.364311134737118181e+00
1.929999999999999938e+00,5.175380337025053956e-01,5.676607424820729886e-01,-8.364161574615655681e+00
1.939999999999999947e+00,5.229719701309225588e-01,5.191265432013644210e-01,-8.364035838894704256e+00
1.949999999999999956e+00,5.279182518689454762e-01,4.701298044032117818e-01,-8.363931973589730617e+00
1.959999999999999964e+00,5.323724673558847265e-01,4.207132929846393310e-01,-8.363847979887088613e+00
1.969999999999999973e+00,5.363306328361779896e-01,3.709198030740015195e-01,-8.363781819658210992e+00
1.979999999999999982e+00,5.397891925824580550e-01,3.207921461820091302e-01,-8.363731420591726362e+00
1.989999999999999991e+00,5.427450190339433433e-01,2.703731441150489800e-01,-8.363694680961481609e+00
2.000000000000000000e+00,5.451954128764813223e-01,2.197056243925636365e-01,-8.363669474055829056e+00
2.010000000000000231e+00,5.471381030879056695e-01,1.688324178923029106e-01,-8.363653652299966268e+00
2.020000000000000018e+00,5.485712469695246396e-01,1.177963584314761225e-01,-8.363645051109001471e+00
2.030000000000000249e+00,5.494934301815731503e-01,6.664028397823315575e-02,-8.363641492514432230e+00
2.040000000000000036e+00,5.499036667973468129e-01,1.540703917648685722e-02,-8.363640788610869237e+00
2.049999999999999822e+00,5.498013993875184857e-01,-3.586052114214051401e-02,-8.363640744873251265e+00
2.060000000000000053e+00,5.491864991428452303e-01,-8.711952779250731194e-02,-8.363639163397172283e+00
2.069999999999999840e+00,5.480592660401106819e-01,-1.383270927543994722e-01,-8.363633846116563575e+00
2.080000000000000071e+00,5.464204290527585606e-01,-1.894403047160288234e-01,-8.363622598053570556e+00
2.089999999999999858e+00,5.442711464042591096e-01,-2.404162249838643350e-01,-8.363603230655254350e+00
2.100000000000000089e+00,5.416130058588479734e-01,-2.912118840983717316e-01,-8.363573565270479904e+00
2.109999999999999876e+00,5.384480250408993918e-01,-3.417842794913316662e-01,-8.363531436818375298e+00
2.120000000000000107e+00,5.347786517708712495e-01,-3.920903745142903518e-01,-8.363474697696624105e+00
2.129999999999999893e+00,5.306077644025030127e-01,-4.420870991593596200e-01,-8.363401221974095634e+00
2.140000000000000124e+00,5.259386721427911082e-01,-4.917313527830143860e-01,-8.363308909907438249e+00
2.149999999999999911e+00,5.207751153332225158e-01,-5.409800091307205294e-01,-8.363195692815830640e+00
2.160000000000000142e+00,5.151212656678431090e-01,-5.897899239451652731e-01,-8.363059538341557797e+00
2.169999999999999929e+00,5.089817263209995835e-01,-6.381179454235430537e-01,-8.362898456117092039e+00
2.180000000000000160e+00,5.023615319550329694e-01,-6.859209277697870810e-01,-8.362710503851417343e+00
2.189999999999999947e+00,4.952661485758548254e-01,-7.331557480658413839e-01,-8.362493793840018341e+00
2.200000000000000178e+00,4.877014732022152965e-01,-7.797793266620680619e-01,-8.362246499893824847e+00
2.209999999999999964e+00,4.796738333126013276e-01,-8.257486512607263851e-01,-8.361966864673108901e+00
2.220000000000000195e+00,4.711899860321066558e-01,-8.710208048382085400e-01,-8.361653207402392596e+00
2.229999999999999982e+00,4.622571170203083613e-01,-9.155529975214494742e-01,-8.361303931932543065e+00
2.240000000000000213e+00,4.528828390201922738e-01,-9.593026025017663549e-01,-8.360917535105956588e+00
2.250000000000000000e+00,4.430751900275062272e-01,-1.002227196035446966e+00,-8.360492615370750613e+00
2.260000000000000231e+00,4.328426310396045751e-01,-1.044284601544878122e+00,-8.360027881579959796e+00
2.270000000000000018e+00,4.221940433428948980e-01,-1.085432937797062625e+00,-8.359522161902132709e+00
2.280000000000000249e+00,4.111387252984182727e-01,-1.125630671098260427e+00,-8.358974412760780126e+00
2.290000000000000036e+00,3.996863885859047172e-01,-1.164836671404450463e+00,-8.358383727711784061e+00
2.300000000000000266e+00,3.878471538678441854e-01,-1.203010272207650555e+00,-8.357749346160446180e+00
2.310000000000000053e+00,3.756315458367150972e-01,-1.240111334018165756e+00,-8.357070661813489565e+00
2.319999999999999840e+00,3.630504876105096201e-01,-1.276100311222923223e+00,-8.356347230756220767e+00
2.330000000000000071e+00,3.501152944440921733e-01,-1.310938322060568595e+00,-8.355578779041291426e+00
2.339999999999999858e+00,3.368376667267125590e-01,-1.344587221415359579e+00,-8.354765209673415072e+00
2.350000000000000089e+00,3.232296822391632074e-01,-1.377009676094512969e+00,-8.353906608873840511e+00
2.359999999999999876e+00,3.093037876476006920e-01,-1.408169242217991002e+00,-8.353003251509788285e+00
2.370000000000000107e+00,2.950727892149296872e-01,-1.438030444316200640e+00,-8.352055605577259456e+00
2.379999999999999893e+00,2.805498427148477858e-01,-1.466558855700178743e+00,-8.351064335630860924e+00
2.390000000000000124e+00,2.657484425381419491e-01,-1.493721179640992380e+00,-8.350030305061418190e+00
2.399999999999999911e+00,2.506824099855832766e-01,-1.519485330870742779e+00,-8.348954577131335597e+00
2.410000000000000142e+00,2.353658807467438885e-01,-1.543820516897133732e+00,-8.347838414688634856e+00
2.419999999999999929e+00,2.198132915692210254e-01,-1.566697318607438438e+00,-8.346683278493580715e+00
2.430000000000000160e+00,2.040393661280527071e-01,-1.588087769626226109e+00,-8.345490824106171601e+00
2.439999999999999947e+00,1.880591001104980620e-01,-1.607965433884703810e+00,-8.344262897298937887e+00
2.450000000000000178e+00,1.718877455367834317e-01,-1.626305480858222019e+00,-8.343001527976685594e+00
2.459999999999999964e+00,1.555407943428293027e-01,-1.643084757932602002e+00,-8.341708922603157106e+00
2.470000000000000195e+00,1.390339612563184224e-01,-1.658281859369572731e+00,-8.340387455153566165e+00
2.479999999999999982e+00,1.223831660026864360e-01,-1.671877191356823111e+00,-8.339039656631440423e+00
2.490000000000000213e+00,1.056045148826576102e-01,-1.683853032648942705e+00,-8.337668203207583062e+00
2.500000000000000000e+00,8.871428176775413010e-02,-1.694193590331755317e+00,-8.336275903058211867e+00
2.510000000000000231e+00,7.172888856472514618e-02,-1.702885050274041578e+00,-8.334865681997813525e+00
2.520000000000000018e+00,5.466488520401917989e-02,-1.709915621867151403e+00,-8.333440568019771177e+00
2.530000000000000249e+00,3.753892921121257387e-02,-1.715275576694169191e+00,-8.332003674873922350e+00
2.540000000000000036e+00,2.036776492366320843e-02,-1.718957280815703426e+00,-8.330558184824681689e+00
2.550000000000000266e+00,3.168202417542001145e-03,-1.720955220408537878e+00,-8.329107330745813442e+00
2.560000000000000053e+00,-1.404290378722946459e-02,-1.721266020545755060e+00,-8.327654377718154421e+00
2.569999999999999840e+00,-3.124867617476781781e-02,-1.719888456961915058e+00,-8.326202604304299371e+00
2.580000000000000071e+00,-4.843223576309642342e-02,-1.716823460703805981e+00,-8.324755283679442286e+00
2.589999999999999858e+00,-6.557672364474284588e-02,-1.712074115625476844e+00,-8.323315664799883606e+00
2.600000000000000089e+00,-8.266532246659540062e-02,-1.705645648745033993e+00,-8.321886953790333052e+00
2.609999999999999876e+00,-9.968127777801702449e-02,-1.697545413539290227e+00,-8.320472295727899592e+00
2.620000000000000107e+00,-1.166079191772640272e-01,-1.687782866310109320e+00,-8.319074756994716324e+00
2.629999999999999893e+00,-1.334286811878769297e-01,-1.676369535812469280e+00,-8.317697308362657083e+00
2.640000000000000124e+00,-1.501271237988803242e-01,-1.663318986388210963e+00,-8.316342808962563282e+00
2.649999999999999911e+00,-1.666869526053239570e-01,-1.648646774900512035e+00,-8.315013991277288241e+00
2.660000000000000142e+00,-1.830920384888851393e-01,-1.632370401811724658e+00,-8.313713447282722768e+00
2.669999999999999929e+00,-1.993264367818979033e-01,-1.614509256790828129e+00,-8.312443615844266276e+00
2.680000000000000160e+00,-2.153744058622314994e-01,-1.595084559275893321e+00,-8.311206771458198972e+00
2.689999999999999947e+00,-2.312204251308672132e-01,-1.574119294451246986e+00,-8.310005014408416102e+00
2.700000000000000178e+00,-2.468492123287641671e-01,-1.551638145128140467e+00,-8.308840262389484366e+00
2.709999999999999964e+00,-2.622457401546120503e-01,-1.527667420041435964e+00,-8.307714243627264850e+00
2.720000000000000195e+00,-2.773952521502839885e-01,-1.502234979092960110e+00,-8.306628491508673662e+00
2.729999999999999982e+00,-2.922832778261721387e-01,-1.475370156084674145e+00,-8.305584340713160429e+00
2.740000000000000213e+00,-3.068956470040538620e-01,-1.447103679491666739e+00,-8.304582924820090639e+00
2.750000000000000000e+00,-3.212185033606436146e-01,-1.417467591826283124e+00,-8.303625175349115040e+00
2.760000000000000231e+00,-3.352383171604780276e-01,-1.386495168140601031e+00,-8.302711822174723366e+00
2.770000000000000018e+00,-3.489418971722069163e-01,-1.354220834205181134e+00,-8.301843395241933266e+00
2.780000000000000249e+00,-3.623164017676719917e-01,-1.320680084887828176e+00,-8.301020227497614812e+00
2.790000000000000036e+00,-3.753493492082977667e-01,-1.285909403237326387e+00,-8.300242458941255563e+00
2.800000000000000266e+00,-3.880286271282551436e-01,-1.249946180754140324e+00,-8.299510041690380646e+00
2.810000000000000053e+00,-4.003425012285423135e-01,-1.212828639303292100e+00,-8.298822745949232527e+00
2.819999999999999840e+00,-4.122796232005312422e-01,-1.174595755094488769e+00,-8.298180166764678845e+00
2.830000000000000071e+00,-4.238290379016112497e-01,-1.135287185121512943e+00,-8.297581731450774711e+00
2.839999999999999858e+00,-4.349801898093057506e-01,-1.094943196417380360e+00,-8.297026707562702441e+00
2.850000000000000089e+00,-4.457229287836139697e-01,-1.053604598444261242e+00,-8.296514211302051578e+00
2.859999999999999876e+00,-4.560475151703258789e-01,-1.011312678898118378e+00,-8.296043216238155438e+00
2.870000000000000107e+00,-4.659446242806559169e-01,-9.681091431678836567e-01,-8.295612562234817133e+00
2.879999999999999893e+00,-4.754053502847362389e-01,-9.240360576481831956e-01,-8.295220964477442394e+00
2.890000000000000124e+00,-4.844212095582949296e-01,-8.791357970635639285e-01,-8.294867022502787179e+00
2.899999999999999911e+00,-4.929841435232187874e-01,-8.334509959212137442e-01,-8.294549229141573221e+00
2.910000000000000142e+00,-5.010865210236682410e-01,-7.870245041686781962e-01,-8.294265979293241386e+00
2.919999999999999929e+00,-5.087211402799783899e-01,-7.398993470933598049e-01,-8.294015578461738869e+00
2.930000000000000160e+00,-5.158812304627549139e-01,-6.921186894619267838e-01,-8.293796250991416485e+00
2.939999999999999947e+00,-5.225604529293665923e-01,-6.437258038604082300e-01,-8.293606147952496954e+00
2.950000000000000178e+00,-5.287529021644682414e-01,-5.947640431599259259e-01,-8.293443354636288234e+00
2.959999999999999964e+00,-5.344531064652623398e-01,-5.452768169988910785e-01,-8.293305897630782297e+00
2.970000000000000195e+00,-5.396560284109580552e-01,-4.953075721402334652e-01,-8.293191751457893446e+00
2.979999999999999982e+00,-5.443570651543190309e-01,-4.448997765319525621e-01,-8.293098844763626687e+00
2.990000000000000213e+00,-5.485520485713342165e-01,-3.940969068710837298e-01,-8.293025066062288175e+00
3.000000000000000000e+00,-5.522372453029152917e-01,-3.429424394451314750e-01,-8.292968269045170260e+00
3.010000000000000231e+00,-5.554093567201467962e-01,-2.914798440011895364e-01,-8.292926277472753682e+00
3.020000000000000018e+00,-5.580655188420096113e-01,-2.397525803713836390e-01,-8.292896889677498606e+00
3.030000000000000249e+00,-5.602033022316863509e-01,-1.878040975639537757e-01,-8.292877882711605864e+00
3.040000000000000036e+00,-5.618207118945673928e-01,-1.356778350122549992e-01,-8.292867016180542450e+00
3.050000000000000266e+00,-5.629161871979246889e-01,-8.341722565919791610e-02,-8.292862035808806098e+00
3.060000000000000053e+00,-5.634886018289315679e-01,-3.106570054217128868e-02,-8.292860676789084451e+00
3.070000000000000284e+00,-5.635372638043089077e-01,2.133330546671884098e-02,-8.292860666969918526e+00
3.080000000000000071e+00,-5.630619155413842947e-01,7.373634711820084564e-02,-8.292859729939726421e+00
3.089999999999999858e+00,-5.620627339967934066e-01,1.260999617999716826e-01,-8.292855588067141070e+00
3.100000000000000089e+00,-5.605403308754453029e-01,1.783806624696342713e-01,-8.292845965558463206e+00
3.109999999999999876e+00,-5.584957529087479777e-01,2.305349308698326771e-01,-8.292828591593156773e+00
3.120000000000000107e+00,-5.559304821974593303e-01,2.825192113878966516e-01,-8.292801203597210957e+00
3.129999999999999893e+00,-5.528464366109250294e-01,3.342899059189553546e-01,-8.292761550712404173e+00
3.140000000000000124e+00,-5.492459702309009373e-01,3.858033700858523596e-01,-8.292707397516435819e+00
3.149999999999999911e+00,-5.451318738246653250e-01,4.370159111612693104e-01,-8.292636528045134625e+00
3.160000000000000142e+00,-5.405073753287228389e-01,4.878837880272313132e-01,-8.292546750163104718e+00
3.169999999999999929e+00,-5.353761403211136916e-01,5.383632134946017000e-01,-8.292435900323457787e+00
3.180000000000000160e+00,-5.297422724571894115e-01,5.884103592902607538e-01,-8.292301848750721405e+00
3.189999999999999947e+00,-5.236103138407262048e-01,6.379813640023911381e-01,-8.292142505073540448e+00
3.200000000000000178e+00,-5.169852452994410097e-01,6.870323442546507620e-01,-8.291955824425677690e+00
3.209999999999999964e+00,-5.098724865313777332e-01,7.355194093580089687e-01,-8.291739814024792210e+00
3.220000000000000195e+00,-5.022778960862643860e-01,7.833986796646638107e-01,-8.291492540229063124e+00
3.229999999999999982e+00,-4.942077711438321308e-01,8.306263088217791246e-01,-8.291212136061488991e+00
3.240000000000000213e+00,-4.856688470492540599e-01,8.771585100938280588e-01,-8.290896809181285576e+00
3.250000000000000000e+00,-4.766682965643290193e-01,9.229515868911748466e-01,-8.290544850270853416e+00
3.260000000000000231e+00,-4.672137287918268211e-01,9.679619676092658942e-01,-8.290154641795753676e+00
3.270000000000000018e+00,-4.573131877295427139e-01,1.012146244847554888e+00,-8.289724667084103160e+00
3.280000000000000249e+00,-4.469751504101038275e-01,1.055461219040216836e+00,-8.289253519660702452e+00
3.290000000000000036e+00,-4.362085245824428026e-01,1.097863946491989262e+00,-8.288739912760656026e+00
3.300000000000000266e+00,-4.250226458911210980e-01,1.139311791772352311e+00,-8.288182688936919007e+00
3.310000000000000053e+00,-4.134272745103594882e-01,1.179762484379966114e+00,-8.287580829666776339e+00
3.320000000000000284e+00,-4.014325911907239974e-01,1.219174179547131587e+00,-8.286933464853492026e+00
3.330000000000000071e+00,-3.890491926779315324e-01,1.257505523011352766e+00,-8.286239882111809507e+00
3.339999999999999858e+00,-3.762880864651836355e-01,1.294715719538225729e+00,-8.285499535719640818e+00
3.350000000000000089e+00,-3.631606848428062251e-01,1.330764604937252571e+00,-8.284712055113368834e+00
3.359999999999999876e+00,-3.496787982117688931e-01,1.365612721270219598e+00,-8.283877252800946778e+00
3.370000000000000107e+00,-3.358546276308631562e-01,1.399221394910920679e+00,-8.282995131565506597e+00
3.379999999999999893e+00,-3.217007565709297801e-01,1.431552817075748330e+00,-8.282065890832672750e+00
3.390000000000000124e+00,-3.072301418535136608e-01,1.462570126407478854e+00,-8.281089932077311033e+00
3.399999999999999911e+00,-2.924561037556764331e-01,1.492237493159960904e+00,-8.280067863150078367e+00
3.410000000000000142e+00,-2.773923152673773429e-01,1.520520204499860473e+00,-8.279000501410997970e+00
3.419999999999999929e+00,-2.620527904928099949e-01,1.547384750413614229e+00,-8.277888875566311810e+00
3.430000000000000160e+00,-2.464518721923231181e-01,1.572798909683760682e+00,-8.276734226116033710e+00
3.439999999999999947e+00,-2.306042184670077932e-01,1.596731835379302300e+00,-8.275538004332812392e+00
3.450000000000000178e+00,-2.145247885936607535e-01,1.619154139290105210e+00,-8.274301869707958446e+00
3.459999999999999964e+00,-1.982288280235806055e-01,1.640037974725922831e+00,-8.273027685817289978e+00
3.470000000000000195e+00,-1.817318525644672500e-01,1.659357117096751155e+00,-8.271717514577991537e+00
3.479999999999999982e+00,-1.650496317705178739e-01,1.677087041693120284e+00,-8.270373608887238603e+00
3.490000000000000213e+00,-1.481981715715884051e-01,1.693204998092773472e+00,-8.268998403654062912e+00
3.500000000000000000e+00,-1.311936961779541500e-01,1.707690080634080010e+00,-8.267594505257099158e+00
3.510000000000000231e+00,-1.140526293027013527e-01,1.720523294416478111e+00,-8.266164679482292499e+00
3.520000000000000018e+00,-9.679157474904805103e-02,1.731687616314179223e+00,-8.264711838015948331e+00
3.530000000000000249e+00,-7.942729641487156211e-02,1.741168050521116228e+00,-8.263239023589207477e+00
3.540000000000000036e+00,-6.197669777135377672e-02,1.748951678182439906e+00,-8.261749393889793680e+00
3.550000000000000266e+00,-4.445680087688949622e-02,1.755027700710415806e+00,-8.260246204375235379e+00
3.560000000000000053e+00,-2.688472499118783887e-02,1.759387476429915775e+00,-8.258732790138431312e+00
3.570000000000000284e+00,-9.277664857786509928e-03,1.762024550250349986e+00,-8.257212546991040014e+00
3.580000000000000071e+00,8.347131274046459826e-03,1.762934676116243882e+00,-8.255688911942268504e+00
3.589999999999999858e+00,2.597238381486322717e-02,1.762115832047109532e+00,-8.254165343260247312e+00
3.600000000000000089e+00,4.358080411328923293e-02,1.759568227638090399e+00,-8.252645300309850995e+00
3.609999999999999876e+00,6.115511677125635287e-02,1.755294303955333479e+00,-8.251132223364402662e+00
3.620000000000000107e+00,7.867808192015003643e-02,1.749298725823403178e+00,-8.249629513589464835e+00
3.629999999999999893e+00,9.613251738209460662e-02,1.741588366565512080e+00,-8.248140513394195850e+00
3.640000000000000124e+00,1.135013206415227821e-01,1.732172285320122240e+00,-8.246668487340370390e+00
3.649999999999999911e+00,1.307674905537173360e-01,1.721061697118788203e+00,-8.245216603790526122e+00
3.660000000000000142e+00,1.479141487191574234e-01,1.708269935969229048e+00,-8.243787917465477122e+00
3.669999999999999929e+00,1.649245604552226352e-01,1.693812411243812210e+00,-8.242385353067710696e+00
3.680000000000000160e+00,1.817821553000729395e-01,1.677706557726250658e+00,-8.241011690111037069e+00
3.689999999999999947e+00,1.984705469872929395e-01,1.659971779717752227e+00,-8.239669549079051691e+00
3.700000000000000178e+00,2.149735528341196467e-01,1.640629389647585645e+00,-8.238361379015431751e+00
3.709999999999999964e+00,2.312752124907155038e-01,1.619702541671586227e+00,-8.237089446628552025e+00
3.720000000000000195e+00,2.473598060029491841e-01,1.597216160775148497e+00,-8.235855826971420157e+00
3.729999999999999982e+00,2.632118711464472294e-01,1.573196867924457676e+00,-8.234662395736370044e+00
3.740000000000000213e+00,2.788162199952240461e-01,1.547672901830899228e+00,-8.233510823182209393e+00
3.750000000000000000e+00,2.941579546939218637e-01,1.520674037908664955e+00,-8.232402569690410843e+00
3.760000000000000231e+00,3.092224824085377799e-01,1.492231505014517845e+00,-8.231338882926483080e+00
3.770000000000000018e+00,3.239955294364181837e-01,1.462377900561565358e+00,-8.230320796563516339e+00
3.780000000000000249e+00,3.384631544622053734e-01,1.431147104595866582e+00,-8.229349130507086940e+00
3.790000000000000036e+00,3.526117609522647078e-01,1.398574193416000977e+00,-8.228424492544577973e+00
3.800000000000000266e+00,3.664281086858528491e-01,1.364695353301625058e+00,-8.227547281327856510e+00
3.810000000000000053e+00,3.798993244268505931e-01,1.329547794897916857e+00,-8.226717690586099252e+00
3.820000000000000284e+00,3.930129117452353382e-01,1.293169668779031278e+00,-8.225935714455561154e+00
3.830000000000000071e+00,4.057567600025591137e-01,1.255599982685720040e+00,-8.225201153805445031e+00
3.839999999999999858e+00,4.181191525204905335e-01,1.216878520900566141e+00,-8.224513623433448828e+00
3.850000000000000089e+00,4.300887739559400846e-01,1.177045766189348752e+00,-8.223872560001403542e+00
3.859999999999999876e+00,4.416547169103837156e-01,1.136142824699377663e+00,-8.223277230580194441e+00
3.870000000000000107e+00,4.528064878047092789e-01,1.094211354165736561e+00,-8.222726741674215134e+00
3.879999999999999893e+00,4.635340120542116860e-01,1.051293495734741512e+00,-8.222220048598314790e+00
3.890000000000000124e+00,4.738276385812406066e-01,1.007431809671048839e+00,-8.221755965084859952e+00
3.899999999999999911e+00,4.836781437054518684e-01,9.626692151711990775e-01,-8.221333173004733652e+00
3.910000000000000142e+00,4.930767344536198804e-01,9.170489344624064287e-01,-8.220950232093519716e+00
3.919999999999999929e+00,5.020150513325394304e-01,8.706144413215075595e-01,-8.220605589582994810e+00
3.930000000000000160e+00,5.104851706096746877e-01,8.234094141055530169e-01,-8.220297589647630687e+00
3.939999999999999947e+00,5.184796061469170159e-01,7.754776933429021746e-01,-8.220024482586325121e+00
3.950000000000000178e+00,5.259913108330924736e-01,7.268632438921782679e-01,-8.219784433670652035e+00
3.959999999999999964e+00,5.330136776607349303e-01,6.776101216363242807e-01,-8.219575531602238527e+00
3.970000000000000195e+00,5.395405404921191916e-01,6.277624446405064562e-01,-8.219395796533547127e+00
3.979999999999999982e+00,5.455661745586514177e-01,5.773643686659384322e-01,-8.219243187617919943e+00
3.990000000000000213e+00,5.510852967364661126e-01,5.264600668970073061e-01,-8.219115610066248578e+00
4.000000000000000000e+00,5.560930656394836857e-01,4.750937137065053273e-01,-8.219010921698711059e+00
4.009999999999999787e+00,5.605850815692833278e-01,4.233094722534082033e-01,-8.218926938990955833e+00
4.020000000000000462e+00,5.645573863589481434e-01,3.711514856795657402e-01,-8.218861442624184832e+00
4.030000000000000249e+00,5.680064631455756796e-01,3.186638716459397891e-01,-8.218812182558329127e+00
4.040000000000000036e+00,5.709292361034337127e-01,2.658907199256637655e-01,-8.218776882656310789e+00
4.049999999999999822e+00,5.733230701668131646e-01,2.128760927502296174e-01,-8.218753244895601995e+00
4.060000000000000497e+00,5.751857707684968624e-01,1.596640275865299774e-01,-8.218738953210479536e+00
4.070000000000000284e+00,5.765155836164609360e-01,1.062985420062951825e-01,-8.218731677014803338e+00
4.080000000000000071e+00,5.773111945279707502e-01,5.282364029565051605e-02,-8.218729074460565442e+00
4.089999999999999858e+00,5.775717293366543492e-01,-7.166785589333077300e-04,-8.218728795491962558e+00
4.099999999999999645e+00,5.772967538844540059e-01,-5.427841188112954990e-02,-8.218728484758191399e+00
4.110000000000000320e+00,5.764862741065919227e-01,-1.078175436912924279e-01,-8.218725784450677807e+00
4.120000000000000107e+00,5.751407362138699630e-01,-1.612900348531002837e-01,-8.218718337131889484e+00
4.129999999999999893e+00,5.732610269727719254e-01,-2.146518133664974126e-01,-8.218703788623287210e+00
4.139999999999999680e+00,5.708484740799747437e-01,-2.678587651929421609e-01,-8.218679791019368963e+00
4.150000000000000355e+00,5.679048466240277371e-01,-3.208667259964583240e-01,-8.218644005893118276e+00
4.160000000000000142e+00,5.644323556231497507e-01,-3.736314741791373351e-01,-8.218594107755405886e+00
4.169999999999999929e+00,5.604336546243413597e-01,-4.261087255825325437e-01,-8.218527787827294873e+00
4.179999999999999716e+00,5.559118403453446877e-01,-4.782541302167981345e-01,-8.218442758179357099e+00
4.190000000000000391e+00,5.508704533374235712e-01,-5.300232713674314367e-01,-8.218336756286483080e+00
4.200000000000000178e+00,5.453134786435112069e-01,-5.813716674150481989e-01,-8.218207550039929643e+00
4.209999999999999964e+00,5.392453464230022586e-01,-6.322547766867323560e-01,-8.218052943250830467e+00
4.219999999999999751e+00,5.326709325113778704e-01,-6.826280056381325290e-01,-8.217870781670828961e+00
4.230000000000000426e+00,5.255955588799691158e-01,-7.324467206436134914e-01,-8.217658959546310982e+00
4.240000000000000213e+00,5.180249939585140906e-01,-7.816662636474089876e-01,-8.217415426712614490e+00
4.250000000000000000e+00,5.099654527807676585e-01,-8.302419719018736544e-01,-8.217138196223951141e+00
4.259999999999999787e+00,5.014235969113102209e-01,-8.781292019896268508e-01,-8.216825352503505542e+00
4.270000000000000462e+00,4.924065341098887716e-01,-9.252833582946679014e-01,-8.216475059986573015e+00
4.280000000000000249e+00,4.829218176881479030e-01,-9.716599260535028204e-01,-8.216085572217505018e+00
4.290000000000000036e+00,4.729774455124751142e-01,-1.017214509081058038e+00,-8.215655241349221427e+00
4.299999999999999822e+00,4.625818586059307624e-01,-1.061902872227806549e+00,-8.215182527981836458e+00
4.310000000000000497e+00,4.517439393018704008e-01,-1.105680988584271773e+00,-8.214666011265089551e+00
4.320000000000000284e+00,4.404730089019134875e-01,-1.148505091407111767e+00,-8.214104399177676541e+00
4.330000000000000071e+00,4.287788247913900674e-01,-1.190331730697574697e+00,-8.213496538885690867e+00
4.339999999999999858e+00,4.166715769663094648e-01,-1.231117834318544935e+00,-8.212841427072225642e+00
4.350000000000000533e+00,4.041618839272617114e-01,-1.270820773490998867e+00,-8.212138220121111942e+00
4.360000000000000320e+00,3.912607878974825315e-01,-1.309398432464835338e+00,-8.211386244029895920e+00
4.370000000000000107e+00,3.779797493245926621e-01,-1.346809282113139217e+00,-8.210585003920822800e+00
4.379999999999999893e+00,3.643306406282598164e-01,-1.383012457153436570e+00,-8.209734193013886738e+00
4.389999999999999680e+00,3.503257391592182746e-01,-1.417967836654869140e+00,-8.208833700923143795e+00
4.400000000000000355e+00,3.359777193387090688e-01,-1.451636127446966684e+00,-8.207883621136796037e+00
4.410000000000000142e+00,3.212996439514524960e-01,-1.483978950004350317e+00,-8.206884257542874650e+00
4.419999999999999929e+00,3.063049545697167364e-01,-1.514958926342798717e+00,-8.205836129866138862e+00
4.429999999999999716e+00,2.910074610908718329e-01,-1.544539769426189313e+00,-8.204739977887902214e+00
4.440000000000000391e+00,2.754213303759837084e-01,-1.572686373551435146e+00,-8.203596764328970892e+00
4.450000000000000178e+00,2.595610739824755209e-01,-1.599364905150200133e+00,-8.202407676286913585e+00
4.459999999999999964e+00,2.434415349896125735e-01,-1.624542893422392886e+00,-8.201174125132043358e+00
4.469999999999999751e+00,2.270778739215121855e-01,-1.648189320197686492e+00,-8.199897744782052911e+00
4.480000000000000426e+00,2.104855537784836861e-01,-1.670274708408008957e+00,-8.198580388292818100e+00
4.490000000000000213e+00,1.936803241937112285e-01,-1.690771208546479665e+00,-8.197224122722150952e+00
4.500000000000000000e+00,1.766782047385442311e-01,-1.709652682486920261e+00,-8.195831222244413183e+00
4.509999999999999787e+00,1.594954674058941257e-01,-1.726894784043102149e+00,-8.194404159515871200e+00
4.520000000000000462e+00,1.421486183073864540e-01,-1.742475035658437310e+00,-8.192945595313904761e+00
4.530000000000000249e+00,1.246543786259195069e-01,-1.756372900634951995e+00,-8.191458366496576105e+00
4.540000000000000036e+00,1.070296648710693799e-01,-1.768569850335074634e+00,-8.189945472352684774e+00
4.549999999999999822e+00,8.929156849028957454e-02,-1.779049425820885766e+00,-8.188410059435671684e+00
4.560000000000000497e+00,7.145733489402111838e-02,-1.787797293432803913e+00,-8.186855404996915553e+00
4.570000000000000284e+00,5.354434195759267406e-02,-1.794801293852885671e+00,-8.185284899155174543e+00
4.580000000000000071e+00,3.557007806709530651e-02,-1.800051484246587563e+00,-8.183702025958149662e+00
4.589999999999999858e+00,1.755211978021006813e-02,-1.803540173130460111e+00,-8.182110343509343409e+00
4.600000000000000533e+00,-4.918908237983581240e-04,-1.805261947671224831e+00,-8.180513463348136227e+00
4.610000000000000320e+00,-1.854426902807126271e-02,-1.805213693183356227e+00,-8.178915029282869398e+00
4.620000000000000107e+00,-3.658731051727263234e-02,-1.803394604656918254e+00,-8.177318695885587019e+00
4.629999999999999893e+00,-5.460331449162821732e-02,-1.799806190214199519e+00,-8.175728106862599986e+00
4.639999999999999680e+00,-7.257460677500833512e-02,-1.794452266461826317e+00,-8.174146873517257106e+00
4.650000000000000355e+00,-9.048356283618581852e-02,-1.787338945773668364e+00,-8.172578553520054356e+00
4.660000000000000142e+00,-1.083126306430946817e-01,-1.778474615608103049e+00,-8.171026630196463358e+00
4.669999999999999929e+00,-1.260443532712864356e-01,-1.767869910030248404e+00,-8.169494492534905561e+00
4.679999999999999716e+00,-1.436613911898113882e-01,-1.755537673674745447e+00,-8.167985416106146701e+00
4.690000000000000391e+00,-1.611465441504190965e-01,-1.741492918446795768e+00,-8.166502545071256947e+00
4.700000000000000178e+00,-1.784827726092414746e-01,-1.725752773317676070e+00,-8.165048875438657205e+00
4.709999999999999964e+00,-1.956532186139557095e-01,-1.708336427625170684e+00,-8.163627239711802375e+00
4.719999999999999751e+00,-2.126412260937749765e-01,-1.689265068338684062e+00,-8.162240293048206752e+00
4.730000000000000426e+00,-2.294303604944317454e-01,-1.668561811792673266e+00,-8.160890501028314148e+00
4.740000000000000213e+00,-2.460044277055453421e-01,-1.646251630430043633e+00,-8.159580129109386348e+00
4.750000000000000000e+00,-2.623474922333401960e-01,-1.622361275128929803e+00,-8.158311233815833674e+00
4.759999999999999787e+00,-2.784438945775428165e-01,-1.596919193711592966e+00,-8.157085655693490978e+00
4.770000000000000462e+00,-2.942782677773650990e-01,-1.569955446252860209e+00,-8.155905014031800349e+00
4.780000000000000249e+00,-3.098355530977171535e-01,-1.541501617817557568e+00,-8.154770703335110227e+00
4.790000000000000036e+00,-3.251010148331139882e-01,-1.511590729261801380e+00,-8.153683891502632619e+00
4.799999999999999822e+00,-3.400602542130827244e-01,-1.480257146731945639e+00,-8.152645519656507744e+00
4.810000000000000497e+00,-3.546992223991807247e-01,-1.447536490487659089e+00,-8.151656303539054349e+00
4.820000000000000284e+00,-3.690042325699307013e-01,-1.413465543662329793e+00,-8.150716736384001848e+00
4.830000000000000071e+00,-3.829619710960179835e-01,-1.378082161555123752e+00,-8.149827093152408608e+00
4.839999999999999858e+00,-3.965595078139185770e-01,-1.341425182024993390e+00,-8.148987436012284036e+00
4.850000000000000533e+00,-4.097843054116845352e-01,-1.303534337528206244e+00,-8.148197620931686203e+00
4.860000000000000320e+00,-4.226242279458657936e-01,-1.264450169308048766e+00,-8.147457305248263282e+00
4.870000000000000107e+00,-4.350675485134500864e-01,-1.224213944208800031e+00,-8.146765956073952708e+00
4.879999999999999893e+00,-4.471029561072261127e-01,-1.182867574546399458e+00,-8.146122859391626392e+00
4.889999999999999680e+00,-4.587195616870882175e-01,-1.140453541426019290e+00,-8.145527129700859348e+00
4.900000000000000355e+00,-4.699069035034809660e-01,-1.097014821852531519e+00,-8.144977720072539285e+00
4.910000000000000142e+00,-4.806549517124145687e-01,-1.052594819934185688e+00,-8.144473432476582175e+00
4.919999999999999929e+00,-4.909541123242514571e-01,-1.007237302433183990e+00,-8.144012928253292927e+00
4.929999999999999716e+00,-5.007952305307662444e-01,-9.609863388697632569e-01,-8.143594738606839911e+00
4.940000000000000391e+00,-5.101695934568116764e-01,-9.138862463393145896e-01,-8.143217275008520772e+00
4.950000000000000178e+00,-5.190689323842853087e-01,-8.659815391554219755e-01,-8.142878839407877933e+00
4.959999999999999964e+00,-5.274854244969917616e-01,-8.173168833858537319e-01,-8.142577634161019873e+00
4.969999999999999751e+00,-5.354116941954403242e-01,-7.679370563038507846e-01,-8.142311771597361414e+00
4.980000000000000426e+00,-5.428408140306285601e-01,-7.178869107338086142e-01,-8.142079283158512482e+00
4.990000000000000213e+00,-5.497663053054422377e-01,-6.672113442289177021e-01,-8.141878128055576980e+00
5.000000000000000000e+00,-5.561821383914803407e-01,-6.159552729787138858e-01,-8.141706201403936305e+00
5.009999999999999787e+00,-5.620827328079088803e-01,-5.641636103069864738e-01,-8.141561341807085128e+00
5.020000000000000462e+00,-5.674629571073699363e-01,-5.118812495852282929e-01,-8.141441338373505587e+00
5.030000000000000249e+00,-5.723181286120656575e-01,-4.591530513539062164e-01,-8.141343937162377031e+00
5.040000000000000036e+00,-5.766440130409019593e-01,-4.060238344133542121e-01,-8.141266847065333323e+00
5.049999999999999822e+00,-5.804368240660591205e-01,-3.525383706180956755e-01,-8.141207745142134300e+00
5.060000000000000497e+00,-5.836932228345641516e-01,-2.987413830829224182e-01,-8.141164281438097561e+00
5.070000000000000284e+00,-5.864103174874092383e-01,-2.446775474860965194e-01,-8.141134083320253012e+00
5.080000000000000071e+00,-5.885856627055127133e-01,-1.903914961346012402e-01,-8.141114759377417798e+00
5.089999999999999858e+00,-5.902172593083778729e-01,-1.359278244384295453e-01,-8.141103902936672299e+00
5.100000000000000533e+00,-5.913035539276972896e-01,-8.133109942544375359e-02,-8.141099095255034612e+00
5.110000000000000320e+00,-5.918434387744011538e-01,-2.664586991534188126e-02,-8.141097908450413811e+00
5.120000000000000107e+00,-5.918362515137813862e-01,2.808332203929855136e-02,-8.141097908240132242e+00
5.129999999999999893e+00,-5.912817752593594323e-01,8.281192884508656316e-02,-8.141096656558540090e+00
5.139999999999999680e+00,-5.901802386921393140e-01,1.374953845989466961e-01,-8.141091714127234980e+00
5.150000000000000355e+00,-5.885323163078062247e-01,1.920890922676529167e-01,-8.141080643052509558e+00
5.160000000000000142e+00,-5.863391287903373383e-01,2.465484112261249749e-01,-8.141061009524465319e+00
5.169999999999999929e+00,-5.836022435063893399e-01,3.008286455634830991e-01,-8.141030386691047838e+00
5.179999999999999716e+00,-5.803236751107614388e-01,3.548850335621068774e-01,-8.140986357778002613e+00
5.190000000000000391e+00,-5.765058862492070668e-01,4.086727387487853469e-01,-8.140926519522288629e+00
5.200000000000000178e+00,-5.721517883409209526e-01,4.621468429084501506e-01,-8.140848485982058236e+00
5.209999999999999964e+00,-5.672647424191791243e-01,5.152623414399193358e-01,-8.140749892780730690e+00
5.219999999999999751e+00,-5.618485600048820361e-01,5.679741414195098592e-01,-8.140628401836117689e+00
5.230000000000000426e+00,-5.559075039841731014e-01,6.202370627222631994e-01,-8.140481706617912039e+00
5.240000000000000213e+00,-5.494462894579026369e-01,6.720058425318343742e-01,-8.140307537968316964e+00
5.250000000000000000e+00,-5.424700845274995631e-01,7.232351435487882618e-01,-8.140103670511001255e+00
5.259999999999999787e+00,-5.349845109788401443e-01,7.738795661831072703e-01,-8.139867929663282098e+00
5.270000000000000462e+00,-5.269956448229738966e-01,8.238936649901287268e-01,-8.139598199255189570e+00
5.280000000000000249e+00,-5.185100166501237506e-01,8.732319695799011239e-01,-8.139292429747303714e+00
5.290000000000000036e+00,-5.095346117512337125e-01,9.218490101981148266e-01,-8.138948647026786887e+00
5.299999999999999822e+00,-5.000768699595313782e-01,9.696993481423579198e-01,-8.138564961748178561e+00
5.310000000000000497e+00,-4.901446851631167667e-01,1.016737611140572373e+00,-8.138139579172401383e+00
5.320000000000000284e+00,-4.797464044385172377e-01,1.062918533779336761e+00,-8.137670809444065512e+00
5.330000000000000071e+00,-4.688908267544797948e-01,1.108197003028143834e+00,-8.137157078234023899e+00
5.339999999999999858e+00,-4.575872011950272711e-01,1.152528108862355127e+00,-8.136596937661076723e+00
5.350000000000000533e+00,-4.458452246510042905e-01,1.195867199942239001e+00,-8.135989077394324198e+00
5.360000000000000320e+00,-4.336750389299995345e-01,1.238169944258710409e+00,-8.135332335825795624e+00
5.370000000000000107e+00,-4.210872272356639412e-01,1.279392394608412920e+00,-8.134625711192240871e+00
5.379999999999999893e+00,-4.080928099690619426e-01,1.319491058711979470e+00,-8.133868372515300038e+00
5.389999999999999680e+00,-3.947032398068014980e-01,1.358422973740102790e+00,-8.133059670221062021e+00
5.400000000000000355e+00,-3.809303960132865985e-01,1.396145784962880221e+00,-8.132199146293572767e+00
5.410000000000000142e+00,-3.667865779475257826e-01,1.432617828189275411e+00,-8.131286543812164425e+00
5.419999999999999929e+00,-3.522844977284994572e-01,1.467798215615987667e+00,-8.130321815720089162e+00
5.429999999999999716e+00,-3.374372720271240911e-01,1.501646924659086890e+00,-8.129305132671706957e+00
5.440000000000000391e+00,-3.222584129573383693e-01,1.534124889298053906e+00,-8.128236889807791243e+00
5.450000000000000178e+00,-3.067618180437434172e-01,1.565194093420934518e+00,-8.127117712313365772e+00
5.459999999999999964e+00,-2.909617592485297943e-01,1.594817665621784286e+00,-8.125948459620044417e+00
5.469999999999999751e+00,-2.748728710460807689e-01,1.622959974868024347e+00,-8.124730228125018883e+00
5.480000000000000426e+00,-2.585101375396089418e-01,1.649586726426332861e+00,-8.123464352311664527e+00
5.490000000000000213e+00,-2.418888786204183017e-01,1.674665057411793834e+00,-8.122152404172210183e+00
5.500000000000000000e+00,-2.250247351768256965e-01,1.698163631306726984e+00,-8.120796190850663621e+00
5.509999999999999787e+00,-2.079336533663751763e-01,1.720052730783377504e+00,-8.119397750444244721e+00
5.520000000000000462e+00,-1.906318679716640929e-01,1.740304348158838055e+00,-8.117959345923500436e+00
5.530000000000000249e+00,-1.731358848668122508e-01,1.758892272811527269e+00,-8.116483457154931358e+00
5.540000000000000036e+00,-1.554624626282722077e-01,1.775792174896483555e+00,-8.114972771034592469e+00
5.549999999999999822e+00,-1.376285933302308362e-01,1.790981684711787869e+00,-8.113430169766962408e+00
5.560000000000000497e+00,-1.196514825712186730e-01,1.804440467090645983e+00,-8.111858717349164749e+00
5.570000000000000284e+00,-1.015485287846506351e-01,1.816150290222962038e+00,-8.110261644346577370e+00
5.580000000000000071e+00,-8.333730189180355019e-02,1.826095088346455730e+00,-8.108642331071100884e+00
5.589999999999999858e+00,-6.503552136112017434e-02,1.834261017790219661e+00,-8.107004289297391253e+00
5.600000000000000533e+00,-4.666103374265559434e-02,1.840636505902694786e+00,-8.105351142674880549e+00
5.610000000000000320e+00,-2.823178975088783474e-02,1.845212292450857161e+00,-8.103686606013827287e+00
5.620000000000000107e+00,-9.765820972946710754e-03,1.847981463137367664e+00,-8.102014463641436848e+00
5.629999999999999893e+00,8.718783717474355016e-03,1.848939474946845518e+00,-8.100338547039088510e+00
5.639999999999999680e+00,2.720390195771123926e-02,1.848084173100531080e+00,-8.098662711983410034e+00
5.650000000000000355e+00,4.567140182056170922e-02,1.845415799469563689e+00,-8.096990815422110188e+00
5.660000000000000142e+00,6.410316577975971875e-02,1.840936992370036940e+00,-8.095326692319988027e+00
5.669999999999999929e+00,8.248111463029485224e-02,1.834652777736989648e+00,-8.093674132711292657e+00
5.679999999999999716e+00,1.007872312777227941e-01,1.826570551748599280e+00,-8.092036859191429343e+00
5.690000000000000391e+00,1.190035843116914599e-01,1.816700055045132656e+00,-8.090418505074191913e+00
5.700000000000000178e+00,1.371123512807107814e-01,1.805053338758731307e+00,-8.088822593430190722e+00
5.709999999999999964e+00,1.550958415876993735e-01,1.791644722638989773e+00,-8.087252517208346703e+00
5.719999999999999751e+00,1.729365189290175964e-01,1.776490745624650147e+00,-8.085711520625315174e+00
5.730000000000000426e+00,1.906170232035049317e-01,1.759610109272814471e+00,-8.084202681988116979e+00
5.740000000000000213e+00,2.081201918224346858e-01,1.741023614513137474e+00,-8.082728898093284542e+00
5.750000000000000000e+00,2.254290803562248313e-01,1.720754092244890066e+00,-8.081292870321997057e+00
5.759999999999999787e+00,2.425269824591445023e-01,1.698826328339042124e+00,-8.079897092525634150e+00
5.770000000000000462e+00,2.593974490190655291e-01,1.675266983645164576e+00,-8.078543840770063156e+00
5.780000000000000249e+00,2.760243064854597805e-01,1.650104509633692151e+00,-8.077235164980757887e+00
5.790000000000000036e+00,2.923916743352666936e-01,1.623369060327684466e+00,-8.075972882504625971e+00
5.799999999999999822e+00,3.084839816428781023e-01,1.595092401194601273e+00,-8.074758573578897369e+00
5.810000000000000497e+00,3.242859827272398521e-01,1.565307815677741798e+00,-8.073593578673055049e+00
5.820000000000000284e+00,3.397827718558737442e-01,1.534050010049034407e+00,-8.072478997646717502e+00
5.830000000000000071e+00,3.549597969924187524e-01,1.501355017259971003e+00,-8.071415690645453722e+00
5.839999999999999858e+00,3.698028725809985318e-01,1.467260100455989091e+00,-8.070404280637406558e+00
5.850000000000000533e+00,3.842981913672877670e-01,1.431803656801856839e+00,-8.069445157477131758e+00
5.860000000000000320e+00,3.984323352625074866e-01,1.395025122242084858e+00,-8.068538483369049885e+00
5.870000000000000107e+00,4.121922852626755951e-01,1.356964877791539736e+00,-8.067684199591564465e+00
5.879999999999999893e+00,4.255654304412224698e-01,1.317664157917841417e+00,-8.066882034334373230e+00
5.889999999999999680e+00,4.385395760385084052e-01,1.277164961539345667e+00,-8.066131511495644446e+00
5.900000000000000355e+00,4.511029506768108877e-01,1.235509966121147274e+00,-8.065431960282596791e+00
5.910000000000000142e+00,4.632442127339526095e-01,1.192742445307201082e+00,-8.064782525458509710e+00
5.919999999999999929e+00,4.749524559128883161e-01,1.148906190479942024e+00,-8.064182178080953278e+00
5.929999999999999716e+00,4.862172140482394767e-01,1.104045436590294527e+00,-8.063629726580366253e+00
5.940000000000000391e+00,4.970284651939472775e-01,1.058204792551265205e+00,-8.063123828034102658e+00
5.950000000000000178e+00,5.073766350388934088e-01,1.011429176437959487e+00,-8.062662999499266903e+00
5.959999999999999964e+00,5.172525996995150921e-01,9.637637556863635213e-01,-8.062245629277141390e+00
5.969999999999999751e+00,5.266476879401121858e-01,9.152538924330633208e-01,-8.061869987993016906e+00
5.980000000000000426e+00,5.355536828727208709e-01,8.659450940886620485e-01,-8.061534239387194489e+00
5.990000000000000213e+00,5.439628231891111554e-01,8.158829691893882963e-01,-8.061236450725791869e+00
6.000000000000000000e+00,5.518678039776810929e-01,7.651131885246024167e-01,-8.060974602753381291e+00
6.009999999999999787e+00,5.592617771777685931e-01,7.136814514928965236e-01,-8.060746599123243428e+00
6.020000000000000462e+00,5.661383517232155826e-01,6.616334575964889497e-01,-8.060550275254929176e+00
6.030000000000000249e+00,5.724915934259121597e-01,6.090148829428377875e-01,-8.060383406582625199e+00
6.040000000000000036e+00,5.783160246485463674e-01,5.558713615839999678e-01,-8.060243716171429540e+00
6.049999999999999822e+00,5.836066238139082651e-01,5.022484714883618251e-01,-8.060128881691815295e+00
6.060000000000000497e+00,5.883588247958803086e-01,4.481917249060479169e-01,-8.060036541755117412e+00
6.070000000000000284e+00,5.925685162347036350e-01,3.937465628586327426e-01,-8.059964301624980010e+00
6.080000000000000071e+00,5.962320408162755658e-01,3.389583534557646938e-01,-8.059909738330702567e+00
6.089999999999999858e+00,5.993461945521342260e-01,2.838723937159648436e-01,-8.059870405218878986e+00
6.100000000000000533e+00,6.019082260934449646e-01,2.285339145461770527e-01,-8.059843835989035199e+00
6.110000000000000320e+00,6.039158361087488824e-01,1.729880885145964609e-01,-8.059827548267396224e+00
6.120000000000000107e+00,6.053671767514910984e-01,1.172800400338559895e-01,-8.059819046780223317e+00
6.129999999999999893e+00,6.062608512394441762e-01,6.145485755676927120e-02,-8.059815826194492772e+00
6.140000000000000568e+00,6.065959135641003641e-01,5.557607374475442841e-03,-8.059815373698832275e+00
6.150000000000000355e+00,6.063718683439576207e-01,-5.036665140303021870e-02,-8.059815171401666589e+00
6.160000000000000142e+00,6.055886708313854561e-01,-1.062728511113951169e-01,-8.059812698626503291e+00
6.169999999999999929e+00,6.042467270784593891e-01,-1.621158994738142178e-01,-8.059805434185985717e+00
6.179999999999999716e+00,6.023468942628140699e-01,-2.178506636552547671e-01,-8.059790858716977979e+00
6.190000000000000391e+00,5.998904811702177042e-01,-2.734319548640297692e-01,-8.059766457158429986e+00
6.200000000000000178e+00,5.968792488262303353e-01,-3.288145139334378575e-01,-8.059729721451983409e+00
6.209999999999999964e+00,5.933154112650059764e-01,-3.839529983114280953e-01,-8.059678153542463974e+00
6.219999999999999751e+00,5.892016364190537647e-01,-4.388019708790159013e-01,-8.059609268751348310e+00
6.230000000000000426e+00,5.845410471096165184e-01,-4.933158910084298743e-01,-8.059520599591099455e+00
6.240000000000000213e+00,5.793372221132760957e-01,-5.474491082596688596e-01,-8.059409700081982209e+00
6.250000000000000000e+00,5.735941972764815322e-01,-6.011558590992389650e-01,-8.059274150625475031e+00
6.259999999999999787e+00,5.673164666459490357e-01,-6.543902670072749839e-01,-8.059111563480000129e+00
6.270000000000000462e+00,5.605089835793177766e-01,-7.071063463189768417e-01,-8.058919588874978501e+00
6.280000000000000249e+00,5.531771617971065202e-01,-7.592580101232671019e-01,-8.058695921788828542e+00
6.290000000000000036e+00,5.453268763339114145e-01,-8.107990825157593839e-01,-8.058438309405003608e+00
6.299999999999999822e+00,5.369644643439600573e-01,-8.616833154745097145e-01,-8.058144559247832461e+00
6.310000000000000497e+00,5.280967257136095494e-01,-9.118644105955856505e-01,-8.057812547986973328e+00
6.320000000000000284e+00,5.187309234311753281e-01,-9.612960458912661599e-01,-8.057440230885596577e+00
6.330000000000000071e+00,5.088747836626353882e-01,-1.009931907816719709e+00,-8.057025651853365389e+00
6.339999999999999858e+00,4.985364954802948834e-01,-1.057725728651382813e+00,-8.056566954050740748e+00
6.350000000000000533e+00,4.877247101904425008e-01,-1.104631329319095245e+00,-8.056062390976812537e+00
6.360000000000000320e+00,4.764485402054144947e-01,-1.150602667686504432e+00,-8.055510337958214251e+00
6.370000000000000107e+00,4.647175574053192815e-01,-1.195593892332533326e+00,-8.054909303942649146e+00
6.379999999999999893e+00,4.525417909349912504e-01,-1.239559401733062227e+00,-8.054257943486963001e+00
6.390000000000000568e+00,4.399317243825522916e-01,-1.282453908754722649e+00,-8.053555068816915963e+00
6.400000000000000355e+00,4.268982922872778252e-01,-1.324232510300175747e+00,-8.052799661824135313e+00
6.410000000000000142e+00,4.134528759263025877e-01,-1.364850761894868203e+00,-8.051990885855342839e+00
6.419999999999999929e+00,3.996072983320658745e-01,-1.404264756952469773e+00,-8.051128097140303197e+00
6.429999999999999716e+00,3.853738184952859580e-01,-1.442431210403509079e+00,-8.050210855698072265e+00
6.440000000000000391e+00,3.707651247116700577e-01,-1.479307546319669431e+00,-8.049238935556426000e+00
6.450000000000000178e+00,3.557943270344948172e-01,-1.514851989115380659e+00,-8.048212334117080147e+00
6.459999999999999964e+00,3.404749487996212021e-01,-1.549023657859347702e+00,-8.047131280499563388e+00
6.469999999999999751e+00,3.248209171944137497e-01,-1.581782663182134563e+00,-8.045996242699585466e+00
6.480000000000000426e+00,3.088465528473904320e-01,-1.613090206222528078e+00,-8.044807933403715694e+00
6.490000000000000213e+00,2.925665584211989412e-01,-1.642908679015772755e+00,-8.043567314310921645e+00
6.500000000000000000e+00,2.759960061976621803e-01,-1.671201765691575414e+00,-8.042275598823387384e+00
6.509999999999999787e+00,2.591503246501062341e-01,-1.697934543819608733e+00,-8.040934252983699793e+00
6.520000000000000462e+00,2.420452840049295284e-01,-1.723073585215729731e+00,-8.039544994553034840e+00
6.530000000000000249e+00,2.246969808013320191e-01,-1.746587055503774799e+00,-8.038109790145142597e+00
6.540000000000000036e+00,2.071218214652325307e-01,-1.768444811716122000e+00,-8.036630850353407851e+00
6.549999999999999822e+00,1.893365049205939510e-01,-1.788618497211596825e+00,-8.035110622832959848e+00
6.560000000000000497e+00,1.713580042685754756e-01,-1.807081633192100245e+00,-8.033551783326025486e+00
6.570000000000000284e+00,1.532035475720661399e-01,-1.823809706109763784e+00,-8.031957224646388838e+00
6.580000000000000071e+00,1.348905977901441733e-01,-1.838780250274631101e+00,-8.030330043667067486e+00
6.589999999999999858e+00,1.164368319137768643e-01,-1.851972924998831926e+00,-8.028673526384075387e+00
6.600000000000000533e+00,9.786011936054840599e-02,-1.863369585646858395e+00,-8.026991131157382497e+00
6.610000000000000320e+00,7.917849969230085494e-02,-1.872954348002650926e+00,-8.025286470257782412e+00
6.620000000000000107e+00,6.041015972522557204e-02,-1.880713645412406487e+00,-8.023563289874397597e+00
6.629999999999999893e+00,4.157341010707917700e-02,-1.886636278216872631e+00,-8.021825448761861210e+00
6.640000000000000568e+00,2.268666144075571350e-02,-1.890713455047819957e+00,-8.020076895727745736e+00
6.650000000000000355e+00,3.768400037368124962e-03,-1.892938825629697508e+00,-8.018321646179742856e+00
6.660000000000000142e+00,-1.516283661477237782e-02,-1.893308504798402847e+00,-8.016563757967430703e+00
6.669999999999999929e+00,-3.408848457638326279e-02,-1.891821087523773537e+00,-8.014807306765176165e+00
6.679999999999999716e+00,-5.298997828800165732e-02,-1.888477654799905370e+00,-8.013056361250557202e+00
6.690000000000000391e+00,-7.184877541373482779e-02,-1.883281770346728612e+00,-8.011314958336189562e+00
6.700000000000000178e+00,-9.064638160620060170e-02,-1.876239468146425615e+00,-8.009587078712334218e+00
6.709999999999999964e+00,-1.093643751015237475e-01,-1.867359230918203439e+00,-8.007876622952680989e+00
6.719999999999999751e+00,-1.279844310546828512e-01,-1.856651959713616407e+00,-8.006187388426864615e+00
6.730000000000000426e+00,-1.464883455277062041e-01,-1.844130934891059281e+00,-8.004523047250277301e+00
6.740000000000000213e+00,-1.648580590461677375e-01,-1.829811768801249183e+00,-8.002887125485226960e+00
6.750000000000000000e+00,-1.830756796430968170e-01,-1.813712350584570032e+00,-8.001282983787708858e+00
6.759999999999999787e+00,-2.011235053137458706e-01,-1.795852783545237585e+00,-7.999713799671349435e+00
6.770000000000000462e+00,-2.189840458096000697e-01,-1.776255315625602460e+00,-7.998182551535081508e+00
6.780000000000000249e+00,-2.366400437055075079e-01,-1.754944263555885398e+00,-7.996692004574223134e+00
6.790000000000000036e+00,-2.540744946797855452e-01,-1.731945931299716745e+00,-7.995244698666526872e+00
6.799999999999999822e+00,-2.712706669535520088e-01,-1.707288523453578399e+00,-7.993842938295885325e+00
6.810000000000000497e+00,-2.882121198422616382e-01,-1.681002054288349479e+00,-7.992488784547411740e+00
6.820000000000000284e+00,-3.048827213794205182e-01,-1.653118253143430971e+00,-7.991184049179003601e+00
6.830000000000000071e+00,-3.212666649796293017e-01,-1.623670466898329057e+00,-7.989930290746880104e+00
6.839999999999999858e+00,-3.373484851153867869e-01,-1.592693560253164886e+00,-7.988728812736284546e+00
6.850000000000000533e+00,-3.531130719893952330e-01,-1.560223814548515442e+00,-7.987580663624165744e+00
6.860000000000000320e+00,-3.685456851913705978e-01,-1.526298825846558405e+00,-7.986486638778439229e+00
6.870000000000000107e+00,-3.836319663355036158e-01,-1.490957402980053637e+00,-7.985447284078690977e+00
6.879999999999999893e+00,-3.983579506816723459e-01,-1.454239466253692159e+00,-7.984462901126297751e+00
6.890000000000000568e+00,-4.127100777502123452e-01,-1.416185947454304372e+00,-7.983533553897851576e+00
6.900000000000000355e+00,-4.266752009464484519e-01,-1.376838691792910518e+00,-7.982659076684754496e+00
6.910000000000000142e+00,-4.402405962172291631e-01,-1.336240362363236844e+00,-7.981839083153876580e+00
6.919999999999999929e+00,-4.533939697673391445e-01,-1.294434347658755424e+00,-7.981072976359186555e+00
6.929999999999999716e+00,-4.661234648688539206e-01,-1.251464672644199583e+00,-7.980359959532237646e+00
6.940000000000000391e+00,-4.784176678012175277e-01,-1.207375913828524272e+00,-7.979699047480045770e+00
6.950000000000000178e+00,-4.902656129640355354e-01,-1.162213118735074602e+00,-7.979089078422352266e+00
6.959999999999999964e+00,-5.016567872082706714e-01,-1.116021730111953270e+00,-7.978528726105830415e+00
6.969999999999999751e+00,-5.125811334346895842e-01,-1.068847515171827967e+00,-7.978016512040763786e+00
6.980000000000000426e+00,-5.230290535110302397e-01,-1.020736500096293797e+00,-7.977550817715361120e+00
6.990000000000000213e+00,-5.329914105614413922e-01,-9.717349099859254880e-01,-7.977129896654226116e+00
7.000000000000000000e+00,-5.424595306832900032e-01,-9.218891143838134905e-01,-7.976751886200085906e+00
7.009999999999999787e+00,-5.514252041474496657e-01,-8.712455784481223375e-01,-7.976414818911564453e+00
7.020000000000000462e+00,-5.598806861386823597e-01,-8.198508197984163415e-01,-7.976116633484156004e+00
7.030000000000000249e+00,-5.678186970927320276e-01,-7.677513710115151380e-01,-7.975855185116501822e+00
7.040000000000000036e+00,-5.752324226862682854e-01,-7.149937476957417548e-01,-7.975628255259124444e+00
7.049999999999999822e+00,-5.821155135348863308e-01,-6.616244220278486576e-01,-7.975433560698068192e+00
7.060000000000000497e+00,-5.884620846529997618e-01,-6.076898015948348775e-01,-7.975268761940744078e+00
7.070000000000000284e+00,-5.942667147276911033e-01,-5.532362133434377549e-01,-7.975131470886007712e+00
7.080000000000000071e+00,-5.995244452564252313e-01,-4.983098924033966259e-01,-7.975019257774438763e+00
7.089999999999999858e+00,-6.042307795960256689e-01,-4.429569755167063194e-01,-7.974929657428337038e+00
7.100000000000000533e+00,-6.083816819674793264e-01,-3.872234987740327816e-01,-7.974860174803436230e+00
7.110000000000000320e+00,-6.119735764580058746e-01,-3.311553993312600364e-01,-7.974808289886134993e+00
7.120000000000000107e+00,-6.150033460584309886e-01,-2.747985207537557151e-01,-7.974771461980728837e+00
7.129999999999999893e+00,-6.174683317702666097e-01,-2.181986216133535161e-01,-7.974747133440908797e+00
7.140000000000000568e+00,-6.193663318130493423e-01,-1.614013869432038839e-01,-7.974732732908296207e+00
7.150000000000000355e+00,-6.206956009584578826e-01,-1.044524421384953328e-01,-7.974725678128413264e+00
7.160000000000000142e+00,-6.214548500135330666e-01,-4.739736887653793473e-02,-7.974723378420676134e+00
7.169999999999999929e+00,-6.216432454710045796e-01,9.718277382219094040e-03,-7.974723236884284638e+00
7.179999999999999716e+00,-6.212604093402932515e-01,6.684894876004154884e-02,-7.974722652425717762e+00
7.190000000000000391e+00,-6.203064191682464701e-01,1.239490856493145055e-01,-7.974719021696404120e+00
7.200000000000000178e+00,-6.187818082540971210e-01,1.809730971805712518e-01,-7.974709741030587828e+00
7.209999999999999964e+00,-6.166875660585334762e-01,2.378753419321563145e-01,-7.974692208473793897e+00
7.219999999999999751e+00,-6.140251388021625845e-01,2.946101093420083195e-01,-7.974663825991358479e+00
7.230000000000000426e+00,-6.107964302440572757e-01,3.511316022790539337e-01,-7.974622001944341676e+00
7.240000000000000213e+00,-6.070038026265309750e-01,4.073939212262147613e-01,-7.974564153916855247e+00
7.250000000000000000e+00,-6.026500777678048815e-01,4.633510505190057138e-01,-7.974487711974167503e+00
7.259999999999999787e+00,-5.977385382798443558e-01,5.189568470730987482e-01,-7.974390122425220717e+00
7.270000000000000462e+00,-5.922729288843738837e-01,5.741650320209803482e-01,-7.974268852156160214e+00
7.280000000000000249e+00,-5.862574577959596134e-01,6.289291856618794974e-01,-7.974121393593300411e+00
7.290000000000000036e+00,-5.796967981370981793e-01,6.832027461104229760e-01,-7.973945270344620972e+00
7.299999999999999822e+00,-5.725960893465065205e-01,7.369390120079127859e-01,-7.973738043558409316e+00
7.310000000000000497e+00,-5.649609385382886595e-01,7.900911496356604058e-01,-7.973497319026143337e+00
7.320000000000000284e+00,-5.567974217663983483e-01,8.426122047424039474e-01,-7.973220755044201802e+00
7.330000000000000071e+00,-5.481120851458491927e-01,8.944551193674360468e-01,-7.972906071035579245e+00
7.339999999999999858e+00,-5.389119457794736556e-01,9.455727539076742572e-01,-7.972551056918502077e+00
7.350000000000000533e+00,-5.292044924367327319e-01,9.959179146405137129e-01,-7.972153583194007354e+00
7.360000000000000320e+00,-5.189976859291554057e-01,1.045443386874964631e+00,-7.971711611709128675e+00
7.370000000000000107e+00,-5.082999591254737659e-01,1.094101973861364652e+00,-7.971223207036525871e+00
7.379999999999999893e+00,-4.971202165484419622e-01,1.141846541544992544e+00,-7.970686548395593540e+00
7.390000000000000568e+00,-4.854678334947101770e-01,1.188630069201361383e+00,-7.970099942024235773e+00
7.400000000000000355e+00,-4.733526546189981143e-01,1.234405705941046261e+00,-7.969461833895034708e+00
7.410000000000000142e+00,-4.607849919241934766e-01,1.279126833019880616e+00,-7.968770822654708041e+00
7.419999999999999929e+00,-4.477756220999113412e-01,1.322747131836555345e+00,-7.968025672651767088e+00
7.429999999999999716e+00,-4.343357831535062941e-01,1.365220657444457419e+00,-7.967225326904500804e+00
7.440000000000000391e+00,-4.204771702795418453e-01,1.406501917348433661e+00,-7.966368919850146391e+00
7.450000000000000178e+00,-4.062119309162969261e-01,1.446545955300548192e+00,-7.965455789706567202e+00
7.459999999999999964e+00,-3.915526589410323610e-01,1.485308439752366372e+00,-7.964485490270376111e+00
7.469999999999999751e+00,-3.765123879594433620e-01,1.522745756565441200e+00,-7.963457801970387884e+00
7.480000000000000426e+00,-3.611045836489804595e-01,1.558815105527138423e+00,-7.962372741992888692e+00
7.490000000000000213e+00,-3.453431351205128452e-01,1.593474600166379540e+00,-7.961230573295632773e+00
7.500000000000000000e+00,-3.292423452681109142e-01,1.626683370314012667e+00,-7.960031812331002321e+00
7.509999999999999787e+00,-3.128169200825105523e-01,1.658401666806052166e+00,-7.958777235305440456e+00
7.520000000000000462e+00,-2.960819569100519022e-01,1.688590967685671407e+00,-7.957467882812151672e+00
7.530000000000000249e+00,-2.790529316455120368e-01,1.717214085222303233e+00,-7.956105062687397478e+00
7.540000000000000036e+00,-2.617456848542296100e-01,1.744235273034183686e+00,-7.954690350957039691e+00
7.549999999999999822e+00,-2.441764068261846887e-01,1.769620332574803001e+00,-7.953225590759643637e+00
7.560000000000000497e+00,-2.263616215721875879e-01,1.793336718224615378e+00,-7.951712889154800123e+00
7.570000000000000284e+00,-2.083181697799769139e-01,1.815353640217521880e+00,-7.950154611750501310e+00
7.580000000000000071e+00,-1.900631907557517319e-01,1.835642164627519168e+00,-7.948553375110604335e+00
7.589999999999999858e+00,-1.716141033843897601e-01,1.854175309644876091e+00,-7.946912036932724632e+00
7.600000000000000533e+00,-1.529885861492479848e-01,1.870928137383476964e+00,-7.945233684017254383e+00
7.610000000000000320e+00,-1.342045562599220865e-01,1.885877840481702705e+00,-7.943521618079672386e+00
7.620000000000000107e+00,-1.152801479435715121e-01,1.899003822788409623e+00,-7.941779339489761114e+00
7.629999999999999893e+00,-9.623368996231405903e-02,1.910287773463080541e+00,-7.940010529052508481e+00
7.640000000000000568e+00,-7.708368242567464890e-02,1.919713733864800709e+00,-7.938219027975653930e+00
7.650000000000000355e+00,-5.784877297306077748e-02,1.927268156657973464e+00,-7.936408816197269012e+00
7.660000000000000142e+00,-3.854773240665545359e-02,1.932939956623090705e+00,-7.934583989273042093e+00
7.669999999999999929e+00,-1.919942985990108486e-02,1.936720552727783540e+00,-7.932748734046312755e+00
7.679999999999999716e+00,1.771924091678946957e-04,1.938603901086012549e+00,-7.930907303344026715e+00
7.690000000000000391e+00,1.956314450715177650e-02,1.938586518510764245e+00,-7.929063989957976233e+00
7.700000000000000178e+00,3.893941458194069560e-02,1.936667496447018966e+00,-7.927223100182875015e+00
7.709999999999999964e+00,5.828699458995597465e-02,1.932848505156036012e+00,-7.925388927190413213e+00
7.719999999999999751e+00,7.758690605627639736e-02,1.927133788108048806e+00,-7.923565724521490772e+00
7.730000000000000426e+00,9.682022572995255261e-02,1.919530146627181688e+00,-7.921757679977101674e+00
7.740000000000000213e+00,1.159681110376816066e-01,1.910046914918626770e+00,-7.919968890182018662e+00
7.750000000000000000e+00,1.350118252407384867e-01,1.898695925692749142e+00,-7.918203336084487454e+00
7.759999999999999787e+00,1.539327622026157305e-01,1.885491466682701400e+00,-7.916464859639971152e+00
7.770000000000000462e+00,1.727124706781806851e-01,1.870450228430290851e+00,-7.914757141907824867e+00
7.780000000000000249e+00,1.913326780392734239e-01,1.853591243788260012e+00,-7.913083682767076965e+00
7.790000000000000036e+00,2.097753133564893568e-01,1.834935819654924805e+00,-7.911447782431858755e+00
7.799999999999999822e+00,2.280225297623563185e-01,1.814507461518467979e+00,-7.909852524918741246e+00
7.810000000000000497e+00,2.460567260271608048e-01,1.792331791442428379e+00,-7.908300763588283822e+00
7.820000000000000284e+00,2.638605672852254447e-01,1.768436460170504487e+00,-7.906795108851735421e+00
7.830000000000000071e+00,2.814170048564142990e-01,1.742851054067274585e+00,-7.905337918101965400e+00
7.839999999999999858e+00,2.987092951149583619e-01,1.715606997641538456e+00,-7.903931287895819224e+00
7.850000000000000533e+00,3.157210173652688079e-01,1.686737452420550509e+00,-7.902577048383837344e+00
7.860000000000000320e+00,3.324360906921536296e-01,1.656277212956419387e+00,-7.901276759953233864e+00
7.870000000000000107e+00,3.488387897606882171e-01,1.624262600750497665e+00,-7.900031712021703179e+00
7.879999999999999893e+00,3.649137595488302632e-01,1.590731356877911562e+00,-7.898842923893471202e+00
7.890000000000000568e+00,3.806460290036338678e-01,1.555722534082811137e+00,-7.897711147565422252e+00
7.900000000000000355e+00,3.960210236195274014e-01,1.519276389095900237e+00,-7.896636872350415004e+00
7.910000000000000142e+00,4.110245769445061703e-01,1.481434275899852659e+00,-7.895620331167325645e+00
7.919999999999999929e+00,4.256429410271850844e-01,1.442238540635927935e+00,-7.894661508333041589e+00
7.930000000000000604e+00,4.398627958244002989e-01,1.401732418807116076e+00,-7.893760148680664557e+00
7.940000000000000391e+00,4.536712575953867344e-01,1.359959935390167018e+00,-7.892915767820580797e+00
7.950000000000000178e+00,4.670558863144455564e-01,1.316965808421596718e+00,-7.892127663356806266e+00
7.959999999999999964e+00,4.800046921394133248e-01,1.272795356571963188e+00,-7.891394926869850224e+00
7.969999999999999751e+00,4.925061409781185673e-01,1.227494411169075983e+00,-7.890716456479266228e+00
7.980000000000000426e+00,5.045491591993394032e-01,1.181109233075083198e+00,-7.890090969803736698e+00
7.990000000000000213e+00,5.161231375385409992e-01,1.133686434765234896e+00,-7.889517017143719002e+00
8.000000000000000000e+00,5.272179342518583667e-01,1.085272907898235051e+00,-7.888992994721130358e+00
8.009999999999999787e+00,5.378238775743998668e-01,1.035915756610055194e+00,-7.888517157821924641e+00
8.019999999999999574e+00,5.479317675409774990e-01,9.856622367054718170e-01,-7.888087633700399337e+00
8.029999999999999361e+00,5.575328772288294932e-01,9.345597008649116910e-01,-7.887702434118406103e+00
8.040000000000000924e+00,5.666189534827985597e-01,8.826555499288959439e-01,-7.887359467407905278e+00
8.050000000000000711e+00,5.751822171837873698e-01,8.299971902688642045e-01,-7.887056549961336316e+00
8.060000000000000497e+00,5.832153631211405287e-01,7.766319972017676765e-01,-7.886791417070724286e+00
8.070000000000000284e+00,5.907115595289335053e-01,7.226072843568224213e-01,-7.886561733052971590e+00
8.080000000000000071e+00,5.976644473449997941e-01,6.679702788564346738e-01,-7.886365100615313040e+00
8.089999999999999858e+00,6.040681392499305247e-01,6.127681021297176622e-01,-7.886199069431132358e+00
8.099999999999999645e+00,6.099172185412607972e-01,5.570477561363385011e-01,-7.886061143912014515e+00
8.109999999999999432e+00,6.152067378956461718e-01,5.008561147407364356e-01,-7.885948790176965595e+00
8.120000000000000995e+00,6.199322180690602924e-01,4.442399199420886124e-01,-7.885859442234018246e+00
8.130000000000000782e+00,6.240896465819395500e-01,3.872457826337668552e-01,-7.885790507402798966e+00
8.140000000000000568e+00,6.276754764327955316e-01,3.299201875374108139e-01,-7.885739371018924970e+00
8.150000000000000355e+00,6.306866248801381580e-01,2.723095019311019271e-01,-7.885703400472450220e+00
8.160000000000000142e+00,6.331204723286356639e-01,2.144599877683978639e-01,-7.885679948642660086e+00
8.169999999999999929e+00,6.349748613513032103e-01,1.564178167651160689e-01,-7.885666356800437704e+00
8.179999999999999716e+00,6.362480958751971505e-01,9.822908801366514453e-02,-7.885659957057248981e+00
8.189999999999999503e+00,6.369389405536172166e-01,3.993984767034368388e-02,-7.885658074446209476e+00
8.199999999999999289e+00,6.370466203432153529e-01,-1.840388975070853667e-02,-7.885658028725944568e+00
8.210000000000000853e+00,6.365708202997000242e-01,-7.675611895237074989e-02,-7.885657136002001799e+00
8.220000000000000639e+00,6.355116856010367687e-01,-1.350708207802871486e-01,-7.885652710263210352e+00
8.230000000000000426e+00,6.338698218022068565e-01,-1.933019389856785453e-01,-7.885642064931854378e+00
8.240000000000000213e+00,6.316462953207133690e-01,-2.514033573130182719e-01,-7.885622514526675175e+00
8.250000000000000000e+00,6.288426341471508030e-01,-3.093288773995055974e-01,-7.885591376536607022e+00
8.259999999999999787e+00,6.254608287703037339e-01,-3.670321979699024406e-01,-7.885545973600671665e+00
8.269999999999999574e+00,6.215033333014321482e-01,-4.244668958044013896e-01,-7.885483636085841574e+00
8.279999999999999361e+00,6.169730667776666122e-01,-4.815864089487138511e-01,-7.885401705149597262e+00
8.290000000000000924e+00,6.118734146198008261e-01,-5.383440226244469162e-01,-7.885297536367703586e+00
8.300000000000000711e+00,6.062082302152586033e-01,-5.946928582840027566e-01,-7.885168504000077405e+00
8.310000000000000497e+00,5.999818365926504748e-01,-6.505858662376053925e-01,-7.885012005958882852e+00
8.320000000000000284e+00,5.931990281501596796e-01,-7.059758222605472255e-01,-7.884825469532827036e+00
8.330000000000000071e+00,5.858650723960255879e-01,-7.608153285662706544e-01,-7.884606357910453056e+00
8.339999999999999858e+00,5.779857116556673668e-01,-8.150568195053731202e-01,-7.884352177532688799e+00
8.349999999999999645e+00,5.695671646965305701e-01,-8.686525723219803430e-01,-7.884060486291476266e+00
8.359999999999999432e+00,5.606161282185850858e-01,-9.215547232671102984e-01,-7.883728902576735642e+00
8.370000000000000995e+00,5.511397781555813502e-01,-9.737152893336246118e-01,-7.883355115158536819e+00
8.380000000000000782e+00,5.411457707297177011e-01,-1.025086195839119529e+00,-7.882936893875136519e+00
8.390000000000000568e+00,5.306422432003137235e-01,-1.075619310041681098e+00,-7.882472101080873372e+00
8.400000000000000355e+00,5.196378142454609605e-01,-1.125266480928878599e+00,-7.881958703790620469e+00
8.410000000000000142e+00,5.081415839144525215e-01,-1.173979585272819204e+00,-7.881394786440262479e+00
8.419999999999999929e+00,4.961631330881199897e-01,-1.221710579993686263e+00,-7.880778564165269451e+00
8.429999999999999716e+00,4.837125223840457178e-01,-1.268411560821168571e+00,-7.880108396482553346e+00
8.439999999999999503e+00,4.708002904440007352e-01,-1.314034827187819943e+00,-7.879382801244354084e+00
8.449999999999999289e+00,4.574374515419065146e-01,-1.358532953231021745e+00,-7.878600468717536387e+00
8.460000000000000853e+00,4.436354924521451193e-01,-1.401858864721249986e+00,-7.877760275627518460e+00
8.470000000000000639e+00,4.294063685201676139e-01,-1.443965921674245978e+00,-7.876861298993434346e+00
8.480000000000000426e+00,4.147624988800764911e-01,-1.484808006343979470e+00,-7.875902829570547325e+00
8.490000000000000213e+00,3.997167607671937573e-01,-1.524339616232572192e+00,-7.874884384707575791e+00
8.500000000000000000e+00,3.842824828775646129e-01,-1.562515961693254685e+00,-7.873805720420770982e+00
8.509999999999999787e+00,3.684734377308800379e-01,-1.599293067643659194e+00,-7.872666842483749150e+00
8.519999999999999574e+00,3.523038329984115591e-01,-1.634627878850031912e+00,-7.871468016332269890e+00
8.529999999999999361e+00,3.357883017632161127e-01,-1.668478368189054262e+00,-7.870209775586788581e+00
8.540000000000000924e+00,3.189418916860525255e-01,-1.700803647243662509e+00,-7.868892929002716308e+00
8.550000000000000711e+00,3.017800530571174700e-01,-1.731564078543349261e+00,-7.867518565669028519e+00
8.560000000000000497e+00,2.843186257208072387e-01,-1.760721388718692326e+00,-7.866088058290250373e+00
8.570000000000000284e+00,2.665738248681885358e-01,-1.788238781805042033e+00,-7.864603064404752431e+00
8.580000000000000071e+00,2.485622256996526946e-01,-1.814081051902122432e+00,-7.863065525413730938e+00
8.589999999999999858e+00,2.303007469682649411e-01,-1.838214694375427838e+00,-7.861477663319823783e+00
8.599999999999999645e+00,2.118066334225262859e-01,-1.860608014772300756e+00,-7.859841975101873324e+00
8.609999999999999432e+00,1.930974371755599661e-01,-1.881231234620966308e+00,-7.858161224682401524e+00
8.620000000000000995e+00,1.741909980360303589e-01,-1.900056593284955131e+00,-7.856438432476453571e+00
8.630000000000000782e+00,1.551054228443128069e-01,-1.917058445058557048e+00,-7.854676862544127225e+00
8.640000000000000568e+00,1.358590638654633143e-01,-1.932213350711346145e+00,-7.852880007403582496e+00
8.650000000000000355e+00,1.164704962982994890e-01,-1.945500162721420789e+00,-7.851051570596125018e+00
8.660000000000000142e+00,9.695849496730402084e-02,-1.956900103477672070e+00,-7.849195447129272196e+00
8.669999999999999929e+00,7.734201027101143822e-02,-1.966396835780843899e+00,-7.847315701956915746e+00
8.679999999999999716e+00,5.764014346695249535e-02,-1.973976525030944229e+00,-7.845416546687021153e+00
8.689999999999999503e+00,3.787212137902707526e-02,-1.979627892554138402e+00,-7.843502314736176650e+00
8.700000000000001066e+00,1.805727061828199531e-02,-1.983342259594877310e+00,-7.841577435175913990e+00
8.710000000000000853e+00,-1.785008587581616863e-03,-1.985113581577845121e+00,-7.839646405537737728e+00
8.720000000000000639e+00,-2.163526885711281045e-02,-1.984938472328393821e+00,-7.837713763861405170e+00
8.730000000000000426e+00,-4.147404230889679966e-02,-1.982816218028403688e+00,-7.835784060284096242e+00
8.740000000000000213e+00,-6.128186730291796530e-02,-1.978748780775830385e+00,-7.833861828476191391e+00
8.750000000000000000e+00,-8.103931516534400303e-02,-1.972740791709376440e+00,-7.831951557232229355e+00
8.759999999999999787e+00,-1.007270167926584553e-01,-1.964799533753514904e+00,-7.830057662523383755e+00
8.769999999999999574e+00,-1.203256890320873185e-01,-1.954934914132256063e+00,-7.828184460310227522e+00
8.779999999999999361e+00,-1.398161607372052917e-01,-1.943159426891337249e+00,-7.826336140402089470e+00
8.790000000000000924e+00,-1.591793984004456486e-01,-1.929488105756738348e+00,-7.824516741632002947e+00
8.800000000000000711e+00,-1.783965312679364479e-01,-1.913938467741422178e+00,-7.822730128594679755e+00
8.810000000000000497e+00,-1.974488758465981486e-01,-1.896530447990916191e+00,-7.820979970169493534e+00
8.820000000000000284e+00,-2.163179597187067649e-01,-1.877286326430807062e+00,-7.819269720021686965e+00
8.830000000000000071e+00,-2.349855445850836388e-01,-1.856230646844566401e+00,-7.817602599243642203e+00
8.839999999999999858e+00,-2.534336484646446119e-01,-1.833390129067629548e+00,-7.815981581264658473e+00
8.849999999999999645e+00,-2.716445669851463851e-01,-1.808793575032727086e+00,-7.814409379123064880e+00
8.859999999999999432e+00,-2.896008937075184031e-01,-1.782471769441675402e+00,-7.812888435159234923e+00
8.870000000000000995e+00,-3.072855394340761048e-01,-1.754457375869871161e+00,-7.811420913153056311e+00
8.880000000000000782e+00,-3.246817504590828185e-01,-1.724784829131474684e+00,-7.810008692895126892e+00
8.890000000000000568e+00,-3.417731257284686852e-01,-1.693490224745690664e+00,-7.808653367148133739e+00
8.900000000000000355e+00,-3.585436328839363140e-01,-1.660611206347834212e+00,-7.807356240924105073e+00
8.910000000000000142e+00,-3.749776231750917566e-01,-1.626186851883254292e+00,-7.806118332974878449e+00
8.919999999999999929e+00,-3.910598452315484641e-01,-1.590257559408090104e+00,-7.804940379367812930e+00
8.929999999999999716e+00,-4.067754576950827206e-01,-1.552864933298752304e+00,-7.803822838996634204e+00
8.939999999999999503e+00,-4.221100407197892479e-01,-1.514051671642548058e+00,-7.802765900858692483e+00
8.950000000000001066e+00,-4.370496063557303690e-01,-1.473861455545673493e+00,-7.801769492915001436e+00
8.960000000000000853e+00,-4.515806078387217815e-01,-1.432338841052608558e+00,-7.800833292338149150e+00
8.970000000000000639e+00,-4.656899478156025229e-01,-1.389529154323540849e+00,-7.799956736945746982e+00
8.980000000000000426e+00,-4.793649855405432425e-01,-1.345478390664601731e+00,-7.799139037613104009e+00
8.990000000000000213e+00,-4.925935430836174134e-01,-1.300233117950239103e+00,-7.798379191458559845e+00
9.000000000000000000e+00,-5.053639105979623736e-01,-1.253840384918757600e+00,-7.797675995597614929e+00
9.009999999999999787e+00,-5.176648506963648089e-01,-1.206347634761727461e+00,-7.797028061268004961e+00
9.019999999999999574e+00,-5.294856019920051171e-01,-1.157802624366326194e+00,-7.796433828136309252e+00
9.029999999999999361e+00,-5.408158818613739705e-01,-1.108253349507455132e+00,-7.795891578607753836e+00
9.040000000000000924e+00,-5.516458884900328208e-01,-1.057747976224310049e+00,-7.795399451973714200e+00
9.050000000000000711e+00,-5.619663022639272976e-01,-1.006334778554592413e+00,-7.794955458246251467e+00
9.060000000000000497e+00,-5.717682865703965778e-01,-9.540620827392477521e-01,-7.794557491544827244e+00
9.070000000000000284e+00,-5.810434880738528651e-01,-9.009782179520006151e-01,-7.794203342917540134e+00
9.080000000000000071e+00,-5.897840365313699040e-01,-8.471314735514119398e-01,-7.793890712496706286e+00
9.089999999999999858e+00,-5.979825442131222468e-01,-7.925700627990686087e-01,-7.793617220906789100e+00
9.099999999999999645e+00,-6.056321049917980925e-01,-7.373420929360943177e-01,-7.793380419860662656e+00
9.109999999999999432e+00,-6.127262931637869059e-01,-6.814955414616651330e-01,-7.793177801898210966e+00
9.120000000000000995e+00,-6.192591620631541227e-01,-6.250782384117822277e-01,-7.793006809238767651e+00
9.130000000000000782e+00,-6.252252425271844771e-01,-5.681378543942997572e-01,-7.792864841735808845e+00
9.140000000000000568e+00,-6.306195412696419256e-01,-5.107218940971913756e-01,-7.792749263938491211e+00
9.150000000000000355e+00,-6.354375392148842172e-01,-4.528776949512802186e-01,-7.792657411279909851e+00
9.160000000000000142e+00,-6.396751898426212835e-01,-3.946524305961411905e-01,-7.792586595426122642e+00
9.169999999999999929e+00,-6.433289175894447709e-01,-3.360931187685625154e-01,-7.792534108833145901e+00
9.179999999999999716e+00,-6.463956163493214113e-01,-2.772466332067670125e-01,-7.792497228571046541e+00
9.189999999999999503e+00,-6.488726481110574928e-01,-2.181597191404565095e-01,-7.792473219484943314e+00
9.200000000000001066e+00,-6.507578417663425485e-01,-1.588790119165691683e-01,-7.792459336772154188e+00
9.210000000000000853e+00,-6.520494921173920488e-01,-9.945105829333569791e-02,-7.792452828062855552e+00
9.220000000000000639e+00,-6.527463591084621264e-01,-3.992233992069699200e-02,-7.792450935098412579e+00
9.230000000000000426e+00,-6.528476673006321507e-01,1.966070148668264128e-02,-7.792450895107032594e+00
9.240000000000000213e+00,-6.523531056042648490e-01,7.925163778677761506e-02,-7.792449941980538419e+00
9.250000000000000000e+00,-6.512628272784931616e-01,1.388040273675496539e-01,-7.792445307358905282e+00
9.259999999999999787e+00,-6.495774502019654451e-01,1.982713879380129107e-01,-7.792434221730640154e+00
9.269999999999999574e+00,-6.472980574139336474e-01,2.576071696683638335e-01,-7.792413915657293799e+00
9.279999999999999361e+00,-6.444261979196236334e-01,3.167647291936463994e-01,-7.792381621229149680e+00
9.290000000000000924e+00,-6.409638877486952824e-01,3.756973049920315777e-01,-7.792334573856638968e+00
9.300000000000000711e+00,-6.369136112505209280e-01,4.343579946428446359e-01,-7.792270014498100750e+00
9.310000000000000497e+00,-6.322783226050021632e-01,4.926997344609209128e-01,-7.792185192419304407e+00
9.320000000000000284e+00,-6.270614475227344053e-01,5.506752819926349352e-01,-7.792077368573480101e+00
9.330000000000000071e+00,-6.212668851035465512e-01,6.082372018449385687e-01,-7.791943819682718875e+00
9.339999999999999858e+00,-6.148990098178125363e-01,6.653378553018671759e-01,-7.791781843092211446e+00
9.349999999999999645e+00,-6.079626735704877216e-01,7.219293941631157452e-01,-7.791588762458203199e+00
9.359999999999999432e+00,-6.004632078035904152e-01,7.779637592163467508e-01,-7.791361934318516091e+00
9.370000000000000995e+00,-5.924064255888648045e-01,8.333926837287614076e-01,-7.791098755581343127e+00
9.380000000000000782e+00,-5.837986236586507616e-01,8.881677023140455152e-01,-7.790796671953555297e+00
9.390000000000000568e+00,-5.746465843195903700e-01,9.422401654980195884e-01,-7.790453187314176020e+00
9.400000000000000355e+00,-5.649575771907496824e-01,9.955612602701103819e-01,-7.790065874022261028e+00
9.410000000000000142e+00,-5.547393607050586928e-01,1.048082036868095646e+00,-7.789632384130824150e+00
9.419999999999999929e+00,-5.440001833107159790e-01,1.099753442000460435e+00,-7.789150461460472741e+00
9.429999999999999716e+00,-5.327487843073926976e-01,1.150526358664185178e+00,-7.788617954467678572e+00
9.439999999999999503e+00,-5.209943942507418990e-01,1.200351652665970548e+00,-7.788032829823717584e+00
9.450000000000001066e+00,-5.087467348579024495e-01,1.249180225901931118e+00,-7.787393186601354600e+00
9.460000000000000853e+00,-4.960160183464183969e-01,1.296963076394886061e+00,-7.786697270947652072e+00
9.470000000000000639e+00,-4.828129461392949295e-01,1.343651365029807865e+00,-7.785943491103233249e+00
9.480000000000000426e+00,-4.691487068698103613e-01,1.389196488867111556e+00,-7.785130432611023998e+00
9.490000000000000213e+00,-4.550349736212213614e-01,1.433550160850692423e+00,-7.784256873541787414e+00
9.500000000000000000e+00,-4.404839003386507024e-01,1.476664495663438048e+00,-7.783321799549341335e+00
9.509999999999999787e+00,-4.255081173532439531e-01,1.518492101417911799e+00,-7.782324418556329171e+00
9.519999999999999574e+00,-4.101207259621311163e-01,1.558986176804652235e+00,-7.781264174861455274e+00
9.529999999999999361e+00,-3.943352920118291527e-01,1.598100613255749591e+00,-7.780140762452267822e+00
9.540000000000000924e+00,-3.781658384374614323e-01,1.635790101617794035e+00,-7.778954137303522032e+00
9.550000000000000711e+00,-3.616268367155388019e-01,1.672010242766728272e+00,-7.777704528440757770e+00
9.560000000000000497e+00,-3.447331971940130746e-01,1.706717661538417641e+00,-7.776392447551835119e+00
9.570000000000000284e+00,-3.275002582698523512e-01,1.739870123293729032e+00,-7.775018696936317752e+00
9.580000000000000071e+00,-3.099437743914514876e-01,1.771426652386446143e+00,-7.773584375593442175e+00
9.589999999999999858e+00,-2.920799028707326550e-01,1.801347651757312374e+00,-7.772090883264631600e+00
9.599999999999999645e+00,-2.739251894977525192e-01,1.829595022838715890e+00,-7.770539922265460753e+00
9.609999999999999432e+00,-2.554965529589448558e-01,1.856132284922816122e+00,-7.768933496964921304e+00
9.620000000000000995e+00,-2.368112680687208260e-01,1.880924693121989844e+00,-7.767273910796342662e+00
9.630000000000000782e+00,-2.178869478329357456e-01,1.903939354035023568e+00,-7.765563760714235819e+00
9.640000000000000568e+00,-1.987415243716304236e-01,1.925145338226043945e+00,-7.763805929043957832e+00
9.650000000000000355e+00,-1.793932287373690426e-01,1.944513788626231365e+00,-7.762003572706278831e+00
9.660000000000000142e+00,-1.598605696743317928e-01,1.962018023981219050e+00,-7.760160109835720021e+00
9.669999999999999929e+00,-1.401623113719760172e-01,1.977633636489937174e+00,-7.758279203849573591e+00
9.679999999999999716e+00,-1.203174502754586622e-01,1.991338582813534597e+00,-7.756364745062791499e+00
9.689999999999999503e+00,-1.003451910230119815e-01,2.003113267675801890e+00,-7.754420829981935270e+00
9.700000000000001066e+00,-8.026492158798843868e-02,2.012940619328906333e+00,-7.752451738448158380e+00
9.710000000000000853e+00,-6.009618771024483053e-02,2.020806156219814298e+00,-7.750461908834008540e+00
9.720000000000000639e+00,-3.985866670783142635e-02,2.026698044262864595e+00,-7.748455911530972351e+00
9.730000000000000426e+00,-1.957214076550792964e-02,2.030607144201835190e+00,-7.746438420993326801e+00
9.740000000000000213e+00,7.435301986491096990e-04,2.032527048629572786e+00,-7.744414186628453933e+00
9.750000000000000000e+00,2.106843598341600482e-02,2.032454108323805908e+00,-7.742388002843641814e+00
9.759999999999999787e+00,4.138264376329984368e-02,2.030387447652961086e+00,-7.740364678574207957e+00
9.769999999999999574e+00,6.166622584608680985e-02,2.026328968904431704e+00,-7.738349006626925153e+00
9.779999999999999361e+00,8.189928741805133083e-02,2.020283345488472104e+00,-7.736345733176440476e+00
9.790000000000000924e+00,1.020619941658554436e-01,2.012258004072351891e+00,-7.734359527749905538e+00
9.800000000000000711e+00,1.221345996652185156e-01,2.002263095800262960e+00,-7.732394954027128620e+00
9.810000000000000497e+00,1.420974724284863877e-01,1.990311456853315786e+00,-7.730456441769853804e+00
9.820000000000000284e+00,1.619311225062505799e-01,1.976418558699519545e+00,-7.728548260174887830e+00
9.830000000000000071e+00,1.816162275421212280e-01,1.960602448474609627e+00,-7.726674492922033011e+00
9.839999999999999858e+00,2.011336581845933891e-01,1.942883680019820591e+00,-7.724839015159766120e+00
9.849999999999999645e+00,2.204645027655980916e-01,1.923285236181115243e+00,-7.723045472639887166e+00
9.859999999999999432e+00,2.395900911617289131e-01,1.901832443045047949e+00,-7.721297263177744341e+00
9.870000000000000995e+00,2.584920177611969572e-01,1.878552876848555764e+00,-7.719597520577753613e+00
9.880000000000000782e+00,2.771521634672041712e-01,1.853476264352891700e+00,-7.717949101125776146e+00
9.890000000000000568e+00,2.955527166765444802e-01,1.826634377515165442e+00,-7.716354572711033200e+00
9.900000000000000355e+00,3.136761931807414139e-01,1.798060923324216631e+00,-7.714816206601562421e+00
9.910000000000000142e+00,3.315054549458158473e-01,1.767791429690669602e+00,-7.713335971859606843e+00
9.919999999999999929e+00,3.490237277357392531e-01,1.735863128294017121e+00,-7.711915532347133784e+00
9.929999999999999716e+00,3.662146175536725168e-01,1.702314835292628947e+00,-7.710556246237954880e+00
9.939999999999999503e+00,3.830621258841155896e-01,1.667186830795984953e+00,-7.709259167921882039e+00
9.950000000000001066e+00,3.995506637280087370e-01,1.630520737982646517e+00,-7.708025052158621548e+00
9.960000000000000853e+00,4.156650644315372789e-01,1.592359402723063200e+00,-7.706854360315123387e+00
9.970000000000000639e+00,4.313905953178222563e-01,1.552746774533928065e+00,-7.705747268499770541e+00
9.980000000000000426e+00,4.467129681387478901e-01,1.511727789651190923e+00,-7.704703677390872585e+00
9.990000000000000213e+00,4.616183483718179215e-01,1.469348256962815347e+00,-7.703723223544855614e+00
