time,x_numeric,x_analytic,velocity
0.000000000000000000e+00,1.000000000000000056e-01,1.000000000000000056e-01,0.000000000000000000e+00
1.000000000000000021e-02,9.995003748333333715e-02,9.995003747986958009e-02,-9.988341663333333981e-03
2.000000000000000042e-02,9.980033296001390719e-02,9.980033295144674632e-02,-1.994674907909343986e-02
2.999999999999999889e-02,9.955123525715060817e-02,9.955123524185818806e-02,-2.986533442947584410e-02
4.000000000000000083e-02,9.920319179047205893e-02,9.920319176685347962e-02,-3.973426943150265567e-02
5.000000000000000278e-02,9.875674792041508332e-02,9.875674788689356443e-02,-4.954379503571480076e-02
5.999999999999999778e-02,9.821254621166100596e-02,9.821254616668696757e-02,-5.928423103632770447e-02
7.000000000000000666e-02,9.757132559705242181e-02,9.757132553910660699e-02,-6.894598558342754369e-02
8.000000000000000167e-02,9.683392044691657707e-02,9.683392037451304946e-02,-7.851956458790193549e-02
8.999999999999999667e-02,9.600125954491416091e-02,9.600125945660323290e-02,-8.799558100992450893e-02
1.000000000000000056e-01,9.507436497162316535e-02,9.507436486599434022e-02,-9.736476402194779722e-02
1.100000000000000006e-01,9.405435089715745434e-02,9.405435077284214629e-02,-1.066179680373018912e-01
1.199999999999999956e-01,9.294242228420780683e-02,9.294242213988217205e-02,-1.157461815956487144e-01
1.300000000000000044e-01,9.173987350298008769e-02,9.173987333736767502e-02,-1.247405360967019788e-01
1.400000000000000133e-01,9.044808685958995176e-02,9.044808667146431169e-02,-1.335923143737917929e-01
1.499999999999999944e-01,8.906853103955718332e-02,8.906853082774429664e-02,-1.422929590990295590e-01
1.600000000000000033e-01,8.760275946812397241e-02,8.760275923150474819e-02,-1.508340810120137321e-01
1.700000000000000122e-01,8.605240858920136515e-02,8.605240832671394446e-02,-1.592074669642088158e-01
1.799999999999999933e-01,8.441919606482554961e-02,8.441919577546751208e-02,-1.674050877713308128e-01
1.900000000000000022e-01,8.270491889708143918e-02,8.270491857991199569e-02,-1.754191058662781799e-01
2.000000000000000111e-01,8.091145147452449837e-02,8.091145112866646172e-02,-1.832418827453626831e-01
2.099999999999999922e-01,7.904074354520314316e-02,7.904074316984489867e-02,-1.908659862008147412e-01
2.200000000000000011e-01,7.709481811845311783e-02,7.709481771285042750e-02,-1.982841973327655882e-01
2.300000000000000100e-01,7.507576929770207186e-02,7.507576886117976744e-02,-2.054895173341424464e-01
2.399999999999999911e-01,7.298576004658720306e-02,7.298575957854083751e-02,-2.124751740421531310e-01
2.500000000000000000e-01,7.082701989075039506e-02,7.082701939064769969e-02,-2.192346282502816990e-01
2.600000000000000089e-01,6.860184255773529860e-02,6.860184202511754314e-02,-2.257615797749687181e-01
2.700000000000000178e-01,6.631258355746748323e-02,6.631258299195072481e-02,-2.320499732714060848e-01
2.800000000000000266e-01,6.396165770585331145e-02,6.396165710712961583e-02,-2.380940037931381925e-01
2.899999999999999800e-01,6.155153659408490324e-02,6.155153596192321913e-02,-2.438881220904277336e-01
2.999999999999999889e-01,5.908474600628754736e-02,5.908474534053464317e-02,-2.494270396426155334e-01
3.099999999999999978e-01,5.656386328819246884e-02,5.656386258877373757e-02,-2.547057334199787637e-01
3.200000000000000067e-01,5.399151466956114698e-02,5.399151393648118913e-02,-2.597194503708715740e-01
3.300000000000000155e-01,5.137037254312837309e-02,5.137037177647151703e-02,-2.644637116302144819e-01
3.400000000000000244e-01,4.870315270286894316e-02,4.870315190279962680e-02,-2.689343164456856061e-01
3.500000000000000333e-01,4.599261154442806782e-02,4.599261071119108840e-02,-2.731273458182556513e-01
3.599999999999999867e-01,4.324154323058761185e-02,4.324154236450827166e-02,-2.770391658540007351e-01
3.699999999999999956e-01,4.045277682466947439e-02,4.045277592615351830e-02,-2.806664308244218864e-01
3.800000000000000044e-01,3.762917339480368467e-02,3.762917246433716834e-02,-2.840060859327966925e-01
3.900000000000000133e-01,3.477362309201199875e-02,3.477362213016107345e-02,-2.870553697843867269e-01
4.000000000000000222e-01,3.188904220507809972e-02,3.188904121248859608e-02,-2.898118165586253681e-01
4.100000000000000311e-01,2.897837019519271251e-02,2.897836917258958186e-02,-2.922732578817112681e-01
4.199999999999999845e-01,2.604456671337614798e-02,2.604456566156284833e-02,-2.944378243983357124e-01
4.299999999999999933e-01,2.309060860369209489e-02,2.309060752354978943e-02,-2.963039470415747001e-01
4.400000000000000022e-01,2.011948689527456521e-02,2.011948578776117866e-02,-2.978703580002807771e-01
4.500000000000000111e-01,1.713420378619504719e-02,1.713420265234429779e-02,-2.991360913836121904e-01
4.600000000000000200e-01,1.413776962219904718e-02,1.413776846311928792e-02,-3.001004835826408534e-01
4.700000000000000289e-01,1.113319987334028885e-02,1.113319869021315092e-02,-3.007631733292833176e-01
4.799999999999999822e-01,8.123512111536812172e-03,8.123510905615898697e-03,-3.011241014531002569e-01
4.899999999999999911e-01,5.111722992066351778e-03,5.111721764675654887e-03,-3.011835103368113997e-01
5.000000000000000000e-01,2.100845242008328364e-03,2.100843994540583376e-03,-3.009419430716716581e-01
5.100000000000000089e-01,-9.061153413731171460e-04,-9.061166074581307765e-04,-3.004002423141516886e-01
5.200000000000000178e-01,-3.906162879326534679e-03,-3.906164162503866864e-03,-2.995595488456621602e-01
5.300000000000000266e-01,-6.896314384431388375e-03,-6.896315683112949971e-03,-2.984212998373532155e-01
5.400000000000000355e-01,-9.873602714599204883e-03,-9.873604027135794714e-03,-2.969872268223121559e-01
5.500000000000000444e-01,-1.283507950534444955e-02,-1.283508083002793225e-02,-2.952593533777694290e-01
5.600000000000000533e-01,-1.577781807743944623e-02,-1.577781941250511535e-02,-2.932399925202074931e-01
5.700000000000000622e-01,-1.869891631709801397e-02,-1.869891766072688533e-02,-2.909317438165484049e-01
5.799999999999999600e-01,-2.159549952586564681e-02,-2.159550087618699460e-02,-2.883374902148730934e-01
5.899999999999999689e-01,-2.446472323742997224e-02,-2.446472459252396758e-02,-2.854603945983983926e-01
5.999999999999999778e-01,-2.730377599860377494e-02,-2.730377735650403939e-02,-2.823038960667072494e-01
6.099999999999999867e-01,-3.010988211177425752e-02,-3.010988347047063168e-02,-2.788717059484916438e-01
6.199999999999999956e-01,-3.288030433615601184e-02,-3.288030569359746969e-02,-2.751678035503276054e-01
6.300000000000000044e-01,-3.561234654523166843e-02,-3.561234789932914840e-02,-2.711964316462564528e-01
6.400000000000000133e-01,-3.830335633781324634e-02,-3.830335768644264893e-02,-2.669620917131958482e-01
6.500000000000000222e-01,-4.095072760020860431e-02,-4.095072894121384866e-02,-2.624695389174472315e-01
6.600000000000000311e-01,-4.355190301703125433e-02,-4.355190434822748397e-02,-2.577237768578058974e-01
6.700000000000000400e-01,-4.610437652824816296e-02,-4.610437784742474343e-02,-2.527300520710106246e-01
6.800000000000000488e-01,-4.860569573011845612e-02,-4.860569703504238198e-02,-2.474938483054964222e-01
6.900000000000000577e-01,-5.105346421773683530e-02,-5.105346550615597057e-02,-2.420208805696336674e-01
7.000000000000000666e-01,-5.344534386695842798e-02,-5.344534513660479519e-02,-2.363170889608490199e-01
7.099999999999999645e-01,-5.577905705354663929e-02,-5.577905830213982646e-02,-2.303886322822305266e-01
7.199999999999999734e-01,-5.805238880745273999e-02,-5.805239003270343257e-02,-2.242418814534179461e-01
7.299999999999999822e-01,-6.026318890020485042e-02,-6.026319009981809943e-02,-2.178834127227709805e-01
7.399999999999999911e-01,-6.240937386345482563e-02,-6.240937503513367679e-02,-2.113200006879934201e-01
7.500000000000000000e-01,-6.448892893680424621e-02,-6.448893007825323709e-02,-2.045586111325672640e-01
7.600000000000000089e-01,-6.649990994310506220e-02,-6.649991105203363617e-02,-1.976063936855209924e-01
7.700000000000000178e-01,-6.844044508950655747e-02,-6.844044616363274824e-02,-1.904706743122171198e-01
7.800000000000000266e-01,-7.030873669259787850e-02,-7.030873772965186286e-02,-1.831589476439976216e-01
7.900000000000000355e-01,-7.210306282607455153e-02,-7.210306382380204937e-02,-1.756788691546714576e-01
8.000000000000000444e-01,-7.382177888943779187e-02,-7.382177984560379935e-02,-1.680382471919650567e-01
8.100000000000000533e-01,-7.546331909631753820e-02,-7.546332000870988044e-02,-1.602450348721856654e-01
8.200000000000000622e-01,-7.702619788109298093e-02,-7.702619874752573981e-02,-1.523073218464672529e-01
8.300000000000000711e-01,-7.850901122256873088e-02,-7.850901204088589491e-02,-1.442333259470804097e-01
8.399999999999999689e-01,-7.991043788355017830e-02,-7.991043865162911208e-02,-1.360313847223906525e-01
8.499999999999999778e-01,-8.122924056524778724e-02,-8.122924128100270091e-02,-1.277099468691433592e-01
8.599999999999999867e-01,-8.246426697552731999e-02,-8.246426763691278028e-02,-1.192775635708389348e-01
8.699999999999999956e-01,-8.361445081011112390e-02,-8.361445141512549584e-02,-1.107428797510381369e-01
8.800000000000000044e-01,-8.467881264592418133e-02,-8.467881319261293116e-02,-1.021146252505047286e-01
8.900000000000000133e-01,-8.565646074586810710e-02,-8.565646123232718845e-02,-9.340160593715096660e-02
9.000000000000000222e-01,-8.654659177439616435e-02,-8.654659219877537668e-02,-8.461269475780051896e-02
9.100000000000000311e-01,-8.734849142335270045e-02,-8.734849178385882540e-02,-7.575682274082375101e-02
9.200000000000000400e-01,-8.806153494763115097e-02,-8.806153524253124143e-02,-6.684296995873106884e-02
9.300000000000000488e-01,-8.868518761029575703e-02,-8.868518783792020410e-02,-5.788015645983191071e-02
9.400000000000000577e-01,-8.921900503690309570e-02,-8.921900519564866794e-02,-4.887743317807987514e-02
9.500000000000000666e-01,-8.966263347885110313e-02,-8.966263356718398581e-02,-3.984387283022769455e-02
9.599999999999999645e-01,-9.001580998567418335e-02,-9.001581000213286499e-02,-3.078856080941055548e-02
9.699999999999999734e-01,-9.027836248629415861e-02,-9.027836242949227596e-02,-2.172058608426132367e-02
9.799999999999999822e-01,-9.045020977932799466e-02,-9.045020964795699725e-02,-1.264903211263777687e-02
9.899999999999999911e-01,-9.053136143264346736e-02,-9.053136122547542075e-02,-3.582967779009007744e-03
1.000000000000000000e+00,-9.052191759244457292e-02,-9.052191730833458738e-02,5.468561635493444581e-03
1.010000000000000009e+00,-9.042206870225816262e-02,-9.042206834014693273e-02,1.449654344140482998e-02
1.020000000000000018e+00,-9.023209513228235001e-02,-9.023209469119852777e-02,2.349200647874134795e-02
1.030000000000000027e+00,-8.995236671964629283e-02,-8.995236619870872197e-02,3.244602999547201855e-02
1.040000000000000036e+00,-8.958334222021839544e-02,-8.958334161863824863e-02,4.134975245789797305e-02
1.050000000000000044e+00,-8.912556867268732474e-02,-8.912556798977026851e-02,5.019438028427437859e-02
1.060000000000000053e+00,-8.857968067572635773e-02,-8.857967991087434267e-02,5.897119649310418599e-02
1.070000000000000062e+00,-8.794639957913677475e-02,-8.794639873184993684e-02,6.767156925763524733e-02
1.080000000000000071e+00,-8.722653258995012593e-02,-8.722653165982849344e-02,7.628696035820299592e-02
1.090000000000000080e+00,-8.642097179455221490e-02,-8.642097078129722110e-02,8.480893352417957776e-02
1.100000000000000089e+00,-8.553069309797343978e-02,-8.553069200138943562e-02,9.322916265741705566e-02
1.110000000000000098e+00,-8.455675508157048381e-02,-8.455675390156604243e-02,1.015394399292070537e-01
1.120000000000000107e+00,-8.350029778040363171e-02,-8.350029651699268640e-02,1.097316837429211239e-01
1.130000000000000115e+00,-8.236254138169124550e-02,-8.236254003499426934e-02,1.177979465546464821e-01
1.140000000000000124e+00,-8.114478484579944195e-02,-8.114478341604428047e-02,1.257304225442883727e-01
1.150000000000000133e+00,-7.984840445129910702e-02,-7.984840293882179696e-02,1.335214551297752572e-01
1.159999999999999920e+00,-7.847485226569543559e-02,-7.847485067094089883e-02,1.411635443171741500e-01
1.169999999999999929e+00,-7.702565454350601692e-02,-7.702565286702846292e-02,1.486493538797017677e-01
1.179999999999999938e+00,-7.550241005343290290e-02,-7.550240829589632829e-02,1.559717183588021083e-01
1.189999999999999947e+00,-7.390678833644130641e-02,-7.390678649861966154e-02,1.631236498806526436e-01
1.199999999999999956e+00,-7.224052789662299690e-02,-7.224052597940025522e-02,1.700983447816585004e-01
1.209999999999999964e+00,-7.050543432678588185e-02,-7.050543233115608155e-02,1.768891900366982295e-01
1.219999999999999973e+00,-6.870337837077261645e-02,-6.870337629783956901e-02,1.834897694840937343e-01
1.229999999999999982e+00,-6.683629392457014762e-02,-6.683629177554710477e-02,1.898938698414923687e-01
1.239999999999999991e+00,-6.490617597832933072e-02,-6.490617375453852644e-02,1.960954865070697328e-01
1.250000000000000000e+00,-6.291507850146828285e-02,-6.291507620434029502e-02,2.020888291406869319e-01
1.260000000000000009e+00,-6.086511227308596256e-02,-6.086510990415889416e-02,2.078683270198670441e-01
1.270000000000000018e+00,-5.875844265996239824e-02,-5.875844022088103080e-02,2.134286341656903008e-01
1.280000000000000027e+00,-5.659728734446985154e-02,-5.659728483698450024e-02,2.187646342339475691e-01
1.290000000000000036e+00,-5.438391400476467324e-02,-5.438391143073002115e-02,2.238714451671352523e-01
1.300000000000000044e+00,-5.212063794967251862e-02,-5.212063531104625669e-02,2.287444236031222766e-01
1.310000000000000053e+00,-4.980981971071990477e-02,-4.980981700956112895e-02,2.333791690365717153e-01
1.320000000000000062e+00,-4.745386259380320049e-02,-4.745385983227103782e-02,2.377715277294539242e-01
1.330000000000000071e+00,-4.505521019302127089e-02,-4.505520737337286724e-02,2.419175963672464125e-01
1.340000000000000080e+00,-4.261634386923095902e-02,-4.261634099381961943e-02,2.458137254576761022e-01
1.350000000000000089e+00,-4.013978019591447899e-02,-4.013977726718765543e-02,2.494565224691235317e-01
1.360000000000000098e+00,-3.762806837497553736e-02,-3.762806539547261520e-02,2.528428547060740383e-01
1.370000000000000107e+00,-3.508378762510552806e-02,-3.508378459745545991e-02,2.559698519192689092e-01
1.380000000000000115e+00,-3.250954454538353827e-02,-3.250954147230260272e-02,2.588349086484794115e-01
1.390000000000000124e+00,-2.990797045679310928e-02,-2.990796734108211799e-02,2.614356862960974803e-01
1.400000000000000133e+00,-2.728171872435551648e-02,-2.728171556889721905e-02,2.637701149300097914e-01
1.409999999999999920e+00,-2.463346206259326918e-02,-2.463345887034956022e-02,2.658363948144948918e-01
1.419999999999999929e+00,-2.196588982704872003e-02,-2.196588660105752017e-02,2.676329976681578460e-01
1.429999999999999938e+00,-1.928170529459124344e-02,-1.928170203796357104e-02,2.691586676481910745e-01
1.439999999999999947e+00,-1.658362293525209724e-02,-1.658361965116907089e-02,2.704124220605248485e-01
1.449999999999999956e+00,-1.387436567832911645e-02,-1.387436237003844032e-02,2.713935517957060117e-01
1.459999999999999964e+00,-1.115666217550362327e-02,-1.115665884631628427e-02,2.721016214906173958e-01
1.469999999999999973e+00,-8.433244063709453842e-03,-8.433240716996241726e-03,2.725364694164240098e-01
1.479999999999999982e+00,-5.706843230488743181e-03,-5.706839869676669230e-03,2.726982070934051983e-01
1.489999999999999991e+00,-2.980189084561209005e-03,-2.980185713129751644e-03,2.725872186336030234e-01
1.500000000000000000e+00,-2.560058343229671719e-04,-2.560024558005380662e-04,2.722041598124873008e-01
1.510000000000000009e+00,2.462990223022386120e-03,2.462993605062523648e-03,2.715499568711063350e-01
1.520000000000000018e+00,5.174093399013751995e-03,5.174096780957335683e-03,2.706258050504579127e-01
1.530000000000000027e+00,7.874611295495534402e-03,7.874614673691321745e-03,2.694331668600800644e-01
1.540000000000000036e+00,1.056186746754696724e-02,1.056187083831081064e-02,2.679737700831220648e-01
1.550000000000000044e+00,1.323320406515493888e-02,1.323320742477401835e-02,2.662496055204146006e-01
1.560000000000000053e+00,1.588598445103397289e-02,1.588598779577076944e-02,2.642629244763146090e-01
1.570000000000000062e+00,1.851759579202604325e-02,1.851759911812285442e-02,2.620162359893518089e-01
1.580000000000000071e+00,2.112545162154440617e-02,2.112545492522758042e-02,2.595123038109531932e-01
1.590000000000000080e+00,2.370699437055964406e-02,2.370699764804396620e-02,2.567541431357670545e-01
1.600000000000000089e+00,2.625969786466252065e-02,2.625970111215562147e-02,2.537450170873484789e-01
1.610000000000000098e+00,2.878106978477706565e-02,2.878107299848387673e-02,2.504884329632064977e-01
1.620000000000000107e+00,3.126865408913847427e-02,3.126865726526579375e-02,2.469881382434433725e-01
1.630000000000000115e+00,3.372003339419386847e-02,3.372003652895463888e-02,2.432481163674465874e-01
1.640000000000000124e+00,3.613283131212961102e-02,3.613283440174771405e-02,2.392725822833149107e-01
1.650000000000000133e+00,3.850471474277693956e-02,3.850471778349161961e-02,2.350659777749186941e-01
1.660000000000000142e+00,4.083339611769753325e-02,4.083339910576802567e-02,2.306329665717065103e-01
1.669999999999999929e+00,4.311663559430300302e-02,4.311663852601303748e-02,2.259784292465771005e-01
1.679999999999999938e+00,4.535224319791630182e-02,4.535224606957872356e-02,2.211074579073366853e-01
1.689999999999999947e+00,4.753808090973940526e-02,4.753808371770072705e-02,2.160253506874568463e-01
1.699999999999999956e+00,4.967206469874958091e-02,4.967206743939450719e-02,2.107376060420372565e-01
1.709999999999999964e+00,5.175216649560659965e-02,5.175216916536261313e-02,2.052499168550603048e-01
1.719999999999999973e+00,5.377641610671497069e-02,5.377641870205680102e-02,1.995681643642011338e-01
1.729999999999999982e+00,5.574290306664882177e-02,5.574290558410303215e-02,1.936984119096260282e-01
1.739999999999999991e+00,5.764977842721208390e-02,5.764978086336128987e-02,1.876468985133753209e-01
1.750000000000000000e+00,5.949525648147351714e-02,5.949525883296104961e-02,1.814200322960832223e-01
1.760000000000000009e+00,6.127761642118433050e-02,6.127761868471851697e-02,1.750243837379353296e-01
1.770000000000000018e+00,6.299520392605581498e-02,6.299520609841428864e-02,1.684666787909070151e-01
1.780000000000000027e+00,6.464643268344566485e-02,6.464643476147965973e-02,1.617537918494601767e-01
1.790000000000000036e+00,6.622978583707390954e-02,6.622978781771243773e-02,1.548927385870026707e-01
1.800000000000000044e+00,6.774381736346311855e-02,6.774381924371709884e-02,1.478906686655345193e-01
1.810000000000000053e+00,6.918715337487243988e-02,6.918715515183880560e-02,1.407548583260167796e-01
1.820000000000000062e+00,7.055849334757066660e-02,7.055849501843633464e-02,1.334927028671029081e-01
1.830000000000000071e+00,7.185661127437059648e-02,7.185661283641638086e-02,1.261117090199687651e-01
1.840000000000000080e+00,7.308035674042485941e-02,7.308035819102931541e-02,1.186194872270659451e-01
1.850000000000000089e+00,7.422865592136169977e-02,7.422865725800484316e-02,1.110237438327030535e-01
1.860000000000000098e+00,7.530051250291898424e-02,7.530051372318594116e-02,1.033322731934322725e-01
1.870000000000000107e+00,7.629500852131453070e-02,7.629500962289902100e-02,9.555294971628239264e-02
1.880000000000000115e+00,7.721130512367177512e-02,7.721130610437958175e-02,8.769371983293561268e-02
1.890000000000000124e+00,7.804864324790079799e-02,7.804864410565309774e-02,7.976259391799332688e-02
1.900000000000000133e+00,7.880634422151658325e-02,7.880634495435316633e-02,7.176763815951547887e-02
1.910000000000000142e+00,7.948381027895823348e-02,7.948381088504054282e-02,6.371696639004958973e-02
1.919999999999999929e+00,8.008052499705524407e-02,8.008052547466934512e-02,5.561873188638846721e-02
1.929999999999999938e+00,8.059605364836941455e-02,8.059605399592886799e-02,4.748111914631049368e-02
1.939999999999999947e+00,8.103004347222346471e-02,8.103004368827196324e-02,3.931233565056277413e-02
1.949999999999999956e+00,8.138222386331010749e-02,8.138222394652411262e-02,3.112060361834580527e-02
1.959999999999999964e+00,8.165240647785790284e-02,8.165240642704903185e-02,2.291415176454817543e-02
1.969999999999999973e+00,8.184048525741244307e-02,8.184048507152980045e-02,1.470120706696166797e-02
1.979999999999999982e+00,8.194643637037385409e-02,8.194643604850607166e-02,6.489986551680688651e-03
1.989999999999999991e+00,8.197031807151319849e-02,8.197031761289055862e-02,-1.711310895144575392e-03
2.000000000000000000e+00,8.191227047977210629e-02,8.191226988376830442e-02,-9.894512681074598900e-03
2.010000000000000231e+00,8.177251527473085313e-02,8.177251454086467697e-02,-1.805148061859044792e-02
2.020000000000000018e+00,8.155135531221044398e-02,8.155135444014735557e-02,-2.617411898572985507e-02
2.030000000000000249e+00,8.124917415955447419e-02,8.124917314910791444e-02,-3.425438252819853341e-02
2.040000000000000036e+00,8.086643555121530991e-02,8.086643440234796143e-02,-4.228428439508022385e-02
2.049999999999999822e+00,8.040368276534767822e-02,8.040368147817242295e-02,-5.025590400035107042e-02
2.060000000000000053e+00,7.986153792219023717e-02,7.986153649697110002e-02,-5.816139480249345878e-02
2.069999999999999840e+00,7.924070120509228710e-02,7.924069964224517149e-02,-6.599299199460191556e-02
2.080000000000000071e+00,7.854195000511821068e-02,7.854194830521125936e-02,-7.374302009747794873e-02
2.089999999999999858e+00,7.776613799023690543e-02,7.776613615399113888e-02,-8.140390044832296335e-02
2.100000000000000089e+00,7.691419410017669156e-02,7.691419212846592468e-02,-8.896815857775711156e-02
2.109999999999999876e+00,7.598712146809810664e-02,7.598711936194918470e-02,-9.642843146801824417e-02
2.120000000000000107e+00,7.498599627030819170e-02,7.498599403090064341e-02,-1.037774746853279972e-01
2.129999999999999893e+00,7.391196650530898471e-02,7.391196413397489728e-02,-1.110081693795518659e-01
2.140000000000000124e+00,7.276625070354096614e-02,7.276624820176420816e-02,-1.181135291444261742e-01
2.149999999999999911e+00,7.155013656924889831e-02,7.155013393866468951e-02,-1.250867067317778525e-01
2.160000000000000142e+00,7.026497955596229528e-02,7.026497679835620735e-02,-1.319210006133217650e-01
2.169999999999999929e+00,6.891220137714615390e-02,6.891219849445319456e-02,-1.386098613837853932e-01
2.180000000000000160e+00,6.749328845363920804e-02,6.749328544794236384e-02,-1.451468979992818209e-01
2.189999999999999947e+00,6.600979029955685029e-02,6.600978717308607358e-02,-1.515258838450284085e-01
2.200000000000000178e+00,6.446331784839409718e-02,6.446331460352433540e-02,-1.577407626266910945e-01
2.209999999999999964e+00,6.285554172112005344e-02,6.285553836036987529e-02,-1.637856540798217075e-01
2.220000000000000195e+00,6.118819043810993369e-02,6.118818696413932251e-02,-1.696548594920486153e-01
2.229999999999999982e+00,5.946304857681286582e-02,5.946304499242142938e-02,-1.753428670328782968e-01
2.240000000000000213e+00,5.768195487710435498e-02,5.768195118522882053e-02,-1.808443568861685669e-01
2.250000000000000000e+00,5.584680029632037995e-02,5.584679650003250562e-02,-1.861542061805405712e-01
2.260000000000000231e+00,5.395952601601669563e-02,5.395952211852024505e-02,-1.912674937132082809e-01
2.270000000000000018e+00,5.202212140254070666e-02,5.202211740716920774e-02,-1.961795044629194851e-01
2.280000000000000249e+00,5.003662192354554200e-02,5.003661783375893540e-02,-2.008857338879216359e-01
2.290000000000000036e+00,4.800510702261553270e-02,4.800510284199748651e-02,-2.053818920050886065e-01
2.300000000000000266e+00,4.592969795420985546e-02,4.592969368646428185e-02,-2.096639072465711906e-01
2.310000000000000053e+00,4.381255558116635418e-02,4.381255123011436325e-02,-2.137279300905630119e-01
2.319999999999999840e+00,4.165587813704045572e-02,4.165587370661652522e-02,-2.175703364630065806e-01
2.330000000000000071e+00,3.946189895558468996e-02,3.946189444983300848e-02,-2.211877309072991238e-01
2.339999999999999858e+00,3.723288416970248205e-02,3.723287959277346570e-02,-2.245769495192952159e-01
2.350000000000000089e+00,3.497113038223582937e-02,3.497112573838187521e-02,-2.277350626451435933e-01
2.359999999999999876e+00,3.267896231096976967e-02,3.267895760454148091e-02,-2.306593773397370983e-01
2.370000000000000107e+00,3.035873041025763733e-02,3.035872564569924367e-02,-2.333474395837978888e-01
2.379999999999999893e+00,2.801280847168961807e-02,2.801280365353507953e-02,-2.357970362578659940e-01
2.390000000000000124e+00,2.564359120624318603e-02,2.564358633911128366e-02,-2.380061968717047116e-01
2.399999999999999911e+00,2.325349181036766993e-02,2.325348689895789106e-02,-2.399731950478840303e-01
2.410000000000000142e+00,2.084493951846633567e-02,2.084493456755384319e-02,-2.416965497585514544e-01
2.419999999999999929e+00,1.842037714424800757e-02,1.842037215867920602e-02,-2.431750263146477409e-01
2.430000000000000160e+00,1.598225861342647547e-02,1.598225359811365764e-02,-2.444076371070740272e-01
2.439999999999999947e+00,1.353304649024959089e-02,1.353304145016648828e-02,-2.453936420995656564e-01
2.450000000000000178e+00,1.107520950034119114e-02,1.107520444051735518e-02,-2.461325490732765575e-01
2.459999999999999964e+00,8.611220052337669947e-03,8.611214977853781302e-03,-2.466241136233255637e-01
2.470000000000000195e+00,6.143551760797300726e-03,6.143546676779581758e-03,-2.468683389078041579e-01
2.479999999999999982e+00,3.674676972854173506e-03,3.674671884469414822e-03,-2.468654751499906319e-01
2.490000000000000213e+00,1.207064301079933434e-03,1.207059213529611654e-03,-2.466160188947612297e-01
2.500000000000000000e+00,-1.256823834994615346e-03,-1.256828916479239919e-03,-2.461207120204318699e-01
2.510000000000000231e+00,-3.714533656259530123e-03,-3.714538726423481131e-03,-2.453805405075064894e-01
2.520000000000000018e+00,-6.163622457884812209e-03,-6.163627511454485182e-03,-2.443967329660474974e-01
2.530000000000000249e+00,-8.601661027254344644e-03,-8.601666058943467294e-03,-2.431707589236216105e-01
2.540000000000000036e+00,-1.102623604359118797e-02,-1.102624104810613279e-02,-2.417043268760097341e-01
2.550000000000000266e+00,-1.343495245691378980e-02,-1.343495742895974704e-02,-2.399993821031020380e-01
2.560000000000000053e+00,-1.582543584398801717e-02,-1.582544077827416698e-02,-2.380581042526289937e-01
2.569999999999999840e+00,-1.819533473896757514e-02,-1.819533963021324405e-02,-2.358829046946061547e-01
2.580000000000000071e+00,-2.054232293644528418e-02,-2.054232777938569399e-02,-2.334764236495932010e-01
2.589999999999999858e+00,-2.286410176466973851e-02,-2.286410655406136833e-02,-2.308415270940880337e-01
2.600000000000000089e+00,-2.515840232671625112e-02,-2.515840705734315869e-02,-2.279813034465923427e-01
2.609999999999999876e+00,-2.742298770743733724e-02,-2.742299237411650881e-02,-2.248990600380972038e-01
2.620000000000000107e+00,-2.965565514405654052e-02,-2.965565974164379240e-02,-2.215983193709451515e-01
2.629999999999999893e+00,-3.185423815831003869e-02,-3.185424268170562734e-02,-2.180828151702286499e-01
2.640000000000000124e+00,-3.401660864808297297e-02,-3.401661309223769775e-02,-2.143564882320838083e-01
2.649999999999999911e+00,-3.614067893653208352e-02,-3.614068329645248046e-02,-2.104234820734323941e-01
2.660000000000000142e+00,-3.822440377673270995e-02,-3.822440804748717530e-02,-2.062881383879141550e-01
2.669999999999999929e+00,-4.026578230993650004e-02,-4.026578648666043897e-02,-2.019549923129362878e-01
2.680000000000000160e+00,-4.226285997557639729e-02,-4.226286405347826763e-02,-1.974287675129447750e-01
2.689999999999999947e+00,-4.421373037120738397e-02,-4.421373434557373389e-02,-1.927143710841965896e-01
2.700000000000000178e+00,-4.611653706062507352e-02,-4.611654092682641176e-02,-1.878168882864787448e-01
2.709999999999999964e+00,-4.796947532845952794e-02,-4.796947908195529908e-02,-1.827415771073829243e-01
2.720000000000000195e+00,-4.977079387959854745e-02,-4.977079751594289808e-02,-1.774938626648998041e-01
2.729999999999999982e+00,-5.151879648185310467e-02,-5.151879999669969901e-02,-1.720793314542474750e-01
2.740000000000000213e+00,-5.321184355033740238e-02,-5.321184693944475130e-02,-1.665037254449923121e-01
2.750000000000000000e+00,-5.484835367209735246e-02,-5.484835693133376100e-02,-1.607729360346576430e-01
2.760000000000000231e+00,-5.642680506958393238e-02,-5.642680819493268302e-02,-1.548929978651470418e-01
2.770000000000000018e+00,-5.794573700163162255e-02,-5.794573998919553409e-02,-1.488700825084330326e-01
2.780000000000000249e+00,-5.940375110066740960e-02,-5.940375394667384706e-02,-1.427104920280799771e-01
2.790000000000000036e+00,-6.079951264494198176e-02,-6.079951534574720706e-02,-1.364206524232808027e-01
2.800000000000000266e+00,-6.213175176464207083e-02,-6.213175431673603755e-02,-1.300071069621909770e-01
2.810000000000000053e+00,-6.339926458081125704e-02,-6.339926698082166967e-02,-1.234765094114405742e-01
2.819999999999999840e+00,-6.460091427607578263e-02,-6.460091652077259994e-02,-1.168356171687949113e-01
2.830000000000000071e+00,-6.573563209624211368e-02,-6.573563418254164958e-02,-1.100912843060171536e-01
2.839999999999999858e+00,-6.680241828190375264e-02,-6.680242020687243709e-02,-1.032504545290620079e-01
2.850000000000000089e+00,-6.780034292926664929e-02,-6.780034469012508058e-02,-9.632015406279777203e-02
2.859999999999999876e+00,-6.872854677947468072e-02,-6.872854837360116431e-02,-8.930748446751514413e-02
2.870000000000000107e+00,-6.958624193578960559e-02,-6.958624336072367911e-02,-8.221961539453478962e-02
2.879999999999999893e+00,-7.037271250805320066e-02,-7.037271376149897839e-02,-7.506377728827193230e-02
2.890000000000000124e+00,-7.108731518393320015e-02,-7.108731626376268986e-02,-6.784725404215485867e-02
2.899999999999999911e+00,-7.172947972652855830e-02,-7.172948063078453396e-02,-6.057737561582588609e-02
2.910000000000000142e+00,-7.229870939798421769e-02,-7.229871012488318927e-02,-5.326151062107672279e-02
2.919999999999999929e+00,-7.279458130884003397e-02,-7.279458185677482873e-02,-4.590705888398688428e-02
2.930000000000000160e+00,-7.321674669291319826e-02,-7.321674706045552816e-02,-3.852144399074246273e-02
2.939999999999999947e+00,-7.356493110758845211e-02,-7.356493129349117588e-02,-3.111210582461396840e-02
2.950000000000000178e+00,-7.383893455946502482e-02,-7.383893456266429900e-02,-2.368649310156586626e-02
2.959999999999999964e+00,-7.403863155538388530e-02,-7.403863137500109326e-02,-1.625205591195684127e-02
2.970000000000000195e+00,-7.416397107893347995e-02,-7.416397071427698051e-02,-8.816238275768840602e-03
2.979999999999999982e+00,-7.421497649260623553e-02,-7.421497594317291724e-02,-1.386470718774592686e-03
2.990000000000000213e+00,-7.419174536585228241e-02,-7.419174463132890973e-02,6.029837122982447707e-03
3.000000000000000000e+00,-7.409444922934997624e-02,-7.409444830961436912e-02,1.342530386306478758e-02
3.010000000000000231e+00,-7.392333325588633375e-02,-7.392333215100825583e-02,2.079258368159351070e-02
3.020000000000000018e+00,-7.367871586831259423e-02,-7.367871457855461326e-02,2.812437359205356355e-02
3.030000000000000249e+00,-7.336098827511244869e-02,-7.336098680093036672e-02,3.541342065079296220e-02
3.040000000000000036e+00,-7.297061393419120023e-02,-7.297061227623448387e-02,4.265252910212871673e-02
3.050000000000000266e+00,-7.250812794556522889e-02,-7.250812610467707864e-02,4.983456745205078198e-02
3.060000000000000053e+00,-7.197413637370021766e-02,-7.197413435091755407e-02,5.695247546360061863e-02
3.070000000000000284e+00,-7.136931550031576366e-02,-7.136931329686886649e-02,6.399927106709307756e-02
3.080000000000000071e+00,-7.069441100854162441e-02,-7.069440862585373020e-02,7.096805717844900663e-02
3.089999999999999858e+00,-6.995023709937775447e-02,-6.995023453906429323e-02,7.785202841901121829e-02
3.100000000000000089e+00,-6.913767554147598471e-02,-6.913767280534369175e-02,8.464447773032811317e-02
3.109999999999999876e+00,-6.825767465532570077e-02,-6.825767174537154813e-02,9.133880287750716087e-02
3.120000000000000107e+00,-6.731124823298935411e-02,-6.731124515139912112e-02,9.792851283486468661e-02
3.129999999999999893e+00,-6.629947439459565883e-02,-6.629947114374253048e-02,1.044072340477281979e-01
3.140000000000000124e+00,-6.522349438285902912e-02,-6.522349096530166701e-02,1.107687165643838484e-01
3.149999999999999911e+00,-6.408451129695341697e-02,-6.408450771543429403e-02,1.170068400323031055e-01
3.160000000000000142e+00,-6.288378876712628907e-02,-6.288378502456923314e-02,1.231156195529300584e-01
3.169999999999999929e+00,-6.162264957149525546e-02,-6.162264567100339541e-02,1.290892113894635262e-01
3.180000000000000160e+00,-6.030247419652443042e-02,-6.030247014137734424e-02,1.349219185222261252e-01
3.189999999999999947e+00,-5.892469934273115995e-02,-5.892469513638246698e-02,1.406081960463752834e-01
3.200000000000000178e+00,-5.749081637722511240e-02,-5.749081202329913570e-02,1.461426564068795952e-01
3.209999999999999964e+00,-5.600236973473179253e-02,-5.600236523702084579e-02,1.515200744658562193e-01
3.220000000000000195e+00,-5.446095526880066762e-02,-5.446095063126132896e-02,1.567353923975423335e-01
3.229999999999999982e+00,-5.286821855494439754e-02,-5.286821378169426211e-02,1.617837244063554392e-01
3.240000000000000213e+00,-5.122585314750027763e-02,-5.122584824281416899e-02,1.666603612636831377e-01
3.250000000000000000e+00,-4.953559879204758737e-02,-4.953559376035378270e-02,1.713607746592325232e-01
3.260000000000000231e+00,-4.779923959525528981e-02,-4.779923444113118314e-02,1.758806213629630355e-01
3.270000000000000018e+00,-4.601860215407332921e-02,-4.601859688224158723e-02,1.802157471938239941e-01
3.280000000000000249e+00,-4.419555364621751553e-02,-4.419554826154123428e-02,1.843621907917182834e-01
3.290000000000000036e+00,-4.233199988393276936e-02,-4.233199439141137332e-02,1.883161871893172523e-01
3.300000000000000266e+00,-4.042988333305228693e-02,-4.042987773781635957e-02,1.920741711805591945e-01
3.310000000000000053e+00,-3.849118109940069532e-02,-3.849117540670751736e-02,1.956327804828724704e-01
3.320000000000000284e+00,-3.651790288461789075e-02,-3.651789709984597926e-02,1.989888586903766077e-01
3.330000000000000071e+00,-3.451208891350660696e-02,-3.451208304215094835e-02,2.021394580155292664e-01
3.339999999999999858e+00,-3.247580783503105362e-02,-3.247580188269737211e-02,2.050818418169027546e-01
3.350000000000000089e+00,-3.041115459911593669e-02,-3.041114857151555606e-02,2.078134869109925786e-01
3.359999999999999876e+00,-2.832024831141518456e-02,-2.832024221435942499e-02,2.103320856661801685e-01
3.370000000000000107e+00,-2.620523006823724868e-02,-2.620522390763137255e-02,2.126355478771933261e-01
3.379999999999999893e+00,-2.406826077382938703e-02,-2.406825455566725599e-02,2.147220024186305143e-01
3.390000000000000124e+00,-2.191151894223651586e-02,-2.191151267259410992e-02,2.165897986763387351e-01
3.399999999999999911e+00,-1.973719848596122706e-02,-1.973719217099110732e-02,2.182375077556589771e-01
3.410000000000000142e+00,-1.754750649366026635e-02,-1.754750013958493449e-02,2.196639234657781214e-01
3.419999999999999929e+00,-1.534466099911929032e-02,-1.534465461222539462e-02,2.208680630796513722e-01
3.430000000000000160e+00,-1.313088874375194573e-02,-1.313088233038347055e-02,2.218491678691845159e-01
3.439999999999999947e+00,-1.090842293487126122e-02,-1.090841650142358385e-02,2.226067034155904123e-01
3.450000000000000178e+00,-8.679501001981126257e-03,-8.679494554894025965e-03,2.231403596950589929e-01
3.459999999999999964e+00,-6.446362353333083897e-03,-6.446355899084535955e-03,2.234500509401039225e-01
3.470000000000000195e+00,-4.211246134988910761e-03,-4.211239680088339245e-03,2.235359152771728974e-01
3.479999999999999982e+00,-1.976388994622506681e-03,-1.976382545604216806e-03,2.233983141413302953e-01
3.490000000000000213e+00,2.559771477146075870e-04,2.559835842985386353e-04,2.230378314690425468e-01
3.500000000000000000e+00,2.483627319651274170e-03,2.483633737237273681e-03,2.224552726703157013e-01
3.510000000000000231e+00,4.704345705178846274e-03,4.704352097199159498e-03,2.216516633816530413e-01
3.520000000000000018e+00,6.915927839773938421e-03,6.915934199662961829e-03,2.206282480015160086e-01
3.530000000000000249e+00,9.116182789796117847e-03,9.116189110997756362e-03,2.193864880101863146e-01
3.540000000000000036e+00,1.130293531401492524e-02,1.130294158998896951e-02,2.179280600761380748e-01
3.550000000000000266e+00,1.347402800514273767e-02,1.347403422937222713e-02,2.162548539512382517e-01
3.560000000000000053e+00,1.562732340927421373e-02,1.562732957527182207e-02,2.143689701572996653e-01
3.570000000000000284e+00,1.776070612115931632e-02,1.776071222247470674e-02,2.122727174667146666e-01
3.580000000000000071e+00,1.987208485326518587e-02,1.987209088349146599e-02,2.099686101800972704e-01
3.589999999999999858e+00,2.195939447661241981e-02,2.195940042939299730e-02,2.074593652040588321e-01
3.600000000000000089e+00,2.402059803140352973e-02,2.402060390043925589e-02,2.047478989324357235e-01
3.609999999999999876e+00,2.605368870549546606e-02,2.605369448455089124e-02,2.018373239344770920e-01
3.620000000000000107e+00,2.805669177880414436e-02,2.805669746171470663e-02,1.987309454536865250e-01
3.629999999999999893e+00,3.002766653176672587e-02,3.002767211244495096e-02,1.954322577211933532e-01
3.640000000000000124e+00,3.196470811602707129e-02,3.196471358846959820e-02,1.919449400877069334e-01
3.649999999999999911e+00,3.386594938555121531e-02,3.386595474384486437e-02,1.882728529782799476e-01
3.660000000000000142e+00,3.572956268642271671e-02,3.572956792475140420e-02,1.844200336742759516e-01
3.669999999999999929e+00,3.755376160361269255e-02,3.755376671626334956e-02,1.803906919270995834e-01
3.680000000000000160e+00,3.933680266306550238e-02,3.933680764443477085e-02,1.761892054084072678e-01
3.689999999999999947e+00,4.107698698748922517e-02,4.107699183208923799e-02,1.718201150016699652e-01
3.700000000000000178e+00,4.277266190428934134e-02,4.277266660675418247e-02,1.672881199401081986e-01
3.709999999999999964e+00,4.442222250413511986e-02,4.442222705922651421e-02,1.625980727961632288e-01
3.720000000000000195e+00,4.602411314870041154e-02,4.602411755131365079e-02,1.577549743278060801e-01
3.729999999999999982e+00,4.757682892617431242e-02,4.757683317134392409e-02,1.527639681871184318e-01
3.740000000000000213e+00,4.907891705319212400e-02,4.907892113609771401e-02,1.476303354967064829e-01
3.750000000000000000e+00,5.052897822189323512e-02,5.052898213786462950e-02,1.423594892996293548e-01
3.760000000000000231e+00,5.192566789086996981e-02,5.192567163539283520e-02,1.369569688886389802e-01
3.770000000000000018e+00,5.326769751882995396e-02,5.326770108755068261e-02,1.314284340206371138e-01
3.780000000000000249e+00,5.455383573985414514e-02,5.455383912858513540e-02,1.257796590223581590e-01
3.790000000000000036e+00,5.578290947919319759e-02,5.578291268391750296e-02,1.200165267933829827e-01
3.800000000000000266e+00,5.695380500860641043e-02,5.695380802548265925e-02,1.141450227126795253e-01
3.810000000000000053e+00,5.806546894030987366e-02,5.806547176567651569e-02,1.081712284549496278e-01
3.820000000000000284e+00,5.911690915866351509e-02,5.911691178904348448e-02,1.021013157231393381e-01
3.830000000000000071e+00,6.010719568879088065e-02,6.010719812089551639e-02,9.594153990354085948e-02
3.839999999999999858e+00,6.103546150138989407e-02,6.103546373212297149e-02,8.969823364997892012e-02
3.850000000000000089e+00,6.190090325305817875e-02,6.190090527951985083e-02,8.337780040363204637e-02
3.859999999999999876e+00,6.270278196152223593e-02,6.270278378101243333e-02,7.698670785509047210e-02
3.870000000000000107e+00,6.344042361522611584e-02,6.344042522524814820e-02,7.053148135529710427e-02
3.879999999999999893e+00,6.411321971680168652e-02,6.411322111506521926e-02,6.401869728205537846e-02
3.890000000000000124e+00,6.472062776000982176e-02,6.472062894443408876e-02,5.745497636881936876e-02
3.899999999999999911e+00,6.526217163980896352e-02,6.526217260852534841e-02,5.084697700250522673e-02
3.910000000000000142e+00,6.573744199527506438e-02,6.573744274662984832e-02,4.420138849708096784e-02
3.919999999999999929e+00,6.614609648516450724e-02,6.614609701772103389e-02,3.752492434970206014e-02
3.930000000000000160e+00,6.648785999597932317e-02,6.648786030852027462e-02,3.082431548616422143e-02
3.939999999999999947e+00,6.676252478246171018e-02,6.676252487399093882e-02,2.410630350244208353e-02
3.950000000000000178e+00,6.696995054051257945e-02,6.696995041025681494e-02,1.737763390907261229e-02
3.959999999999999964e+00,6.711006441259625976e-02,6.711006406000646907e-02,1.064504938512594520e-02
3.970000000000000195e+00,6.718286092576079838e-02,6.718286035051355964e-02,3.915283048483200398e-03
3.979999999999999982e+00,6.718840186247053425e-02,6.718840106446889726e-02,-2.804948250888883270e-03
3.990000000000000213e+00,6.712681606451408045e-02,6.712681504388837150e-02,-9.508950608012945935e-03
4.000000000000000000e+00,6.699829917031745186e-02,6.699829792742582890e-02,-1.619005970371506509e-02
4.009999999999999787e+00,6.680311328605763321e-02,6.680311182148625238e-02,-2.284164740261668963e-02
4.020000000000000462e+00,6.654158659103751039e-02,6.654158490560065087e-02,-2.945712830179913339e-02
4.030000000000000249e+00,6.621411287784768895e-02,6.621411097258757261e-02,-3.602996622369764729e-02
4.040000000000000036e+00,6.582115102790475625e-02,6.582114890409108965e-02,-4.255368064685063206e-02
4.049999999999999822e+00,6.536322442301913116e-02,6.536322208214843943e-02,-4.902185306820431437e-02
4.060000000000000497e+00,6.484092029370795707e-02,6.484091773750255694e-02,-5.542813329075430007e-02
4.070000000000000284e+00,6.425488900503055489e-02,6.425488623543770816e-02,-6.176624563039230520e-02
4.080000000000000071e+00,6.360584328078454364e-02,6.360584029997472244e-02,-6.802999503591936059e-02
4.089999999999999858e+00,6.289455736696077104e-02,6.289455417732628395e-02,-7.421327311628558854e-02
4.099999999999999645e+00,6.212186613541414298e-02,6.212186273956717825e-02,-8.031006406922126806e-02
4.110000000000000320e+00,6.128866412876501912e-02,6.128866052953543114e-02,-8.631445050553389342e-02
4.120000000000000107e+00,6.039590454760276200e-02,6.039590074803611458e-02,-9.222061916346176169e-02
4.129999999999999893e+00,5.944459818111837851e-02,5.944459418447303745e-02,-9.802286650759559072e-02
4.139999999999999680e+00,5.843581228234752400e-02,5.843580809209200644e-02,-1.037156042070058876e-01
4.150000000000000355e+00,5.737066938925802773e-02,5.737066500906786576e-02,-1.092933644873452792e-01
4.160000000000000142e+00,5.625034609296781368e-02,5.625034152672268167e-02,-1.147508053518312421e-01
4.169999999999999929e+00,5.507607175442930797e-02,5.507606700620921308e-02,-1.200827156661559425e-01
4.179999999999999716e+00,5.384912717096518309e-02,5.384912224504686401e-02,-1.252840201025155753e-01
4.190000000000000391e+00,5.257084319408768941e-02,5.257083809494082771e-02,-1.303497839381020929e-01
4.200000000000000178e+00,5.124259930007959291e-02,5.124259403236268440e-02,-1.352752177035546621e-01
4.209999999999999964e+00,4.986582211485895283e-02,4.986581668341508872e-02,-1.400556816770274771e-01
4.219999999999999751e+00,4.844198389469264038e-02,4.844197830454485820e-02,-1.446866902196928817e-01
4.230000000000000426e+00,4.697260096436443183e-02,4.697259522071087212e-02,-1.491639159486659871e-01
4.240000000000000213e+00,4.545923211444283241e-02,4.545922622265239493e-02,-1.534831937435072180e-01
4.250000000000000000e+00,4.390347695933138200e-02,4.390347092493814690e-02,-1.576405245826329460e-01
4.259999999999999787e+00,4.230697425781989457e-02,4.230696808651798063e-02,-1.616320792061420875e-01
4.270000000000000462e+00,4.067140019788926392e-02,4.067139389552722889e-02,-1.654542016017463979e-01
4.280000000000000249e+00,3.899846664755454717e-02,3.899846022013031543e-02,-1.691034123106757714e-01
4.290000000000000036e+00,3.728991937356145731e-02,3.728991282721596384e-02,-1.725764115506160934e-01
4.299999999999999822e+00,3.554753622977987332e-02,3.554752957079120035e-02,-1.758700821529253222e-01
4.310000000000000497e+00,3.377312531716455957e-02,3.377311855194202461e-02,-1.789814923115652101e-01
4.320000000000000284e+00,3.196852311717793271e-02,3.196851625225576032e-02,-1.819078981413786988e-01
4.330000000000000071e+00,3.013559260059249512e-02,3.013558564262346778e-02,-1.846467460435382846e-01
4.339999999999999858e+00,2.827622131361122101e-02,2.827621426935996232e-02,-1.871956748761880729e-01
4.350000000000000533e+00,2.639231944326307297e-02,2.639231231959926482e-02,-1.895525179285002249e-01
4.360000000000000320e+00,2.448581786404753491e-02,2.448581066793972805e-02,-1.917153046965665852e-01
4.370000000000000107e+00,2.255866616781687997e-02,2.255865890632496526e-02,-1.936822624597477061e-01
4.379999999999999893e+00,2.061283067889764856e-02,2.061282335916604300e-02,-1.954518176563031506e-01
4.389999999999999680e+00,1.865029245646354986e-02,1.865028508571404606e-02,-1.970225970573298568e-01
4.400000000000000355e+00,1.667304528618074322e-02,1.667303787170506743e-02,-1.983934287382392858e-01
4.410000000000000142e+00,1.468309366315308576e-02,1.468308621230625215e-02,-1.995633428472068649e-01
4.419999999999999929e+00,1.268245076819961986e-02,1.268244328839184497e-02,-2.005315721702322918e-01
4.429999999999999716e+00,1.067313643949915035e-02,1.067312893818850306e-02,-2.012975524926522986e-01
4.440000000000000391e+00,8.657175141637321256e-03,8.657167626322398793e-03,-2.018609227571515896e-01
4.450000000000000178e+00,6.636593934090148639e-03,6.636586412302367469e-03,-2.022215250185206148e-01
4.459999999999999964e+00,4.613420441174436414e-03,4.613412920470487052e-03,-2.023794041956115675e-01
4.469999999999999751e+00,2.589680825490007100e-03,2.589673313443935105e-03,-2.023348076211454738e-01
4.480000000000000426e+00,5.673977668711359043e-04,5.673902710664971297e-04,-2.020881843902241071e-01
4.490000000000000213e+00,-1.451411551144967445e-03,-1.451419023122187124e-03,-2.016401845085995237e-01
4.500000000000000000e+00,-3.464737445336289832e-03,-3.464744885906133678e-03,-2.009916578419523869e-01
4.509999999999999787e+00,-5.470579725317918293e-03,-5.470587126914018203e-03,-2.001436528676258098e-01
4.520000000000000462e+00,-7.466949672600324030e-03,-7.466957027677922215e-03,-1.990974152304568756e-01
4.530000000000000249e+00,-9.451872004234009028e-03,-9.451879305277072554e-03,-1.978543861045393149e-01
4.540000000000000036e+00,-1.142338681910979106e-02,-1.142339405863946299e-02,-1.964162003629420228e-01
4.549999999999999822e+00,-1.337955152500519725e-02,-1.337955869558742766e-02,-1.947846845575950114e-01
4.560000000000000497e+00,-1.531844274449045869e-02,-1.531844983874351349e-02,-1.929618547117403771e-01
4.570000000000000284e+00,-1.723815819783251768e-02,-1.723816520843478306e-02,-1.909499139275276369e-01
4.580000000000000071e+00,-1.913681856106213761e-02,-1.913682548075965745e-02,-1.887512498115127557e-01
4.589999999999999858e+00,-2.101256929739766730e-02,-2.101257611901192340e-02,-1.863684317209963470e-01
4.600000000000000533e+00,-2.286358246024928348e-02,-2.286358917668485438e-02,-1.838042078343097852e-01
4.610000000000000320e+00,-2.468805846605940171e-02,-2.468806507031076972e-02,-1.810615020483274107e-01
4.620000000000000107e+00,-2.648422783526864152e-02,-2.648423432042822101e-02,-1.781434107066491024e-01
4.629999999999999893e+00,-2.825035289973193073e-02,-2.825035925899715278e-02,-1.750531991620600525e-01
4.639999999999999680e+00,-2.998472947494620205e-02,-2.998473570162668925e-02,-1.717942981770325117e-01
4.650000000000000355e+00,-3.168568849548959038e-02,-3.168569458301447733e-02,-1.683703001661886467e-01
4.660000000000000142e+00,-3.335159761211196200e-02,-3.335160355403631732e-02,-1.647849552847938104e-01
4.669999999999999929e+00,-3.498086274895803593e-02,-3.498086853897038745e-02,-1.610421673674952980e-01
4.679999999999999716e+00,-3.657192961944719795e-02,-3.657193525137582973e-02,-1.571459897216622714e-01
4.690000000000000391e+00,-3.812328519937838861e-02,-3.812329066719842563e-02,-1.531006207798198682e-01
4.700000000000000178e+00,-3.963345915587403873e-02,-3.963346445371329629e-02,-1.489103996158016308e-01
4.709999999999999964e+00,-4.110102523082383857e-02,-4.110103035296970575e-02,-1.445798013293715933e-01
4.719999999999999751e+00,-4.252460257753733902e-02,-4.252460751844280157e-02,-1.401134323041893226e-01
4.730000000000000426e+00,-4.390285704936366939e-02,-4.390286180365347846e-02,-1.355160253441076990e-01
4.740000000000000213e+00,-4.523450243908712365e-02,-4.523450700156322196e-02,-1.307924346929051074e-01
4.750000000000000000e+00,-4.651830166795885985e-02,-4.651830603360651573e-02,-1.259476309426596496e-01
4.759999999999999787e+00,-4.775306792327765198e-02,-4.775307208727085778e-02,-1.209866958360742983e-01
4.770000000000000462e+00,-4.893766574348613896e-02,-4.893766970119303727e-02,-1.159148169681564478e-01
4.780000000000000249e+00,-5.007101204980346498e-02,-5.007101579679115733e-02,-1.107372823927460226e-01
4.790000000000000036e+00,-5.115207712347068919e-02,-5.115208065551059280e-02,-1.054594751394695995e-01
4.799999999999999822e+00,-5.217988552774135980e-02,-5.217988884081367629e-02,-1.000868676467766699e-01
4.810000000000000497e+00,-5.315351697380674145e-02,-5.315352006410523078e-02,-9.462501611678671154e-02
4.820000000000000284e+00,-5.407210712990267315e-02,-5.407210999383881694e-02,-8.907955479774225249e-02
4.830000000000000071e+00,-5.493484837290334849e-02,-5.493485100711048563e-02,-8.345619019992403520e-02
4.839999999999999858e+00,-5.574099048176620053e-02,-5.574099288310351008e-02,-7.776069525093894097e-02
4.850000000000000533e+00,-5.648984127225130381e-02,-5.648984343780751038e-02,-7.199890339634021363e-02
4.860000000000000320e+00,-5.718076717239865825e-02,-5.718076909949527248e-02,-6.617670265158226428e-02
4.870000000000000107e+00,-5.781319373830683811e-02,-5.781319542450154281e-02,-6.030002961134882378e-02
4.879999999999999893e+00,-5.838660610981707272e-02,-5.838660755290669968e-02,-5.437486342232387276e-02
4.889999999999999680e+00,-5.890054940576761044e-02,-5.890055060379078417e-02,-4.840721972549898167e-02
4.900000000000000355e+00,-5.935462905854432814e-02,-5.935463000978408871e-02,-4.240314457412917154e-02
4.910000000000000142e+00,-5.974851108771463831e-02,-5.974851179070050922e-02,-3.636870833346136922e-02
4.919999999999999929e+00,-6.008192231259308624e-02,-6.008192276610319765e-02,-3.030999956836552892e-02
4.929999999999999716e+00,-6.035465050364832718e-02,-6.035465070671111598e-02,-2.423311892499835016e-02
4.940000000000000391e+00,-6.056654447272240283e-02,-6.056654442461813226e-02,-1.814417301262325269e-02
4.950000000000000178e+00,-6.071751410209450667e-02,-6.071751380235644591e-02,-1.204926829169780493e-02
4.959999999999999964e+00,-6.080753031248230939e-02,-6.080752976089775358e-02,-5.954504974321427578e-03
4.969999999999999751e+00,-6.083662497013488796e-02,-6.083662416674586598e-02,1.340290568884097006e-04
4.980000000000000426e+00,-6.080489073323173260e-02,-6.080488967833543035e-02,6.210264305453753499e-03
4.990000000000000213e+00,-6.071248083786251470e-02,-6.071247953201153180e-02,1.226815568722629604e-02
5.000000000000000000e+00,-6.055960882392216749e-02,-6.055960726792437854e-02,1.830168852015126579e-02
5.009999999999999787e+00,-6.034654820131506864e-02,-6.034654639623334565e-02,2.430488447169457805e-02
5.020000000000000462e+00,-6.007363205692110159e-02,-6.007363000407263398e-02,3.027180745807685203e-02
5.030000000000000249e+00,-5.974125260283447841e-02,-5.974125030379007217e-02,3.619656948951774367e-02
5.040000000000000036e+00,-5.934986066644402231e-02,-5.934985812302680241e-02,4.207333645575953018e-02
5.049999999999999822e+00,-5.889996512298040221e-02,-5.889996233726459141e-02,4.789633384621001105e-02
5.060000000000000497e+00,-5.839213227121214933e-02,-5.839212924552125705e-02,5.365985239912142435e-02
5.070000000000000284e+00,-5.782698515302766434e-02,-5.782698188993278671e-02,5.935825367430410532e-02
5.080000000000000071e+00,-5.720520281769499171e-02,-5.720519932001250779e-02,6.498597554396093323e-02
5.089999999999999858e+00,-5.652751953164489307e-02,-5.652751580243410567e-02,7.053753759632132303e-02
5.100000000000000533e+00,-5.579472393467536234e-02,-5.579471997723569471e-02,7.600754644685121797e-02
5.110000000000000320e+00,-5.500765814352755190e-02,-5.500765396139595254e-02,8.139070095191820731e-02
5.120000000000000107e+00,-5.416721680383369819e-02,-5.416721240078117144e-02,8.668179731989873738e-02
5.129999999999999893e+00,-5.327434609148725547e-02,-5.327434147151556554e-02,9.187573411482663488e-02
5.139999999999999680e+00,-5.233004266453378239e-02,-5.233003783187174796e-02,9.696751714779960896e-02
5.150000000000000355e+00,-5.133535256672848435e-02,-5.133534752582804422e-02,1.019522642514816557e-01
5.160000000000000142e+00,-5.029137008395219433e-02,-5.029136483948455638e-02,1.068252099331657157e-01
5.169999999999999929e+00,-4.919923655472233787e-02,-4.919923111157326057e-02,1.115817099019912606e-01
5.179999999999999716e+00,-4.806013913607878191e-02,-4.806013349934416118e-02,1.162172454660457682e-01
5.190000000000000391e+00,-4.687530952616655172e-02,-4.687530370114744577e-02,1.207274277952179176e-01
5.200000000000000178e+00,-4.564602264487794409e-02,-4.564601663707589657e-02,1.251080020458122388e-01
5.209999999999999964e+00,-4.437359527395574876e-02,-4.437358908906718219e-02,1.293548513430815561e-01
5.219999999999999751e+00,-4.305938465799701020e-02,-4.305937830190777194e-02,1.334640006179826921e-01
5.230000000000000426e+00,-4.170478706783295464e-02,-4.170478054661305722e-02,1.374316202946140597e-01
5.240000000000000213e+00,-4.031123632779529120e-02,-4.031122964769246614e-02,1.412540298249502779e-01
5.250000000000000000e+00,-3.888020230841219421e-02,-3.888019547584647267e-02,1.449277010676477406e-01
5.259999999999999787e+00,-3.741318938610871392e-02,-3.741318240766569603e-02,1.484492615078576161e-01
5.270000000000000462e+00,-3.591173487151614468e-02,-3.591172775394058797e-02,1.518154973151477072e-01
5.280000000000000249e+00,-3.437740740802311401e-02,-3.437740015821282025e-02,1.550233562368019957e-01
5.290000000000000036e+00,-3.281180534222749579e-02,-3.281179796722610842e-02,1.580699503239364201e-01
5.299999999999999822e+00,-3.121655506797314794e-02,-3.121654757496331034e-02,1.609525584880420468e-01
5.310000000000000497e+00,-2.959330934567834873e-02,-2.959330174197452937e-02,1.636686288857405469e-01
5.320000000000000284e+00,-2.794374559868421232e-02,-2.794373789172596712e-02,1.662157811297128862e-01
5.330000000000000071e+00,-2.626956418837077256e-02,-2.626955638571487270e-02,1.685918083239403009e-01
5.339999999999999858e+00,-2.457248666980617682e-02,-2.457247877911929515e-02,1.707946789215752104e-01
5.350000000000000533e+00,-2.285425402971034969e-02,-2.285424605876122672e-02,1.728225384039409063e-01
5.360000000000000320e+00,-2.111662490852860355e-02,-2.111661686518091774e-02,1.746737107793400468e-01
5.370000000000000107e+00,-1.936137380842292352e-02,-1.936136570062685011e-02,1.763466999005347535e-01
5.379999999999999893e+00,-1.759028928899914260e-02,-1.759028112478361328e-02,1.778401905999446864e-01
5.389999999999999680e+00,-1.580517215259684416e-02,-1.580516394006149794e-02,1.791530496417932106e-01
5.400000000000000355e+00,-1.400783362097555995e-02,-1.400782536828242171e-02,1.802843264906164034e-01
5.410000000000000142e+00,-1.220009350523582753e-02,-1.220008522060170644e-02,1.812332538957340256e-01
5.419999999999999929e+00,-1.038377837081669655e-02,-1.038377006250431646e-02,1.819992482914662701e-01
5.429999999999999716e+00,-8.560719699412546596e-03,-8.560711375722417082e-03,1.825819100130649242e-01
5.440000000000000391e+00,-6.732752049651466800e-03,-6.732743718913291979e-03,1.829810233285110443e-01
5.450000000000000178e+00,-4.901711218374999075e-03,-4.901702888939869600e-03,1.831965562865156549e-01
5.459999999999999964e+00,-3.069432404354772298e-03,-3.069424084585883720e-03,1.832286603812423309e-01
5.469999999999999751e+00,-1.237748376275457727e-03,-1.237740074540451263e-03,1.830776700344527164e-01
5.480000000000000426e+00,5.915123531944471973e-04,5.915206285328171573e-04,1.827441018959573282e-01
5.490000000000000213e+00,2.416527345432219632e-03,2.416535586023771214e-03,1.822286539634331570e-01
5.500000000000000000e+00,4.235482044190616059e-03,4.235490241706866936e-03,1.815322045228483505e-01
5.509999999999999787e+00,6.046571572440687450e-03,6.046579718583153761e-03,1.806558109109109023e-01
5.520000000000000462e+00,7.848002515955763980e-03,7.848010602464648364e-03,1.796007081011329332e-01
5.530000000000000249e+00,9.637994691881443185e-03,9.638002710543481372e-03,1.783683071152756539e-01
5.540000000000000036e+00,1.141478290055492235e-02,1.141479084321241587e-02,1.769601932621105433e-01
5.549999999999999822e+00,1.317661865885722677e-02,1.317662651741621609e-02,1.753781242056011158e-01
5.560000000000000497e+00,1.492177191340374534e-02,1.492177967984253950e-02,1.736240278647760149e-01
5.570000000000000284e+00,1.664853273190203958e-02,1.664854039827888890e-02,1.717000001477271554e-01
5.580000000000000071e+00,1.835521297103099095e-02,1.835522052949286123e-02,1.696083025223284468e-01
5.589999999999999858e+00,2.004014791922215447e-02,2.004015536201266684e-02,1.673513594264274262e-01
5.600000000000000533e+00,2.170169791275244550e-02,2.170170523222007472e-02,1.649317555204179164e-01
5.610000000000000320e+00,2.333824992358713574e-02,2.333825711219259663e-02,1.623522327852529590e-01
5.620000000000000107e+00,2.494821911744348961e-02,2.494822616776811233e-02,1.596156874691055938e-01
5.629999999999999893e+00,2.653005038057815873e-02,2.653005728533145216e-02,1.567251668860300817e-01
5.639999999999999680e+00,2.808221981383569182e-02,2.808222656586291735e-02,1.536838660701170534e-01
5.650000000000000355e+00,2.960323619253112451e-02,2.960324278482092536e-02,1.504951242887735408e-01
5.660000000000000142e+00,3.109164239077664288e-02,3.109164881646791709e-02,1.471624214188922697e-01
5.669999999999999929e+00,3.254601676890055140e-02,3.254602302129010888e-02,1.436893741898041532e-01
5.679999999999999716e+00,3.396497452264636563e-02,3.396498059519582891e-02,1.400797322970331327e-01
5.690000000000000391e+00,3.534716899288069258e-02,3.534717487922351548e-02,1.363373743909933600e-01
5.700000000000000178e+00,3.669129293458046198e-02,3.669129862852820584e-02,1.324663039448858159e-01
5.709999999999999964e+00,3.799607974391328719e-02,3.799608523946274019e-02,1.284706450061631477e-01
5.719999999999999751e+00,3.926030464226892142e-02,3.926030993360791338e-02,1.243546378360394500e-01
5.730000000000000426e+00,4.048278581614508237e-02,4.048279089765920158e-02,1.201226344416242153e-01
5.740000000000000213e+00,4.166238551183719385e-02,4.166239037811526186e-02,1.157790940053583378e-01
5.750000000000000000e+00,4.279801108392881914e-02,4.279801572976904556e-02,1.113285782165226723e-01
5.759999999999999787e+00,4.388861599662776530e-02,4.388862041704321565e-02,1.067757465096784431e-01
5.770000000000000462e+00,4.493320077704181931e-02,4.493320496726588981e-02,1.021253512149818132e-01
5.780000000000000249e+00,4.593081391953787729e-02,4.593081787502908964e-02,9.738223262539301428e-02
5.790000000000000036e+00,4.688055274037882664e-02,4.688055645682612238e-02,9.255131398587373992e-02
5.799999999999999822e+00,4.778156418188383991e-02,4.778156765521117399e-02,8.763759640973384224e-02
5.810000000000000497e+00,4.863304556540960777e-02,4.863304879178049350e-02,8.264615372735115151e-02
5.820000000000000284e+00,4.943424529250263488e-02,4.943424826832406443e-02,7.758212727254523711e-02
5.830000000000000071e+00,5.018446349362572223e-02,5.018446621555250342e-02,7.245072061193762181e-02
5.839999999999999858e+00,5.088305262391538270e-02,5.088305508885373335e-02,6.725719422267728564e-02
5.850000000000000533e+00,5.152941800548092172e-02,5.152942021059200156e-02,6.200686012395122820e-02
5.860000000000000320e+00,5.212301831581023920e-02,5.212302025851324461e-02,5.670507646773497584e-02
5.870000000000000107e+00,5.266336602190221233e-02,5.266336769987750577e-02,5.135724209426796583e-02
5.879999999999999893e+00,5.315002775980036398e-02,5.315002917099213853e-02,4.596879105776287278e-02
5.889999999999999680e+00,5.358262465925785201e-02,5.358262580187656693e-02,4.054518712787673340e-02
5.900000000000000355e+00,5.396083261331904857e-02,5.396083348584364281e-02,3.509191827248486079e-02
5.910000000000000142e+00,5.428438249265849641e-02,5.428438309383815108e-02,2.961449112730613759e-02
5.919999999999999929e+00,5.455306030457349187e-02,5.455306063342944128e-02,2.411842545793041470e-02
5.929999999999999716e+00,5.476670729658209003e-02,5.476670735240889848e-02,1.860924861979509556e-02
5.940000000000000391e+00,5.492522000463367915e-02,5.492521978700030255e-02,1.309249002164907666e-02
5.950000000000000178e+00,5.502855024599467154e-02,5.502854975474531091e-02,7.573675598027605933e-03
5.959999999999999964e+00,5.507670505692693896e-02,5.507670429218149838e-02,2.058322296241589001e-03
5.969999999999999751e+00,5.506974657533154210e-02,5.506974553748593404e-02,-3.448067416640598730e-03
5.980000000000000426e+00,5.500779186858494041e-02,5.500779055831102327e-02,-8.940011021371679911e-03
5.990000000000000213e+00,5.489101270684920708e-02,5.489101112509443825e-02,-1.441205138325359590e-02
6.000000000000000000e+00,5.471963528219159212e-02,5.471963343017847980e-02,-1.985876215264595346e-02
6.009999999999999787e+00,5.449393987390228900e-02,5.449393775312744853e-02,-2.527475312393253487e-02
6.020000000000000462e+00,5.421426046045222519e-02,5.421425807268522717e-02,-3.065467554767568187e-02
6.030000000000000249e+00,5.388098427858514783e-02,5.388098162586716505e-02,-3.599322739074570232e-02
6.040000000000000036e+00,5.349455133008997748e-02,5.349454841473191141e-02,-4.128515853927477303e-02
6.049999999999999822e+00,5.305545383685076472e-02,5.305545066143138588e-02,-4.652527593935230910e-02
6.060000000000000497e+00,5.256423564482184257e-02,5.256423221218536890e-02,-5.170844867045102516e-02
6.070000000000000284e+00,5.202149157762569337e-02,5.202148789087944480e-02,-5.682961294665014873e-02
6.080000000000000071e+00,5.142786674051984253e-02,5.142786280303124347e-02,-6.188377704080427755e-02
6.089999999999999858e+00,5.078405577552719957e-02,5.078405159092078125e-02,-6.686602612689297731e-02
6.100000000000000533e+00,5.009080206857156187e-02,5.009079764072548596e-02,-7.177152703587745541e-02
6.110000000000000320e+00,4.934889690950607782e-02,4.934889224254879886e-02,-7.659553292048650042e-02
6.120000000000000107e+00,4.855917860596793700e-02,4.855917370427403901e-02,-8.133338782445380388e-02
6.129999999999999893e+00,4.772253155203669273e-02,4.772252642022293406e-02,-8.598053115183337813e-02
6.140000000000000568e+00,4.683988525271686604e-02,4.683987989563757892e-02,-9.053250203212814817e-02
6.150000000000000355e+00,4.591221330530751571e-02,4.591220772805035960e-02,-9.498494357707958080e-02
6.160000000000000142e+00,4.494053233876250941e-02,4.494052654664328766e-02,-9.933360702508249596e-02
6.169999999999999929e+00,4.392590091218485232e-02,4.392589491074250230e-02,-1.035743557693098310e-01
6.179999999999999716e+00,4.286941837363711372e-02,4.286941216862821119e-02,-1.077031692657557660e-01
6.190000000000000391e+00,4.177222368048709444e-02,4.177221727788068412e-02,-1.117161468175334738e-01
6.200000000000000178e+00,4.063549418254405743e-02,4.063548758851538018e-02,-1.156095112318943630e-01
6.209999999999999964e+00,3.946044436927538535e-02,3.946043759020033403e-02,-1.193796123465702963e-01
6.219999999999999751e+00,3.824832458242681532e-02,3.824831762487534287e-02,-1.230229304221770736e-01
6.230000000000000426e+00,3.700041969540140974e-02,3.700041256613113144e-02,-1.265360793975583431e-01
6.240000000000000213e+00,3.571804776078287003e-02,3.571804046673279776e-02,-1.299158100050916698e-01
6.250000000000000000e+00,3.440255862741782578e-02,3.440255117570121396e-02,-1.331590127431249160e-01
6.259999999999999787e+00,3.305533252849935516e-02,3.305532492639674108e-02,-1.362627207028589138e-01
6.270000000000000462e+00,3.167777864212006217e-02,3.167777089707202176e-02,-1.392241122471436776e-01
6.280000000000000249e+00,3.027133362578762060e-02,3.027132574538783649e-02,-1.420405135388078111e-01
6.290000000000000036e+00,2.883746012641867640e-02,2.883745211840598593e-02,-1.447094009162965544e-01
6.299999999999999822e+00,2.737764526734852086e-02,2.737763713959938394e-02,-1.472284031145500716e-01
6.310000000000000497e+00,2.589339911391378563e-02,2.589339087443430498e-02,-1.495953033292130585e-01
6.320000000000000284e+00,2.438625311918376365e-02,2.438624477610224286e-02,-1.518080411224264625e-01
6.330000000000000071e+00,2.285775855143256513e-02,2.285775011299090095e-02,-1.538647141686142472e-01
6.339999999999999858e+00,2.130948490495943384e-02,2.130947637950507401e-02,-1.557635798388410653e-01
6.350000000000000533e+00,1.974301829587796903e-02,1.974300969185540863e-02,-1.575030566224804307e-01
6.360000000000000320e+00,1.815995984450671785e-02,1.815995117044959598e-02,-1.590817253850986823e-01
6.370000000000000107e+00,1.656192404600381404e-02,1.656191531052582031e-02,-1.604983304616252049e-01
6.379999999999999893e+00,1.495053713089671693e-02,1.495052834268317116e-02,-1.617517805840461564e-01
6.390000000000000568e+00,1.332743541716495742e-02,1.332742658496390009e-02,-1.628411496430255123e-01
6.400000000000000355e+00,1.169426365553888694e-02,1.169425478815284448e-02,-1.637656772830245466e-01
6.410000000000000142e+00,1.005267336968090897e-02,1.005266447595749846e-02,-1.645247693306579606e-01
6.419999999999999929e+00,8.404321192917419206e-03,8.404312281740629678e-03,-1.651179980561918448e-01
6.429999999999999716e+00,6.750867203189833687e-03,6.750858283470888462e-03,-1.655451022682556950e-01
6.440000000000000391e+00,5.093973257891499726e-03,5.093964338560420455e-03,-1.658059872420072356e-01
6.450000000000000178e+00,3.435301330254074068e-03,3.435292420249938094e-03,-1.659007244811542547e-01
6.459999999999999964e+00,1.776511848942098409e-03,1.776502957204734645e-03,-1.658295513144035782e-01
6.469999999999999751e+00,1.192620425079550257e-04,1.192531779683496975e-04,-1.655928703270706792e-01
6.480000000000000426e+00,-1.534795709648744321e-03,-1.534804538077496044e-03,-1.651912486287472892e-01
6.490000000000000213e+00,-3.184015518183083791e-03,-3.184024301614252813e-03,-1.646254169580860516e-01
6.500000000000000000e+00,-4.826759614945215320e-03,-4.826768344528015002e-03,-1.638962686259219093e-01
6.509999999999999787e+00,-6.461399972749306067e-03,-6.461408639677694576e-03,-1.630048582981088734e-01
6.520000000000000462e+00,-8.086319912175768745e-03,-8.086328507697590831e-03,-1.619524006196085275e-01
6.530000000000000249e+00,-9.699915693827615079e-03,-9.699924209252953899e-03,-1.607402686815214699e-01
6.540000000000000036e+00,-1.130059809447946963e-02,-1.130060652119005589e-02,-1.593699923329072177e-01
6.549999999999999822e+00,-1.288679396557697310e-02,-1.288680229503479102e-02,-1.578432563393886989e-01
6.560000000000000497e+00,-1.445694777256504270e-02,-1.445695599632121353e-02,-1.561618983906870872e-01
6.570000000000000284e+00,-1.600952311354561161e-02,-1.600953122324851388e-02,-1.543279069593790076e-01
6.580000000000000071e+00,-1.754300421578914790e-02,-1.754301220319348653e-02,-1.523434190133123867e-01
6.589999999999999858e+00,-1.905589740864931797e-02,-1.905590526562438852e-02,-1.502107175842582465e-01
6.600000000000000533e+00,-2.054673257145658155e-02,-2.054674028999477556e-02,-1.479322291955147139e-01
6.610000000000000320e+00,-2.201406455499444609e-02,-2.201407212721896711e-02,-1.455105211513143815e-01
6.620000000000000107e+00,-2.345647457519116699e-02,-2.345648199336463832e-02,-1.429482986910189934e-01
6.629999999999999893e+00,-2.487257157769024590e-02,-2.487257883422250293e-02,-1.402484020112141350e-01
6.640000000000000568e+00,-2.626099357199484716e-02,-2.626100065945088241e-02,-1.374138031589428044e-01
6.650000000000000355e+00,-2.762040893391416035e-02,-2.762041584502137465e-02,-1.344476027994384593e-01
6.660000000000000142e+00,-2.894951767507407403e-02,-2.894952440273021801e-02,-1.313530268618372798e-01
6.669999999999999929e+00,-3.024705267828977848e-02,-3.024705921557031135e-02,-1.281334230664639973e-01
6.679999999999999716e+00,-3.151178089763449069e-02,-3.151178723779928664e-02,-1.247922573373967947e-01
6.690000000000000391e+00,-3.274250452207608242e-02,-3.274251065857703563e-02,-1.213331101041242449e-01
6.700000000000000178e+00,-3.393806210159198977e-02,-3.393806802807921436e-02,-1.177596724962099994e-01
6.709999999999999964e+00,-3.509732963471252215e-02,-3.509733534504141939e-02,-1.140757424349803373e-01
6.719999999999999751e+00,-3.621922161648322147e-02,-3.621922710472072482e-02,-1.102852206263444101e-01
6.730000000000000426e+00,-3.730269204587857712e-02,-3.730269730630945968e-02,-1.063921064589474774e-01
6.740000000000000213e+00,-3.834673539174174306e-02,-3.834674041887425194e-02,-1.024004938119437436e-01
6.750000000000000000e+00,-3.935038751636826815e-02,-3.935039230494026541e-02,-9.831456677675712297e-02
6.759999999999999787e+00,-4.031272655589585724e-02,-4.031273110088019057e-02,-9.413859529727522379e-02
6.770000000000000462e+00,-4.123287375670702665e-02,-4.123287805331696948e-02,-8.987693073299478363e-02
6.780000000000000249e+00,-4.210999426709708532e-02,-4.210999831079106220e-02,-8.553400134970444435e-02
6.790000000000000036e+00,-4.294329788350591953e-02,-4.294330166999263398e-02,-8.111430774235411922e-02
6.799999999999999822e+00,-4.373203975065905608e-02,-4.373204327590197310e-02,-7.662241819481864502e-02
6.810000000000000497e+00,-4.447552101501061478e-02,-4.447552427523236707e-02,-7.206296398131695202e-02
6.820000000000000284e+00,-4.517308943092877838e-02,-4.517309242261489249e-02,-6.744063461429683493e-02
6.830000000000000071e+00,-4.582413991911262613e-02,-4.582414263901563728e-02,-6.276017304363934457e-02
6.839999999999999858e+00,-4.642811507677797878e-02,-4.642811752192085167e-02,-5.802637081207553948e-02
6.850000000000000533e+00,-4.698450563919900902e-02,-4.698450780687845468e-02,-5.324406317174247560e-02
6.860000000000000320e+00,-4.749285089224174194e-02,-4.749285278003098631e-02,-4.841812416683427545e-02
6.870000000000000107e+00,-4.795273903557526612e-02,-4.795274064132695052e-02,-4.355346168732796702e-02
6.879999999999999893e+00,-4.836380749629642234e-02,-4.836380881814496963e-02,-3.865501249878286472e-02
6.890000000000000568e+00,-4.872574319275371768e-02,-4.872574422911747638e-02,-3.372773725322610050e-02
6.900000000000000355e+00,-4.903828274840643653e-02,-4.903828349798942249e-02,-2.877661548614576792e-02
6.910000000000000142e+00,-4.930121265560521299e-02,-4.930121311739878859e-02,-2.380664060461711723e-02
6.919999999999999929e+00,-4.951436938923038655e-02,-4.951436956251450972e-02,-1.882281487158585925e-02
6.929999999999999716e+00,-4.967763947017497100e-02,-4.967763935451911805e-02,-1.383014439132662643e-02
6.940000000000000391e+00,-4.979095947870888078e-02,-4.979095907397279586e-02,-8.833634101083311790e-03
6.950000000000000178e+00,-4.985431601781133149e-02,-4.985431532414535266e-02,-3.838282773881890146e-03
6.959999999999999964e+00,-4.986774562660789556e-02,-4.986774464445311444e-02,1.150921962514840462e-03
6.969999999999999751e+00,-4.983133464409848085e-02,-4.983133337418650666e-02,6.129008585567175503e-03
6.980000000000000426e+00,-4.974521902341155072e-02,-4.974521746676403150e-02,1.109102661192062737e-02
6.990000000000000213e+00,-4.960958409686912207e-02,-4.960958225479695366e-02,1.603205150049358263e-02
7.000000000000000000e+00,-4.942466429219537216e-02,-4.942466216629760878e-02,2.094718951985438671e-02
7.009999999999999787e+00,-4.919074280025004242e-02,-4.919074039241252971e-02,2.583158257509713535e-02
7.020000000000000462e+00,-4.890815119471533107e-02,-4.890814850710903383e-02,3.068041298947537035e-02
7.030000000000000249e+00,-4.857726900421226179e-02,-4.857726603929135578e-02,3.548890823610770240e-02
7.040000000000000036e+00,-4.819852323736889543e-02,-4.819851999786844976e-02,4.025234561512847781e-02
7.049999999999999822e+00,-4.777238786140886040e-02,-4.777238435034233954e-02,4.496605687172041538e-02
7.060000000000000497e+00,-4.729938323487391932e-02,-4.729937945553033124e-02,4.962543275053431235e-02
7.070000000000000284e+00,-4.678007549513885782e-02,-4.678007145107977022e-02,5.422592748207341606e-02
7.080000000000000071e+00,-4.621507590142083510e-02,-4.621507159647689211e-02,5.876306319669685752e-02
7.089999999999999858e+00,-4.560504013402841977e-02,-4.560503557229571986e-02,6.323243426197756867e-02
7.100000000000000533e+00,-4.495066755063771569e-02,-4.495066273647382177e-02,6.762971153923516554e-02
7.110000000000000320e+00,-4.425270040042439401e-02,-4.425269533844434361e-02,7.195064655515324981e-02
7.120000000000000107e+00,-4.351192299692077659e-02,-4.351191769199240500e-02,7.619107558448390272e-02
7.129999999999999893e+00,-4.272916085050677132e-02,-4.272915530774614584e-02,8.034692363993851949e-02
7.140000000000000568e+00,-4.190527976148185341e-02,-4.190527398624812466e-02,8.441420836546495443e-02
7.150000000000000355e+00,-4.104118487470273524e-02,-4.104117887259322445e-02,8.838904382921498881e-02
7.160000000000000142e+00,-4.013781969680797063e-02,-4.013781347365232705e-02,9.226764421261358928e-02
7.169999999999999929e+00,-3.919616507708584968e-02,-3.919615863894074931e-02,9.604632739205251624e-02
7.179999999999999716e+00,-3.821723815307632305e-02,-3.821723150621922360e-02,9.972151840984497251e-02
7.190000000000000391e+00,-3.720209126203063293e-02,-3.720208441295358437e-02,1.032897528311954582e-01
7.200000000000000178e+00,-3.615181081938426133e-02,-3.615180377478788981e-02,1.067476799840590684e-01
7.209999999999999964e+00,-3.506751616542937156e-02,-3.506750893221589893e-02,1.100920660788879679e-01
7.219999999999999751e+00,-3.395035838140243040e-02,-3.395035096666899899e-02,1.133197972053887198e-01
7.230000000000000426e+00,-3.280151907623066188e-02,-3.280151148726218047e-02,1.164278822035425265e-01
7.240000000000000213e+00,-3.162220914520796899e-02,-3.162220138947029191e-02,1.194134554062718512e-01
7.250000000000000000e+00,-3.041366750189636314e-02,-3.041365958702851174e-02,1.222737792512700455e-01
7.259999999999999787e+00,-2.917715978457309858e-02,-2.917715171837979155e-02,1.250062467596465277e-01
7.270000000000000462e+00,-2.791397703856656615e-02,-2.791396882901035076e-02,1.276083838791774450e-01
7.280000000000000249e+00,-2.662543437584532005e-02,-2.662542603103905392e-02,1.300778516900919779e-01
7.290000000000000036e+00,-2.531286961324467552e-02,-2.531286114144304725e-02,1.324124484714651051e-01
7.299999999999999822e+00,-2.397764189073383484e-02,-2.397763330032527673e-02,1.346101116264314668e-01
7.310000000000000497e+00,-2.262113027114366626e-02,-2.262112157064182644e-02,1.366689194645792915e-01
7.320000000000000284e+00,-2.124473232279095250e-02,-2.124472352082665966e-02,1.385870928400290414e-01
7.330000000000000071e+00,-1.984986268644908097e-02,-1.984985379176127523e-02,1.403629966438491028e-01
7.339999999999999858e+00,-1.843795162812797775e-02,-1.843794264955510298e-02,1.419951411496085114e-01
7.350000000000000533e+00,-1.701044357913724867e-02,-1.701043452560827007e-02,1.434821832110162176e-01
7.360000000000000320e+00,-1.556879566491632845e-02,-1.556878654544225152e-02,1.448229273107459747e-01
7.370000000000000107e+00,-1.411447622412362671e-02,-1.411446704778799612e-02,1.460163264596965049e-01
7.379999999999999893e+00,-1.264896331948346837e-02,-1.264895409543341856e-02,1.470614829460875905e-01
7.390000000000000568e+00,-1.117374324189482002e-02,-1.117373397933171808e-02,1.479576489339437251e-01
7.400000000000000355e+00,-9.690309009309540367e-03,-9.690299717480253469e-03,1.487042269106684245e-01
7.410000000000000142e+00,-8.200158861890108689e-03,-8.200149550077036331e-03,1.493007699835636193e-01
7.419999999999999929e+00,-6.704794754957468100e-03,-6.704785432469875447e-03,1.497469820252999018e-01
7.429999999999999716e+00,-5.205720851238825574e-03,-5.205711527402972875e-03,1.500427176684937525e-01
7.440000000000000391e+00,-3.704442013922928413e-03,-3.704432698072675743e-03,1.501879821496990286e-01
7.450000000000000178e+00,-2.202462302026513257e-03,-2.202453003494418346e-03,1.501829310032692932e-01
7.459999999999999964e+00,-7.012834695703160353e-04,-7.012741976777197824e-04,1.500278696056965289e-01
7.469999999999999751e+00,7.975965299437679304e-04,7.976057658959823278e-04,1.497232525711805484e-01
7.480000000000000426e+00,2.292685032271064328e-03,2.292694223012029919e-03,1.492696829993298280e-01
7.490000000000000213e+00,3.782496142904467548e-03,3.782505279202195026e-03,1.486679115760407288e-01
7.500000000000000000e+00,5.265552207834376178e-03,5.265561280505596381e-03,1.479188355287467116e-01
7.509999999999999787e+00,6.740385273138476893e-03,6.740394273057757207e-03,1.470234974373721137e-01
7.520000000000000462e+00,8.205538531965672969e-03,8.205547450074821697e-03,1.459830839024664484e-01
7.530000000000000249e+00,9.659567757493941684e-03,9.659576584810689037e-03,1.447989240721349880e-01
7.540000000000000036e+00,1.110104272045872240e-02,1.110105144808632566e-02,1.434724880295195071e-01
7.549999999999999822e+00,1.252854858986668200e-02,1.252855720900277088e-02,1.420053850427182018e-01
7.560000000000000497e+00,1.394068731552925225e-02,1.394069581747493444e-02,1.403993616791680832e-01
7.570000000000000284e+00,1.533607899107122287e-02,1.533608736723942809e-02,1.386562997866441216e-01
7.580000000000000071e+00,1.671336319609187035e-02,1.671337143801656863e-02,1.367782143431584552e-01
7.589999999999999858e+00,1.807120031617956771e-02,1.807120841552420365e-02,1.347672511781694005e-01
7.600000000000000533e+00,1.940827283950554566e-02,1.940828078807167734e-02,1.326256845676337393e-01
7.610000000000000320e+00,2.072328662874839758e-02,2.072329441848360515e-02,1.303559147055566025e-01
7.620000000000000107e+00,2.201497216712806557e-02,2.201497979013459713e-02,1.279604650548115119e-01
7.629999999999999893e+00,2.328208577735638510e-02,2.328209322589905664e-02,1.254419795801179627e-01
7.640000000000000568e+00,2.452341081234062775e-02,2.452341807885486530e-02,1.228032198661763302e-01
7.650000000000000355e+00,2.573775881650709058e-02,2.573776589360622993e-02,1.200470621240679187e-01
7.660000000000000142e+00,2.692397065664335967e-02,2.692397753712677186e-02,1.171764940891339979e-01
7.669999999999999929e+00,2.808091762119053342e-02,2.808092429805042478e-02,1.141946118136493854e-01
7.679999999999999716e+00,2.920750248695034440e-02,2.920750895337934430e-02,1.111046163577045776e-01
7.690000000000000391e+00,3.030266055220671301e-02,3.030266680160483700e-02,1.079098103818053739e-01
7.700000000000000178e+00,3.136536063529685864e-02,3.136536666127793388e-02,1.046135946447900589e-01
7.709999999999999964e+00,3.239460603770351332e-02,3.239461183410206890e-02,1.012194644107516223e-01
7.719999999999999751e+00,3.338943547077702356e-02,3.338944103165454591e-02,9.773100576873601508e-02
7.730000000000000426e+00,3.434892394523436643e-02,3.434892926488549575e-02,9.415189186906702812e-02
7.740000000000000213e+00,3.527218362262086321e-02,3.527218869557897235e-02,9.048587908022394377e-02
7.750000000000000000e+00,3.615836462796005735e-02,3.615836944900319844e-02,8.673680307026976344e-02
7.759999999999999787e+00,3.700665582285753152e-02,3.700666038701372340e-02,8.290857481689491160e-02
7.770000000000000462e+00,3.781628553836544060e-02,3.781628984091795626e-02,7.900517655020483643e-02
7.780000000000000249e+00,3.858652226695603871e-02,3.858652630344796414e-02,7.503065763243867148e-02
7.790000000000000036e+00,3.931667531299470886e-02,3.931667907923390437e-02,7.098913037886071808e-02
7.799999999999999822e+00,4.000609540114564988e-02,4.000609889320900364e-02,6.688476582411692628e-02
7.810000000000000497e+00,4.065417524218649381e-02,4.065417845642407824e-02,6.272178943839441800e-02
7.820000000000000284e+00,4.126035005575175857e-02,4.126035298879047325e-02,5.850447679776350079e-02
7.830000000000000071e+00,4.182409804956904731e-02,4.182410069831637989e-02,5.423714921311871551e-02
7.839999999999999858e+00,4.234494085479616893e-02,4.234494321644335924e-02,4.992416932216793557e-02
7.850000000000000533e+00,4.282244391711201997e-02,4.282244598913710620e-02,4.556993664894660317e-02
7.860000000000000320e+00,4.325621684325899052e-02,4.325621862342938356e-02,4.117888313535771061e-02
7.870000000000000107e+00,4.364591370277973864e-02,4.364591518915472701e-02,3.675546864925692547e-02
7.879999999999999893e+00,4.399123328473638489e-02,4.399123447566926498e-02,3.230417647361692735e-02
7.890000000000000568e+00,4.429191930924572529e-02,4.429192020338546670e-02,2.782950878131456099e-02
7.900000000000000355e+00,4.454776059370936514e-02,4.454776119000231765e-02,2.333598210008997267e-02
7.910000000000000142e+00,4.475859117366323692e-02,4.475859147135416438e-02,1.882812277222739583e-02
7.919999999999999929e+00,4.492429037821652621e-02,4.492429037684965432e-02,1.431046241350362146e-02
7.930000000000000604e+00,4.504478286009529209e-02,4.504478255951488430e-02,9.787533375941674663e-03
7.940000000000000391e+00,4.512003858035153886e-02,4.512003798070216704e-02,5.263864218894496322e-03
7.950000000000000178e+00,4.515007274784353652e-02,4.515007184957011560e-02,7.439751929659513957e-04
7.959999999999999964e+00,4.513494571363826924e-02,4.513494451748576580e-02,-3.767626258745273085e-03
7.969999999999999751e+00,4.507476282053150818e-02,4.507476132754434373e-02,-8.266449977619605427e-03
7.980000000000000426e+00,4.496967420792551823e-02,4.496967241944663241e-02,-1.274802754027976395e-02
7.990000000000000213e+00,4.481987457234853922e-02,4.481987249001821022e-02,-1.720791667874958797e-02
8.000000000000000000e+00,4.462560288394382818e-02,4.462560050969816700e-02,-2.164170566565431011e-02
8.009999999999999787e+00,4.438714205929948642e-02,4.438713939536863273e-02,-2.604501766015162798e-02
8.019999999999999574e+00,4.410481859103310837e-02,4.410481563993910725e-02,-3.041351501033087365e-02
8.029999999999999361e+00,4.377900213458765788e-02,4.377899889914207976e-02,-3.474290350786944648e-02
8.040000000000000924e+00,4.341010505273684011e-02,4.341010153603800520e-02,-3.902893659079188782e-02
8.050000000000000711e+00,4.299858191833944715e-02,4.299857812376964988e-02,-4.326741949023709538e-02
8.060000000000000497e+00,4.254492897592281053e-02,4.254492490714486402e-02,-4.745421331720321018e-02
8.070000000000000284e+00,4.204968356271546193e-02,4.204967922366917993e-02,-5.158523908530785601e-02
8.080000000000000071e+00,4.151342348978837027e-02,4.151341888468673691e-02,-5.565648166567310068e-02
8.089999999999999858e+00,4.093676638400259304e-02,4.093676151732765500e-02,-5.966399367012018701e-02
8.099999999999999645e+00,4.032036899149907261e-02,4.032036386799755373e-02,-6.360389925893829288e-02
8.109999999999999432e+00,3.966492644350312624e-02,3.966492106818168134e-02,-6.747239786957433261e-02
8.120000000000000995e+00,3.897117148525229557e-02,3.897116586337272953e-02,-7.126576786267715957e-02
8.130000000000000782e+00,3.823987366889156081e-02,3.823986780596566604e-02,-7.498037008201922926e-02
8.140000000000000568e+00,3.747183851121404369e-02,3.747183241299802126e-02,-7.861265132491172813e-02
8.150000000000000355e+00,3.666790661715885885e-02,3.666790028964759390e-02,-8.215914771982524289e-02
8.160000000000000142e+00,3.582895277001005296e-02,3.582894621943143870e-02,-8.561648800802759696e-02
8.169999999999999929e+00,3.495588498927198334e-02,3.495587822208053724e-02,-8.898139672615233697e-02
8.179999999999999716e+00,3.404964355722681774e-02,3.404963658009732552e-02,-9.225069728671685121e-02
8.189999999999999503e+00,3.311120001520913292e-02,3.311119283503005661e-02,-9.542131495371675154e-02
8.199999999999999289e+00,3.214155613066074085e-02,3.214154875452734927e-02,-9.849027971053375685e-02
8.210000000000000853e+00,3.114174283605595367e-02,3.114173527126305394e-02,-1.014547290175075722e-01
8.220000000000000639e+00,3.011281914081343630e-02,3.011281139484880270e-02,-1.043119104566374300e-01
8.230000000000000426e+00,2.905587101733547728e-02,2.905586309787169114e-02,-1.070591842609971145e-01
8.240000000000000213e+00,2.797201026233919752e-02,2.797200217722627114e-02,-1.096940257265671126e-01
8.250000000000000000e+00,2.686237333466644575e-02,2.686236509192395372e-02,-1.122140275043095603e-01
8.259999999999999787e+00,2.572812017078032407e-02,2.572811177858941312e-02,-1.146169017704356669e-01
8.269999999999999574e+00,2.457043297917615304e-02,2.457042444587138885e-02,-1.169004822729411558e-01
8.279999999999999361e+00,2.339051501495328228e-02,2.339050634901430545e-02,-1.190627262526124525e-01
8.290000000000000924e+00,2.218958933581149581e-02,2.218958054585427886e-02,-1.211017162368357158e-01
8.300000000000000711e+00,2.096889754075176998e-02,2.096888863552082150e-02,-1.230156617046707923e-01
8.310000000000000497e+00,1.972969849277587256e-02,1.972968948113466500e-02,-1.248029006217841186e-01
8.320000000000000284e+00,1.847326702689271877e-02,1.847325791781509463e-02,-1.264619008439673842e-01
8.330000000000000071e+00,1.720089264475140045e-02,1.720088344731257601e-02,-1.279912613881023509e-01
8.339999999999999858e+00,1.591387819723158112e-02,1.591386892059905994e-02,-1.293897135695672995e-01
8.349999999999999645e+00,1.461353855633130104e-02,1.461352920975553422e-02,-1.306561220052156191e-01
8.359999999999999432e+00,1.330119927770024614e-02,1.330118987050579737e-02,-1.317894854811932082e-01
8.370000000000000995e+00,1.197819525517319211e-02,1.197818579674878731e-02,-1.327889376849980541e-01
8.380000000000000782e+00,1.064586936866362098e-02,1.064585986845333065e-02,-1.336537478013218039e-01
8.390000000000000568e+00,9.305571126781401678e-03,9.305561594274701018e-03,-1.343833209713503063e-01
8.400000000000000355e+00,7.958655305541019812e-03,7.958645750263258073e-03,-1.349771986153371628e-01
8.410000000000000142e+00,6.606480584527956064e-03,6.606471016031236279e-03,-1.354350586184012994e-01
8.419999999999999929e+00,5.250408181890661198e-03,5.250398609743791786e-03,-1.357567153796361836e-01
8.429999999999999716e+00,3.891800489524010684e-03,3.891790923303028223e-03,-1.359421197247546176e-01
8.439999999999999503e+00,2.532019709807184320e-03,2.532010159085725833e-03,-1.359913586826293208e-01
8.449999999999999289e+00,1.172426495254654845e-03,1.172416969594319456e-03,-1.359046551262241553e-01
8.460000000000000853e+00,-1.856214075666540002e-04,-1.856308986262297941e-04,-1.356823672785457680e-01
8.470000000000000639e+00,-1.540770508507955912e-03,-1.540779955457791811e-03,-1.353249880843788444e-01
8.480000000000000426e+00,-2.891672917359135783e-03,-2.891682310731398531e-03,-1.348331444487007036e-01
8.490000000000000213e+00,-4.236987679091053574e-03,-4.236997009468292628e-03,-1.342075963428023821e-01
8.500000000000000000e+00,-5.575382099502357997e-03,-5.575391357526999180e-03,-1.334492357792733952e-01
8.509999999999999787e+00,-6.905533059965773823e-03,-6.905542236349549064e-03,-1.325590856571361997e-01
8.519999999999999574e+00,-8.226128319982312434e-03,-8.226137405515629442e-03,-1.315382984785432308e-01
8.529999999999999361e+00,-9.535867806266629804e-03,-9.535876791827864116e-03,-1.303881549385753347e-01
8.540000000000000924e+00,-1.083346488710274641e-02,-1.083347376366774507e-02,-1.291100623898034372e-01
8.550000000000000711e+00,-1.211764763072658950e-02,-1.211765638937689106e-02,-1.277055531833977964e-01
8.560000000000000497e+00,-1.338716004651024222e-02,-1.338716867844296637e-02,-1.261762828886883459e-01
8.570000000000000284e+00,-1.464076330774242984e-02,-1.464077180427887995e-02,-1.245240283931976777e-01
8.580000000000000071e+00,-1.587723695482055192e-02,-1.587724530741499093e-02,-1.227506858852832894e-01
8.589999999999999858e+00,-1.709538007769151324e-02,-1.709538827793978880e-02,-1.208582687216387674e-01
8.599999999999999645e+00,-1.829401247640164568e-02,-1.829402051604983245e-02,-1.188489051820142833e-01
8.609999999999999432e+00,-1.947197579864018771e-02,-1.947198366959252552e-02,-1.167248361136245249e-01
8.620000000000000995e+00,-2.062813465318593525e-02,-2.062814234751355474e-02,-1.144884124678174631e-01
8.630000000000000782e+00,-2.176137769819300877e-02,-2.176138520814144967e-02,-1.121420927316799099e-01
8.640000000000000568e+00,-2.287061870327888186e-02,-2.287062602127644742e-02,-1.096884402573555101e-01
8.650000000000000355e+00,-2.395479758440607898e-02,-2.395480470307100040e-02,-1.071301204919470895e-01
8.660000000000000142e+00,-2.501288141057813816e-02,-2.501288832272643980e-02,-1.044698981109693503e-01
8.669999999999999929e+00,-2.604386538140054941e-02,-2.604387208005320628e-02,-1.017106340584078700e-01
8.679999999999999716e+00,-2.704677377458836879e-02,-2.704678025297837726e-02,-9.885528249652786315e-02
8.689999999999999503e+00,-2.802066086253409902e-02,-2.802066711411335675e-02,-9.590688766865980430e-02
8.700000000000001066e+00,-2.896461179708205089e-02,-2.896461781552821940e-02,-9.286858067826973817e-02
8.710000000000000853e+00,-2.987774346168889372e-02,-2.987774924091115766e-02,-8.974357618769887579e-02
8.720000000000000639e+00,-3.075920529018434657e-02,-3.075921082433027628e-02,-8.653516904003068222e-02
8.730000000000000426e+00,-3.160818005138083669e-02,-3.160818533484211629e-02,-8.324673080761359201e-02
8.740000000000000213e+00,-3.242388459881661439e-02,-3.242388962623474896e-02,-7.988170627083350517e-02
8.750000000000000000e+00,-3.320557058495306885e-02,-3.320557535122485582e-02,-7.644360983079297178e-02
8.759999999999999787e+00,-3.395252513918380760e-02,-3.395252963946650965e-02,-7.293602185961253759e-02
8.769999999999999574e+00,-3.466407150905054940e-02,-3.466407573876684883e-02,-6.936258499212447082e-02
8.779999999999999361e+00,-3.533956966409883271e-02,-3.533957361894152216e-02,-6.572700036278052160e-02
8.790000000000000924e+00,-3.597841686184496263e-02,-3.597842053778148308e-02,-6.203302379164198077e-02
8.800000000000000711e+00,-3.658004817536456704e-02,-3.658005156864067853e-02,-5.828446192336371456e-02
8.810000000000000497e+00,-3.714393698205237238e-02,-3.714394008919646994e-02,-5.448516832312301494e-02
8.820000000000000284e+00,-3.766959541314263832e-02,-3.766959823096915905e-02,-5.063903953347898002e-02
8.830000000000000071e+00,-3.815657476361951350e-02,-3.815657728923222552e-02,-4.675001109617950984e-02
8.839999999999999858e+00,-3.860446586218707621e-02,-3.860446809298202081e-02,-4.282205354295971766e-02
8.849999999999999645e+00,-3.901289940100923642e-02,-3.901290133467753829e-02,-3.885916835939865616e-02
8.859999999999999432e+00,-3.938154622497052476e-02,-3.938154785950057080e-02,-3.486538392591990304e-02
8.870000000000000995e+00,-3.971011758024966393e-02,-3.971011891392941390e-02,-3.084475144003633734e-02
8.880000000000000782e+00,-3.999836532203895206e-02,-3.999836635345759700e-02,-2.680134082394984921e-02
8.890000000000000568e+00,-4.024608208128358650e-02,-4.024608280933314464e-02,-2.273923662162329398e-02
8.900000000000000355e+00,-4.045310139035619701e-02,-4.045310181423258933e-02,-1.866253388944413144e-02
8.910000000000000142e+00,-4.061929776762316507e-02,-4.061929788682717285e-02,-1.457533408459751011e-02
8.919999999999999929e+00,-4.074458676090032122e-02,-4.074458657523816196e-02,-1.048174095526050245e-02
8.929999999999999716e+00,-4.082892494983683673e-02,-4.082892445942039317e-02,-6.385856436719229874e-03
8.939999999999999503e+00,-4.087230990730689878e-02,-4.087230911255370497e-02,-2.291776557496483582e-03
8.950000000000001066e+00,-4.087478011992970450e-02,-4.087477902156256421e-02,1.796412640440729798e-03
8.960000000000000853e+00,-4.083641486787877029e-02,-4.083641346692513246e-02,5.874639163346465770e-03
8.970000000000000639e+00,-4.075733406418203392e-02,-4.075733236197300047e-02,9.938849105212893553e-03
8.980000000000000426e+00,-4.063769805375414684e-02,-4.063769605192323747e-02,1.398501066114823249e-02
8.990000000000000213e+00,-4.047770737244218292e-02,-4.047770507292371839e-02,1.800911811065876444e-02
9.000000000000000000e+00,-4.027760246640536140e-02,-4.027759987143260390e-02,2.200719576691608295e-02
9.009999999999999787e+00,-4.003766337218832988e-02,-4.003766048429130420e-02,2.597530188813254939e-02
9.019999999999999574e+00,-3.975820935788616090e-02,-3.975820617988917727e-02,2.990953254721353399e-02
9.029999999999999361e+00,-3.943959852583719949e-02,-3.943959506085603639e-02,3.380602545590431773e-02
9.040000000000000924e+00,-3.908222737731754243e-02,-3.908222362875637262e-02,3.766096373970258954e-02
9.050000000000000711e+00,-3.868653033974788630e-02,-3.868652631129605723e-02,4.147057965986407357e-02
9.060000000000000497e+00,-3.825297925695993195e-02,-3.825297495258814934e-02,4.523115827888903734e-02
9.070000000000000284e+00,-3.778208284310532322e-02,-3.778207826706178607e-02,4.893904106594103992e-02
9.080000000000000071e+00,-3.727438610082530607e-02,-3.727438125763145316e-02,5.259062943871646578e-02
9.089999999999999858e+00,-3.673046970433362785e-02,-3.673046459877961356e-02,5.618238823835377399e-02
9.099999999999999645e+00,-3.615094934809913452e-02,-3.615094398523925612e-02,5.971084913404509087e-02
9.109999999999999432e+00,-3.553647506184733768e-02,-3.553646944699479643e-02,6.317261395408968472e-02
9.120000000000000995e+00,-3.488773049263250992e-02,-3.488772463135412366e-02,6.656435794020880425e-02
9.130000000000000782e+00,-3.420543215476328641e-02,-3.420542605287416049e-02,6.988283292202449037e-02
9.140000000000000568e+00,-3.349032864839524004e-02,-3.349032231195267495e-02,7.312487040869075638e-02
9.150000000000000355e+00,-3.274319984763358893e-02,-3.274319328293132797e-02,7.628738459475446765e-02
9.160000000000000142e+00,-3.196485605901799865e-02,-3.196484927257973313e-02,7.936737527741452580e-02
9.169999999999999929e+00,-3.115613715128922462e-02,-3.115613014986212681e-02,8.236193068244251902e-02
9.179999999999999716e+00,-3.031791165736430829e-02,-3.031790444791232150e-02,8.526823019612421450e-02
9.189999999999999503e+00,-2.945107584947286722e-02,-2.945106843916971487e-02,8.808354700068088405e-02
9.200000000000001066e+00,-2.855655278843198183e-02,-2.855654518465381569e-02,9.080525061073066451e-02
9.210000000000000853e+00,-2.763529134806105153e-02,-2.763528355837965508e-02,9.343080930845387710e-02
9.220000000000000639e+00,-2.668826521576081121e-02,-2.668825724793543949e-02,9.595779247523235356e-02
9.230000000000000426e+00,-2.571647187030248402e-02,-2.571646373227230026e-02,9.838387281764031378e-02
9.240000000000000213e+00,-2.472093153789368253e-02,-2.472092323776977144e-02,1.007068284857744050e-01
9.250000000000000000e+00,-2.370268612760728297e-02,-2.370267767366457390e-02,1.029245450820219510e-01
9.259999999999999787e+00,-2.266279814727793773e-02,-2.266278954794689188e-02,1.050350175584797013e-01
9.269999999999999574e+00,-2.160234960098815840e-02,-2.160234086484632068e-02,1.070363520013502406e-01
9.279999999999999361e+00,-2.052244086928207284e-02,-2.052243200504547810e-02,1.089267673007593418e-01
9.290000000000000924e+00,-1.942418957325996176e-02,-1.942418058977414194e-02,1.107045967045552082e-01
9.300000000000000711e+00,-1.830872942372043302e-02,-1.830872032995230561e-02,1.123682892547693823e-01
9.310000000000000497e+00,-1.717720905652974847e-02,-1.717719986155787776e-02,1.139164111055386702e-01
9.320000000000000284e+00,-1.603079085540915286e-02,-1.603078156841487856e-02,1.153476467214086532e-01
9.330000000000000071e+00,-1.487064976334132038e-02,-1.487064039359956708e-02,1.166607999550605401e-01
9.339999999999999858e+00,-1.369797208380594232e-02,-1.369796264067576173e-02,1.178547950036259451e-01
9.349999999999999645e+00,-1.251395427306224890e-02,-1.251394476597783925e-02,1.189286772428766875e-01
9.359999999999999432e+00,-1.131980172470276394e-02,-1.131979216316359588e-02,1.198816139387005042e-01
9.370000000000000995e+00,-1.011672754770786067e-02,-1.011671794126913979e-02,1.207128948353970166e-01
9.380000000000000782e+00,-8.905951339234744954e-03,-8.905941697498092821e-03,1.214219326204524912e-01
9.390000000000000568e+00,-7.688697953377236077e-03,-7.688688285981045215e-03,1.220082632655759280e-01
9.400000000000000355e+00,-6.466196267134335929e-03,-6.466186583743828084e-03,1.224715462439028846e-01
9.410000000000000142e+00,-5.239677944825838971e-03,-5.239668255123481645e-03,1.228115646233977620e-01
9.419999999999999929e+00,-4.010376202192337050e-03,-4.010366515868130782e-03,1.230282250366083185e-01
9.429999999999999716e+00,-2.779524571414816736e-03,-2.779514898156552460e-03,1.231215575270498547e-01
9.439999999999999503e+00,-1.548355668285645746e-03,-1.548346017769176245e-03,1.230917152726189734e-01
9.450000000000001066e+00,-3.180999627581551723e-04,-3.180903446373964600e-04,1.229389741865588304e-01
9.460000000000000853e+00,9.100154459038213746e-04,9.100250220057615408e-04,1.226637323966192489e-01
9.470000000000000639e+00,2.134768048162115350e-03,2.134777572663437532e-03,1.222665096031752274e-01
9.480000000000000426e+00,3.354941136219998128e-03,3.354950599589563102e-03,1.217479463171869392e-01
9.490000000000000213e+00,4.569325007820885381e-03,4.569334400587795122e-03,1.211088029790024778e-01
9.500000000000000000e+00,5.776718160643897620e-03,5.776727473407015576e-03,1.203499589591216917e-01
9.509999999999999787e+00,6.975928476121951924e-03,6.975937699559349447e-03,1.194724114421551048e-01
9.519999999999999574e+00,8.165774391520995087e-03,8.165783516399328923e-03,1.184772741953261099e-01
9.529999999999999361e+00,9.345086059133011699e-03,9.345095076316803015e-03,1.173657762229772944e-01
9.540000000000000924e+00,1.051270649145062339e-02,1.051271539191170161e-02,1.161392603086527087e-01
9.550000000000000711e+00,1.166749269120734636e-02,1.166750146603314810e-02,1.147991814464370125e-01
9.560000000000000497e+00,1.280831676518492945e-02,1.280832540558824589e-02,1.133471051633398036e-01
9.570000000000000284e+00,1.393406702070761581e-02,1.393407551803515880e-02,1.117847057346184753e-01
9.580000000000000071e+00,1.504364904376259693e-02,1.504365738950384258e-02,1.101137642940363953e-01
9.589999999999999858e+00,1.613598675770642338e-02,1.613599494350177743e-02,1.083361668411539913e-01
9.599999999999999645e+00,1.721002346153860385e-02,1.721003147918820711e-02,1.064539021478489444e-01
9.609999999999999432e+00,1.826472284674606622e-02,1.826473068821789225e-02,1.044690595663581578e-01
9.620000000000000995e+00,1.929906999174554882e-02,1.929907764918361787e-02,1.023838267412277292e-01
9.630000000000000782e+00,2.031207233297531792e-02,2.031207979870736438e-02,1.002004872276486130e-01
9.640000000000000568e+00,2.130276061171283014e-02,2.130276787825801862e-02,9.792141801874400253e-02
9.650000000000000355e+00,2.227018979572104387e-02,2.227019685579772340e-02,9.554908698446042126e-02
9.660000000000000142e+00,2.321343997485300625e-02,2.321344682138592325e-02,9.308605022479747582e-02
9.669999999999999929e+00,2.413161722977214679e-02,2.413162385589957479e-02,9.053494934019135076e-02
9.679999999999999716e+00,2.502385447297419269e-02,2.502386087205482612e-02,8.789850862194416303e-02
9.689999999999999503e+00,2.588931226132592037e-02,2.588931842694554980e-02,8.517953216566549746e-02
9.700000000000001066e+00,2.672717957936602759e-02,2.672718550534419757e-02,8.238090091076344379e-02
9.710000000000000853e+00,2.753667459264406980e-02,2.753668027303972712e-02,7.950556960909004045e-02
9.720000000000000639e+00,2.831704537040479613e-02,2.831705079952282628e-02,7.655656372591088110e-02
9.730000000000000426e+00,2.906757057695725024e-02,2.906757574935403543e-02,7.353697627642971635e-02
9.740000000000000213e+00,2.978756013110056208e-02,2.978756504158945259e-02,7.044996460115691972e-02
9.750000000000000000e+00,3.047635583301156262e-02,3.047636047666810871e-02,6.729874708346500478e-02
9.759999999999999787e+00,3.113333195803300729e-02,3.113333633019988583e-02,6.408659981272576966e-02
9.769999999999999574e+00,3.175789581683540613e-02,3.175789991312714250e-02,6.081685319647098936e-02
9.779999999999999361e+00,3.234948828146007316e-02,3.234949209776743356e-02,5.749288852506256875e-02
9.790000000000000924e+00,3.290758427678612541e-02,3.290758780928040167e-02,5.411813449239882140e-02
9.800000000000000711e+00,3.343169323699954343e-02,3.343169648213598771e-02,5.069606367622014886e-02
9.810000000000000497e+00,3.392135952667824778e-02,3.392136248120007636e-02,4.723018898161071566e-02
9.820000000000000284e+00,3.437616282614330138e-02,3.437616548708480324e-02,4.372406005132235818e-02
9.830000000000000071e+00,3.479571848076264129e-02,3.479572084545223126e-02,4.018125964657275062e-02
9.839999999999999858e+00,3.517967781393047805e-02,3.517967987999325724e-02,3.660540000199214578e-02
9.849999999999999645e+00,3.552772840348229072e-02,3.552773016884255147e-02,3.300011915841142424e-02
9.859999999999999432e+00,3.583959432134233708e-02,3.583959578422563075e-02,2.936907727719896555e-02
9.870000000000000995e+00,3.611503633623777687e-02,3.611503749517271794e-02,2.571595293986491532e-02
9.880000000000000782e+00,3.635385207935068475e-02,3.635385293317037331e-02,2.204443943665861799e-02
9.890000000000000568e+00,3.655587617281656765e-02,3.655587672065978982e-02,1.835824104788864874e-02
9.900000000000000355e+00,3.672098032101522164e-02,3.672098056232735858e-02,1.466106932169458123e-02
9.910000000000000142e+00,3.684907336463707356e-02,3.684907329917062879e-02,1.095663935199583938e-02
9.919999999999999929e+00,3.694010129754541488e-02,3.694010092536027801e-02,7.248666060335249781e-03
9.929999999999999716e+00,3.699404724649198173e-02,3.699404656795537982e-02,3.540860485323669982e-03
9.939999999999999503e+00,3.701093141378038881e-02,3.701093042956649787e-02,-1.630739166229521440e-04
9.950000000000001066e+00,3.699081098300868037e-02,3.699080969409795222e-02,-3.859444955581410944e-03
9.960000000000000853e+00,3.693377998805898177e-02,3.693377839573718652e-02,-7.544575373803541485e-03
9.970000000000000639e+00,3.683996914553849811e-02,3.683996725139539880e-02,-1.121480648915847492e-02
9.980000000000000426e+00,3.670954565091227861e-02,3.670954345684006997e-02,-1.486650181273978591e-02
9.990000000000000213e+00,3.654271293860397729e-02,3.654271044679535674e-02,-1.849605063707544447e-02
1.000000000000000000e+01,3.633971040637615224e-02,3.633970761932212717e-02,-2.209987159141501775e-02
