
Maxima 5.46.0 https://maxima.sourceforge.io
using Lisp GNU Common Lisp (GCL) GCL 2.6.14 git tag Version_2_6_15pre7
Distributed under the GNU Public License. See the file COPYING.
Dedicated to the memory of William Schelter.
The function bug_report() provides bug reporting information.
(%i1) batch("VF001.mac")

read and interpret /home/iwamura/ドキュメント/coupling/venusfusion/appendix/VF001.mac
(%i2) v0:0.99
(%o2)                                0.99
(%i3) k:0.01
(%o3)                                0.01
(%i4) n_max:865
(%o4)                                 865
(%i5) t_end:300
(%o5)                                 300
(%i6) n_linear(t):=1+(n_max-1)*(t/t_end)
                                                      t
(%o6)               n_linear(t) := 1 + (n_max - 1) (-----)
                                                    t_end
(%i7) growth_rate:0.05
(%o7)                                0.05
(%i8) n_exponential(t):=1+(n_max-1)*(1-exp((-growth_rate)*t))
(%o8)  n_exponential(t) := 1 + (n_max - 1) (1 - exp((- growth_rate) t))
(%i9) inflection_year:150
(%o9)                                 150
(%i10) n_logistic(t):=1+(n_max-1)/(1+exp((-growth_rate)*(t-inflection_year)))
                                              n_max - 1
(%o10) n_logistic(t) := 1 + ----------------------------------------------
                            1 + exp((- growth_rate) (t - inflection_year))
(%i11) v_analytic_linear(t):=v0*exp((-k)*(((0.5*(n_max-1))/t_end)*t^2+1*t))
                                              0.5 (n_max - 1)   2
(%o11) v_analytic_linear(t) := v0 exp((- k) ((---------------) t  + 1 t))
                                                   t_end
(%i12) runge_kutta(v_val,t_val,delta_t,n_func):=block([k1,k2,k3,k4],
                   k1:(-k)*n_func(t_val)*v_val,
                   k2:(-k)*n_func(t_val+delta_t/2)*(v_val+(k1*delta_t)/2),
                   k3:(-k)*n_func(t_val+delta_t/2)*(v_val+(k2*delta_t)/2),
                   k4:(-k)*n_func(t_val+delta_t)*(v_val+k3*delta_t),
                   v_val+(delta_t/6)*(k1+2*k2+2*k3+k4))
(%o12) runge_kutta(v_val, t_val, delta_t, n_func) := 
block([k1, k2, k3, k4], k1 : (- k) n_func(t_val) v_val, 
                          delta_t           k1 delta_t
k2 : (- k) n_func(t_val + -------) (v_val + ----------), 
                             2                  2
                          delta_t           k2 delta_t
k3 : (- k) n_func(t_val + -------) (v_val + ----------), 
                             2                  2
k4 : (- k) n_func(t_val + delta_t) (v_val + k3 delta_t), 
         delta_t
v_val + (-------) (k1 + 2 k2 + 2 k3 + k4))
            6
(%i13) simulate(growth_model_name,n_func):=block(
                [delta_t,steps,t_list,v_list,n_list,i],delta_t:0.1,
                steps:floor(t_end/delta_t),
                t_list:makelist(i*delta_t,i,0,steps),
                v_list:makelist(0.0,i,0,steps),n_list:makelist(0.0,i,0,steps),
                v_list[1]:v0,n_list[1]:float(n_func(0)),
                for i thru steps do
                    (n_list[i]:float(n_func((i-1)*delta_t)),
                     if i < steps
                         then v_list[i+1]
                         :float(runge_kutta(v_list[i],(i-1)*delta_t,delta_t,
                                            n_func))),[t_list,v_list,n_list])
(%o13) simulate(growth_model_name, n_func) := 
block([delta_t, steps, t_list, v_list, n_list, i], delta_t : 0.1, 
               t_end
steps : floor(-------), t_list : makelist(i delta_t, i, 0, steps), 
              delta_t
v_list : makelist(0.0, i, 0, steps), n_list : makelist(0.0, i, 0, steps), 
v_list  : v0, n_list  : float(n_func(0)), 
      1             1
for i thru steps do (n_list  : float(n_func((i - 1) delta_t)), 
                           i
if i < steps then v_list      : float(runge_kutta(v_list , (i - 1) delta_t, 
                        i + 1                           i
delta_t, n_func))), [t_list, v_list, n_list])
(%i14) print("シミュレーション実行中...")
シミュレーション実行中... 
(%o14)               シミュレーション実行中...
(%i15) results_linear:simulate("linear",n_linear)
(%o15) [[0, 0.1, 0.2, 0.3000000000000001, 0.4, 0.5, 0.6000000000000001, 
0.7000000000000001, 0.8, 0.9, 1.0, 1.1, 1.2, 1.3, 1.4, 1.5, 1.6, 1.7, 1.8, 
1.9, 2.0, 2.1, 2.2, 2.3, 2.400000000000001, 2.5, 2.6, 2.7, 2.8, 
2.900000000000001, 3.0, 3.1, 3.2, 3.3, 3.400000000000001, 3.5, 3.6, 3.7, 3.8, 
3.900000000000001, 4.0, 4.100000000000001, 4.2, 4.3, 4.4, 4.5, 
4.600000000000001, 4.7, 4.800000000000001, 4.9, 5.0, 5.100000000000001, 5.2, 
5.300000000000001, 5.4, 5.5, 5.600000000000001, 5.7, 5.800000000000001, 5.9, 
6.0, 6.100000000000001, 6.2, 6.300000000000001, 6.4, 6.5, 6.600000000000001, 
6.7, 6.800000000000001, 6.9, 7.0, 7.100000000000001, 7.2, 7.300000000000001, 
7.4, 7.5, 7.600000000000001, 7.7, 7.800000000000001, 7.9, 8.0, 8.1, 
8.200000000000001, 8.3, 8.4, 8.5, 8.6, 8.700000000000001, 8.8, 8.9, 9.0, 9.1, 
9.200000000000001, 9.3, 9.4, 9.5, 9.600000000000002, 9.700000000000001, 9.8, 
9.9, 10.0, 10.1, 10.2, 10.3, 10.4, 10.5, 10.6, 10.7, 10.8, 10.9, 11.0, 11.1, 
11.2, 11.3, 11.4, 11.5, 11.6, 11.7, 11.8, 11.9, 12.0, 12.1, 12.2, 12.3, 12.4, 
12.5, 12.6, 12.7, 12.8, 12.9, 13.0, 13.1, 13.2, 13.3, 13.4, 13.5, 13.6, 13.7, 
13.8, 13.9, 14.0, 14.1, 14.2, 14.3, 14.4, 14.5, 14.6, 14.7, 14.8, 14.9, 15.0, 
15.1, 15.2, 15.3, 15.4, 15.5, 15.6, 15.7, 15.8, 15.9, 16.0, 16.1, 16.2, 16.3, 
16.4, 16.5, 16.6, 16.7, 16.8, 16.9, 17.0, 17.1, 17.2, 17.3, 17.4, 17.5, 17.6, 
17.7, 17.8, 17.9, 18.0, 18.1, 18.2, 18.3, 18.4, 18.5, 18.6, 18.7, 18.8, 18.9, 
19.0, 19.1, 19.2, 19.3, 19.4, 19.5, 19.6, 19.7, 19.8, 19.9, 20.0, 20.1, 20.2, 
20.3, 20.4, 20.5, 20.6, 20.7, 20.8, 20.9, 21.0, 21.1, 21.2, 21.3, 21.4, 21.5, 
21.6, 21.7, 21.8, 21.9, 22.0, 22.1, 22.2, 22.3, 22.4, 22.5, 22.6, 22.7, 22.8, 
22.9, 23.0, 23.1, 23.2, 23.3, 23.4, 23.5, 23.6, 23.7, 23.8, 23.9, 24.0, 24.1, 
24.2, 24.3, 24.4, 24.5, 24.6, 24.7, 24.8, 24.9, 25.0, 25.1, 25.2, 25.3, 25.4, 
25.5, 25.6, 25.7, 25.8, 25.9, 26.0, 26.1, 26.2, 26.3, 26.4, 26.5, 26.6, 26.7, 
26.8, 26.9, 27.0, 27.1, 27.2, 27.3, 27.4, 27.5, 27.6, 27.7, 27.8, 27.9, 28.0, 
28.1, 28.2, 28.3, 28.4, 28.5, 28.6, 28.7, 28.8, 28.9, 29.0, 29.1, 29.2, 29.3, 
29.4, 29.5, 29.6, 29.7, 29.8, 29.9, 30.0, 30.1, 30.2, 30.3, 30.4, 30.5, 30.6, 
30.7, 30.8, 30.9, 31.0, 31.1, 31.2, 31.3, 31.4, 31.5, 31.6, 31.7, 31.8, 31.9, 
32.0, 32.1, 32.2, 32.30000000000001, 32.4, 32.5, 32.6, 32.7, 
32.80000000000001, 32.9, 33.0, 33.1, 33.2, 33.30000000000001, 33.4, 33.5, 
33.6, 33.7, 33.80000000000001, 33.9, 34.0, 34.1, 34.2, 34.30000000000001, 
34.4, 34.5, 34.6, 34.7, 34.80000000000001, 34.9, 35.0, 35.1, 35.2, 
35.30000000000001, 35.4, 35.5, 35.6, 35.7, 35.80000000000001, 35.9, 36.0, 
36.1, 36.2, 36.30000000000001, 36.4, 36.5, 36.6, 36.7, 36.80000000000001, 
36.9, 37.0, 37.1, 37.2, 37.30000000000001, 37.4, 37.5, 37.6, 37.7, 
37.80000000000001, 37.9, 38.0, 38.1, 38.2, 38.30000000000001, 
38.40000000000001, 38.5, 38.6, 38.7, 38.80000000000001, 38.90000000000001, 
39.0, 39.1, 39.2, 39.30000000000001, 39.40000000000001, 39.5, 39.6, 39.7, 
39.80000000000001, 39.90000000000001, 40.0, 40.1, 40.2, 40.30000000000001, 
40.40000000000001, 40.5, 40.6, 40.7, 40.80000000000001, 40.90000000000001, 
41.0, 41.1, 41.2, 41.30000000000001, 41.40000000000001, 41.5, 41.6, 41.7, 
41.80000000000001, 41.90000000000001, 42.0, 42.1, 42.2, 42.30000000000001, 
42.40000000000001, 42.5, 42.6, 42.7, 42.80000000000001, 42.90000000000001, 
43.0, 43.1, 43.2, 43.30000000000001, 43.40000000000001, 43.5, 43.6, 43.7, 
43.80000000000001, 43.90000000000001, 44.0, 44.1, 44.2, 44.30000000000001, 
44.40000000000001, 44.5, 44.6, 44.7, 44.80000000000001, 44.90000000000001, 
45.0, 45.1, 45.2, 45.30000000000001, 45.40000000000001, 45.5, 45.6, 45.7, 
45.80000000000001, 45.90000000000001, 46.0, 46.1, 46.2, 46.30000000000001, 
46.40000000000001, 46.5, 46.6, 46.7, 46.80000000000001, 46.90000000000001, 
47.0, 47.1, 47.2, 47.30000000000001, 47.40000000000001, 47.5, 47.6, 47.7, 
47.80000000000001, 47.90000000000001, 48.0, 48.1, 48.2, 48.30000000000001, 
48.40000000000001, 48.5, 48.6, 48.7, 48.80000000000001, 48.90000000000001, 
49.0, 49.1, 49.2, 49.30000000000001, 49.40000000000001, 49.5, 49.6, 49.7, 
49.80000000000001, 49.90000000000001, 50.0, 50.1, 50.2, 50.30000000000001, 
50.40000000000001, 50.5, 50.6, 50.7, 50.80000000000001, 50.90000000000001, 
51.0, 51.1, 51.2, 51.30000000000001, 51.40000000000001, 51.5, 51.6, 51.7, 
51.80000000000001, 51.90000000000001, 52.0, 52.1, 52.2, 52.30000000000001, 
52.40000000000001, 52.5, 52.6, 52.7, 52.80000000000001, 52.90000000000001, 
53.0, 53.1, 53.2, 53.30000000000001, 53.40000000000001, 53.5, 53.6, 53.7, 
53.80000000000001, 53.90000000000001, 54.0, 54.1, 54.2, 54.30000000000001, 
54.40000000000001, 54.5, 54.6, 54.7, 54.80000000000001, 54.90000000000001, 
55.0, 55.1, 55.2, 55.30000000000001, 55.40000000000001, 55.5, 55.6, 55.7, 
55.80000000000001, 55.90000000000001, 56.0, 56.1, 56.2, 56.30000000000001, 
56.40000000000001, 56.5, 56.6, 56.7, 56.80000000000001, 56.90000000000001, 
57.0, 57.1, 57.2, 57.30000000000001, 57.40000000000001, 57.5, 57.6, 57.7, 
57.80000000000001, 57.90000000000001, 58.0, 58.1, 58.2, 58.30000000000001, 
58.40000000000001, 58.5, 58.6, 58.7, 58.80000000000001, 58.90000000000001, 
59.0, 59.1, 59.2, 59.30000000000001, 59.40000000000001, 59.5, 59.6, 59.7, 
59.80000000000001, 59.90000000000001, 60.0, 60.1, 60.2, 60.30000000000001, 
60.40000000000001, 60.5, 60.6, 60.7, 60.80000000000001, 60.90000000000001, 
61.0, 61.1, 61.2, 61.30000000000001, 61.40000000000001, 61.5, 61.6, 61.7, 
61.80000000000001, 61.90000000000001, 62.0, 62.1, 62.2, 62.30000000000001, 
62.40000000000001, 62.5, 62.6, 62.7, 62.80000000000001, 62.90000000000001, 
63.0, 63.1, 63.2, 63.30000000000001, 63.40000000000001, 63.5, 63.6, 63.7, 
63.80000000000001, 63.90000000000001, 64.0, 64.10000000000001, 64.2, 64.3, 
64.4, 64.5, 64.60000000000001, 64.7, 64.8, 64.9, 65.0, 65.10000000000001, 
65.2, 65.3, 65.4, 65.5, 65.60000000000001, 65.7, 65.8, 65.9, 66.0, 
66.10000000000001, 66.2, 66.3, 66.4, 66.5, 66.60000000000001, 66.7, 66.8, 
66.9, 67.0, 67.10000000000001, 67.2, 67.3, 67.4, 67.5, 67.60000000000001, 
67.7, 67.8, 67.9, 68.0, 68.10000000000001, 68.2, 68.3, 68.4, 68.5, 
68.60000000000001, 68.7, 68.8, 68.9, 69.0, 69.10000000000001, 69.2, 69.3, 
69.4, 69.5, 69.60000000000001, 69.7, 69.8, 69.9, 70.0, 70.10000000000001, 
70.2, 70.3, 70.4, 70.5, 70.60000000000001, 70.7, 70.8, 70.9, 71.0, 
71.10000000000001, 71.2, 71.3, 71.4, 71.5, 71.60000000000001, 71.7, 71.8, 
71.9, 72.0, 72.10000000000001, 72.2, 72.3, 72.4, 72.5, 72.60000000000001, 
72.7, 72.8, 72.9, 73.0, 73.10000000000001, 73.2, 73.3, 73.4, 73.5, 
73.60000000000001, 73.7, 73.8, 73.9, 74.0, 74.10000000000001, 74.2, 74.3, 
74.4, 74.5, 74.60000000000001, 74.7, 74.8, 74.9, 75.0, 75.10000000000001, 
75.2, 75.3, 75.4, 75.5, 75.60000000000001, 75.7, 75.8, 75.9, 76.0, 
76.10000000000001, 76.2, 76.3, 76.4, 76.5, 76.60000000000001, 76.7, 
76.80000000000001, 76.9, 77.0, 77.10000000000001, 77.2, 77.30000000000001, 
77.4, 77.5, 77.60000000000001, 77.7, 77.80000000000001, 77.9, 78.0, 
78.10000000000001, 78.2, 78.30000000000001, 78.4, 78.5, 78.60000000000001, 
78.7, 78.80000000000001, 78.9, 79.0, 79.10000000000001, 79.2, 
79.30000000000001, 79.4, 79.5, 79.60000000000001, 79.7, 79.80000000000001, 
79.9, 80.0, 80.10000000000001, 80.2, 80.30000000000001, 80.4, 80.5, 
80.60000000000001, 80.7, 80.80000000000001, 80.9, 81.0, 81.10000000000001, 
81.2, 81.30000000000001, 81.4, 81.5, 81.60000000000001, 81.7, 
81.80000000000001, 81.9, 82.0, 82.10000000000001, 82.2, 82.30000000000001, 
82.4, 82.5, 82.60000000000001, 82.7, 82.80000000000001, 82.9, 83.0, 
83.10000000000001, 83.2, 83.30000000000001, 83.4, 83.5, 83.60000000000001, 
83.7, 83.80000000000001, 83.9, 84.0, 84.10000000000001, 84.2, 
84.30000000000001, 84.4, 84.5, 84.60000000000001, 84.7, 84.80000000000001, 
84.9, 85.0, 85.10000000000001, 85.2, 85.30000000000001, 85.4, 85.5, 
85.60000000000001, 85.7, 85.80000000000001, 85.9, 86.0, 86.10000000000001, 
86.2, 86.30000000000001, 86.4, 86.5, 86.60000000000001, 86.7, 
86.80000000000001, 86.9, 87.0, 87.10000000000001, 87.2, 87.30000000000001, 
87.4, 87.5, 87.60000000000001, 87.7, 87.80000000000001, 87.9, 88.0, 
88.10000000000001, 88.2, 88.30000000000001, 88.4, 88.5, 88.60000000000001, 
88.7, 88.80000000000001, 88.9, 89.0, 89.10000000000001, 89.2, 
89.30000000000001, 89.4, 89.5, 89.60000000000001, 89.7, 89.80000000000001, 
89.9, 90.0, 90.10000000000001, 90.2, 90.30000000000001, 90.4, 90.5, 
90.60000000000001, 90.7, 90.80000000000001, 90.9, 91.0, 91.10000000000001, 
91.2, 91.30000000000001, 91.4, 91.5, 91.60000000000001, 91.7, 
91.80000000000001, 91.9, 92.0, 92.10000000000001, 92.2, 92.30000000000001, 
92.4, 92.5, 92.60000000000001, 92.7, 92.80000000000001, 92.9, 93.0, 
93.10000000000001, 93.2, 93.30000000000001, 93.4, 93.5, 93.60000000000001, 
93.7, 93.80000000000001, 93.9, 94.0, 94.10000000000001, 94.2, 
94.30000000000001, 94.4, 94.5, 94.60000000000001, 94.7, 94.80000000000001, 
94.9, 95.0, 95.10000000000001, 95.2, 95.30000000000001, 95.4, 95.5, 
95.60000000000001, 95.7, 95.80000000000001, 95.9, 96.0, 96.10000000000001, 
96.2, 96.30000000000001, 96.4, 96.5, 96.60000000000001, 96.7, 
96.80000000000001, 96.9, 97.0, 97.10000000000001, 97.2, 97.30000000000001, 
97.4, 97.5, 97.60000000000001, 97.7, 97.80000000000001, 97.9, 98.0, 
98.10000000000001, 98.2, 98.30000000000001, 98.4, 98.5, 98.60000000000001, 
98.7, 98.80000000000001, 98.9, 99.0, 99.10000000000001, 99.2, 
99.30000000000001, 99.4, 99.5, 99.60000000000001, 99.7, 99.80000000000001, 
99.9, 100.0, 100.1, 100.2, 100.3, 100.4, 100.5, 100.6, 100.7, 100.8, 100.9, 
101.0, 101.1, 101.2, 101.3, 101.4, 101.5, 101.6, 101.7, 101.8, 101.9, 102.0, 
102.1, 102.2, 102.3, 102.4, 102.5, 102.6, 102.7, 102.8, 102.9, 103.0, 103.1, 
103.2, 103.3, 103.4, 103.5, 103.6, 103.7, 103.8, 103.9, 104.0, 104.1, 104.2, 
104.3, 104.4, 104.5, 104.6, 104.7, 104.8, 104.9, 105.0, 105.1, 105.2, 105.3, 
105.4, 105.5, 105.6, 105.7, 105.8, 105.9, 106.0, 106.1, 106.2, 106.3, 106.4, 
106.5, 106.6, 106.7, 106.8, 106.9, 107.0, 107.1, 107.2, 107.3, 107.4, 107.5, 
107.6, 107.7, 107.8, 107.9, 108.0, 108.1, 108.2, 108.3, 108.4, 108.5, 108.6, 
108.7, 108.8, 108.9, 109.0, 109.1, 109.2, 109.3, 109.4, 109.5, 109.6, 109.7, 
109.8, 109.9, 110.0, 110.1, 110.2, 110.3, 110.4, 110.5, 110.6, 110.7, 110.8, 
110.9, 111.0, 111.1, 111.2, 111.3, 111.4, 111.5, 111.6, 111.7, 111.8, 111.9, 
112.0, 112.1, 112.2, 112.3, 112.4, 112.5, 112.6, 112.7, 112.8, 112.9, 113.0, 
113.1, 113.2, 113.3, 113.4, 113.5, 113.6, 113.7, 113.8, 113.9, 114.0, 114.1, 
114.2, 114.3, 114.4, 114.5, 114.6, 114.7, 114.8, 114.9, 115.0, 115.1, 115.2, 
115.3, 115.4, 115.5, 115.6, 115.7, 115.8, 115.9, 116.0, 116.1, 116.2, 116.3, 
116.4, 116.5, 116.6, 116.7, 116.8, 116.9, 117.0, 117.1, 117.2, 117.3, 117.4, 
117.5, 117.6, 117.7, 117.8, 117.9, 118.0, 118.1, 118.2, 118.3, 118.4, 118.5, 
118.6, 118.7, 118.8, 118.9, 119.0, 119.1, 119.2, 119.3, 119.4, 119.5, 119.6, 
119.7, 119.8, 119.9, 120.0, 120.1, 120.2, 120.3, 120.4, 120.5, 120.6, 120.7, 
120.8, 120.9, 121.0, 121.1, 121.2, 121.3, 121.4, 121.5, 121.6, 121.7, 121.8, 
121.9, 122.0, 122.1, 122.2, 122.3, 122.4, 122.5, 122.6, 122.7, 122.8, 122.9, 
123.0, 123.1, 123.2, 123.3, 123.4, 123.5, 123.6, 123.7, 123.8, 123.9, 124.0, 
124.1, 124.2, 124.3, 124.4, 124.5, 124.6, 124.7, 124.8, 124.9, 125.0, 125.1, 
125.2, 125.3, 125.4, 125.5, 125.6, 125.7, 125.8, 125.9, 126.0, 126.1, 126.2, 
126.3, 126.4, 126.5, 126.6, 126.7, 126.8, 126.9, 127.0, 127.1, 127.2, 127.3, 
127.4, 127.5, 127.6, 127.7, 127.8, 127.9, 128.0, 128.1, 128.2, 128.3, 128.4, 
128.5, 128.6, 128.7, 128.8, 128.9, 129.0, 129.1, 129.2, 129.3, 129.4, 129.5, 
129.6, 129.7, 129.8, 129.9, 130.0, 130.1, 130.2, 130.3, 130.4, 130.5, 130.6, 
130.7, 130.8, 130.9, 131.0, 131.1, 131.2, 131.3, 131.4, 131.5, 131.6, 131.7, 
131.8, 131.9, 132.0, 132.1, 132.2, 132.3, 132.4, 132.5, 132.6, 132.7, 132.8, 
132.9, 133.0, 133.1, 133.2, 133.3, 133.4, 133.5, 133.6, 133.7, 133.8, 133.9, 
134.0, 134.1, 134.2, 134.3, 134.4, 134.5, 134.6, 134.7, 134.8, 134.9, 135.0, 
135.1, 135.2, 135.3, 135.4, 135.5, 135.6, 135.7, 135.8, 135.9, 136.0, 136.1, 
136.2, 136.3, 136.4, 136.5, 136.6, 136.7, 136.8, 136.9, 137.0, 137.1, 137.2, 
137.3, 137.4, 137.5, 137.6, 137.7, 137.8, 137.9, 138.0, 138.1, 138.2, 138.3, 
138.4, 138.5, 138.6, 138.7, 138.8, 138.9, 139.0, 139.1, 139.2, 139.3, 139.4, 
139.5, 139.6, 139.7, 139.8, 139.9, 140.0, 140.1, 140.2, 140.3, 140.4, 140.5, 
140.6, 140.7, 140.8, 140.9, 141.0, 141.1, 141.2, 141.3, 141.4, 141.5, 141.6, 
141.7, 141.8, 141.9, 142.0, 142.1, 142.2, 142.3, 142.4, 142.5, 142.6, 142.7, 
142.8, 142.9, 143.0, 143.1, 143.2, 143.3, 143.4, 143.5, 143.6, 143.7, 143.8, 
143.9, 144.0, 144.1, 144.2, 144.3, 144.4, 144.5, 144.6, 144.7, 144.8, 144.9, 
145.0, 145.1, 145.2, 145.3, 145.4, 145.5, 145.6, 145.7, 145.8, 145.9, 146.0, 
146.1, 146.2, 146.3, 146.4, 146.5, 146.6, 146.7, 146.8, 146.9, 147.0, 147.1, 
147.2, 147.3, 147.4, 147.5, 147.6, 147.7, 147.8, 147.9, 148.0, 148.1, 148.2, 
148.3, 148.4, 148.5, 148.6, 148.7, 148.8, 148.9, 149.0, 149.1, 149.2, 149.3, 
149.4, 149.5, 149.6, 149.7, 149.8, 149.9, 150.0, 150.1, 150.2, 150.3, 150.4, 
150.5, 150.6, 150.7, 150.8, 150.9, 151.0, 151.1, 151.2, 151.3, 151.4, 151.5, 
151.6, 151.7, 151.8, 151.9, 152.0, 152.1, 152.2, 152.3, 152.4, 152.5, 152.6, 
152.7, 152.8, 152.9, 153.0, 153.1, 153.2, 153.3, 153.4, 153.5, 153.6, 153.7, 
153.8, 153.9, 154.0, 154.1, 154.2, 154.3, 154.4, 154.5, 154.6, 154.7, 154.8, 
154.9, 155.0, 155.1, 155.2, 155.3, 155.4, 155.5, 155.6, 155.7, 155.8, 155.9, 
156.0, 156.1, 156.2, 156.3, 156.4, 156.5, 156.6, 156.7, 156.8, 156.9, 157.0, 
157.1, 157.2, 157.3, 157.4, 157.5, 157.6, 157.7, 157.8, 157.9, 158.0, 158.1, 
158.2, 158.3, 158.4, 158.5, 158.6, 158.7, 158.8, 158.9, 159.0, 159.1, 159.2, 
159.3, 159.4, 159.5, 159.6, 159.7, 159.8, 159.9, 160.0, 160.1, 160.2, 160.3, 
160.4, 160.5, 160.6, 160.7, 160.8, 160.9, 161.0, 161.1, 161.2, 161.3, 161.4, 
161.5, 161.6, 161.7, 161.8, 161.9, 162.0, 162.1, 162.2, 162.3, 162.4, 162.5, 
162.6, 162.7, 162.8, 162.9, 163.0, 163.1, 163.2, 163.3, 163.4, 163.5, 163.6, 
163.7, 163.8, 163.9, 164.0, 164.1, 164.2, 164.3, 164.4, 164.5, 164.6, 164.7, 
164.8, 164.9, 165.0, 165.1, 165.2, 165.3, 165.4, 165.5, 165.6, 165.7, 165.8, 
165.9, 166.0, 166.1, 166.2, 166.3, 166.4, 166.5, 166.6, 166.7, 166.8, 166.9, 
167.0, 167.1, 167.2, 167.3, 167.4, 167.5, 167.6, 167.7, 167.8, 167.9, 168.0, 
168.1, 168.2, 168.3, 168.4, 168.5, 168.6, 168.7, 168.8, 168.9, 169.0, 169.1, 
169.2, 169.3, 169.4, 169.5, 169.6, 169.7, 169.8, 169.9, 170.0, 170.1, 170.2, 
170.3, 170.4, 170.5, 170.6, 170.7, 170.8, 170.9, 171.0, 171.1, 171.2, 171.3, 
171.4, 171.5, 171.6, 171.7, 171.8, 171.9, 172.0, 172.1, 172.2, 172.3, 172.4, 
172.5, 172.6, 172.7, 172.8, 172.9, 173.0, 173.1, 173.2, 173.3, 173.4, 173.5, 
173.6, 173.7, 173.8, 173.9, 174.0, 174.1, 174.2, 174.3, 174.4, 174.5, 174.6, 
174.7, 174.8, 174.9, 175.0, 175.1, 175.2, 175.3, 175.4, 175.5, 175.6, 175.7, 
175.8, 175.9, 176.0, 176.1, 176.2, 176.3, 176.4, 176.5, 176.6, 176.7, 176.8, 
176.9, 177.0, 177.1, 177.2, 177.3, 177.4, 177.5, 177.6, 177.7, 177.8, 177.9, 
178.0, 178.1, 178.2, 178.3, 178.4, 178.5, 178.6, 178.7, 178.8, 178.9, 179.0, 
179.1, 179.2, 179.3, 179.4, 179.5, 179.6, 179.7, 179.8, 179.9, 180.0, 180.1, 
180.2, 180.3, 180.4, 180.5, 180.6, 180.7, 180.8, 180.9, 181.0, 181.1, 181.2, 
181.3, 181.4, 181.5, 181.6, 181.7, 181.8, 181.9, 182.0, 182.1, 182.2, 182.3, 
182.4, 182.5, 182.6, 182.7, 182.8, 182.9, 183.0, 183.1, 183.2, 183.3, 183.4, 
183.5, 183.6, 183.7, 183.8, 183.9, 184.0, 184.1, 184.2, 184.3, 184.4, 184.5, 
184.6, 184.7, 184.8, 184.9, 185.0, 185.1, 185.2, 185.3, 185.4, 185.5, 185.6, 
185.7, 185.8, 185.9, 186.0, 186.1, 186.2, 186.3, 186.4, 186.5, 186.6, 186.7, 
186.8, 186.9, 187.0, 187.1, 187.2, 187.3, 187.4, 187.5, 187.6, 187.7, 187.8, 
187.9, 188.0, 188.1, 188.2, 188.3, 188.4, 188.5, 188.6, 188.7, 188.8, 188.9, 
189.0, 189.1, 189.2, 189.3, 189.4, 189.5, 189.6, 189.7, 189.8, 189.9, 190.0, 
190.1, 190.2, 190.3, 190.4, 190.5, 190.6, 190.7, 190.8, 190.9, 191.0, 191.1, 
191.2, 191.3, 191.4, 191.5, 191.6, 191.7, 191.8, 191.9, 192.0, 192.1, 192.2, 
192.3, 192.4, 192.5, 192.6, 192.7, 192.8, 192.9, 193.0, 193.1, 193.2, 193.3, 
193.4, 193.5, 193.6, 193.7, 193.8, 193.9, 194.0, 194.1, 194.2, 194.3, 194.4, 
194.5, 194.6, 194.7, 194.8, 194.9, 195.0, 195.1, 195.2, 195.3, 195.4, 195.5, 
195.6, 195.7, 195.8, 195.9, 196.0, 196.1, 196.2, 196.3, 196.4, 196.5, 196.6, 
196.7, 196.8, 196.9, 197.0, 197.1, 197.2, 197.3, 197.4, 197.5, 197.6, 197.7, 
197.8, 197.9, 198.0, 198.1, 198.2, 198.3, 198.4, 198.5, 198.6, 198.7, 198.8, 
198.9, 199.0, 199.1, 199.2, 199.3, 199.4, 199.5, 199.6, 199.7, 199.8, 199.9, 
200.0, 200.1, 200.2, 200.3, 200.4, 200.5, 200.6, 200.7, 200.8, 200.9, 201.0, 
201.1, 201.2, 201.3, 201.4, 201.5, 201.6, 201.7, 201.8, 201.9, 202.0, 202.1, 
202.2, 202.3, 202.4, 202.5, 202.6, 202.7, 202.8, 202.9, 203.0, 203.1, 203.2, 
203.3, 203.4, 203.5, 203.6, 203.7, 203.8, 203.9, 204.0, 204.1, 204.2, 204.3, 
204.4, 204.5, 204.6, 204.7, 204.8, 204.9, 205.0, 205.1, 205.2, 205.3, 205.4, 
205.5, 205.6, 205.7, 205.8, 205.9, 206.0, 206.1, 206.2, 206.3, 206.4, 206.5, 
206.6, 206.7, 206.8, 206.9, 207.0, 207.1, 207.2, 207.3, 207.4, 207.5, 207.6, 
207.7, 207.8, 207.9, 208.0, 208.1, 208.2, 208.3, 208.4, 208.5, 208.6, 208.7, 
208.8, 208.9, 209.0, 209.1, 209.2, 209.3, 209.4, 209.5, 209.6, 209.7, 209.8, 
209.9, 210.0, 210.1, 210.2, 210.3, 210.4, 210.5, 210.6, 210.7, 210.8, 210.9, 
211.0, 211.1, 211.2, 211.3, 211.4, 211.5, 211.6, 211.7, 211.8, 211.9, 212.0, 
212.1, 212.2, 212.3, 212.4, 212.5, 212.6, 212.7, 212.8, 212.9, 213.0, 213.1, 
213.2, 213.3, 213.4, 213.5, 213.6, 213.7, 213.8, 213.9, 214.0, 214.1, 214.2, 
214.3, 214.4, 214.5, 214.6, 214.7, 214.8, 214.9, 215.0, 215.1, 215.2, 215.3, 
215.4, 215.5, 215.6, 215.7, 215.8, 215.9, 216.0, 216.1, 216.2, 216.3, 216.4, 
216.5, 216.6, 216.7, 216.8, 216.9, 217.0, 217.1, 217.2, 217.3, 217.4, 217.5, 
217.6, 217.7, 217.8, 217.9, 218.0, 218.1, 218.2, 218.3, 218.4, 218.5, 218.6, 
218.7, 218.8, 218.9, 219.0, 219.1, 219.2, 219.3, 219.4, 219.5, 219.6, 219.7, 
219.8, 219.9, 220.0, 220.1, 220.2, 220.3, 220.4, 220.5, 220.6, 220.7, 220.8, 
220.9, 221.0, 221.1, 221.2, 221.3, 221.4, 221.5, 221.6, 221.7, 221.8, 221.9, 
222.0, 222.1, 222.2, 222.3, 222.4, 222.5, 222.6, 222.7, 222.8, 222.9, 223.0, 
223.1, 223.2, 223.3, 223.4, 223.5, 223.6, 223.7, 223.8, 223.9, 224.0, 224.1, 
224.2, 224.3, 224.4, 224.5, 224.6, 224.7, 224.8, 224.9, 225.0, 225.1, 225.2, 
225.3, 225.4, 225.5, 225.6, 225.7, 225.8, 225.9, 226.0, 226.1, 226.2, 226.3, 
226.4, 226.5, 226.6, 226.7, 226.8, 226.9, 227.0, 227.1, 227.2, 227.3, 227.4, 
227.5, 227.6, 227.7, 227.8, 227.9, 228.0, 228.1, 228.2, 228.3, 228.4, 228.5, 
228.6, 228.7, 228.8, 228.9, 229.0, 229.1, 229.2, 229.3, 229.4, 229.5, 229.6, 
229.7, 229.8, 229.9, 230.0, 230.1, 230.2, 230.3, 230.4, 230.5, 230.6, 230.7, 
230.8, 230.9, 231.0, 231.1, 231.2, 231.3, 231.4, 231.5, 231.6, 231.7, 231.8, 
231.9, 232.0, 232.1, 232.2, 232.3, 232.4, 232.5, 232.6, 232.7, 232.8, 232.9, 
233.0, 233.1, 233.2, 233.3, 233.4, 233.5, 233.6, 233.7, 233.8, 233.9, 234.0, 
234.1, 234.2, 234.3, 234.4, 234.5, 234.6, 234.7, 234.8, 234.9, 235.0, 235.1, 
235.2, 235.3, 235.4, 235.5, 235.6, 235.7, 235.8, 235.9, 236.0, 236.1, 236.2, 
236.3, 236.4, 236.5, 236.6, 236.7, 236.8, 236.9, 237.0, 237.1, 237.2, 237.3, 
237.4, 237.5, 237.6, 237.7, 237.8, 237.9, 238.0, 238.1, 238.2, 238.3, 238.4, 
238.5, 238.6, 238.7, 238.8, 238.9, 239.0, 239.1, 239.2, 239.3, 239.4, 239.5, 
239.6, 239.7, 239.8, 239.9, 240.0, 240.1, 240.2, 240.3, 240.4, 240.5, 240.6, 
240.7, 240.8, 240.9, 241.0, 241.1, 241.2, 241.3, 241.4, 241.5, 241.6, 241.7, 
241.8, 241.9, 242.0, 242.1, 242.2, 242.3, 242.4, 242.5, 242.6, 242.7, 242.8, 
242.9, 243.0, 243.1, 243.2, 243.3, 243.4, 243.5, 243.6, 243.7, 243.8, 243.9, 
244.0, 244.1, 244.2, 244.3, 244.4, 244.5, 244.6, 244.7, 244.8, 244.9, 245.0, 
245.1, 245.2, 245.3, 245.4, 245.5, 245.6, 245.7, 245.8, 245.9, 246.0, 246.1, 
246.2, 246.3, 246.4, 246.5, 246.6, 246.7, 246.8, 246.9, 247.0, 247.1, 247.2, 
247.3, 247.4, 247.5, 247.6, 247.7, 247.8, 247.9, 248.0, 248.1, 248.2, 248.3, 
248.4, 248.5, 248.6, 248.7, 248.8, 248.9, 249.0, 249.1, 249.2, 249.3, 249.4, 
249.5, 249.6, 249.7, 249.8, 249.9, 250.0, 250.1, 250.2, 250.3, 250.4, 250.5, 
250.6, 250.7, 250.8, 250.9, 251.0, 251.1, 251.2, 251.3, 251.4, 251.5, 251.6, 
251.7, 251.8, 251.9, 252.0, 252.1, 252.2, 252.3, 252.4, 252.5, 252.6, 252.7, 
252.8, 252.9, 253.0, 253.1, 253.2, 253.3, 253.4, 253.5, 253.6, 253.7, 253.8, 
253.9, 254.0, 254.1, 254.2, 254.3, 254.4, 254.5, 254.6, 254.7, 254.8, 254.9, 
255.0, 255.1, 255.2, 255.3, 255.4, 255.5, 255.6, 255.7, 255.8, 255.9, 256.0, 
256.1, 256.2, 256.3, 256.4000000000001, 256.5, 256.6, 256.7, 256.8, 
256.9000000000001, 257.0, 257.1, 257.2, 257.3, 257.4000000000001, 257.5, 
257.6, 257.7, 257.8, 257.9000000000001, 258.0, 258.1, 258.2, 258.3, 
258.4000000000001, 258.5, 258.6, 258.7, 258.8, 258.9000000000001, 259.0, 
259.1, 259.2, 259.3, 259.4000000000001, 259.5, 259.6, 259.7, 259.8, 
259.9000000000001, 260.0, 260.1, 260.2, 260.3, 260.4000000000001, 260.5, 
260.6, 260.7, 260.8, 260.9000000000001, 261.0, 261.1, 261.2, 261.3, 
261.4000000000001, 261.5, 261.6, 261.7, 261.8, 261.9000000000001, 262.0, 
262.1, 262.2, 262.3, 262.4000000000001, 262.5, 262.6, 262.7, 262.8, 
262.9000000000001, 263.0, 263.1, 263.2, 263.3, 263.4000000000001, 263.5, 
263.6, 263.7, 263.8, 263.9000000000001, 264.0, 264.1, 264.2, 264.3, 
264.4000000000001, 264.5, 264.6, 264.7, 264.8, 264.9000000000001, 265.0, 
265.1, 265.2, 265.3, 265.4000000000001, 265.5, 265.6, 265.7, 265.8, 
265.9000000000001, 266.0, 266.1, 266.2, 266.3, 266.4000000000001, 266.5, 
266.6, 266.7, 266.8, 266.9000000000001, 267.0, 267.1, 267.2, 267.3, 
267.4000000000001, 267.5, 267.6, 267.7, 267.8, 267.9000000000001, 268.0, 
268.1, 268.2, 268.3, 268.4000000000001, 268.5, 268.6, 268.7, 268.8, 
268.9000000000001, 269.0, 269.1, 269.2, 269.3, 269.4000000000001, 269.5, 
269.6, 269.7, 269.8, 269.9000000000001, 270.0, 270.1, 270.2, 270.3, 
270.4000000000001, 270.5, 270.6, 270.7, 270.8, 270.9000000000001, 271.0, 
271.1, 271.2, 271.3, 271.4000000000001, 271.5, 271.6, 271.7, 271.8, 
271.9000000000001, 272.0, 272.1, 272.2, 272.3, 272.4000000000001, 272.5, 
272.6, 272.7, 272.8, 272.9000000000001, 273.0, 273.1, 273.2, 273.3, 
273.4000000000001, 273.5, 273.6, 273.7, 273.8, 273.9000000000001, 274.0, 
274.1, 274.2, 274.3, 274.4000000000001, 274.5, 274.6, 274.7, 274.8, 
274.9000000000001, 275.0, 275.1, 275.2, 275.3, 275.4000000000001, 275.5, 
275.6, 275.7, 275.8, 275.9000000000001, 276.0, 276.1, 276.2, 276.3, 
276.4000000000001, 276.5, 276.6, 276.7, 276.8, 276.9000000000001, 277.0, 
277.1, 277.2, 277.3, 277.4000000000001, 277.5, 277.6, 277.7, 277.8, 
277.9000000000001, 278.0, 278.1, 278.2, 278.3, 278.4000000000001, 278.5, 
278.6, 278.7, 278.8, 278.9000000000001, 279.0, 279.1, 279.2, 279.3, 
279.4000000000001, 279.5, 279.6, 279.7, 279.8, 279.9000000000001, 280.0, 
280.1, 280.2, 280.3, 280.4000000000001, 280.5, 280.6, 280.7, 280.8, 
280.9000000000001, 281.0, 281.1, 281.2, 281.3, 281.4000000000001, 281.5, 
281.6, 281.7, 281.8, 281.9000000000001, 282.0, 282.1, 282.2, 282.3, 
282.4000000000001, 282.5, 282.6, 282.7, 282.8, 282.9000000000001, 283.0, 
283.1, 283.2, 283.3, 283.4000000000001, 283.5, 283.6, 283.7, 283.8, 
283.9000000000001, 284.0, 284.1, 284.2, 284.3, 284.4000000000001, 284.5, 
284.6, 284.7, 284.8, 284.9000000000001, 285.0, 285.1, 285.2, 285.3, 
285.4000000000001, 285.5, 285.6, 285.7, 285.8, 285.9000000000001, 286.0, 
286.1, 286.2, 286.3, 286.4000000000001, 286.5, 286.6, 286.7, 286.8, 
286.9000000000001, 287.0, 287.1, 287.2, 287.3, 287.4000000000001, 287.5, 
287.6, 287.7, 287.8, 287.9000000000001, 288.0, 288.1, 288.2, 288.3, 
288.4000000000001, 288.5, 288.6, 288.7, 288.8, 288.9000000000001, 289.0, 
289.1, 289.2, 289.3, 289.4000000000001, 289.5, 289.6, 289.7, 289.8, 
289.9000000000001, 290.0, 290.1, 290.2, 290.3, 290.4000000000001, 290.5, 
290.6, 290.7, 290.8, 290.9000000000001, 291.0, 291.1, 291.2, 291.3, 
291.4000000000001, 291.5, 291.6, 291.7, 291.8, 291.9000000000001, 292.0, 
292.1, 292.2, 292.3, 292.4000000000001, 292.5, 292.6, 292.7, 292.8, 
292.9000000000001, 293.0, 293.1, 293.2, 293.3, 293.4000000000001, 293.5, 
293.6, 293.7, 293.8, 293.9000000000001, 294.0, 294.1, 294.2, 294.3, 
294.4000000000001, 294.5, 294.6, 294.7, 294.8, 294.9000000000001, 295.0, 
295.1, 295.2, 295.3, 295.4000000000001, 295.5, 295.6, 295.7, 295.8, 
295.9000000000001, 296.0, 296.1, 296.2, 296.3, 296.4000000000001, 296.5, 
296.6, 296.7, 296.8, 296.9000000000001, 297.0, 297.1, 297.2, 297.3, 
297.4000000000001, 297.5, 297.6, 297.7, 297.8, 297.9000000000001, 298.0, 
298.1, 298.2, 298.3, 298.4000000000001, 298.5, 298.6, 298.7, 298.8, 
298.9000000000001, 299.0, 299.1, 299.2, 299.3, 299.4000000000001, 299.5, 
299.6, 299.7, 299.8, 299.9000000000001, 300.0], 
[0.99, 0.9888680875773526, 0.9874530418904625, 0.9857560824618741, 
0.9837786702345847, 0.9815225054760011, 0.978989525341584, 0.9761819011030674, 
0.9731020350468035, 0.9697525570484373, 0.966136320830746, 0.9622563999120978, 
0.9581160832535813, 0.953718870613435, 0.9490684676179594, 0.9441687805586307, 
0.9390239109256371, 0.9336381496885438, 0.9280159713352465, 
0.9221620276808001, 0.9160811414581054, 0.9097782997028063, 
0.9032586469450877, 0.8965274782213674, 0.8895902319191528, 
0.8824524824685738, 0.8751199328943112, 0.8675984072418186, 
0.8598938428918749, 0.8520122827776195, 0.8439598675182921, 
0.8357428274839461, 0.8273674748054141, 0.8188401953437778, 
0.8101674406335445, 0.8013557198136374, 0.7924115915601968, 
0.7833416560350316, 0.7741525468633848, 0.7648509231544673, 
0.7554434615779753, 0.74593684850954, 0.7363377722577721, 0.7266529153852378, 
0.7168889471353702, 0.7070525159769477, 0.6971502422773895, 
0.6871887111157081, 0.6771744652455333, 0.6671139982181762, 
0.6570137476752427, 0.6468800888198263, 0.6367193280748239, 
0.6265376969364118, 0.6163413460302099, 0.6061363393771355, 
0.5959286488754235, 0.5857241490047456, 0.5755286117578282, 
0.5653477018044175, 0.5551869718918966, 0.5450518584863119, 
0.5349476776570199, 0.5248796212076214, 0.5148527530553101, 
0.5048720058602274, 0.4949421779058876, 0.4850679302312134, 
0.4752537840142127, 0.4655041182068215, 0.4558231674199492, 
0.4462150200572802, 0.4366836166959198, 0.4272327487115209, 
0.4178660571450876, 0.4085870318082315, 0.3993990106232489, 
0.3903051791939999, 0.3813085706031966, 0.3724120654313572, 
0.3636183919923472, 0.3549301267801124, 0.3463496951209169, 
0.3378793720251184, 0.3295212832322611, 0.3212774064430305, 
0.3131495727313973, 0.3051394681300864, 0.2972486353823293, 
0.2894784758527075, 0.2818302515897584, 0.274305087532904, 0.266903973856167, 
0.2596277684410664, 0.252477199471029, 0.2454528681396183, 0.2385552514648628, 
0.2317847052019687, 0.2251414668467186, 0.2186256587218928, 
0.2122372911391018, 0.2059762656284862, 0.1998423782288204, 
0.1938353228306574, 0.1879546945652587, 0.1821999932321814, 
0.1765706267585264, 0.1710659146830055, 0.1656850916581396, 
0.1604273109640733, 0.1552916480276674, 0.1502771039407217, 
0.1453826089713749, 0.1406070260629306, 0.1359491543145709, 
0.1314077324386317, 0.1269814421893374, 0.122668911758114, 0.1184687191308324, 
0.1143793954025602, 0.110399428045639, 0.1065272641271355, 0.1027613134719517, 
0.09909995176811834, 0.09554152361102636, 0.09208434548359268, 
0.08872670866958446, 0.0854668820975609, 0.08230311511311918, 
0.07923364017735735, 0.07625667548968913, 0.07337042753336427, 
0.07057309354226174, 0.06786286388773275, 0.06523792438447436, 
0.06269645851461364, 0.06023664956937484, 0.0578566827078896, 
0.05555474693289078, 0.05332903698320476, 0.05117775514312496, 
0.04909911296891002, 0.04709133293280425, 0.0451526499851246, 
0.04328131303509825, 0.04147558635126741, 0.03973375088240319, 
0.03805410549998823, 0.03643496816343881, 0.03487467700934002, 
0.03337159136606444, 0.03192409269523331, 0.0305305854615616, 
0.02918949793270289, 0.02789928291077861, 0.02665841839733728, 
0.02546540819354409, 0.02431878243744986, 0.02321709808022982, 
0.02215893930331928, 0.02114291787840242, 0.02016767347223536, 
0.01923187389830263, 0.01833421531732008, 0.0174734223886049, 
0.01664824837433695, 0.01585747519873405, 0.01509991346415791, 
0.01437440242615721, 0.01367980992943997, 0.01301503230674962, 
0.01237899424259711, 0.01177064860377694, 0.01118897623856643, 
0.01063298574647696, 0.01010171322039185, 0.009594221962889838, 
0.009109602178514259, 0.008646970643708009, 0.008205470356091751, 
0.00778427016471914, 0.007382564382897341, 0.00699957238511453, 
0.006634538189568334, 0.006286730027740578, 0.005955439902414329, 
0.005639983135479331, 0.00533969790682158, 0.005053944785542179, 
0.0047821062546999, 0.004523586230721154, 0.004277809578570481, 
0.004044221623724362, 0.003822287661941184, 0.003611492467770731, 
0.003411339802697639, 0.003221351923765043, 0.00304106909347715, 
0.002870049091732799, 0.002707866730496343, 0.002554113371867383, 
0.002408396450167115, 0.002270338998616386, 0.002139579181138988, 
0.002015769829783313, 0.001898577988216325, 0.001787684461705818, 
0.001682783373970242, 0.001583581731239938, 0.001489798993839496, 
0.001401166655568092, 0.001317427831123156, 0.001238336851782484, 
0.001163658869530996, 0.00109316946979076, 0.001026654292886544, 
9.639086643541818E-4, 9.047372341752452E-4, 8.489536249990116E-4, 
7.963800893914645E-4, 7.468471761309805E-4, 7.001934055514919E-4, 
6.562649539162002E-4, 6.149153467883373E-4, 5.760051613499986E-4, 
5.394017376056757E-4, 5.049788983937634E-4, 4.726166781169755E-4, 
4.422010600912443E-4, 4.1362372240226E-4, 3.867817921493079E-4, 
3.615776079474281E-4, 3.379184905511438E-4, 3.157165214560252E-4, 
2.948883293281526E-4, 2.753548841060764E-4, 2.57041298615111E-4, 
2.398766375297059E-4, 2.237937335161806E-4, 2.08729010385255E-4, 
1.946223130815235E-4, 1.814167443352702E-4, 1.690585078007825E-4, 
1.574967575045517E-4, 1.466834534264275E-4, 1.365732230368842E-4, 
1.271232286140377E-4, 1.182930401648897E-4, 1.100445137764483E-4, 
1.023416752238523E-4, 9.515060866438437E-5, 8.843935024828102E-5, 
8.217778647949597E-5, 7.633755716204241E-5, 7.089196277019659E-5, 
6.581587608367523E-5, 6.108565793188129E-5, 5.667907689442914E-5, 
5.257523280839371E-5, 4.875448393606179E-5, 4.519837765038258E-5, 
4.188958449880373E-5, 3.881183550972465E-5, 3.594986260938794E-5, 
3.328934202065065E-5, 3.081684051871736E-5, 2.85197644225679E-5, 
2.63863112044619E-5, 2.440542360354345E-5, 2.256674613319189E-5, 
2.08605838753623E-5, 1.927786345872408E-5, 1.781009612093227E-5, 
1.644934275884712E-5, 1.518818087394887E-5, 1.401967332357055E-5, 
1.293733879188903E-5, 1.193512389786851E-5, 1.100737686053896E-5, 
1.014882264511095E-5, 9.354539516476072E-6, 8.619936929615994E-6, 
7.940734689342343E-6, 7.312943314611735E-6, 6.732845545404965E-6, 
6.196978932825713E-6, 5.702119455661562E-6, 5.245266109158569E-6, 
4.823626414190001E-6, 4.434602797350478E-6, 4.075779794779001E-6, 
3.744912034708851E-6, 3.439912955859924E-6, 3.158844220830582E-6, 
2.899905785612707E-6, 2.661426588246433E-6, 2.441855821451415E-6, 
2.239754755820729E-6, 2.053789081843158E-6, 1.88272174063122E-6, 
1.725406214777413E-6, 1.580780252241474E-6, 1.447859997588652E-6, 
1.325734506254858E-6, 1.213560618810728E-6, 1.110558173435017E-6, 
1.016005535990047E-6, 9.292354282199005E-7, 8.496310356676444E-7, 
7.76622377932624E-7, 7.096829248647768E-7, 6.483264432215922E-7, 
5.921040591965786E-7, 5.406015230675901E-7, 4.934366630107987E-7, 
4.50257015883122E-7, 4.107376234941637E-7, 3.745789835697753E-7, 
3.415051452547545E-7, 3.112619396134889E-7, 2.836153361659839E-7, 
2.583499170441452E-7, 2.352674608707956E-7, 2.141856289530593E-7, 
1.949367468437503E-7, 1.773666747605337E-7, 1.613337607641131E-7, 
1.467078709847207E-7, 1.333694915519011E-7, 1.21208897227082E-7, 
1.101253820627766E-7, 1.000265477174962E-7, 9.082764534253154E-8, 
8.245096722664873E-8, 7.482528463832797E-8, 6.788532854332659E-8, 
6.157131009889711E-8, 5.582847803572811E-8, 5.06067102353596E-8, 
4.586013699517792E-8, 4.154679364580774E-8, 3.762830034744803E-8, 
3.406956704307239E-8, 3.083852168802653E-8, 2.790586000797607E-8, 
2.524481516092337E-8, 2.283094579463583E-8, 2.064194109879577E-8, 
1.865744155195351E-8, 1.685887415737846E-8, 1.522930104957021E-8, 
1.375328043490511E-8, 1.241673890602342E-8, 1.120685424045715E-8, 
1.011194785999096E-8, 9.121386188648502E-9, 8.225490204299326E-9, 
7.415452531964948E-9, 6.6832614762268E-9, 6.021631435951456E-9, 
5.423939187080205E-9, 4.884165558699101E-9, 4.396842064216924E-9, 
3.957002083424188E-9, 3.560136222667351E-9, 3.20215150951803E-9, 
2.879334105306432E-9, 2.588315243870273E-9, 2.326040127984861E-9, 
2.089739536317395E-9, 1.87690391351123E-9, 1.685259734268204E-9, 
1.512747949166148E-9, 1.357504335524166E-9, 1.217841591003554E-9, 
1.092233020894365E-9, 9.792976822678025E-10, 8.777868594485863E-10, 
7.865717556496843E-10, 7.046322951801446E-10, 6.31046939446262E-10, 
5.649834280739642E-10, 5.056903639390151E-10, 4.524895677506048E-10, 
4.047691341388472E-10, 3.619771269900961E-10, 3.236158570951998E-10, 
2.892366900614239E-10, 2.584353369226533E-10, 2.308475839960731E-10, 
2.061454223059193E-10, 1.840335403530309E-10, 1.642461471777829E-10, 
1.465440955665896E-10, 1.307122779098967E-10, 1.165572696521359E-10, 
1.039051974997195E-10, 9.25998115886362E-11, 8.250074267408813E-11, 
7.348192710521591E-11, 6.543018390150798E-11, 5.824392966614806E-11, 
5.183201836655005E-11, 4.611269419398916E-11, 4.101264679207423E-11, 
3.646615912656961E-11, 3.241433916481441E-11, 2.88044273491013E-11, 
2.558917259166562E-11, 2.27262701956434E-11, 2.017785572221785E-11, 
1.791004938445021E-11, 1.589254605780944E-11, 1.409824646060259E-11, 
1.250292547842024E-11, 1.108493398906681E-11, 9.824930891646403E-12, 
8.705642358638205E-12, 7.711645615771616E-12, 6.829174813907962E-12, 
6.045946792337376E-12, 5.351004746084413E-12, 4.734578002974921E-12, 
4.187956291166713E-12, 3.703377036246732E-12, 3.273924370360918E-12, 
2.89343866555036E-12, 2.556435520776728E-12, 2.258033238178143E-12, 
1.99388791994806E-12, 1.760135403825405E-12, 1.553339333389763E-12, 
1.370444729958322E-12, 1.208736496597835E-12, 1.065802342245991E-12, 
9.394996657740966E-13, 8.279259865541431E-13, 7.293925502061823E-13, 
6.424007761394057E-13, 5.656212476641354E-13, 4.978749762066205E-13, 
4.381166988343996E-13, 3.854199931964607E-13, 3.389640163706864E-13, 
2.980216942367132E-13, 2.619492060776214E-13, 2.301766253599477E-13, 
2.021995922302721E-13, 1.775719063625406E-13, 1.558989405419842E-13, 
1.368317859132519E-13, 1.200620492734629E-13, 1.053172312647593E-13, 
9.235662191438826E-14, 8.096765677246282E-14, 7.096268298868676E-14, 
6.217609012189474E-14, 5.446176535550757E-14, 4.769083715669556E-14, 
4.174967532009302E-14, 3.65381188259307E-14, 3.196790606029079E-14, 
2.796128473036626E-14, 2.444978129475849E-14, 2.137311194909721E-14, 
1.867821918857453E-14, 1.631841973645602E-14, 1.425265120380412E-14, 
1.244480625074315E-14, 1.086314427175216E-14, 9.479771742953699E-15, 
8.270183362753165E-15, 7.212857001534709E-15, 6.288896263135721E-15, 
5.481715160975962E-15, 4.776760034384246E-15, 4.161264384232263E-15, 
3.624032798952286E-15, 3.155250579089385E-15, 2.746316056712212E-15, 
2.389692950633662E-15, 2.07878040425494E-15, 1.807798624212462E-15, 
1.5716882786856E-15, 1.366022027612695E-15, 1.186926746193225E-15, 
1.031015170626891E-15, 8.95325843462646E-16, 7.772703673467951E-16, 
6.745870922784736E-16, 5.853004644028831E-16, 5.076853554099447E-16, 
4.402357721039238E-16, 3.816374168643201E-16, 3.307436325932709E-16, 
2.865543212847191E-16, 2.481974743949397E-16, 2.149129964879014E-16, 
1.860385418338414E-16, 1.609971173422867E-16, 1.392862349321468E-16, 
1.204684226430661E-16, 1.041629268830841E-16, 9.003845855036594E-17, 
7.780685368242672E-17, 6.721753505921603E-17, 5.805267506830573E-17, 
5.012297235390824E-17, 4.326396551349686E-17, 3.733281655054694E-17, 
3.22055050932902E-17, 2.777438168337553E-17, 2.394603484508412E-17, 
2.063943227132053E-17, 1.778430140061327E-17, 1.531971899241314E-17, 
1.319288310893406E-17, 1.135804424488332E-17, 9.775575268300229E-18, 
8.4111623962587E-18, 7.235101672336243E-18, 6.221687377206575E-18, 
5.348680523534404E-18, 4.596847091509915E-18, 3.949556978218007E-18, 
3.39243578577318E-18, 2.913062580139915E-18, 2.500707632703523E-18, 
2.14610492568386E-18, 1.841254874202803E-18, 1.579253304347241E-18, 
1.354143238548861E-18, 1.160786486360244E-18, 9.947524284250989E-19, 
8.522217212907237E-19, 7.299029469773679E-19, 6.24960489407501E-19, 
5.349521447287784E-19, 4.577751684580658E-19, 3.91619632923264E-19, 
3.349281169156116E-19, 2.863608786129277E-19, 2.447657751637776E-19, 
2.091522899922772E-19, 1.78669113778879E-19, 1.525847988408064E-19, 
1.302710707145368E-19, 1.11188436386604E-19, 9.487377692267533E-20, 
8.092965416308418E-20, 6.901509751811701E-20, 5.883766843383833E-20, 
5.014662744114448E-20, 4.272705239757945E-20, 3.639477706254154E-20, 
3.099203692904976E-20, 2.638372463221983E-20, 2.245417058175684E-20, 
1.910437599764138E-20, 1.624963550339998E-20, 1.38174950572647E-20, 
1.174599845825759E-20, 9.982182108187972E-21, 8.480783277493603E-21, 
7.203131930606503E-21, 6.116200317284867E-21, 5.191788118754028E-21, 
4.405824028376473E-21, 3.73776731250908E-21, 3.170095195890476E-21, 
2.687863897290599E-21, 2.278332848499447E-21, 1.930643100465228E-21, 
1.635542186899685E-21, 1.385148805960679E-21, 1.172751618917197E-21, 
9.926372719321944E-22, 8.399434413500568E-22, 7.105332997702226E-22, 
6.00888313215514E-22, 5.080167205066272E-22, 4.293754245801319E-22, 
3.628033506030647E-22, 3.064646048164009E-22, 2.588000075249791E-22, 
2.184857790948358E-22, 1.843983340033158E-22, 1.555842890317948E-22, 
1.312349211415247E-22, 1.106644214819021E-22, 9.329138697306904E-23, 
7.862307223947594E-23, 6.62419942895E-23, 5.579454190726974E-23, 
4.698129268040273E-23, 3.954878416306472E-23, 3.328252292516951E-23, 
2.800104707344993E-23, 2.355088502752105E-23, 1.980227656214704E-23, 
1.664554195874237E-23, 1.398800203591929E-23, 1.175136627161651E-23, 
9.86951854866258E-24, 8.286640560414064E-24, 6.9556218678034E-24, 
5.836713230060609E-24, 4.896386332177681E-24, 4.106368568489558E-24, 
3.442826255164886E-24, 2.885673655979261E-24, 2.417988618914458E-24, 
2.025518524240513E-24, 1.696262713238732E-24, 1.420119665016788E-24, 
1.188588971912602E-24, 9.945196786684289E-25, 8.318978368665644E-25, 
6.956672181432998E-25, 5.815780564920543E-25, 4.860594762837661E-25, 
4.061119295559835E-25, 3.392165316029207E-25, 2.832586632167136E-25, 
2.364636140866103E-25, 1.973423859171941E-25, 1.646460651832176E-25, 
1.373274220915883E-25, 1.145086010641123E-25, 9.545394465914666E-26, 
7.954714221771947E-26, 6.62720208111518E-26, 5.519640281439558E-26, 
4.595854462859107E-26, 3.82557472691772E-26, 3.183479387713416E-26, 
2.648392352711826E-26, 2.202609654506884E-26, 1.831334522035436E-26, 
1.522203641387131E-26, 1.264890006353363E-26, 1.050770076763007E-26, 
8.726449157435557E-27, 7.245066222289538E-27, 6.013427604205847E-27, 
4.989726541579955E-27, 4.139103956273376E-27, 3.432502435472188E-27, 
2.845707804266563E-27, 2.358547823712694E-27, 1.954222456750291E-27, 
1.618744267988369E-27, 1.340470987199362E-27, 1.109715175047392E-27, 
9.18418371333775E-28, 7.598791551907727E-28, 6.285262657867783E-28, 
5.197293739242311E-28, 4.296413037739848E-28, 3.550665172211334E-28, 
2.933515222932067E-28, 2.422935783026746E-28, 2.000646658547937E-28, 
1.651481883990072E-28, 1.362862892051324E-28, 1.124360166826191E-28, 
9.27328628793462E-29, 7.646044406748669E-29, 6.302529632720709E-29, 
5.193592949933344E-29, 4.278542526678784E-29, 3.523698402769311E-29, 
2.901192448357136E-29, 2.387972270332988E-29, 1.964974653370337E-29, 
1.616439886649657E-29, 1.329343133124532E-29, 1.092923003912305E-29, 
8.982908381829118E-30, 7.381069692953924E-30, 6.063125732668188E-30, 
4.979076231399854E-30, 4.087670769207661E-30, 3.354887613253945E-30, 
2.752675235594391E-30, 2.257911462541155E-30, 1.851542878056727E-30, 
1.517873477993744E-30, 1.243976867115366E-30, 1.019210688082416E-30, 
8.348156221003633E-31, 6.835843305614233E-31, 5.595882206151534E-31, 
4.579520024121666E-31, 3.746677344034419E-31, 3.064414859508637E-31, 
2.505669338523619E-31, 2.048211929761537E-31, 1.673789957486829E-31, 
1.367420095942326E-31, 1.116806395393981E-31, 9.118612496673956E-32, 
7.443112144298188E-32, 6.073727436198206E-32, 4.954855219975228E-32, 
4.040932290611015E-32, 3.294633517137184E-32, 2.685391348507166E-32, 
2.188179741438643E-32, 1.782515581847232E-32, 1.451638946241958E-32, 
1.181840374809875E-32, 9.61908956029458E-33, 7.826796621085862E-33, 
6.366621978428016E-33, 5.177367752434945E-33, 4.209048203569674E-33, 
3.42084754464073E-33, 2.779447497478457E-33, 2.257658059553754E-33, 
1.83329684379315E-33, 1.488272138797421E-33, 1.207832879748567E-33, 
9.799553302270742E-34, 7.948417056589476E-34, 6.445104292587654E-34, 
5.224613733991037E-34, 4.234024452055403E-34, 3.430263416781707E-34, 
2.778283229400011E-34, 2.249575114413161E-34, 1.820955852022765E-34, 
1.47357847985452E-34, 1.192125726646801E-34, 9.641526216544195E-35, 
7.795508491109831E-35, 6.301124312605587E-35, 5.091744266167412E-35, 
4.113296867335002E-35, 3.321914598611189E-35, 2.682018741427306E-35, 
2.164761672890262E-35, 1.746760283953503E-35, 1.40906641748567E-35, 
1.136330220982787E-35, 9.161204688067927E-36, 7.383725680715415E-36, 
5.949403950438927E-36, 4.792325397268728E-36, 3.85917148830945E-36, 
3.106825018344659E-36, 2.500428540924536E-36, 2.011810353415557E-36, 
1.618208834718407E-36, 1.301238890709636E-36, 1.046054806826401E-36, 
8.406723860043674E-37, 6.75420227677143E-37, 5.424956769194933E-37, 
4.356055844108462E-37, 3.496757652848789E-37, 2.806160891409123E-37, 
2.251306057205058E-37, 1.805641178592175E-37, 1.447782423214008E-37, 
1.160513208437704E-37, 9.299761578845767E-38, 7.450209412642334E-38, 
5.966780816928069E-38, 4.777345254311114E-38, 3.823913954811531E-38, 
3.059880974504621E-38, 2.44779979818262E-38, 1.957592062393223E-38, 
1.565104844061985E-38, 1.250949032037434E-38, 9.995642958831724E-39, 
7.984666732758292E-39, 6.376432889006427E-39, 5.090655783103912E-39, 
4.062979314060306E-39, 3.241831443882143E-39, 2.585896805839174E-39, 
2.062086549075202E-39, 1.643908077513927E-39, 1.310156301279822E-39, 
1.043863305012177E-39, 8.314556577356707E-40, 6.620785158078235E-40, 
5.270536664378008E-40, 4.194450979923044E-40, 3.337108664869064E-40, 
2.654241988712956E-40, 2.110501295187056E-40, 1.677666653071419E-40, 
1.333216447358043E-40, 1.059182007803661E-40, 8.412313877898804E-41, 
6.679366653714726E-41, 5.301881799889139E-41, 4.207263770502565E-41, 
3.337677582445396E-41, 2.647061095500822E-41, 2.098739279416317E-41, 
1.663519739532437E-41, 1.318172869976187E-41, 1.04421931419675E-41, 
8.269628828687266E-42, 6.54719468975403E-42, 5.182024196045616E-42, 
4.100327636867754E-42, 3.243490478860556E-42, 2.564966146815392E-42, 
2.027802204721465E-42, 1.602671402557059E-42, 1.266305017760825E-42, 
1.000246663752946E-42, 7.89861305816263E-43, 6.235474536006529E-43, 
4.921110592138343E-43, 3.882680763536497E-43, 3.062493581333284E-43, 
2.414869322384127E-43, 1.903649661820578E-43, 1.500221420124728E-43, 
1.181948741439855E-43, 9.309296605995829E-44, 7.330102330925233E-44, 
5.770031078324493E-44, 4.540683299219474E-44, 3.572228383149077E-44, 
2.809520250829773E-44, 2.209022106680334E-44, 1.736372514866885E-44, 
1.3644596241561E-44, 1.071897901746322E-44, 8.418236031291527E-45, 
6.609425654425855E-45, 5.187776902922097E-45, 4.070744143877011E-45, 
3.193311378716843E-45, 2.504284563873964E-45, 1.963364938148969E-45, 
1.538839523365548E-45, 1.20575918776402E-45, 9.445017662966005E-46, 
7.396391926571873E-46, 5.790445846644087E-46, 4.531886661473416E-46, 
3.545855414834665E-46, 2.773562477091669E-46, 2.168851569363528E-46, 
1.695495558652897E-46, 1.325068804472344E-46, 1.035273627059655E-46, 
8.086243589633366E-47, 6.314128805596382E-47, 4.928956695001806E-47, 
3.846551189546816E-47, 3.000979154262706E-47, 2.340611797191305E-47, 
1.825033116058089E-47, 1.422613933217327E-47, 1.108608784242118E-47, 
8.636634130203653E-48, 6.726446280254439E-48, 5.237231646094429E-48, 
4.076550608778259E-48, 3.172187451166455E-48, 2.467742251978365E-48, 
1.91917996472131E-48, 1.492129633001397E-48, 1.159771306134687E-48, 
9.011832567853214E-49, 7.00049612196997E-49, 5.436501033924844E-49, 
4.220705800994721E-49, 3.275862302670081E-49, 2.541798660207441E-49, 
1.971658092399668E-49, 1.528963141254074E-49, 1.185324818290089E-49, 
9.186555242767286E-50, 7.117753701445247E-50, 5.513256174226603E-50, 
4.269218090551693E-50, 3.30493910369658E-50, 2.557723150751452E-50, 
1.97887590050695E-50, 1.530588821219163E-50, 1.183514184283554E-50, 
9.148783494846916E-51, 7.0701428060558E-51, 5.462204740048896E-51, 
4.218739572948008E-51, 3.257409900813233E-51, 2.514415590379982E-51, 
1.94033475675785E-51, 1.496894591602635E-51, 1.15446488916968E-51, 
8.901131010874222E-52, 6.860955640536526E-52, 5.286874289169236E-52, 
4.072755237867573E-52, 3.136552725847901E-52, 2.414859282553388E-52, 
1.858685967279759E-52, 1.430194707062036E-52, 1.100168656849008E-52, 
8.460544711174848E-53, 6.504476325847919E-53, 4.999209137186292E-53, 
3.841185044982172E-53, 2.950557681403433E-53, 2.265781076064982E-53, 
1.739429124498803E-53, 1.334966864781162E-53, 1.024257591500137E-53, 
7.85638673214894E-54, 6.024367715281862E-54, 4.618224580091011E-54, 
3.539269077019068E-54, 2.711609034322762E-54, 2.076899684066084E-54, 
1.590299513285663E-54, 1.217355128335644E-54, 9.316024269067048E-55, 
7.127199098713418E-55, 5.451074644520823E-55, 4.167929129131111E-55, 
3.185909837205419E-55, 2.434566237422349E-55, 1.859878902008101E-55, 
1.42043936681196E-55, 1.0845153205259E-55, 8.27796607834895E-56, 
6.316646207526673E-56, 4.81863935474234E-56, 3.674830003565456E-56, 
2.801722023463366E-56, 2.135442071350591E-56, 1.627142189633171E-56, 
1.23947615924403E-56, 9.438996180696761E-57, 7.186019708430817E-57, 
5.469227120957803E-57, 4.161390532666046E-57, 3.165380716890289E-57, 
2.40706817882219E-57, 1.829893408040083E-57, 1.390715053891879E-57, 
1.056636189296378E-57, 8.025789568654024E-58, 6.094316693667431E-58, 
4.626336641875084E-58, 3.510948081897E-58, 2.663707577844812E-58, 
2.020336212870079E-58, 1.531918686515492E-58, 1.161242020821231E-58, 
8.800041814240808E-59, 6.666865484735596E-59, 5.049328355427981E-59, 
3.82314261543988E-59, 2.893892196546497E-59, 2.189874181133586E-59, 
1.656650678238155E-59, 1.2529036864962E-59, 9.472822437686655E-60, 
7.160050277818721E-60, 5.410379298351513E-60, 4.087091110709921E-60, 
3.086568301890528E-60, 2.330303194578026E-60, 1.758830287397432E-60, 
1.327120651425387E-60, 1.00108705537175E-60, 7.549327239879126E-61, 
5.69140673661833E-61, 4.289492999712027E-61, 3.231969626900537E-61, 
2.434465059823165E-61, 1.833220853133605E-61, 1.380069633116109E-61, 
1.038633148420199E-61, 7.814448385886342E-62, 5.87772744428077E-62, 
4.419727860337737E-62, 3.322435691005414E-62, 2.496850889440629E-62, 
1.875873725932427E-62, 1.408930476874829E-62, 1.057914321429816E-62, 
7.941204853337276E-63, 5.959327766952006E-63, 4.470778114425439E-63, 
3.353080119389246E-63, 2.514083605643711E-63, 1.884475399610657E-63, 
1.412134944567307E-63, 1.05788120056399E-63, 7.922688308308732E-64, 
5.931755113314948E-64, 4.439855424372072E-64, 3.322227859034573E-64, 
2.485220776741307E-64, 1.85855538853773E-64, 1.389507880361137E-64, 
1.038535850442865E-64, 7.759914664494267E-65, 5.796520435437091E-65, 
4.328652984232059E-65, 3.231566853431607E-65, 2.411839996430429E-65, 
1.799528857724989E-65, 1.342283070700593E-65, 1.000931564356168E-65, 
7.461731753130849E-66, 5.560961071591912E-66, 4.143191939743615E-66, 
3.085995064475977E-66, 2.29789604249831E-66, 1.710568630744966E-66, 
1.272991800131998E-66, 9.470778631685425E-67, 7.044022620195265E-67, 
5.237581276505091E-67, 3.893281321570836E-67, 2.893182134125887E-67, 
2.149367812085897E-67, 1.596322683874427E-67, 1.185238110760579E-67, 
8.797626264093948E-68, 6.528304278697308E-68, 4.842952918532723E-68, 
3.591658899252437E-68, 2.662900273109923E-68, 1.973738893426343E-68, 
1.462512127446133E-68, 1.083388529181515E-68, 8.023132607489473E-69, 
5.939893909751569E-69, 4.396310794749736E-69, 3.252917634598669E-69, 
2.406205571341791E-69, 1.779374533866262E-69, 1.31545802645346E-69, 
9.722133979006823E-70, 7.183253456349159E-70, 5.305859697682274E-70, 
3.918007976710597E-70, 2.892343390802697E-70, 2.134564946307278E-70, 
1.574866978814215E-70, 1.161591337124405E-70, 8.565206462575802E-71, 
6.313894075990539E-71, 4.652985851554865E-71, 3.428002712620756E-71, 
2.524791775633479E-71, 1.859023852110566E-71, 1.368419778482837E-71, 
1.006998234229731E-71, 7.408206189613367E-72, 5.448442851932231E-72, 
4.0059610755725E-72, 2.944530362899472E-72, 2.163716394945734E-72, 
1.589496668422075E-72, 1.167330668596165E-72, 8.57044075461808E-73, 
6.290532443707595E-73, 4.615796403053057E-73, 3.385952573798433E-73, 
2.483076421181095E-73, 1.820431284135503E-73, 1.334238548120822E-73, 
9.776145737632124E-74, 7.161052213917528E-74, 5.243979722178374E-74, 
3.839018079539913E-74, 2.809663449436762E-74, 2.055717520039432E-74, 
1.503652787847857E-74, 1.099528983823503E-74, 8.037866556701572E-75, 
5.874215755181704E-75, 4.291745772413129E-75, 3.13467900283196E-75, 
2.288901767728773E-75, 1.670845246331496E-75, 1.219327289251924E-75, 
8.895684133113446E-76, 6.488038339552186E-76, 4.730667843044509E-76, 
3.448311563349046E-76, 2.512844046631846E-76, 1.830625757222436E-76, 
1.333240803560167E-76, 9.707169663613086E-77, 7.065642179784536E-77, 
5.141450463567979E-77, 3.740198642321485E-77, 2.72006121173289E-77, 
1.977596495087488E-77, 1.43738029678072E-77, 1.044433248506085E-77, 
7.586905733092216E-78, 5.509645868755247E-78, 3.999978727362818E-78, 
2.903131289952029E-78, 2.106447651499082E-78, 1.527951834464964E-78, 
1.108009942482725E-78, 8.03253544663833E-79, 5.821523357480985E-79, 
4.217893778876315E-79, 3.055129569685386E-79, 2.212272546715516E-79, 
1.601484087546867E-79, 1.158995173857883E-79, 8.385242548147312E-80, 
6.064913813092851E-80, 4.385394227319918E-80, 3.170061229155734E-80, 
2.290876430234532E-80, 1.655048332516036E-80, 1.195348943518279E-80, 
8.6308531493885E-81, 6.229995847528603E-81, 4.495694504135262E-81, 
3.243253025798605E-81, 2.339052003357703E-81, 1.686451782634698E-81, 
1.215578433370888E-81, 8.759252590139088E-82, 6.309952950866097E-82, 
4.544228894993541E-82, 3.271668436620351E-82, 2.354796475971685E-82, 
1.694386483489169E-82, 1.21883968933724E-82, 8.76507640155457E-83, 
6.301440403878396E-83, 4.528965056398001E-83, 3.254116643723168E-83, 
2.337449691801458E-83, 1.678519686028797E-83, 1.204996030974018E-83, 
8.64808211674066E-84, 6.204817387486512E-84, 4.450545195959239E-84, 
3.191335321842979E-84, 2.287740047437453E-84, 1.639516995453711E-84, 
1.174627554373105E-84, 8.413166017070883E-85, 6.024121842983811E-85, 
4.312241249595347E-85, 3.085939207470224E-85, 2.207733754206565E-85, 
1.578996051783445E-85, 1.128990807638999E-85, 8.070023202517892E-86, 
5.766790534856536E-86, 4.119728414983835E-86, 2.942239446257623E-86, 
2.100692367857371E-86, 1.499415233838247E-86, 1.06993254504717E-86, 
7.632483872505806E-87, 5.443151359976287E-87, 3.880698884092945E-87, 
2.765951111303324E-87, 1.970852275146886E-87, 1.403908056834277E-87, 
9.997658085693677E-88, 7.117589130342192E-88, 5.065736195384057E-88, 
3.604352404987927E-88, 2.563816537841984E-88, 1.823146907289233E-88, 
1.296078803133328E-88, 9.211199184543921E-89, 6.54449232224343E-89, 
4.648477947206502E-89, 3.300810645651296E-89, 2.343179029402279E-89, 
1.662897028193222E-89, 1.17977792959624E-89, 8.367779029389154E-90, 
5.933284382089464E-90, 4.205863291179439E-90, 2.980507137643919E-90, 
2.111544347937363E-90, 1.495496067647251E-90, 1.058876649494929E-90, 
7.49515287180471E-91, 5.303842847668372E-91, 3.752112302759258E-91, 
2.653603545791253E-91, 1.87616607447952E-91, 1.326116101916662E-91, 
9.370588105790228E-92, 6.619530372466214E-92, 4.674794679058756E-92, 
3.300448302070032E-92, 2.329476639518467E-92, 1.643685852405194E-92, 
1.159456093224894E-92, 8.176450849197584E-93, 5.764350592289625E-93, 
4.06266467156494E-93, 2.862507295956455E-93, 2.01630980316971E-93, 
1.419851602788556E-93, 9.995480721456538E-94, 7.034600709848244E-94, 
4.949373782078796E-94, 3.481257049763882E-94, 2.447918573848375E-94, 
1.720809839451313E-94, 1.209327229227621E-94, 8.496299648336403E-95, 
5.967478302596267E-95, 4.190124387470201E-95, 2.941291189386229E-95, 
2.064068796151272E-95, 1.448055992085406E-95, 1.015597405005246E-95, 
7.120866619698058E-96, 4.991363068215911E-96, 3.497683541674803E-96, 
2.450286730063609E-96, 1.716043708899176E-96, 1.201475242315181E-96, 
8.40961958219917E-97, 5.884545415045613E-97, 4.116465992736074E-97, 
2.878797984010337E-97, 2.012671482909052E-97, 1.406726414373828E-97, 
9.829273913264116E-98, 6.866070838847423E-98, 4.794796382632848E-98, 
3.347396099434893E-98, 2.336248795251553E-98, 1.630069507781232E-98, 
1.13702026596602E-98, 7.928761179735197E-99, 5.527357027151099E-99, 
3.852163828361656E-99, 2.683904328203255E-99, 1.869409147729085E-99, 
1.301717513234156E-99, 9.061585324387775E-100, 6.306184501102469E-100, 
4.387369525694181E-100, 3.051524134677952E-100, 2.121800061823851E-100, 
1.474915570666173E-100, 1.024955282054331E-100, 7.120618698914824E-101, 
4.945447530294613E-101, 3.433748815255618E-101, 2.383452510385698E-101, 
1.653939200498544E-101, 1.147380951489065E-101, 7.957392647967316E-102, 
5.517076417044925E-102, 3.824038616499781E-102, 2.649784762758718E-102, 
1.835582832517821E-102, 1.271195761910982E-102, 8.800876890481477E-103, 
6.091363502197509E-103, 4.214811430947597E-103, 2.915525496571662E-103, 
2.016186027899537E-103, 1.393860852592046E-103, 9.63348231440773E-104, 
6.656136995911369E-104, 4.597653777694413E-104, 3.174865568671055E-104, 
2.191742269097922E-104, 1.512616006004061E-104, 1.0436213768908E-104, 
7.198339204881014E-105, 4.963599325230759E-105, 3.421654806616673E-105, 
2.358037670342321E-105, 1.624577195932296E-105, 1.118935457112529E-105, 
7.704505849793059E-106, 5.303463847535561E-106, 3.649635623255443E-106, 
2.51081360135972E-106, 1.726849582907859E-106, 1.187325020453901E-106, 
8.161308644666992E-107, 5.608220211283468E-107, 3.852701729991874E-107, 
2.645944875144374E-107, 1.816650032148998E-107, 1.246914930282671E-107, 
8.556131589783129E-108, 5.869392620673829E-108, 4.025167385218183E-108, 
2.759623317275583E-108, 1.89143205309544E-108, 1.296005252429181E-108, 
8.877646702337798E-109, 6.079446392140028E-109, 4.162030790655475E-109, 
2.848535425268156E-109, 1.949005397963637E-109, 1.333151607258328E-109, 
9.116352746645013E-110, 6.23214837863185E-110, 4.259214685792545E-110, 
2.910022597356238E-110, 1.987642507131516E-110, 1.357235701424033E-110, 
9.265041297765279E-111, 6.322874033531529E-111, 4.313768018641277E-111, 
2.942213134230361E-111, 2.006164591076777E-111, 1.367521237913545E-111, 
9.319158262562758E-112, 6.348840019856217E-112, 4.324014780943953E-112, 
2.944116872237933E-112, 2.004001365618443E-112, 1.363691304975678E-112, 
9.277035563820213E-113, 6.309246041774171E-113, 4.289639535040025E-113, 
2.915675772469748E-113, 1.981220216987905E-113, 1.345864594930121E-113, 
9.139976542074418E-114, 6.205315814426247E-114, 4.211703542876932E-114, 
2.857766859447761E-114, 1.938522715656932E-114, 1.314589294744514E-114, 
8.912188974624264E-115, 6.040234245693584E-115, 4.092590346493057E-115, 
2.772157301831389E-115, 1.877208730527038E-115, 1.270815087118455E-115, 
8.600570514346997E-116, 5.81898532903236E-116, 3.935884693331975E-116, 
2.661414845048291E-116, 1.799110704496648E-116, 1.215845257295824E-116, 
8.214361812914501E-117, 5.548102259094701E-117, 3.746193386874126E-117, 
2.528779929337667E-117, 1.706502727649283E-117, 1.151272275130321E-117, 
7.764691663486735E-118, 5.235347247010611E-118, 3.528920551054961E-118, 
2.378008376454919E-118, 1.601990700510931E-118, 1.078901292506567E-118, 
7.264045381227085E-119, 4.889342911444213E-119, 3.290012589711863E-119, 
2.213195287634143E-119, 1.488390978297419E-119, 1.000666674867732E-119, 
6.725691779709306E-120, 4.519179607252496E-120, 3.035689585073081E-120, 
2.038591633384207E-120, 1.368605349290733E-120, 9.185469262335821E-121, 
6.163105234618953E-121, 4.134023481853597E-121, 2.772179938119329E-121, 
1.8584248983763E-121, 1.245500014528355E-121, 8.344831691835856E-122, 
5.589417500831682E-122, 3.742748487348076E-122, 2.505473777427607E-122, 
1.67673413453715E-122, 1.121795454765503E-122, 7.50305747737951E-123, 
5.016929502724047E-123, 3.35361228404064E-123, 2.241108248599035E-123, 
1.49722801933689E-123, 9.999728025328067E-124, 6.676726110860499E-124, 
4.456706824435653E-124, 2.973991361330465E-124, 1.983994538908858E-124, 
1.32317222410171E-124, 8.822007305314726E-125, 5.880220141776654E-125, 
3.918274818875865E-125, 2.610185285808891E-125, 1.738292746432769E-125, 
1.157309814826814E-125, 7.702850922062152E-126, 5.125408539429068E-126, 
3.409420930908242E-126, 2.267294309895927E-126, 1.507336841468086E-126, 
1.001815787866698E-126, 6.656417769687743E-127, 4.421487626195648E-127, 
2.936103766755962E-127, 1.949169157414261E-127, 1.293608338145576E-127, 
8.582844166258645E-128, 5.692916250179257E-128, 3.774970041452983E-128, 
2.502461309717116E-128, 1.658427086399895E-128, 1.098754184577259E-128, 
7.277460412872596E-129, 4.818749072590228E-129, 3.189803447941256E-129, 
2.110904989409679E-129, 1.396524638661099E-129, 9.236419968201591E-130, 
6.107084017102979E-130, 4.036818958256435E-130, 2.667594456465322E-130, 
1.762282367365099E-130, 1.163875007399103E-130, 7.684442168932552E-131, 
5.072166589684997E-131, 3.346954670627292E-131, 2.207909722184369E-131, 
1.456089109285347E-131, 9.599967363753974E-132, 6.327420854304096E-132, 
4.169258752760615E-132, 2.74641485962372E-132, 1.808625273671009E-132, 
1.19071058784169E-132, 7.836804287725544E-133, 5.156404195094014E-133, 
3.391798721576417E-133, 2.230428773660419E-133, 1.466296556186369E-133, 
9.63674660227352E-134, 6.331611136128216E-134, 4.15884945707994E-134, 
2.730909682348174E-134, 1.79273726793346E-134, 1.176524917456764E-134, 
7.718995468230847E-135, 5.062856488080706E-135, 3.319751864229921E-135, 
2.176159913402426E-135, 1.426103892885797E-135, 9.343007606731255E-136, 
6.119239028906796E-136, 4.006667585140757E-136, 2.622674460149169E-136, 
1.716250363996843E-136, 1.122773307088418E-136, 7.343087413709035E-137, 
4.801097219393879E-137, 3.13817736917391E-137, 2.050641096380508E-137, 
1.339605779714839E-137, 8.748620031267506E-138, 5.711856444046587E-138, 
3.728122727393153E-138, 2.432642590012748E-138, 1.586870916624314E-138, 
1.034856389625612E-138, 6.746736695392947E-139, 4.397264896186006E-139, 
2.865145548116811E-139, 1.866319278434552E-139, 1.215347269780559E-139, 
7.912068382969244E-140, 5.149379151788882E-140, 3.350386461942029E-140, 
2.179265468338376E-140, 1.41710022701339E-140, 9.212260218002982E-141, 
5.98696923021444E-141, 3.889762238587952E-141, 2.52647082329257E-141, 
1.640516945599451E-141, 1.064933177370155E-141, 6.910973028657725E-142, 
4.483645249334254E-142, 2.908027401583215E-142, 1.885562584732469E-142, 
1.222245977357868E-142, 7.920479776442591E-143, 5.131207426874134E-143, 
3.323248846952245E-143, 2.151698241506641E-143, 1.392756129967723E-143, 
9.012473580148786E-144, 5.830262970363213E-144, 3.770574247108483E-144, 
2.437822410182626E-144, 1.57569388244072E-144, 1.01816191819198E-144, 
6.577139710505645E-145, 4.247491352389036E-145, 2.742225460025816E-145, 
1.769901242341873E-145, 1.142010587934288E-145, 7.366589140991705E-146, 
4.75048541690734E-146, 3.062561040634423E-146, 1.973816350161551E-146, 
1.271756470917005E-146, 8.191744461082206E-147, 5.275019425548793E-147, 
3.395837956840065E-147, 2.185471171927336E-147, 1.406107211861775E-147, 
9.044134656383757E-148, 5.815550555219138E-148, 3.738435425476038E-148, 
2.402504250261888E-148, 1.543525042775024E-148, 9.913760674383856E-149, 
6.365586396082144E-149, 4.086143742682069E-149, 2.622189664565408E-149, 
1.68224714925708E-149, 1.078923718124727E-149, 6.917782768140998E-150, 
4.434231282287425E-150, 2.841482626847548E-150, 1.820316526031482E-150, 
1.165800032117884E-150, 7.46408298270203E-151, 4.777537462752569E-151, 
3.057081312909805E-151, 1.955622959399063E-151, 1.250657849243564E-151, 
7.99589621928522E-152, 5.110589930132515E-152, 3.265503644060863E-152, 
2.085953212872593E-152, 1.332091959921071E-152, 8.504310443465729E-153, 
5.427742790292611E-153, 3.4631768460289E-153, 2.209048935523683E-153, 
1.408676475999903E-153, 8.980333123817365E-154, 5.723331377325477E-154, 
3.646536778075943E-154, 2.322670298047967E-154, 1.479005528854007E-154, 
9.415151067080316E-155, 5.991837861716522E-155, 3.812133306209808E-155, 
2.424662926637074E-155, 1.541735714669213E-155, 9.800399125357434E-156, 
6.228061071512064E-156, 3.956737445583028E-156, 2.513025383752E-156, 
1.595628520994168E-156, 1.012842646586581E-156, 6.427283300456854E-157, 
4.077445665705679E-157, 2.585974266060546E-157, 1.639590875408826E-157, 
1.039254863221496E-157, 6.5854266672879E-158, 4.171776671971474E-158, 
2.642003972648185E-158, 1.672711967641291E-158, 1.058727382771682E-158, 
6.69919180339596E-159, 4.237756165691848E-159, 2.679938349893297E-159, 
1.69429461469065E-159, 1.070849273202738E-159, 6.766172286067762E-160, 
4.273985541137893E-160, 2.69897173990511E-160, 1.703879660917822E-160, 
1.07536226901688E-160, 6.784939274973568E-161, 4.279691181417522E-161, 
2.698697431761508E-161, 1.701262220439083E-161, 1.072169920768157E-161, 
6.75509219426102E-162, 4.254751926379906E-162, 2.679122112199809E-162, 
1.686498959302742E-162, 1.061341022453639E-162, 6.67727294928597E-163, 
4.199703350349344E-163, 2.640665598618662E-163, 1.659906055937259E-163, 
1.04310714666763E-163, 6.553142973254434E-164, 4.115718638754576E-164, 
2.584145869105571E-164, 1.622047942387408E-164, 1.017854410860294E-164, 
6.38532425010242E-165, 4.00456701732411E-165, 2.510750135030751E-165, 
1.573717386274644E-165, 9.861098835800906E-166, 6.177307237562391E-166, 
3.868551791121204E-166, 2.42199338494978E-166, 1.515907895118766E-166, 
9.4852329907389E-167, 5.933330206053048E-167, 3.710431023709726E-167, 
2.319666421250113E-167, 1.449779784308953E-167, 9.058449659651757E-168, 
5.658235816695387E-168, 3.533324669696301E-168, 2.205775877265953E-168, 
1.376621526063678E-168, 8.589009180653805E-169, 5.357311709094923E-169, 
3.340612521840733E-169, 2.082479016214141E-169, 1.297808173973337E-169, 
8.08566453996894E-170, 5.036122407404497E-170, 3.135827619571419E-170, 
1.952016259427355E-170, 1.214758728331351E-170, 7.557392432367593E-171, 
4.700339962614091E-171, 2.92254978099561E-171, 1.816644367324864E-171, 
1.128894271292012E-171, 7.013131403041705E-172, 4.355580441542432E-172, 
2.704303676371117E-172, 1.678573011628941E-172, 1.041598565219298E-172, 
6.461537515792442E-173, 4.007252688499036E-173, 2.484465385941692E-173, 
1.53990715143984E-173, 9.541825861910748E-174, 5.910766500745389E-174, 
3.660424787809089E-174, 2.266180721841726E-174, 1.402597187456789E-174, 
8.678541763930328E-175, 5.368289448256017E-175, 3.319712425833662E-175, 
2.052297795562371E-175, 1.268398352344218E-175, 7.83693666350154E-176, 
4.840746977598579E-176, 2.989191981719908E-176, 1.845315437995258E-176, 
1.138840238408704E-176, 7.02635964350088E-177, 4.333844569704134E-177, 
2.672339761646535E-177, 1.647348187914284E-177, 1.015206803718234E-177, 
6.254592593485366E-178, 3.852289557998699E-178, 2.371997422066902E-178, 
1.460107712808078E-178, 8.985266690492948E-179, 5.527801563238858E-179, 
3.399768250318899E-179, 2.090362382821395E-179, 1.284899761574729E-179, 
7.895730498944679E-180, 4.850547771608598E-180, 2.978959914316734E-180, 
1.829000974634005E-180, 1.122635109619677E-180, 6.88872282628355E-181, 
4.225851288825152E-181, 2.59158297576627E-181, 1.588881242082012E-181, 
9.738524689989306E-182, 5.967196163762913E-182, 3.655298725800183E-182, 
2.238467798776752E-182, 1.37042175695211E-182, 8.387510121992034E-183, 
5.132007586115567E-183, 3.13918523778465E-183, 1.919649852214414E-183, 
1.173552492376283E-183, 7.172299983319903E-184, 4.382175817944894E-184, 
2.676680765455901E-184, 1.634476901517663E-184, 9.977837517357311E-185, 
6.089329843520094E-185, 3.715164125444089E-185, 2.266010636594971E-185, 
1.381724058887788E-185, 8.422793097119465E-186, 5.132942319466296E-186, 
3.127174207036172E-186, 1.904641347287082E-186, 1.159711018397274E-186, 
7.059302668998342E-187, 4.295851572351539E-187, 2.613437863770366E-187, 
1.589463423522327E-187, 9.664165249873188E-188, 5.874265983849495E-188, 
3.569589860337732E-188, 2.168495298552469E-188, 1.316964612688177E-188, 
7.995860017488984E-189, 4.853239426074761E-189, 2.944921418923548E-189, 
1.786451232029734E-189, 1.083388150288708E-189, 6.568292136280098E-190, 
3.981037831449391E-190, 2.412212784632224E-190, 1.461202452895683E-190, 
8.848723794905414E-191, 5.357058094839797E-191, 3.242257807894359E-191, 
1.961752463177796E-191, 1.186632784548407E-191, 7.17569474202452E-192, 
4.337975002506164E-192, 2.621715813838444E-192, 1.584016359327641E-192, 
9.567736213975104E-193, 5.777423543511024E-193, 3.48766453530868E-193, 
2.104799294648961E-193, 1.269878473774343E-193, 7.659300736439615E-194, 
4.618400305327706E-194, 2.784001828271328E-194, 1.677733407342736E-194, 
1.01076892920622E-194, 6.087743007676027E-195, 3.665525418007329E-195, 
2.206437649222645E-195, 1.327769181252869E-195, 7.987833629053094E-196, 
4.804087856282747E-196, 2.888473426629584E-196, 1.736206262511369E-196, 
1.043301347587811E-196, 6.267491127347883E-197, 3.764031058537478E-197, 
2.259894583904041E-197, 1.356434034960425E-197, 8.139255672764738E-198, 
4.882544615505558E-198, 2.928082227389189E-198, 1.755479800954792E-198, 
1.052165182738213E-198, 6.304454855918281E-199, 3.776475544334544E-199, 
2.26152472488208E-199, 1.353915410159669E-199, 8.103212942032749E-200, 
4.848400673280173E-200, 2.90011544511956E-200, 1.734233628667357E-200, 
1.036753370478924E-200, 6.196106092536147E-201, 3.702011582441034E-201, 
2.211221462439803E-201, 1.320390072691565E-201, 7.882206400581085E-202, 
4.70401719021093E-202, 2.806503211814365E-202, 1.673931703600242E-202, 
9.98126245530441E-203, 5.949887675350155E-203, 3.5457459140674E-203, 
2.112428457002417E-203, 1.258148671205391E-203, 7.491304917907622E-204, 
4.459216358597068E-204, 2.653598268628151E-204, 1.57865550285668E-204, 
9.3889088777168E-205, 5.582367783088887E-205, 3.318160080560506E-205, 
1.971749735215405E-205, 1.171336882246282E-205, 6.956445981574562E-206, 
4.130176290217602E-206, 2.45146296366847E-206, 1.45464714899614E-206, 
8.629101194939692E-207, 5.11739621862801E-207, 3.033947819930745E-207, 
1.798219710262735E-207, 1.065498848948179E-207, 6.311590336232864E-208, 
3.737663575706857E-208, 2.212774733155693E-208, 1.309633545058413E-208, 
7.748862783552656E-209, 4.583547592184941E-209, 2.71044822677839E-209, 
1.602345205113641E-209, 9.469927493766703E-210, 5.595164042780415E-210, 
3.304871646746702E-210, 1.951515365771074E-210, 1.152033105931181E-210, 
6.798820137905849E-211, 4.011231752645196E-211, 2.36590645059976E-211, 
1.395060349896466E-211, 8.223639000333231E-212, 4.846304479665381E-212, 
2.855176583688348E-212, 1.6816316406864E-212, 9.90157745398031E-213, 
5.828456122122336E-213, 3.429875048884562E-213, 2.017802674597105E-213, 
1.186737638105276E-213, 6.977604831412769E-214, 4.101414436287104E-214, 
2.4101083940165E-214, 1.415843106010353E-214, 8.315135353860099E-215, 
4.882015509259976E-215, 2.865527807878964E-215, 1.681456910886122E-215, 
9.863760124011868E-216, 5.784620973875031E-216, 3.391430812683829E-216, 
1.987772440444362E-216, 1.164732033236744E-216, 6.82277466349343E-217, 
3.995505117002495E-217, 2.339149671381702E-217, 1.369052144293803E-217, 
8.010463185317306E-218, 4.685661702828284E-218, 2.740058879727462E-218, 
1.601859887542574E-218, 9.361917828337447E-219, 5.4699177118834E-219, 
3.195011548340214E-219, 1.865691120581175E-219, 1.08913755103661E-219, 
6.356256226846273E-220, 3.708478266337479E-220, 2.163046027773098E-220, 
1.261279874313118E-220, 7.352463123378832E-221, 4.284793828956093E-221, 
2.496334003541341E-221, 1.453955600459903E-221, 8.465941989142548E-222, 
4.928050222391782E-222, 2.867811864526775E-222, 1.668406549994025E-222, 
9.703509023732516E-223, 5.641978705956587E-223, 3.279516150176278E-223, 
1.905740702657046E-223, 1.107117082406468E-223, 6.429822768536558E-224, 
3.733190592443E-224, 2.166890848071046E-224, 1.257388899113474E-224, 
7.294204318763839E-225, 4.230210163374085E-225, 2.452571538640069E-225, 
1.421533652715156E-225, 8.236986045659173E-226, 4.771503431079819E-226, 
2.763235361521115E-226, 1.599765198179357E-226, 9.259133432710723E-227, 
5.357475254908654E-227, 3.099029710970173E-227, 1.792119820327181E-227, 
1.036058039515558E-227, 5.987932113478551E-228, 3.459755383442099E-228, 
1.998433330210901E-228, 1.154010290830159E-228, 6.662012568022466E-229, 
3.844828426216089E-229, 2.218320199116929E-229, 1.279520527512527E-229, 
7.378125502207685E-230, 4.253246737123391E-230, 2.451155577536651E-230, 
1.412202381712397E-230, 8.133898833433929E-231, 4.683562930146275E-231, 
2.696061048522961E-231, 1.551525274014309E-231, 8.926141347135523E-232, 
5.133864942629716E-232, 2.951894934540529E-232, 1.696809670860559E-232, 
9.750820155554327E-233, 5.601765759924962E-233, 3.21724791190858E-233, 
1.847225424608068E-233, 1.0603056020626E-233, 6.084403470189347E-234, 
3.490444586317909E-234, 2.001793546449802E-234, 1.14771384066321E-234, 
6.578452636297463E-235, 3.769551547374974E-235, 2.159391681484048E-235, 
1.236656164701672E-235, 7.080147686907272E-236, 4.052392252111541E-236, 
2.318763456496672E-236, 1.32640830317255E-236, 7.585318691350587E-237, 
4.336568891096191E-237, 2.478531757139082E-237, 1.41618029626229E-237, 
8.089439502950547E-238, 4.619491172105602E-238, 2.637215865691699E-238, 
1.505126660621864E-238, 8.587687845232845E-239, 4.898411722726229E-239, 
2.793252257896407E-239, 1.59235857208678E-239, 9.075016490351419E-240, 
5.170467573522819E-240, 2.945018722501834E-240, 1.676957857915576E-240, 
9.546234255796397E-241, 5.432726947232019E-241, 3.090861335744293E-241, 
1.757992517700698E-241, 9.996095142102043E-242, 5.682240357027371E-242, 
3.229123700755683E-242, 1.83453342516817E-242, 1.041939356908823E-242, 
5.916094818481507E-243, 3.35817775455391E-243, 1.905671805298589E-243, 
1.081106335874305E-243, 6.131469815138263E-244, 3.476455358176882E-244, 
1.970537035500745E-244, 1.11662778751675E-244, 6.325693535280722E-245, 
3.582479823357865E-245, 2.028314288471124E-245, 1.14805485795196E-245, 
6.496297824684397E-246, 3.674896495668806E-246, 2.078261519840323E-246, 
1.174981920075124E-246, 6.641070282047954E-247, 3.752501511876537E-247, 
2.119725307020635E-247, 1.197055276727229E-247, 6.758101963246326E-248, 
3.814267879616786E-248, 2.152155067331457E-248, 1.213980889218819E-248, 
6.845829257846467E-249, 3.859368090187063E-249, 2.175115223164962E-249, 
1.225530895242426E-249, 6.903068654103544E-250, 3.887192568591235E-250, 
2.18829493849956E-250, 1.231548714216788E-250, 6.92904331194157E-251, 
3.897363385785445E-251, 2.191515122506616E-251, 1.231952580150621E-251, 
6.923400609819608E-252, 3.889742801901653E-252, 2.184732479640161E-252, 
1.226737390589115E-252, 6.886220111395836E-253, 3.864436370462872E-253, 
2.168040478165505E-253, 1.21597481319459E-253, 6.818011700376932E-254, 
3.821790505796257E-254, 2.141667206846137E-254, 1.19981164687327E-254, 
6.719703944617487E-255, 3.762384591997357E-255, 2.105970188486868E-255, 
1.178466489834299E-255, 6.592623060647051E-256, 3.687017884706643E-256, 
2.06142831518318E-256, 1.152224820291854E-256, 6.438463144715677E-257, 
3.59669161959684E-257, 2.008631159552471E-257, 1.121432644540494E-257, 
6.259248604286703E-258, 3.492586887317918E-258, 1.948265995357544E-258, 
1.086488909906151E-258, 6.05728995413541E-259, 3.376038958018076E-259, 
1.881102926719617E-259, 1.047836914966301E-259, 5.8351343251492E-260, 
3.248508834867339E-260, 1.807978575152766E-260, 1.005954975192542E-260, 
5.595512165129863E-261, 3.111552881976677E-261, 1.729778806287484E-261, 
9.613466179842394E-262, 5.341281685446932E-262, 2.966791405891099E-262, 
1.647420992562587E-262, 9.14530586586973E-263, 5.075372624001302E-263, 
2.815877071092192E-263, 1.561836304365355E-263, 8.660309277480879E-264, 
4.800730854973864E-264, 2.660463999788127E-264, 1.473952500913581E-264, 
8.163674237257991E-265, 4.520265283067134E-265, 2.502178347165391E-265, 
1.38467765516458E-265, 7.660466064132324E-266, 4.236798320396083E-266, 
2.342591058874607E-266, 1.294885196403287E-266, 7.155535611781846E-267, 
3.953021065644087E-267, 2.183193412419937E-267, 1.205400592599878E-267, 
6.653446921257254E-268, 3.671454096699826E-268, 2.025375823594607E-268, 
1.116989925174557E-268, 6.158415806057265E-269, 3.39441455968133E-269, 
1.870410268818094E-269, 1.030350534676555E-269, 5.674260267281689E-270, 
3.123989999276904E-270, 1.719436539939141E-270, 9.461038403001771E-271, 
5.204363212160136E-271, 2.862019137712583E-271, 1.573452415335868E-271, 
8.647903622008117E-272, 4.751647538163675E-272, 2.610079581727127E-272, 
1.433307705085785E-272, 7.868669060324412E-273, 4.318563262262783E-273, 
2.369482226943994E-273, 1.299702013048361E-273, 7.127058064011556E-274, 
3.907086033530248E-274, 2.141271943816165E-274, 1.173185958528945E-274, 
6.425960719299229E-275, 3.518726077229483E-275, 1.926233974101989E-275, 
1.05416551746899E-275, 5.767462307359223E-276, 3.154546386745327E-276, 
1.724905345086957E-276, 9.4290907954169E-277, 5.152886421543409E-277, 
2.815188810044104E-277, 1.537590522220739E-277, 8.395567738513536E-278, 
4.582850187764037E-278, 2.500906570596444E-278, 1.364380469534998E-278, 
7.441315919401732E-279, 4.057328920701796E-279, 2.211601716874937E-279, 
1.2051742696669E-279, 6.565518314698894E-280, 3.575727543370469E-280, 
1.946866005240241E-280, 1.059702468754136E-280, 5.766443955434396E-281, 
3.136956184696939E-281, 1.70602378187526E-281, 9.275513520698194E-282, 
5.041585088941014E-282, 2.739507535812777E-282, 1.488175532577978E-282, 
8.081874194623207E-283, 4.387794504495373E-283, 2.381533775425939E-283, 
1.292240905907362E-283, 7.009814104380827E-284, 3.80141949216035E-284, 
2.060921151712666E-284, 1.117000176206529E-284, 6.05231321893324E-285, 
3.278429441111868E-285, 1.775360616313844E-285, 9.611332892798536E-286, 
5.201839619802572E-286, 2.81453465477328E-286, 1.522413229593639E-286, 
8.232558163347654E-287, 4.450546866253777E-287, 2.405294539191363E-287, 
1.299569381004999E-287, 7.019513233976116E-288, 3.790450665460069E-288, 
2.046213885173827E-288, 1.10430118171287E-288, 5.957998370397905E-289, 
3.213583286171286E-289, 1.732826494392597E-289, 9.3410767821872E-290, 
5.034022474178913E-290, 2.712125032223872E-290, 1.460765879675108E-290, 
7.86552797620351E-291, 4.234006321833627E-291, 2.278512866326453E-291, 
1.225823189037077E-291, 6.592961617242349E-292, 3.54494606931686E-292, 
1.905526930894064E-292, 1.02399285477871E-292, 5.501170951977886E-293, 
2.954539079875257E-293, 1.58635624426015E-293, 8.515067501465748E-294, 
4.569323011097717E-294, 2.451274910628407E-294, 1.314645256618724E-294, 
7.048578470381115E-295, 3.778077862064912E-295, 2.024494852761094E-295, 
1.084523235135706E-295, 5.808145122400004E-296, 3.109656902847265E-296, 
1.664423775905513E-296, 8.906186207061829E-297, 4.764266622503603E-297, 
2.547867124081566E-297, 1.362178199421769E-297, 7.280605719039005E-298, 
3.89025024984365E-298, 2.078088356686665E-298, 1.109754526323635E-298, 
5.924698989661074E-299, 3.162147387930998E-299, 1.687230364197034E-299, 
9.000012564282747E-300, 4.799415074887078E-300, 2.558644639199862E-300, 
1.363666283146249E-300, 7.265787715906903E-301, 3.870203334073045E-301, 
2.060920974763834E-301, 1.097148409256114E-301, 5.839099846593789E-302, 
3.106725728266049E-302, 1.652480785554776E-302, 8.787117179302337E-303, 
4.671247903781722E-303, 2.482538062505743E-303, 1.318971528517723E-303, 
7.005698363446939E-304, 3.720008736300985E-304, 1.97475399150702E-304, 
1.047993428396571E-304, 5.5600748770051E-305, 2.949030378460402E-305, 
1.563703401869066E-305, 8.289074588113629E-306, 4.39272736444581E-306, 
2.327228303691134E-306, 1.232594634358371E-306, 6.526466318164563E-307, 
3.45471700817166E-307, 1.828198749013023E-307, 9.67187984173462E-308, 
5.115345081321503E-308, 2.704677842551552E-308, 1.429659833408728E-308, 
7.55486064211914E-309, 3.99113825719795E-309, 2.107869226471505E-309, 
1.11292816731463E-309, 5.87444968065565E-310, 3.09987248017847E-310, 
1.63529857825896E-310, 8.6243601326438E-311, 4.5470874273187E-311, 
2.396714626259E-311, 1.2629203228555E-311, 6.652918223237E-312, 
3.503684803018E-312, 1.844652174778E-312, 9.7091355649E-313, 
5.1088513145E-313, 2.68746357585E-313, 1.4133136025E-313, 7.430381682E-314, 
3.9053534287E-314, 2.0520417957E-314, 1.0779253965E-314, 5.660670198E-315, 
2.97182787E-315, 1.55975398E-315, 8.1839923E-316, 4.29290208E-316, 
2.25119655E-316, 1.1801916E-316, 6.185407E-317, 3.240863E-317, 1.6975786E-317, 
8.889468E-318, 4.6537E-318, 2.43555E-318, 1.274306E-318, 6.6654E-319, 
3.48546E-319, 1.82208E-319, 9.5228E-320, 4.975E-320, 2.599E-320, 1.357E-320, 
7.087E-321, 3.7E-321, 1.93E-321, 1.01E-321, 5.26E-322, 2.7E-322, 1.45E-322, 
7.6E-323, 4.0E-323, 2.0E-323, 9.0E-324, 4.0E-324, 0.0, 0.0, 0.0, 0.0, 0.0, 
0.0, 0.0, 0.0, 0.0, 0.0, 0.0, 0.0, 0.0, 0.0, 0.0, 0.0, 0.0, 0.0, 0.0, 0.0, 
0.0, 0.0, 0.0, 0.0, 0.0, 0.0, 0.0, 0.0, 0.0, 0.0, 0.0, 0.0, 0.0, 0.0, 0.0, 
0.0, 0.0, 0.0, 0.0, 0.0, 0.0, 0.0, 0.0, 0.0, 0.0, 0.0, 0.0, 0.0, 0.0, 0.0, 
0.0, 0.0, 0.0, 0.0, 0.0, 0.0, 0.0, 0.0, 0.0, 0.0, 0.0, 0.0, 0.0, 0.0, 0.0, 
0.0, 0.0, 0.0, 0.0, 0.0, 0.0, 0.0, 0.0, 0.0, 0.0, 0.0, 0.0, 0.0, 0.0, 0.0, 
0.0, 0.0, 0.0, 0.0, 0.0, 0.0, 0.0, 0.0, 0.0, 0.0, 0.0, 0.0, 0.0, 0.0, 0.0, 
0.0, 0.0, 0.0, 0.0, 0.0, 0.0, 0.0, 0.0, 0.0, 0.0, 0.0, 0.0, 0.0, 0.0, 0.0, 
0.0, 0.0, 0.0, 0.0, 0.0, 0.0, 0.0, 0.0, 0.0, 0.0, 0.0, 0.0, 0.0, 0.0, 0.0, 
0.0, 0.0, 0.0, 0.0, 0.0, 0.0, 0.0, 0.0, 0.0, 0.0, 0.0, 0.0, 0.0, 0.0, 0.0, 
0.0, 0.0, 0.0, 0.0, 0.0, 0.0, 0.0, 0.0, 0.0, 0.0, 0.0, 0.0, 0.0, 0.0, 0.0, 
0.0, 0.0, 0.0, 0.0, 0.0, 0.0, 0.0, 0.0, 0.0, 0.0, 0.0, 0.0, 0.0, 0.0, 0.0, 
0.0, 0.0, 0.0, 0.0, 0.0, 0.0, 0.0, 0.0, 0.0, 0.0, 0.0, 0.0, 0.0, 0.0, 0.0, 
0.0, 0.0, 0.0, 0.0, 0.0, 0.0, 0.0, 0.0, 0.0, 0.0, 0.0, 0.0, 0.0, 0.0, 0.0, 
0.0, 0.0, 0.0, 0.0, 0.0, 0.0, 0.0, 0.0, 0.0, 0.0, 0.0, 0.0, 0.0, 0.0, 0.0, 
0.0, 0.0, 0.0, 0.0, 0.0, 0.0, 0.0, 0.0, 0.0, 0.0, 0.0, 0.0, 0.0, 0.0, 0.0, 
0.0, 0.0, 0.0, 0.0, 0.0, 0.0, 0.0, 0.0, 0.0, 0.0, 0.0, 0.0, 0.0, 0.0, 0.0, 
0.0, 0.0, 0.0, 0.0, 0.0, 0.0, 0.0, 0.0, 0.0, 0.0, 0.0, 0.0, 0.0, 0.0, 0.0, 
0.0, 0.0, 0.0, 0.0, 0.0, 0.0, 0.0, 0.0, 0.0, 0.0, 0.0, 0.0, 0.0, 0.0, 0.0, 
0.0, 0.0, 0.0, 0.0, 0.0, 0.0, 0.0, 0.0, 0.0, 0.0, 0.0, 0.0, 0.0, 0.0, 0.0, 
0.0, 0.0, 0.0, 0.0, 0.0, 0.0, 0.0, 0.0, 0.0, 0.0, 0.0, 0.0, 0.0, 0.0, 0.0, 
0.0, 0.0, 0.0, 0.0, 0.0, 0.0, 0.0, 0.0, 0.0, 0.0, 0.0, 0.0, 0.0, 0.0, 0.0, 
0.0, 0.0, 0.0, 0.0, 0.0, 0.0, 0.0, 0.0, 0.0, 0.0, 0.0, 0.0, 0.0, 0.0, 0.0, 
0.0, 0.0, 0.0, 0.0, 0.0, 0.0, 0.0, 0.0, 0.0, 0.0, 0.0, 0.0, 0.0, 0.0, 0.0, 
0.0, 0.0, 0.0, 0.0, 0.0, 0.0, 0.0, 0.0, 0.0, 0.0, 0.0, 0.0, 0.0, 0.0, 0.0, 
0.0, 0.0, 0.0, 0.0, 0.0, 0.0, 0.0, 0.0, 0.0, 0.0, 0.0, 0.0, 0.0, 0.0, 0.0, 
0.0, 0.0, 0.0, 0.0, 0.0, 0.0, 0.0, 0.0, 0.0, 0.0, 0.0, 0.0, 0.0, 0.0, 0.0, 
0.0, 0.0, 0.0, 0.0, 0.0, 0.0, 0.0, 0.0, 0.0, 0.0, 0.0, 0.0, 0.0, 0.0, 0.0, 
0.0, 0.0, 0.0, 0.0, 0.0, 0.0, 0.0, 0.0, 0.0, 0.0, 0.0, 0.0, 0.0, 0.0, 0.0, 
0.0, 0.0, 0.0, 0.0, 0.0, 0.0, 0.0, 0.0, 0.0, 0.0, 0.0, 0.0, 0.0, 0.0, 0.0, 
0.0, 0.0, 0.0, 0.0, 0.0, 0.0, 0.0, 0.0, 0.0, 0.0, 0.0, 0.0, 0.0, 0.0, 0.0, 
0.0, 0.0, 0.0, 0.0, 0.0, 0.0, 0.0, 0.0, 0.0, 0.0, 0.0, 0.0, 0.0, 0.0, 0.0, 
0.0, 0.0, 0.0, 0.0, 0.0, 0.0, 0.0, 0.0, 0.0, 0.0, 0.0, 0.0, 0.0, 0.0, 0.0, 
0.0, 0.0, 0.0, 0.0, 0.0, 0.0, 0.0, 0.0, 0.0, 0.0, 0.0, 0.0, 0.0, 0.0, 0.0, 
0.0, 0.0, 0.0, 0.0, 0.0, 0.0, 0.0, 0.0, 0.0, 0.0, 0.0, 0.0, 0.0, 0.0, 0.0, 
0.0, 0.0, 0.0, 0.0, 0.0, 0.0, 0.0, 0.0, 0.0, 0.0, 0.0, 0.0, 0.0, 0.0, 0.0, 
0.0, 0.0, 0.0, 0.0, 0.0, 0.0, 0.0, 0.0, 0.0, 0.0, 0.0, 0.0, 0.0, 0.0, 0.0, 
0.0, 0.0, 0.0, 0.0, 0.0, 0.0, 0.0, 0.0, 0.0, 0.0, 0.0, 0.0, 0.0, 0.0, 0.0, 
0.0, 0.0, 0.0, 0.0, 0.0, 0.0, 0.0, 0.0, 0.0, 0.0, 0.0, 0.0, 0.0, 0.0, 0.0, 
0.0, 0.0, 0.0, 0.0, 0.0, 0.0, 0.0, 0.0, 0.0, 0.0, 0.0, 0.0, 0.0, 0.0, 0.0, 
0.0, 0.0, 0.0, 0.0, 0.0, 0.0, 0.0, 0.0, 0.0, 0.0, 0.0, 0.0, 0.0, 0.0, 0.0, 
0.0, 0.0, 0.0, 0.0, 0.0, 0.0, 0.0, 0.0, 0.0, 0.0, 0.0, 0.0, 0.0, 0.0, 0.0, 
0.0, 0.0, 0.0, 0.0, 0.0, 0.0, 0.0, 0.0, 0.0, 0.0, 0.0, 0.0, 0.0, 0.0, 0.0, 
0.0, 0.0, 0.0, 0.0, 0.0, 0.0, 0.0, 0.0, 0.0, 0.0, 0.0, 0.0, 0.0, 0.0, 0.0, 
0.0, 0.0, 0.0, 0.0, 0.0, 0.0, 0.0, 0.0, 0.0, 0.0, 0.0, 0.0, 0.0, 0.0, 0.0, 
0.0, 0.0, 0.0, 0.0, 0.0, 0.0, 0.0, 0.0, 0.0, 0.0, 0.0, 0.0, 0.0, 0.0, 0.0, 
0.0, 0.0, 0.0, 0.0, 0.0, 0.0, 0.0, 0.0, 0.0, 0.0, 0.0, 0.0, 0.0, 0.0, 0.0, 
0.0, 0.0, 0.0, 0.0, 0.0, 0.0, 0.0, 0.0, 0.0, 0.0, 0.0, 0.0, 0.0, 0.0, 0.0, 
0.0, 0.0, 0.0, 0.0, 0.0, 0.0, 0.0, 0.0, 0.0, 0.0, 0.0, 0.0, 0.0, 0.0, 0.0, 
0.0, 0.0, 0.0, 0.0], [1.0, 1.288, 1.576, 1.864, 2.152, 2.440000000000001, 
2.728000000000001, 3.016, 3.304, 3.592, 3.880000000000001, 4.168, 
4.456000000000001, 4.744, 5.032, 5.32, 5.608000000000001, 5.896000000000001, 
6.184, 6.472, 6.760000000000001, 7.048, 7.336, 7.624000000000001, 
7.912000000000002, 8.2, 8.488, 8.776, 9.064, 9.352, 9.64, 9.928, 10.216, 
10.504, 10.792, 11.08, 11.368, 11.656, 11.944, 12.232, 12.52, 12.808, 13.096, 
13.384, 13.672, 13.96, 14.248, 14.536, 14.824, 15.112, 15.4, 15.688, 15.976, 
16.264, 16.552, 16.84, 17.128, 17.416, 17.704, 17.992, 18.28, 18.568, 18.856, 
19.144, 19.432, 19.72, 20.008, 20.296, 20.584, 20.872, 21.16, 21.448, 21.736, 
22.024, 22.312, 22.6, 22.888, 23.176, 23.464, 23.752, 24.04, 24.328, 24.616, 
24.90400000000001, 25.192, 25.48, 25.768, 26.05600000000001, 26.344, 26.632, 
26.92, 27.208, 27.49600000000001, 27.784, 28.072, 28.36, 28.64800000000001, 
28.93600000000001, 29.22400000000001, 29.512, 29.8, 30.08800000000001, 30.376, 
30.664, 30.952, 31.24, 31.528, 31.81600000000001, 32.104, 32.392, 32.68, 
32.968, 33.256, 33.54400000000001, 33.832, 34.12, 34.408, 34.69600000000001, 
34.984, 35.27200000000001, 35.56, 35.84800000000001, 36.136, 36.424, 36.712, 
37.0, 37.28800000000001, 37.576, 37.86400000000001, 38.152, 38.44, 
38.72800000000001, 39.01600000000001, 39.304, 39.592, 39.88, 
40.16800000000001, 40.456, 40.744, 41.03200000000001, 41.32, 
41.60800000000001, 41.896, 42.18400000000001, 42.472, 42.76, 43.048, 43.336, 
43.624, 43.912, 44.2, 44.48800000000001, 44.776, 45.064, 45.35200000000001, 
45.64, 45.92800000000001, 46.216, 46.504, 46.792, 47.08000000000001, 47.368, 
47.656, 47.944, 48.23200000000001, 48.52, 48.80800000000001, 49.096, 49.384, 
49.67200000000001, 49.96, 50.24800000000001, 50.536, 50.82400000000001, 
51.11200000000001, 51.4, 51.688, 51.976, 52.264, 52.55200000000001, 52.84, 
53.128, 53.41600000000001, 53.70400000000001, 53.99200000000001, 54.28, 
54.56800000000001, 54.856, 55.144, 55.432, 55.72000000000001, 
56.00800000000001, 56.29600000000002, 56.584, 56.87200000000001, 
57.16000000000001, 57.44800000000001, 57.73600000000001, 58.024, 
58.31200000000001, 58.6, 58.88800000000001, 59.17600000000001, 59.464, 59.752, 
60.04, 60.328, 60.61600000000001, 60.904, 61.192, 61.48000000000001, 
61.76800000000001, 62.05600000000001, 62.34400000000001, 62.63200000000001, 
62.92, 63.20800000000001, 63.49600000000001, 63.78400000000001, 64.072, 64.36, 
64.648, 64.936, 65.224, 65.512, 65.8, 66.08800000000001, 66.376, 66.664, 
66.952, 67.24, 67.528, 67.816, 68.10400000000002, 68.39200000000001, 68.68, 
68.968, 69.25600000000002, 69.54400000000001, 69.83200000000001, 70.12, 
70.408, 70.69600000000001, 70.98400000000001, 71.272, 71.56, 71.848, 
72.13600000000001, 72.424, 72.712, 73.0, 73.288, 73.57600000000001, 
73.86399999999999, 74.152, 74.44000000000001, 74.72800000000001, 
75.01600000000002, 75.304, 75.59200000000002, 75.88, 76.168, 
76.45600000000002, 76.744, 77.03200000000001, 77.32, 77.608, 
77.89600000000002, 78.184, 78.47200000000001, 78.75999999999999, 79.048, 
79.33600000000001, 79.624, 79.912, 80.19999999999999, 80.488, 80.776, 
81.06400000000001, 81.35200000000002, 81.64, 81.92800000000001, 
82.21600000000001, 82.504, 82.792, 83.08, 83.36800000000001, 83.656, 83.944, 
84.232, 84.52, 84.808, 85.096, 85.384, 85.672, 85.96, 86.248, 86.536, 86.824, 
87.112, 87.4, 87.688, 87.97600000000002, 88.26400000000001, 88.552, 88.84, 
89.128, 89.41600000000001, 89.70400000000001, 89.992, 90.28, 90.568, 
90.85600000000001, 91.144, 91.432, 91.72, 92.008, 92.296, 92.584, 92.872, 
93.16000000000001, 93.448, 93.736, 94.024, 94.312, 94.60000000000001, 94.888, 
95.17600000000002, 95.46400000000001, 95.752, 96.04, 96.328, 
96.61600000000002, 96.90400000000001, 97.192, 97.48, 97.768, 
98.05600000000001, 98.34400000000001, 98.63199999999999, 98.92, 99.208, 
99.49600000000001, 99.784, 100.072, 100.36, 100.648, 100.936, 101.224, 
101.512, 101.8, 102.088, 102.376, 102.664, 102.952, 103.24, 103.528, 103.816, 
104.104, 104.392, 104.68, 104.968, 105.256, 105.544, 105.832, 106.12, 106.408, 
106.696, 106.984, 107.272, 107.56, 107.848, 108.136, 108.424, 108.712, 109.0, 
109.288, 109.576, 109.864, 110.152, 110.44, 110.728, 111.016, 111.304, 
111.592, 111.88, 112.168, 112.456, 112.744, 113.032, 113.32, 113.608, 113.896, 
114.184, 114.472, 114.76, 115.048, 115.336, 115.624, 115.912, 116.2, 116.488, 
116.776, 117.064, 117.352, 117.64, 117.928, 118.216, 118.504, 118.792, 119.08, 
119.368, 119.656, 119.944, 120.232, 120.52, 120.808, 121.096, 121.384, 
121.672, 121.96, 122.248, 122.536, 122.824, 123.112, 123.4, 123.688, 123.976, 
124.264, 124.552, 124.84, 125.128, 125.416, 125.704, 125.992, 126.28, 126.568, 
126.856, 127.144, 127.432, 127.72, 128.008, 128.296, 128.584, 128.872, 129.16, 
129.448, 129.736, 130.024, 130.3120000000001, 130.6, 130.888, 131.176, 
131.464, 131.752, 132.04, 132.328, 132.616, 132.904, 133.192, 133.48, 133.768, 
134.056, 134.344, 134.632, 134.92, 135.208, 135.496, 135.784, 136.072, 136.36, 
136.648, 136.936, 137.224, 137.512, 137.8, 138.088, 138.376, 138.664, 138.952, 
139.24, 139.528, 139.816, 140.104, 140.392, 140.68, 140.968, 141.256, 141.544, 
141.832, 142.12, 142.408, 142.696, 142.984, 143.272, 143.56, 143.848, 144.136, 
144.424, 144.712, 145.0, 145.288, 145.576, 145.864, 146.152, 146.44, 146.728, 
147.016, 147.304, 147.592, 147.88, 148.168, 148.456, 148.744, 
149.0320000000001, 149.32, 149.608, 149.896, 150.184, 150.472, 150.76, 
151.048, 151.336, 151.624, 151.912, 152.2, 152.488, 152.776, 153.064, 153.352, 
153.64, 153.928, 154.216, 154.504, 154.792, 155.08, 155.368, 155.656, 155.944, 
156.232, 156.52, 156.808, 157.096, 157.384, 157.672, 157.96, 158.248, 158.536, 
158.824, 159.112, 159.4, 159.688, 159.976, 160.264, 160.552, 160.84, 161.128, 
161.416, 161.7040000000001, 161.992, 162.28, 162.568, 162.856, 163.144, 
163.432, 163.72, 164.008, 164.296, 164.584, 164.872, 165.16, 165.448, 165.736, 
166.024, 166.312, 166.6, 166.888, 167.176, 167.464, 167.7520000000001, 168.04, 
168.328, 168.616, 168.904, 169.192, 169.48, 169.768, 170.056, 170.344, 
170.632, 170.92, 171.208, 171.496, 171.784, 172.072, 172.36, 172.648, 172.936, 
173.224, 173.512, 173.8, 174.088, 174.376, 174.664, 174.952, 175.24, 175.528, 
175.816, 176.104, 176.392, 176.68, 176.968, 177.256, 177.544, 177.832, 178.12, 
178.408, 178.696, 178.984, 179.272, 179.56, 179.848, 180.136, 180.424, 
180.712, 181.0, 181.288, 181.576, 181.864, 182.152, 182.44, 182.728, 183.016, 
183.304, 183.592, 183.88, 184.168, 184.456, 184.744, 185.032, 185.32, 185.608, 
185.896, 186.184, 186.472, 186.76, 187.048, 187.336, 187.624, 187.912, 188.2, 
188.488, 188.776, 189.064, 189.352, 189.64, 189.928, 190.216, 190.504, 
190.792, 191.08, 191.368, 191.656, 191.944, 192.232, 192.52, 192.808, 193.096, 
193.384, 193.672, 193.96, 194.2480000000001, 194.536, 194.824, 195.112, 195.4, 
195.688, 195.976, 196.264, 196.552, 196.84, 197.1280000000001, 197.416, 
197.704, 197.992, 198.28, 198.568, 198.856, 199.144, 199.432, 199.72, 
200.0080000000001, 200.296, 200.584, 200.872, 201.16, 201.4480000000001, 
201.736, 202.024, 202.312, 202.6, 202.888, 203.176, 203.464, 203.752, 204.04, 
204.328, 204.616, 204.904, 205.192, 205.48, 205.768, 206.056, 206.344, 
206.632, 206.92, 207.208, 207.496, 207.784, 208.072, 208.36, 208.648, 208.936, 
209.224, 209.512, 209.8, 210.088, 210.376, 210.664, 210.952, 211.24, 211.528, 
211.816, 212.104, 212.392, 212.68, 212.9680000000001, 213.256, 213.544, 
213.832, 214.12, 214.408, 214.696, 214.984, 215.272, 215.56, 
215.8480000000001, 216.136, 216.424, 216.712, 217.0, 217.288, 217.576, 
217.864, 218.152, 218.44, 218.728, 219.016, 219.304, 219.592, 219.88, 220.168, 
220.456, 220.744, 221.0320000000001, 221.32, 221.608, 221.896, 
222.1840000000001, 222.472, 222.76, 223.048, 223.336, 223.624, 223.912, 224.2, 
224.488, 224.776, 225.064, 225.352, 225.64, 225.928, 226.216, 
226.5040000000001, 226.792, 227.08, 227.368, 227.656, 227.9440000000001, 
228.232, 228.52, 228.8080000000001, 229.096, 229.384, 229.672, 229.96, 
230.248, 230.536, 230.824, 231.112, 231.4, 231.688, 231.976, 
232.2640000000001, 232.552, 232.84, 233.1280000000001, 233.416, 
233.7040000000001, 233.992, 234.28, 234.5680000000001, 234.856, 235.144, 
235.4320000000001, 235.72, 236.008, 236.296, 236.5840000000001, 236.872, 
237.16, 237.448, 237.736, 238.024, 238.312, 238.6, 238.888, 239.176, 239.464, 
239.7520000000001, 240.04, 240.328, 240.616, 240.9040000000001, 241.192, 
241.48, 241.768, 242.056, 242.3440000000001, 242.632, 242.92, 243.208, 
243.496, 243.784, 244.072, 244.36, 244.648, 244.936, 245.224, 245.512, 245.8, 
246.088, 246.376, 246.6640000000001, 246.952, 247.24, 247.5280000000001, 
247.816, 248.1040000000001, 248.392, 248.68, 248.968, 249.256, 249.544, 
249.832, 250.12, 250.408, 250.696, 250.9840000000001, 251.272, 251.56, 
251.8480000000001, 252.136, 252.424, 252.712, 253.0, 253.2880000000001, 
253.576, 253.864, 254.1520000000001, 254.44, 254.728, 255.016, 
255.3040000000001, 255.592, 255.88, 256.168, 256.456, 256.744, 257.032, 
257.32, 257.6080000000001, 257.896, 258.184, 258.4720000000001, 258.76, 
259.048, 259.336, 259.6240000000001, 259.9120000000001, 260.2, 260.488, 
260.776, 261.064, 261.3520000000001, 261.6400000000001, 261.9280000000001, 
262.216, 262.504, 262.792, 263.08, 263.3680000000001, 263.656, 263.944, 
264.232, 264.52, 264.808, 265.096, 265.384, 265.672, 265.96, 
266.2480000000001, 266.536, 266.824, 267.112, 267.4000000000001, 
267.6880000000001, 267.976, 268.264, 268.552, 268.84, 269.1280000000001, 
269.4160000000001, 269.7040000000001, 269.992, 270.28, 270.5680000000001, 
270.856, 271.144, 271.432, 271.72, 272.0080000000001, 272.296, 272.584, 
272.872, 273.16, 273.4480000000001, 273.736, 274.0240000000001, 274.312, 
274.6, 274.888, 275.1760000000001, 275.4640000000001, 275.752, 276.04, 
276.3280000000001, 276.616, 276.904, 277.1920000000001, 277.48, 
277.7680000000001, 278.056, 278.3440000000001, 278.632, 278.92, 279.208, 
279.4960000000001, 279.7840000000001, 280.072, 280.36, 280.648, 
280.9360000000001, 281.2240000000001, 281.512, 281.8, 282.088, 282.376, 
282.664, 282.952, 283.24, 283.528, 283.8160000000001, 284.1040000000001, 
284.392, 284.68, 284.968, 285.2560000000001, 285.5440000000001, 285.832, 
286.12, 286.408, 286.696, 286.9840000000001, 287.2720000000001, 287.56, 
287.848, 288.136, 288.4240000000001, 288.712, 289.0, 289.2880000000001, 
289.576, 289.8640000000001, 290.152, 290.44, 290.728, 291.016, 
291.3040000000001, 291.5920000000001, 291.88, 292.168, 292.456, 292.744, 
293.0320000000001, 293.32, 293.608, 293.896, 294.184, 294.472, 
294.7600000000001, 295.0480000000001, 295.336, 295.624, 295.9120000000001, 
296.2, 296.488, 296.776, 297.0640000000001, 297.3520000000001, 297.64, 
297.928, 298.216, 298.504, 298.7920000000001, 299.08, 299.3680000000001, 
299.656, 299.944, 300.232, 300.52, 300.8080000000001, 301.096, 301.384, 
301.672, 301.96, 302.248, 302.536, 302.8240000000001, 303.112, 303.4, 
303.6880000000001, 303.976, 304.264, 304.552, 304.8400000000001, 
305.1280000000001, 305.416, 305.704, 305.992, 306.28, 306.5680000000001, 
306.8560000000001, 307.1440000000001, 307.432, 307.72, 308.008, 308.296, 
308.5840000000001, 308.872, 309.16, 309.4480000000001, 309.736, 310.024, 
310.312, 310.6, 310.8880000000001, 311.176, 311.4640000000001, 311.752, 
312.04, 312.3280000000001, 312.6160000000001, 312.9040000000001, 313.192, 
313.48, 313.7680000000001, 314.056, 314.3440000000001, 314.6320000000001, 
314.92, 315.208, 315.496, 315.7840000000001, 316.072, 316.36, 316.648, 
316.9360000000001, 317.2240000000001, 317.512, 317.8, 318.088, 
318.3760000000001, 318.6640000000001, 318.952, 319.24, 319.528, 319.816, 
320.104, 320.3920000000001, 320.68, 320.968, 321.2560000000001, 
321.5440000000001, 321.832, 322.12, 322.4080000000001, 322.696, 
322.9840000000001, 323.272, 323.56, 323.848, 324.136, 324.4240000000001, 
324.7120000000001, 325.0, 325.288, 325.576, 325.8640000000001, 
326.1520000000001, 326.44, 326.728, 327.016, 327.3040000000001, 327.592, 
327.88, 328.168, 328.456, 328.744, 329.0320000000001, 329.32, 329.608, 
329.896, 330.184, 330.4720000000001, 330.76, 331.048, 331.336, 331.624, 
331.9120000000001, 332.2000000000001, 332.4880000000001, 332.776, 333.064, 
333.3520000000001, 333.64, 333.928, 334.216, 334.5040000000001, 
334.7920000000001, 335.08, 335.368, 335.656, 335.944, 336.232, 336.52, 
336.8080000000001, 337.096, 337.384, 337.672, 337.9600000000001, 
338.2480000000001, 338.536, 338.824, 339.112, 339.4, 339.688, 
339.9760000000001, 340.2640000000001, 340.552, 340.84, 341.1280000000001, 
341.416, 341.704, 341.992, 342.2800000000001, 342.5680000000001, 342.856, 
343.144, 343.432, 343.72, 344.0080000000001, 344.296, 344.5840000000001, 
344.872, 345.16, 345.448, 345.736, 346.0240000000001, 346.312, 346.6, 
346.8880000000001, 347.176, 347.464, 347.752, 348.04, 348.3280000000001, 
348.616, 348.9040000000001, 349.192, 349.48, 349.7680000000001, 
350.0560000000001, 350.3440000000001, 350.632, 350.92, 351.208, 351.496, 
351.7840000000001, 352.0720000000001, 352.36, 352.648, 352.936, 353.224, 
353.512, 353.8, 354.088, 354.3760000000001, 354.6640000000001, 354.952, 
355.24, 355.528, 355.8160000000001, 356.1040000000001, 356.392, 356.68, 
356.968, 357.256, 357.5440000000001, 357.8320000000001, 358.12, 358.408, 
358.696, 358.9840000000001, 359.272, 359.56, 359.8480000000001, 360.136, 
360.4240000000001, 360.712, 361.0, 361.288, 361.576, 361.8640000000001, 
362.1520000000001, 362.44, 362.728, 363.016, 363.3040000000001, 
363.5920000000001, 363.88, 364.168, 364.456, 364.744, 365.032, 365.32, 
365.6080000000001, 365.896, 366.184, 366.4720000000001, 366.76, 367.048, 
367.336, 367.6240000000001, 367.9120000000001, 368.2, 368.488, 368.776, 
369.064, 369.3520000000001, 369.6400000000001, 369.928, 370.2160000000001, 
370.504, 370.792, 371.08, 371.368, 371.6560000000001, 371.944, 372.232, 
372.52, 372.808, 373.096, 373.384, 373.672, 373.96, 374.248, 
374.5360000000001, 374.824, 375.112, 375.4000000000001, 375.688, 
375.9760000000001, 376.264, 376.552, 376.84, 377.128, 377.4160000000001, 
377.7040000000001, 377.992, 378.28, 378.568, 378.8560000000001, 379.144, 
379.432, 379.72, 380.008, 380.2960000000001, 380.584, 380.872, 381.16, 
381.448, 381.7360000000001, 382.0240000000001, 382.312, 382.6, 382.888, 
383.1760000000001, 383.4640000000001, 383.752, 384.04, 384.328, 
384.6160000000001, 384.904, 385.1920000000001, 385.48, 385.768, 
386.0560000000001, 386.3440000000001, 386.632, 386.92, 387.208, 
387.4960000000001, 387.7840000000001, 388.072, 388.36, 388.648, 
388.9360000000001, 389.2240000000001, 389.512, 389.8, 390.088, 
390.3760000000001, 390.664, 390.952, 391.24, 391.528, 391.8160000000001, 
392.1040000000001, 392.392, 392.68, 392.968, 393.2560000000001, 
393.5440000000001, 393.832, 394.12, 394.408, 394.696, 394.9840000000001, 
395.2720000000001, 395.56, 395.848, 396.136, 396.4240000000001, 396.712, 
397.0, 397.288, 397.5760000000001, 397.8640000000001, 398.152, 398.44, 
398.728, 399.0160000000001, 399.3040000000001, 399.5920000000001, 399.88, 
400.168, 400.456, 400.744, 401.0320000000001, 401.32, 401.608, 
401.8960000000001, 402.184, 402.472, 402.7600000000001, 403.048, 
403.3360000000001, 403.624, 403.9120000000001, 404.2, 404.488, 
404.7760000000001, 405.0640000000001, 405.3520000000001, 405.64, 405.928, 
406.2160000000001, 406.504, 406.7920000000001, 407.08, 407.368, 
407.6560000000001, 407.944, 408.232, 408.52, 408.808, 409.0960000000001, 
409.384, 409.672, 409.96, 410.248, 410.536, 410.8240000000001, 411.112, 411.4, 
411.688, 411.9760000000001, 412.264, 412.552, 412.8400000000001, 413.128, 
413.4160000000001, 413.704, 413.992, 414.28, 414.568, 414.8560000000001, 
415.1440000000001, 415.432, 415.72, 416.008, 416.2960000000001, 
416.5840000000001, 416.872, 417.16, 417.448, 417.7360000000001, 418.024, 
418.312, 418.6, 418.888, 419.1760000000001, 419.4640000000001, 419.752, 
420.04, 420.3280000000001, 420.6160000000001, 420.9040000000001, 421.192, 
421.48, 421.768, 422.0560000000001, 422.3440000000001, 422.6320000000001, 
422.92, 423.208, 423.4960000000001, 423.7840000000001, 424.072, 424.36, 
424.648, 424.9360000000001, 425.2240000000001, 425.512, 425.8, 426.088, 
426.3760000000001, 426.6640000000001, 426.952, 427.24, 427.528, 
427.8160000000001, 428.104, 428.3920000000001, 428.68, 428.968, 
429.2560000000001, 429.5440000000001, 429.832, 430.12, 430.408, 
430.6960000000001, 430.9840000000001, 431.272, 431.56, 431.848, 432.136, 
432.4240000000001, 432.7120000000001, 433.0, 433.288, 433.576, 433.864, 
434.152, 434.4400000000001, 434.728, 435.0160000000001, 435.3040000000001, 
435.592, 435.88, 436.168, 436.456, 436.7440000000001, 437.0320000000001, 
437.32, 437.608, 437.896, 438.184, 438.472, 438.7600000000001, 439.048, 
439.3360000000001, 439.624, 439.9120000000001, 440.2, 440.488, 440.776, 
441.0640000000001, 441.3520000000001, 441.64, 441.928, 442.2160000000001, 
442.504, 442.792, 443.0800000000001, 443.3680000000001, 443.6560000000001, 
443.944, 444.232, 444.52, 444.8080000000001, 445.096, 445.3840000000001, 
445.672, 445.9600000000001, 446.2480000000001, 446.5360000000001, 446.824, 
447.112, 447.4000000000001, 447.6880000000001, 447.9760000000001, 
448.2640000000001, 448.552, 448.84, 449.1280000000001, 449.416, 
449.7040000000001, 449.9920000000001, 450.2800000000001, 450.5680000000001, 
450.8560000000001, 451.144, 451.432, 451.72, 452.0080000000001, 
452.2960000000001, 452.5840000000001, 452.872, 453.16, 453.4480000000001, 
453.736, 454.024, 454.3120000000001, 454.6, 454.8880000000001, 
455.1760000000001, 455.464, 455.752, 456.04, 456.3280000000001, 
456.6160000000001, 456.9040000000001, 457.192, 457.48, 457.7680000000001, 
458.0560000000001, 458.344, 458.6320000000001, 458.92, 459.2080000000001, 
459.4960000000001, 459.7840000000001, 460.072, 460.36, 460.648, 
460.9360000000001, 461.2240000000001, 461.512, 461.8, 462.0880000000001, 
462.3760000000001, 462.664, 462.9520000000001, 463.24, 463.5280000000001, 
463.8160000000001, 464.1040000000001, 464.392, 464.68, 464.968, 
465.2560000000001, 465.5440000000001, 465.8320000000001, 466.12, 
466.4080000000001, 466.696, 466.984, 467.2720000000001, 467.5600000000001, 
467.8480000000001, 468.1360000000001, 468.4240000000001, 468.712, 469.0, 
469.288, 469.5760000000001, 469.8640000000001, 470.1520000000001, 470.44, 
470.7280000000001, 471.016, 471.304, 471.592, 471.8800000000001, 
472.1680000000001, 472.4560000000001, 472.744, 473.032, 473.32, 
473.6080000000001, 473.896, 474.1840000000001, 474.4720000000001, 474.76, 
475.0480000000001, 475.336, 475.624, 475.912, 476.2000000000001, 
476.4880000000001, 476.7760000000001, 477.064, 477.3520000000001, 477.64, 
477.9280000000001, 478.216, 478.5040000000001, 478.7920000000001, 479.08, 
479.3680000000001, 479.6560000000001, 479.944, 480.232, 480.5200000000001, 
480.8080000000001, 481.0960000000001, 481.384, 481.672, 481.96, 
482.2480000000001, 482.536, 482.8240000000001, 483.112, 483.4000000000001, 
483.6880000000001, 483.9760000000001, 484.264, 484.552, 484.8400000000001, 
485.1280000000001, 485.4160000000001, 485.7040000000001, 485.992, 486.28, 
486.5680000000001, 486.856, 487.1440000000001, 487.4320000000001, 487.72, 
488.0080000000001, 488.2960000000001, 488.584, 488.872, 489.16, 
489.4480000000001, 489.7360000000001, 490.0240000000001, 490.312, 490.6, 
490.8880000000001, 491.1760000000001, 491.464, 491.7520000000001, 492.04, 
492.3280000000001, 492.6160000000001, 492.904, 493.192, 493.48, 
493.7680000000001, 494.0560000000001, 494.3440000000001, 494.632, 494.92, 
495.2080000000001, 495.4960000000001, 495.784, 496.0720000000001, 496.36, 
496.6480000000001, 496.9360000000001, 497.2240000000001, 497.512, 497.8, 
498.088, 498.3760000000001, 498.6640000000001, 498.952, 499.24, 
499.5280000000001, 499.8160000000001, 500.104, 500.3920000000001, 500.68, 
500.9680000000001, 501.2560000000001, 501.5440000000001, 501.832, 502.12, 
502.408, 502.6960000000001, 502.9840000000001, 503.2720000000001, 503.56, 
503.8480000000001, 504.136, 504.424, 504.7120000000001, 505.0000000000001, 
505.2880000000001, 505.5760000000001, 505.8640000000001, 506.152, 506.44, 
506.728, 507.016, 507.3040000000001, 507.5920000000001, 507.88, 
508.1680000000001, 508.456, 508.744, 509.032, 509.3200000000001, 
509.6080000000001, 509.8960000000001, 510.184, 510.472, 510.76, 
511.0480000000001, 511.336, 511.6240000000001, 511.9120000000001, 512.2, 
512.488, 512.7760000000001, 513.064, 513.352, 513.64, 513.9280000000001, 
514.2160000000001, 514.504, 514.792, 515.0799999999999, 515.368, 
515.6560000000001, 515.9440000000001, 516.2320000000001, 516.52, 
516.8080000000001, 517.096, 517.384, 517.672, 517.96, 518.2480000000002, 
518.5360000000001, 518.8240000000001, 519.112, 519.4, 519.6880000000001, 
519.976, 520.2640000000001, 520.552, 520.84, 521.128, 521.416, 
521.7040000000001, 521.992, 522.2800000000001, 522.5680000000001, 
522.8560000000001, 523.144, 523.432, 523.72, 524.008, 524.296, 524.584, 
524.8720000000001, 525.16, 525.4480000000001, 525.7360000000001, 526.024, 
526.312, 526.5999999999999, 526.888, 527.176, 527.464, 527.7520000000001, 
528.04, 528.3280000000001, 528.616, 528.904, 529.192, 529.48, 529.768, 
530.056, 530.344, 530.632, 530.92, 531.208, 531.4960000000001, 
531.7840000000001, 532.072, 532.36, 532.648, 532.936, 533.224, 
533.5120000000001, 533.8000000000001, 534.0880000000001, 534.3760000000001, 
534.664, 534.952, 535.24, 535.528, 535.8160000000002, 536.104, 536.392, 
536.68, 536.9680000000001, 537.2560000000001, 537.544, 537.8320000000001, 
538.12, 538.4080000000001, 538.696, 538.984, 539.272, 539.56, 
539.8480000000001, 540.1360000000001, 540.4240000000001, 540.712, 541.0, 
541.288, 541.576, 541.864, 542.1519999999999, 542.44, 542.7280000000001, 
543.0160000000001, 543.3040000000001, 543.592, 543.88, 544.168, 544.456, 
544.744, 545.032, 545.32, 545.6080000000001, 545.8960000000001, 546.184, 
546.472, 546.76, 547.0480000000001, 547.336, 547.624, 547.912, 
548.1999999999999, 548.488, 548.776, 549.0640000000001, 549.3520000000001, 
549.64, 549.9280000000001, 550.216, 550.504, 550.792, 551.08, 551.368, 
551.6560000000001, 551.9440000000001, 552.232, 552.52, 552.808, 553.096, 
553.3840000000001, 553.672, 553.96, 554.248, 554.5360000000001, 
554.8240000000001, 555.112, 555.4000000000001, 555.6880000000001, 
555.9760000000001, 556.264, 556.552, 556.84, 557.128, 557.416, 
557.7040000000001, 557.9920000000001, 558.28, 558.5680000000001, 558.856, 
559.144, 559.432, 559.7199999999999, 560.0080000000002, 560.296, 
560.5840000000001, 560.8720000000001, 561.16, 561.4480000000001, 561.736, 
562.024, 562.312, 562.6, 562.888, 563.176, 563.464, 563.752, 564.04, 564.328, 
564.6160000000001, 564.904, 565.192, 565.48, 565.768, 566.056, 
566.3439999999999, 566.6320000000001, 566.9200000000001, 567.2080000000001, 
567.4960000000001, 567.784, 568.072, 568.36, 568.648, 568.936, 569.224, 
569.5120000000001, 569.8, 570.0880000000001, 570.376, 570.664, 
570.9520000000001, 571.24, 571.5280000000001, 571.816, 572.104, 572.392, 
572.68, 572.9680000000001, 573.2560000000001, 573.5440000000001, 573.832, 
574.12, 574.408, 574.696, 574.984, 575.272, 575.5600000000001, 
575.8480000000001, 576.1360000000001, 576.424, 576.712, 577.0, 577.288, 
577.5760000000001, 577.864, 578.152, 578.44, 578.7280000000001, 
579.0160000000001, 579.304, 579.592, 579.88, 580.1680000000001, 580.456, 
580.744, 581.032, 581.3199999999999, 581.6080000000001, 581.896, 
582.1840000000001, 582.472, 582.76, 583.0480000000001, 583.336, 583.624, 
583.9119999999999, 584.2, 584.488, 584.7760000000001, 585.0640000000001, 
585.352, 585.64, 585.928, 586.216, 586.504, 586.792, 587.08, 587.368, 
587.6560000000001, 587.944, 588.232, 588.5200000000001, 588.8080000000001, 
589.0960000000001, 589.384, 589.672, 589.96, 590.248, 590.5360000000001, 
590.8240000000001, 591.1120000000001, 591.4, 591.6880000000001, 591.976, 
592.264, 592.552, 592.84, 593.1280000000002, 593.416, 593.7040000000001, 
593.992, 594.28, 594.5680000000001, 594.856, 595.1440000000001, 595.432, 
595.72, 596.008, 596.296, 596.5840000000001, 596.872, 597.16, 597.448, 
597.7360000000001, 598.024, 598.312, 598.6, 598.888, 599.176, 
599.4639999999999, 599.7520000000001, 600.04, 600.3280000000001, 
600.6160000000001, 600.904, 601.192, 601.4799999999999, 601.768, 602.056, 
602.344, 602.6320000000001, 602.92, 603.2080000000001, 603.496, 603.784, 
604.072, 604.36, 604.6480000000001, 604.936, 605.224, 605.512, 605.8, 
606.0880000000001, 606.3760000000001, 606.6640000000001, 606.952, 607.24, 
607.528, 607.816, 608.104, 608.392, 608.6800000000001, 608.9680000000001, 
609.2560000000001, 609.544, 609.832, 610.12, 610.408, 610.6960000000001, 
610.984, 611.272, 611.56, 611.8480000000001, 612.1360000000001, 612.424, 
612.7120000000001, 613.0, 613.2880000000001, 613.576, 613.864, 614.152, 
614.4399999999999, 614.7280000000001, 615.016, 615.3040000000001, 615.592, 
615.88, 616.1680000000001, 616.456, 616.744, 617.0319999999999, 617.32, 
617.6080000000001, 617.8960000000001, 618.1840000000001, 618.472, 618.76, 
619.048, 619.336, 619.624, 619.912, 620.2, 620.488, 620.7760000000001, 
621.064, 621.352, 621.64, 621.9280000000001, 622.2160000000001, 622.504, 
622.792, 623.0799999999999, 623.368, 623.6560000000001, 623.9440000000001, 
624.2320000000001, 624.52, 624.8080000000001, 625.096, 625.384, 625.672, 
625.96, 626.2480000000002, 626.5360000000001, 626.8240000000001, 627.112, 
627.4, 627.6880000000001, 627.976, 628.2640000000001, 628.552, 628.84, 
629.128, 629.416, 629.7040000000001, 629.992, 630.2800000000001, 
630.5680000000001, 630.8560000000001, 631.144, 631.432, 631.72, 632.008, 
632.296, 632.584, 632.8720000000001, 633.16, 633.4480000000001, 
633.7360000000001, 634.024, 634.312, 634.5999999999999, 634.888, 635.176, 
635.464, 635.7520000000001, 636.04, 636.3280000000001, 636.616, 636.904, 
637.192, 637.48, 637.768, 638.056, 638.344, 638.632, 638.92, 639.208, 
639.4960000000001, 639.7840000000001, 640.072, 640.36, 640.648, 640.936, 
641.224, 641.5120000000001, 641.8000000000001, 642.0880000000001, 
642.3760000000001, 642.664, 642.952, 643.24, 643.528, 643.8160000000002, 
644.104, 644.392, 644.68, 644.9680000000001, 645.2560000000001, 645.544, 
645.8320000000001, 646.12, 646.4080000000001, 646.696, 646.984, 647.272, 
647.56, 647.8480000000001, 648.1360000000001, 648.4240000000001, 648.712, 
649.0, 649.288, 649.576, 649.864, 650.1519999999999, 650.44, 
650.7280000000001, 651.0160000000001, 651.3040000000001, 651.592, 651.88, 
652.168, 652.456, 652.744, 653.032, 653.32, 653.6080000000001, 
653.8960000000001, 654.184, 654.472, 654.76, 655.0480000000001, 655.336, 
655.624, 655.912, 656.1999999999999, 656.488, 656.776, 657.0640000000001, 
657.3520000000001, 657.64, 657.9280000000001, 658.216, 658.504, 658.792, 
659.08, 659.368, 659.6560000000001, 659.9440000000001, 660.232, 660.52, 
660.808, 661.096, 661.3840000000001, 661.672, 661.96, 662.248, 
662.5360000000001, 662.8240000000001, 663.112, 663.4000000000001, 
663.6880000000001, 663.9760000000001, 664.264, 664.552, 664.84, 665.128, 
665.416, 665.7040000000001, 665.9920000000001, 666.28, 666.5680000000001, 
666.856, 667.144, 667.432, 667.7199999999999, 668.0080000000002, 668.296, 
668.5840000000001, 668.8720000000001, 669.16, 669.4480000000001, 669.736, 
670.024, 670.312, 670.6, 670.888, 671.176, 671.464, 671.752, 672.04, 672.328, 
672.6160000000001, 672.904, 673.192, 673.48, 673.768, 674.056, 
674.3439999999999, 674.6320000000001, 674.9200000000001, 675.2080000000001, 
675.4960000000001, 675.784, 676.072, 676.36, 676.648, 676.936, 677.224, 
677.5120000000001, 677.8, 678.0880000000001, 678.376, 678.664, 
678.9520000000001, 679.24, 679.5280000000001, 679.816, 680.104, 680.392, 
680.68, 680.9680000000001, 681.2560000000001, 681.5440000000001, 681.832, 
682.12, 682.408, 682.696, 682.984, 683.272, 683.5600000000001, 
683.8480000000001, 684.1360000000001, 684.424, 684.712, 685.0, 685.288, 
685.5760000000001, 685.864, 686.152, 686.44, 686.7280000000001, 
687.0160000000001, 687.304, 687.592, 687.88, 688.1680000000001, 688.456, 
688.744, 689.032, 689.3199999999999, 689.6080000000001, 689.896, 
690.1840000000001, 690.472, 690.76, 691.0480000000001, 691.336, 691.624, 
691.9119999999999, 692.2, 692.488, 692.7760000000001, 693.0640000000001, 
693.352, 693.64, 693.928, 694.216, 694.504, 694.792, 695.08, 695.368, 
695.6560000000001, 695.944, 696.232, 696.5200000000001, 696.8080000000001, 
697.0960000000001, 697.384, 697.672, 697.96, 698.248, 698.5360000000001, 
698.8240000000001, 699.1120000000001, 699.4, 699.6880000000001, 699.976, 
700.264, 700.552, 700.84, 701.1280000000002, 701.416, 701.7040000000001, 
701.992, 702.28, 702.5680000000001, 702.856, 703.1440000000001, 703.432, 
703.72, 704.008, 704.296, 704.5840000000001, 704.872, 705.16, 705.448, 
705.7360000000001, 706.024, 706.312, 706.6, 706.888, 707.176, 
707.4639999999999, 707.7520000000001, 708.04, 708.3280000000001, 
708.6160000000001, 708.904, 709.192, 709.4799999999999, 709.768, 710.056, 
710.344, 710.6320000000001, 710.92, 711.2080000000001, 711.496, 711.784, 
712.072, 712.36, 712.6480000000001, 712.936, 713.224, 713.512, 713.8, 
714.0880000000001, 714.3760000000001, 714.6640000000001, 714.952, 715.24, 
715.528, 715.816, 716.104, 716.392, 716.6800000000001, 716.9680000000001, 
717.2560000000001, 717.544, 717.832, 718.12, 718.408, 718.6960000000001, 
718.984, 719.272, 719.56, 719.8480000000001, 720.1360000000001, 720.424, 
720.7120000000001, 721.0, 721.2880000000001, 721.576, 721.864, 722.152, 
722.4399999999999, 722.7280000000001, 723.016, 723.3040000000001, 723.592, 
723.88, 724.1680000000001, 724.456, 724.744, 725.0319999999999, 725.32, 
725.6080000000001, 725.8960000000001, 726.1840000000001, 726.472, 726.76, 
727.048, 727.336, 727.624, 727.912, 728.2, 728.488, 728.7760000000001, 
729.064, 729.352, 729.64, 729.9280000000001, 730.2160000000001, 730.504, 
730.792, 731.0799999999999, 731.368, 731.6560000000001, 731.9440000000001, 
732.2320000000001, 732.52, 732.8080000000001, 733.096, 733.384, 733.672, 
733.96, 734.2480000000002, 734.5360000000001, 734.8240000000001, 735.112, 
735.4, 735.6880000000001, 735.976, 736.2640000000001, 736.552, 736.84, 
737.128, 737.416, 737.7040000000001, 737.992, 738.2800000000001, 
738.5680000000001, 738.856, 739.144, 739.4320000000001, 739.72, 740.008, 
740.2959999999999, 740.584, 740.8720000000002, 741.16, 741.4480000000001, 
741.736, 742.024, 742.3120000000001, 742.5999999999999, 742.888, 
743.1759999999999, 743.464, 743.7520000000001, 744.04, 744.3280000000001, 
744.6159999999999, 744.904, 745.192, 745.48, 745.768, 746.0559999999999, 
746.344, 746.6320000000001, 746.92, 747.208, 747.496, 747.7840000000001, 
748.0720000000001, 748.36, 748.648, 748.9359999999999, 749.224, 
749.5120000000001, 749.8000000000001, 750.0880000000001, 750.376, 750.664, 
750.9520000000001, 751.24, 751.528, 751.816, 752.104, 752.3920000000002, 
752.68, 752.9680000000001, 753.256, 753.544, 753.8320000000001, 754.12, 
754.4080000000001, 754.6959999999999, 754.984, 755.272, 755.56, 
755.8480000000001, 756.136, 756.4240000000001, 756.7120000000001, 757.0, 
757.288, 757.5759999999999, 757.864, 758.152, 758.44, 758.7280000000001, 
759.016, 759.3040000000001, 759.5920000000001, 759.88, 760.168, 760.456, 
760.744, 761.0320000000002, 761.32, 761.6080000000001, 761.896, 762.184, 
762.4720000000001, 762.76, 763.0480000000001, 763.336, 763.624, 
763.9120000000002, 764.1999999999999, 764.488, 764.776, 765.0640000000001, 
765.3520000000001, 765.64, 765.9280000000001, 766.2159999999999, 766.504, 
766.792, 767.08, 767.368, 767.656, 767.9440000000001, 768.2320000000001, 
768.52, 768.808, 769.096, 769.3840000000001, 769.6720000000001, 769.96, 
770.248, 770.536, 770.8240000000001, 771.1120000000001, 771.4000000000001, 
771.6880000000001, 771.976, 772.264, 772.5520000000001, 772.84, 773.128, 
773.416, 773.7040000000001, 773.9920000000002, 774.28, 774.5680000000001, 
774.856, 775.144, 775.4320000000001, 775.7199999999999, 776.0080000000002, 
776.2959999999999, 776.5840000000001, 776.8720000000001, 777.16, 
777.4480000000001, 777.7359999999999, 778.024, 778.312, 778.6, 778.888, 
779.1759999999999, 779.464, 779.7520000000001, 780.04, 780.328, 780.616, 
780.904, 781.1920000000001, 781.48, 781.768, 782.0559999999999, 
782.3439999999999, 782.6320000000001, 782.9200000000001, 783.2080000000001, 
783.496, 783.784, 784.0720000000001, 784.36, 784.648, 784.936, 785.224, 
785.5120000000002, 785.8, 786.0880000000001, 786.376, 786.664, 
786.9520000000001, 787.24, 787.5280000000001, 787.8159999999999, 788.104, 
788.392, 788.68, 788.9680000000001, 789.256, 789.5440000000001, 
789.8320000000001, 790.12, 790.408, 790.6959999999999, 790.984, 791.272, 
791.5600000000001, 791.8480000000001, 792.136, 792.424, 792.7120000000001, 
793.0, 793.288, 793.576, 793.864, 794.1520000000002, 794.44, 
794.7280000000001, 795.016, 795.304, 795.5920000000001, 795.88, 
796.1680000000001, 796.456, 796.744, 797.0320000000002, 797.3199999999999, 
797.6080000000001, 797.896, 798.1840000000001, 798.4720000000001, 798.76, 
799.0480000000001, 799.3359999999999, 799.624, 799.912, 800.2, 800.488, 
800.776, 801.0640000000001, 801.3520000000001, 801.64, 801.928, 802.216, 
802.504, 802.7920000000002, 803.08, 803.368, 803.656, 803.944, 
804.2320000000001, 804.5200000000001, 804.8080000000001, 805.096, 805.384, 
805.6720000000001, 805.96, 806.248, 806.5360000000001, 806.8240000000001, 
807.1120000000002, 807.4, 807.6880000000001, 807.976, 808.264, 
808.5520000000001, 808.84, 809.1280000000002, 809.4159999999999, 
809.7040000000001, 809.9920000000001, 810.28, 810.5680000000001, 
810.8559999999999, 811.1440000000001, 811.4320000000001, 811.72, 812.008, 
812.2959999999999, 812.5840000000001, 812.8720000000001, 813.16, 813.448, 
813.736, 814.024, 814.3120000000001, 814.6, 814.888, 815.1759999999999, 
815.4639999999999, 815.7520000000001, 816.04, 816.3280000000001, 816.616, 
816.904, 817.1920000000001, 817.4799999999999, 817.768, 818.056, 818.344, 
818.6320000000001, 818.92, 819.2080000000001, 819.496, 819.784, 820.072, 
820.36, 820.6480000000001, 820.9359999999999, 821.224, 821.5120000000001, 
821.8, 822.0880000000001, 822.376, 822.6640000000001, 822.9520000000001, 
823.24, 823.528, 823.8159999999999, 824.104, 824.392, 824.6800000000001, 
824.9680000000001, 825.256, 825.544, 825.8320000000001, 826.12, 826.408, 
826.696, 826.984, 827.2720000000002, 827.56, 827.8480000000001, 828.136, 
828.424, 828.7120000000001, 829.0, 829.2880000000001, 829.576, 829.864, 
830.152, 830.4399999999999, 830.7280000000001, 831.016, 831.3040000000001, 
831.5920000000001, 831.88, 832.1680000000001, 832.4559999999999, 832.744, 
833.032, 833.32, 833.6080000000001, 833.896, 834.1840000000001, 
834.4720000000001, 834.76, 835.048, 835.336, 835.624, 835.9120000000002, 
836.2, 836.488, 836.776, 837.064, 837.3520000000001, 837.64, 
837.9280000000001, 838.216, 838.504, 838.7920000000002, 839.0799999999999, 
839.368, 839.6560000000001, 839.9440000000001, 840.2320000000001, 840.52, 
840.8080000000001, 841.096, 841.384, 841.672, 841.96, 842.2480000000002, 
842.536, 842.8240000000001, 843.1120000000001, 843.4, 843.6880000000001, 
843.976, 844.2640000000001, 844.5520000000001, 844.84, 845.128, 
845.4159999999999, 845.7040000000001, 845.9920000000001, 846.2800000000001, 
846.5680000000001, 846.856, 847.144, 847.4320000000001, 847.72, 848.008, 
848.2959999999999, 848.584, 848.8720000000002, 849.16, 849.4480000000001, 
849.736, 850.024, 850.3120000000001, 850.5999999999999, 850.888, 
851.1759999999999, 851.464, 851.7520000000001, 852.04, 852.3280000000001, 
852.6159999999999, 852.904, 853.192, 853.48, 853.768, 854.0559999999999, 
854.344, 854.6320000000001, 854.92, 855.208, 855.496, 855.7840000000001, 
856.0720000000001, 856.36, 856.648, 856.9359999999999, 857.224, 
857.5120000000001, 857.8000000000001, 858.0880000000001, 858.376, 858.664, 
858.9520000000001, 859.24, 859.528, 859.816, 860.104, 860.3920000000002, 
860.68, 860.9680000000001, 861.256, 861.544, 861.8320000000001, 862.12, 
862.4080000000001, 862.6959999999999, 862.984, 863.272, 863.56, 
863.8480000000001, 864.136, 864.4240000000001, 864.7120000000001, 0.0]]
(%i16) results_exp:simulate("exponential",n_exponential)
(%o16) [[0, 0.1, 0.2, 0.3000000000000001, 0.4, 0.5, 0.6000000000000001, 
0.7000000000000001, 0.8, 0.9, 1.0, 1.1, 1.2, 1.3, 1.4, 1.5, 1.6, 1.7, 1.8, 
1.9, 2.0, 2.1, 2.2, 2.3, 2.400000000000001, 2.5, 2.6, 2.7, 2.8, 
2.900000000000001, 3.0, 3.1, 3.2, 3.3, 3.400000000000001, 3.5, 3.6, 3.7, 3.8, 
3.900000000000001, 4.0, 4.100000000000001, 4.2, 4.3, 4.4, 4.5, 
4.600000000000001, 4.7, 4.800000000000001, 4.9, 5.0, 5.100000000000001, 5.2, 
5.300000000000001, 5.4, 5.5, 5.600000000000001, 5.7, 5.800000000000001, 5.9, 
6.0, 6.100000000000001, 6.2, 6.300000000000001, 6.4, 6.5, 6.600000000000001, 
6.7, 6.800000000000001, 6.9, 7.0, 7.100000000000001, 7.2, 7.300000000000001, 
7.4, 7.5, 7.600000000000001, 7.7, 7.800000000000001, 7.9, 8.0, 8.1, 
8.200000000000001, 8.3, 8.4, 8.5, 8.6, 8.700000000000001, 8.8, 8.9, 9.0, 9.1, 
9.200000000000001, 9.3, 9.4, 9.5, 9.600000000000002, 9.700000000000001, 9.8, 
9.9, 10.0, 10.1, 10.2, 10.3, 10.4, 10.5, 10.6, 10.7, 10.8, 10.9, 11.0, 11.1, 
11.2, 11.3, 11.4, 11.5, 11.6, 11.7, 11.8, 11.9, 12.0, 12.1, 12.2, 12.3, 12.4, 
12.5, 12.6, 12.7, 12.8, 12.9, 13.0, 13.1, 13.2, 13.3, 13.4, 13.5, 13.6, 13.7, 
13.8, 13.9, 14.0, 14.1, 14.2, 14.3, 14.4, 14.5, 14.6, 14.7, 14.8, 14.9, 15.0, 
15.1, 15.2, 15.3, 15.4, 15.5, 15.6, 15.7, 15.8, 15.9, 16.0, 16.1, 16.2, 16.3, 
16.4, 16.5, 16.6, 16.7, 16.8, 16.9, 17.0, 17.1, 17.2, 17.3, 17.4, 17.5, 17.6, 
17.7, 17.8, 17.9, 18.0, 18.1, 18.2, 18.3, 18.4, 18.5, 18.6, 18.7, 18.8, 18.9, 
19.0, 19.1, 19.2, 19.3, 19.4, 19.5, 19.6, 19.7, 19.8, 19.9, 20.0, 20.1, 20.2, 
20.3, 20.4, 20.5, 20.6, 20.7, 20.8, 20.9, 21.0, 21.1, 21.2, 21.3, 21.4, 21.5, 
21.6, 21.7, 21.8, 21.9, 22.0, 22.1, 22.2, 22.3, 22.4, 22.5, 22.6, 22.7, 22.8, 
22.9, 23.0, 23.1, 23.2, 23.3, 23.4, 23.5, 23.6, 23.7, 23.8, 23.9, 24.0, 24.1, 
24.2, 24.3, 24.4, 24.5, 24.6, 24.7, 24.8, 24.9, 25.0, 25.1, 25.2, 25.3, 25.4, 
25.5, 25.6, 25.7, 25.8, 25.9, 26.0, 26.1, 26.2, 26.3, 26.4, 26.5, 26.6, 26.7, 
26.8, 26.9, 27.0, 27.1, 27.2, 27.3, 27.4, 27.5, 27.6, 27.7, 27.8, 27.9, 28.0, 
28.1, 28.2, 28.3, 28.4, 28.5, 28.6, 28.7, 28.8, 28.9, 29.0, 29.1, 29.2, 29.3, 
29.4, 29.5, 29.6, 29.7, 29.8, 29.9, 30.0, 30.1, 30.2, 30.3, 30.4, 30.5, 30.6, 
30.7, 30.8, 30.9, 31.0, 31.1, 31.2, 31.3, 31.4, 31.5, 31.6, 31.7, 31.8, 31.9, 
32.0, 32.1, 32.2, 32.30000000000001, 32.4, 32.5, 32.6, 32.7, 
32.80000000000001, 32.9, 33.0, 33.1, 33.2, 33.30000000000001, 33.4, 33.5, 
33.6, 33.7, 33.80000000000001, 33.9, 34.0, 34.1, 34.2, 34.30000000000001, 
34.4, 34.5, 34.6, 34.7, 34.80000000000001, 34.9, 35.0, 35.1, 35.2, 
35.30000000000001, 35.4, 35.5, 35.6, 35.7, 35.80000000000001, 35.9, 36.0, 
36.1, 36.2, 36.30000000000001, 36.4, 36.5, 36.6, 36.7, 36.80000000000001, 
36.9, 37.0, 37.1, 37.2, 37.30000000000001, 37.4, 37.5, 37.6, 37.7, 
37.80000000000001, 37.9, 38.0, 38.1, 38.2, 38.30000000000001, 
38.40000000000001, 38.5, 38.6, 38.7, 38.80000000000001, 38.90000000000001, 
39.0, 39.1, 39.2, 39.30000000000001, 39.40000000000001, 39.5, 39.6, 39.7, 
39.80000000000001, 39.90000000000001, 40.0, 40.1, 40.2, 40.30000000000001, 
40.40000000000001, 40.5, 40.6, 40.7, 40.80000000000001, 40.90000000000001, 
41.0, 41.1, 41.2, 41.30000000000001, 41.40000000000001, 41.5, 41.6, 41.7, 
41.80000000000001, 41.90000000000001, 42.0, 42.1, 42.2, 42.30000000000001, 
42.40000000000001, 42.5, 42.6, 42.7, 42.80000000000001, 42.90000000000001, 
43.0, 43.1, 43.2, 43.30000000000001, 43.40000000000001, 43.5, 43.6, 43.7, 
43.80000000000001, 43.90000000000001, 44.0, 44.1, 44.2, 44.30000000000001, 
44.40000000000001, 44.5, 44.6, 44.7, 44.80000000000001, 44.90000000000001, 
45.0, 45.1, 45.2, 45.30000000000001, 45.40000000000001, 45.5, 45.6, 45.7, 
45.80000000000001, 45.90000000000001, 46.0, 46.1, 46.2, 46.30000000000001, 
46.40000000000001, 46.5, 46.6, 46.7, 46.80000000000001, 46.90000000000001, 
47.0, 47.1, 47.2, 47.30000000000001, 47.40000000000001, 47.5, 47.6, 47.7, 
47.80000000000001, 47.90000000000001, 48.0, 48.1, 48.2, 48.30000000000001, 
48.40000000000001, 48.5, 48.6, 48.7, 48.80000000000001, 48.90000000000001, 
49.0, 49.1, 49.2, 49.30000000000001, 49.40000000000001, 49.5, 49.6, 49.7, 
49.80000000000001, 49.90000000000001, 50.0, 50.1, 50.2, 50.30000000000001, 
50.40000000000001, 50.5, 50.6, 50.7, 50.80000000000001, 50.90000000000001, 
51.0, 51.1, 51.2, 51.30000000000001, 51.40000000000001, 51.5, 51.6, 51.7, 
51.80000000000001, 51.90000000000001, 52.0, 52.1, 52.2, 52.30000000000001, 
52.40000000000001, 52.5, 52.6, 52.7, 52.80000000000001, 52.90000000000001, 
53.0, 53.1, 53.2, 53.30000000000001, 53.40000000000001, 53.5, 53.6, 53.7, 
53.80000000000001, 53.90000000000001, 54.0, 54.1, 54.2, 54.30000000000001, 
54.40000000000001, 54.5, 54.6, 54.7, 54.80000000000001, 54.90000000000001, 
55.0, 55.1, 55.2, 55.30000000000001, 55.40000000000001, 55.5, 55.6, 55.7, 
55.80000000000001, 55.90000000000001, 56.0, 56.1, 56.2, 56.30000000000001, 
56.40000000000001, 56.5, 56.6, 56.7, 56.80000000000001, 56.90000000000001, 
57.0, 57.1, 57.2, 57.30000000000001, 57.40000000000001, 57.5, 57.6, 57.7, 
57.80000000000001, 57.90000000000001, 58.0, 58.1, 58.2, 58.30000000000001, 
58.40000000000001, 58.5, 58.6, 58.7, 58.80000000000001, 58.90000000000001, 
59.0, 59.1, 59.2, 59.30000000000001, 59.40000000000001, 59.5, 59.6, 59.7, 
59.80000000000001, 59.90000000000001, 60.0, 60.1, 60.2, 60.30000000000001, 
60.40000000000001, 60.5, 60.6, 60.7, 60.80000000000001, 60.90000000000001, 
61.0, 61.1, 61.2, 61.30000000000001, 61.40000000000001, 61.5, 61.6, 61.7, 
61.80000000000001, 61.90000000000001, 62.0, 62.1, 62.2, 62.30000000000001, 
62.40000000000001, 62.5, 62.6, 62.7, 62.80000000000001, 62.90000000000001, 
63.0, 63.1, 63.2, 63.30000000000001, 63.40000000000001, 63.5, 63.6, 63.7, 
63.80000000000001, 63.90000000000001, 64.0, 64.10000000000001, 64.2, 64.3, 
64.4, 64.5, 64.60000000000001, 64.7, 64.8, 64.9, 65.0, 65.10000000000001, 
65.2, 65.3, 65.4, 65.5, 65.60000000000001, 65.7, 65.8, 65.9, 66.0, 
66.10000000000001, 66.2, 66.3, 66.4, 66.5, 66.60000000000001, 66.7, 66.8, 
66.9, 67.0, 67.10000000000001, 67.2, 67.3, 67.4, 67.5, 67.60000000000001, 
67.7, 67.8, 67.9, 68.0, 68.10000000000001, 68.2, 68.3, 68.4, 68.5, 
68.60000000000001, 68.7, 68.8, 68.9, 69.0, 69.10000000000001, 69.2, 69.3, 
69.4, 69.5, 69.60000000000001, 69.7, 69.8, 69.9, 70.0, 70.10000000000001, 
70.2, 70.3, 70.4, 70.5, 70.60000000000001, 70.7, 70.8, 70.9, 71.0, 
71.10000000000001, 71.2, 71.3, 71.4, 71.5, 71.60000000000001, 71.7, 71.8, 
71.9, 72.0, 72.10000000000001, 72.2, 72.3, 72.4, 72.5, 72.60000000000001, 
72.7, 72.8, 72.9, 73.0, 73.10000000000001, 73.2, 73.3, 73.4, 73.5, 
73.60000000000001, 73.7, 73.8, 73.9, 74.0, 74.10000000000001, 74.2, 74.3, 
74.4, 74.5, 74.60000000000001, 74.7, 74.8, 74.9, 75.0, 75.10000000000001, 
75.2, 75.3, 75.4, 75.5, 75.60000000000001, 75.7, 75.8, 75.9, 76.0, 
76.10000000000001, 76.2, 76.3, 76.4, 76.5, 76.60000000000001, 76.7, 
76.80000000000001, 76.9, 77.0, 77.10000000000001, 77.2, 77.30000000000001, 
77.4, 77.5, 77.60000000000001, 77.7, 77.80000000000001, 77.9, 78.0, 
78.10000000000001, 78.2, 78.30000000000001, 78.4, 78.5, 78.60000000000001, 
78.7, 78.80000000000001, 78.9, 79.0, 79.10000000000001, 79.2, 
79.30000000000001, 79.4, 79.5, 79.60000000000001, 79.7, 79.80000000000001, 
79.9, 80.0, 80.10000000000001, 80.2, 80.30000000000001, 80.4, 80.5, 
80.60000000000001, 80.7, 80.80000000000001, 80.9, 81.0, 81.10000000000001, 
81.2, 81.30000000000001, 81.4, 81.5, 81.60000000000001, 81.7, 
81.80000000000001, 81.9, 82.0, 82.10000000000001, 82.2, 82.30000000000001, 
82.4, 82.5, 82.60000000000001, 82.7, 82.80000000000001, 82.9, 83.0, 
83.10000000000001, 83.2, 83.30000000000001, 83.4, 83.5, 83.60000000000001, 
83.7, 83.80000000000001, 83.9, 84.0, 84.10000000000001, 84.2, 
84.30000000000001, 84.4, 84.5, 84.60000000000001, 84.7, 84.80000000000001, 
84.9, 85.0, 85.10000000000001, 85.2, 85.30000000000001, 85.4, 85.5, 
85.60000000000001, 85.7, 85.80000000000001, 85.9, 86.0, 86.10000000000001, 
86.2, 86.30000000000001, 86.4, 86.5, 86.60000000000001, 86.7, 
86.80000000000001, 86.9, 87.0, 87.10000000000001, 87.2, 87.30000000000001, 
87.4, 87.5, 87.60000000000001, 87.7, 87.80000000000001, 87.9, 88.0, 
88.10000000000001, 88.2, 88.30000000000001, 88.4, 88.5, 88.60000000000001, 
88.7, 88.80000000000001, 88.9, 89.0, 89.10000000000001, 89.2, 
89.30000000000001, 89.4, 89.5, 89.60000000000001, 89.7, 89.80000000000001, 
89.9, 90.0, 90.10000000000001, 90.2, 90.30000000000001, 90.4, 90.5, 
90.60000000000001, 90.7, 90.80000000000001, 90.9, 91.0, 91.10000000000001, 
91.2, 91.30000000000001, 91.4, 91.5, 91.60000000000001, 91.7, 
91.80000000000001, 91.9, 92.0, 92.10000000000001, 92.2, 92.30000000000001, 
92.4, 92.5, 92.60000000000001, 92.7, 92.80000000000001, 92.9, 93.0, 
93.10000000000001, 93.2, 93.30000000000001, 93.4, 93.5, 93.60000000000001, 
93.7, 93.80000000000001, 93.9, 94.0, 94.10000000000001, 94.2, 
94.30000000000001, 94.4, 94.5, 94.60000000000001, 94.7, 94.80000000000001, 
94.9, 95.0, 95.10000000000001, 95.2, 95.30000000000001, 95.4, 95.5, 
95.60000000000001, 95.7, 95.80000000000001, 95.9, 96.0, 96.10000000000001, 
96.2, 96.30000000000001, 96.4, 96.5, 96.60000000000001, 96.7, 
96.80000000000001, 96.9, 97.0, 97.10000000000001, 97.2, 97.30000000000001, 
97.4, 97.5, 97.60000000000001, 97.7, 97.80000000000001, 97.9, 98.0, 
98.10000000000001, 98.2, 98.30000000000001, 98.4, 98.5, 98.60000000000001, 
98.7, 98.80000000000001, 98.9, 99.0, 99.10000000000001, 99.2, 
99.30000000000001, 99.4, 99.5, 99.60000000000001, 99.7, 99.80000000000001, 
99.9, 100.0, 100.1, 100.2, 100.3, 100.4, 100.5, 100.6, 100.7, 100.8, 100.9, 
101.0, 101.1, 101.2, 101.3, 101.4, 101.5, 101.6, 101.7, 101.8, 101.9, 102.0, 
102.1, 102.2, 102.3, 102.4, 102.5, 102.6, 102.7, 102.8, 102.9, 103.0, 103.1, 
103.2, 103.3, 103.4, 103.5, 103.6, 103.7, 103.8, 103.9, 104.0, 104.1, 104.2, 
104.3, 104.4, 104.5, 104.6, 104.7, 104.8, 104.9, 105.0, 105.1, 105.2, 105.3, 
105.4, 105.5, 105.6, 105.7, 105.8, 105.9, 106.0, 106.1, 106.2, 106.3, 106.4, 
106.5, 106.6, 106.7, 106.8, 106.9, 107.0, 107.1, 107.2, 107.3, 107.4, 107.5, 
107.6, 107.7, 107.8, 107.9, 108.0, 108.1, 108.2, 108.3, 108.4, 108.5, 108.6, 
108.7, 108.8, 108.9, 109.0, 109.1, 109.2, 109.3, 109.4, 109.5, 109.6, 109.7, 
109.8, 109.9, 110.0, 110.1, 110.2, 110.3, 110.4, 110.5, 110.6, 110.7, 110.8, 
110.9, 111.0, 111.1, 111.2, 111.3, 111.4, 111.5, 111.6, 111.7, 111.8, 111.9, 
112.0, 112.1, 112.2, 112.3, 112.4, 112.5, 112.6, 112.7, 112.8, 112.9, 113.0, 
113.1, 113.2, 113.3, 113.4, 113.5, 113.6, 113.7, 113.8, 113.9, 114.0, 114.1, 
114.2, 114.3, 114.4, 114.5, 114.6, 114.7, 114.8, 114.9, 115.0, 115.1, 115.2, 
115.3, 115.4, 115.5, 115.6, 115.7, 115.8, 115.9, 116.0, 116.1, 116.2, 116.3, 
116.4, 116.5, 116.6, 116.7, 116.8, 116.9, 117.0, 117.1, 117.2, 117.3, 117.4, 
117.5, 117.6, 117.7, 117.8, 117.9, 118.0, 118.1, 118.2, 118.3, 118.4, 118.5, 
118.6, 118.7, 118.8, 118.9, 119.0, 119.1, 119.2, 119.3, 119.4, 119.5, 119.6, 
119.7, 119.8, 119.9, 120.0, 120.1, 120.2, 120.3, 120.4, 120.5, 120.6, 120.7, 
120.8, 120.9, 121.0, 121.1, 121.2, 121.3, 121.4, 121.5, 121.6, 121.7, 121.8, 
121.9, 122.0, 122.1, 122.2, 122.3, 122.4, 122.5, 122.6, 122.7, 122.8, 122.9, 
123.0, 123.1, 123.2, 123.3, 123.4, 123.5, 123.6, 123.7, 123.8, 123.9, 124.0, 
124.1, 124.2, 124.3, 124.4, 124.5, 124.6, 124.7, 124.8, 124.9, 125.0, 125.1, 
125.2, 125.3, 125.4, 125.5, 125.6, 125.7, 125.8, 125.9, 126.0, 126.1, 126.2, 
126.3, 126.4, 126.5, 126.6, 126.7, 126.8, 126.9, 127.0, 127.1, 127.2, 127.3, 
127.4, 127.5, 127.6, 127.7, 127.8, 127.9, 128.0, 128.1, 128.2, 128.3, 128.4, 
128.5, 128.6, 128.7, 128.8, 128.9, 129.0, 129.1, 129.2, 129.3, 129.4, 129.5, 
129.6, 129.7, 129.8, 129.9, 130.0, 130.1, 130.2, 130.3, 130.4, 130.5, 130.6, 
130.7, 130.8, 130.9, 131.0, 131.1, 131.2, 131.3, 131.4, 131.5, 131.6, 131.7, 
131.8, 131.9, 132.0, 132.1, 132.2, 132.3, 132.4, 132.5, 132.6, 132.7, 132.8, 
132.9, 133.0, 133.1, 133.2, 133.3, 133.4, 133.5, 133.6, 133.7, 133.8, 133.9, 
134.0, 134.1, 134.2, 134.3, 134.4, 134.5, 134.6, 134.7, 134.8, 134.9, 135.0, 
135.1, 135.2, 135.3, 135.4, 135.5, 135.6, 135.7, 135.8, 135.9, 136.0, 136.1, 
136.2, 136.3, 136.4, 136.5, 136.6, 136.7, 136.8, 136.9, 137.0, 137.1, 137.2, 
137.3, 137.4, 137.5, 137.6, 137.7, 137.8, 137.9, 138.0, 138.1, 138.2, 138.3, 
138.4, 138.5, 138.6, 138.7, 138.8, 138.9, 139.0, 139.1, 139.2, 139.3, 139.4, 
139.5, 139.6, 139.7, 139.8, 139.9, 140.0, 140.1, 140.2, 140.3, 140.4, 140.5, 
140.6, 140.7, 140.8, 140.9, 141.0, 141.1, 141.2, 141.3, 141.4, 141.5, 141.6, 
141.7, 141.8, 141.9, 142.0, 142.1, 142.2, 142.3, 142.4, 142.5, 142.6, 142.7, 
142.8, 142.9, 143.0, 143.1, 143.2, 143.3, 143.4, 143.5, 143.6, 143.7, 143.8, 
143.9, 144.0, 144.1, 144.2, 144.3, 144.4, 144.5, 144.6, 144.7, 144.8, 144.9, 
145.0, 145.1, 145.2, 145.3, 145.4, 145.5, 145.6, 145.7, 145.8, 145.9, 146.0, 
146.1, 146.2, 146.3, 146.4, 146.5, 146.6, 146.7, 146.8, 146.9, 147.0, 147.1, 
147.2, 147.3, 147.4, 147.5, 147.6, 147.7, 147.8, 147.9, 148.0, 148.1, 148.2, 
148.3, 148.4, 148.5, 148.6, 148.7, 148.8, 148.9, 149.0, 149.1, 149.2, 149.3, 
149.4, 149.5, 149.6, 149.7, 149.8, 149.9, 150.0, 150.1, 150.2, 150.3, 150.4, 
150.5, 150.6, 150.7, 150.8, 150.9, 151.0, 151.1, 151.2, 151.3, 151.4, 151.5, 
151.6, 151.7, 151.8, 151.9, 152.0, 152.1, 152.2, 152.3, 152.4, 152.5, 152.6, 
152.7, 152.8, 152.9, 153.0, 153.1, 153.2, 153.3, 153.4, 153.5, 153.6, 153.7, 
153.8, 153.9, 154.0, 154.1, 154.2, 154.3, 154.4, 154.5, 154.6, 154.7, 154.8, 
154.9, 155.0, 155.1, 155.2, 155.3, 155.4, 155.5, 155.6, 155.7, 155.8, 155.9, 
156.0, 156.1, 156.2, 156.3, 156.4, 156.5, 156.6, 156.7, 156.8, 156.9, 157.0, 
157.1, 157.2, 157.3, 157.4, 157.5, 157.6, 157.7, 157.8, 157.9, 158.0, 158.1, 
158.2, 158.3, 158.4, 158.5, 158.6, 158.7, 158.8, 158.9, 159.0, 159.1, 159.2, 
159.3, 159.4, 159.5, 159.6, 159.7, 159.8, 159.9, 160.0, 160.1, 160.2, 160.3, 
160.4, 160.5, 160.6, 160.7, 160.8, 160.9, 161.0, 161.1, 161.2, 161.3, 161.4, 
161.5, 161.6, 161.7, 161.8, 161.9, 162.0, 162.1, 162.2, 162.3, 162.4, 162.5, 
162.6, 162.7, 162.8, 162.9, 163.0, 163.1, 163.2, 163.3, 163.4, 163.5, 163.6, 
163.7, 163.8, 163.9, 164.0, 164.1, 164.2, 164.3, 164.4, 164.5, 164.6, 164.7, 
164.8, 164.9, 165.0, 165.1, 165.2, 165.3, 165.4, 165.5, 165.6, 165.7, 165.8, 
165.9, 166.0, 166.1, 166.2, 166.3, 166.4, 166.5, 166.6, 166.7, 166.8, 166.9, 
167.0, 167.1, 167.2, 167.3, 167.4, 167.5, 167.6, 167.7, 167.8, 167.9, 168.0, 
168.1, 168.2, 168.3, 168.4, 168.5, 168.6, 168.7, 168.8, 168.9, 169.0, 169.1, 
169.2, 169.3, 169.4, 169.5, 169.6, 169.7, 169.8, 169.9, 170.0, 170.1, 170.2, 
170.3, 170.4, 170.5, 170.6, 170.7, 170.8, 170.9, 171.0, 171.1, 171.2, 171.3, 
171.4, 171.5, 171.6, 171.7, 171.8, 171.9, 172.0, 172.1, 172.2, 172.3, 172.4, 
172.5, 172.6, 172.7, 172.8, 172.9, 173.0, 173.1, 173.2, 173.3, 173.4, 173.5, 
173.6, 173.7, 173.8, 173.9, 174.0, 174.1, 174.2, 174.3, 174.4, 174.5, 174.6, 
174.7, 174.8, 174.9, 175.0, 175.1, 175.2, 175.3, 175.4, 175.5, 175.6, 175.7, 
175.8, 175.9, 176.0, 176.1, 176.2, 176.3, 176.4, 176.5, 176.6, 176.7, 176.8, 
176.9, 177.0, 177.1, 177.2, 177.3, 177.4, 177.5, 177.6, 177.7, 177.8, 177.9, 
178.0, 178.1, 178.2, 178.3, 178.4, 178.5, 178.6, 178.7, 178.8, 178.9, 179.0, 
179.1, 179.2, 179.3, 179.4, 179.5, 179.6, 179.7, 179.8, 179.9, 180.0, 180.1, 
180.2, 180.3, 180.4, 180.5, 180.6, 180.7, 180.8, 180.9, 181.0, 181.1, 181.2, 
181.3, 181.4, 181.5, 181.6, 181.7, 181.8, 181.9, 182.0, 182.1, 182.2, 182.3, 
182.4, 182.5, 182.6, 182.7, 182.8, 182.9, 183.0, 183.1, 183.2, 183.3, 183.4, 
183.5, 183.6, 183.7, 183.8, 183.9, 184.0, 184.1, 184.2, 184.3, 184.4, 184.5, 
184.6, 184.7, 184.8, 184.9, 185.0, 185.1, 185.2, 185.3, 185.4, 185.5, 185.6, 
185.7, 185.8, 185.9, 186.0, 186.1, 186.2, 186.3, 186.4, 186.5, 186.6, 186.7, 
186.8, 186.9, 187.0, 187.1, 187.2, 187.3, 187.4, 187.5, 187.6, 187.7, 187.8, 
187.9, 188.0, 188.1, 188.2, 188.3, 188.4, 188.5, 188.6, 188.7, 188.8, 188.9, 
189.0, 189.1, 189.2, 189.3, 189.4, 189.5, 189.6, 189.7, 189.8, 189.9, 190.0, 
190.1, 190.2, 190.3, 190.4, 190.5, 190.6, 190.7, 190.8, 190.9, 191.0, 191.1, 
191.2, 191.3, 191.4, 191.5, 191.6, 191.7, 191.8, 191.9, 192.0, 192.1, 192.2, 
192.3, 192.4, 192.5, 192.6, 192.7, 192.8, 192.9, 193.0, 193.1, 193.2, 193.3, 
193.4, 193.5, 193.6, 193.7, 193.8, 193.9, 194.0, 194.1, 194.2, 194.3, 194.4, 
194.5, 194.6, 194.7, 194.8, 194.9, 195.0, 195.1, 195.2, 195.3, 195.4, 195.5, 
195.6, 195.7, 195.8, 195.9, 196.0, 196.1, 196.2, 196.3, 196.4, 196.5, 196.6, 
196.7, 196.8, 196.9, 197.0, 197.1, 197.2, 197.3, 197.4, 197.5, 197.6, 197.7, 
197.8, 197.9, 198.0, 198.1, 198.2, 198.3, 198.4, 198.5, 198.6, 198.7, 198.8, 
198.9, 199.0, 199.1, 199.2, 199.3, 199.4, 199.5, 199.6, 199.7, 199.8, 199.9, 
200.0, 200.1, 200.2, 200.3, 200.4, 200.5, 200.6, 200.7, 200.8, 200.9, 201.0, 
201.1, 201.2, 201.3, 201.4, 201.5, 201.6, 201.7, 201.8, 201.9, 202.0, 202.1, 
202.2, 202.3, 202.4, 202.5, 202.6, 202.7, 202.8, 202.9, 203.0, 203.1, 203.2, 
203.3, 203.4, 203.5, 203.6, 203.7, 203.8, 203.9, 204.0, 204.1, 204.2, 204.3, 
204.4, 204.5, 204.6, 204.7, 204.8, 204.9, 205.0, 205.1, 205.2, 205.3, 205.4, 
205.5, 205.6, 205.7, 205.8, 205.9, 206.0, 206.1, 206.2, 206.3, 206.4, 206.5, 
206.6, 206.7, 206.8, 206.9, 207.0, 207.1, 207.2, 207.3, 207.4, 207.5, 207.6, 
207.7, 207.8, 207.9, 208.0, 208.1, 208.2, 208.3, 208.4, 208.5, 208.6, 208.7, 
208.8, 208.9, 209.0, 209.1, 209.2, 209.3, 209.4, 209.5, 209.6, 209.7, 209.8, 
209.9, 210.0, 210.1, 210.2, 210.3, 210.4, 210.5, 210.6, 210.7, 210.8, 210.9, 
211.0, 211.1, 211.2, 211.3, 211.4, 211.5, 211.6, 211.7, 211.8, 211.9, 212.0, 
212.1, 212.2, 212.3, 212.4, 212.5, 212.6, 212.7, 212.8, 212.9, 213.0, 213.1, 
213.2, 213.3, 213.4, 213.5, 213.6, 213.7, 213.8, 213.9, 214.0, 214.1, 214.2, 
214.3, 214.4, 214.5, 214.6, 214.7, 214.8, 214.9, 215.0, 215.1, 215.2, 215.3, 
215.4, 215.5, 215.6, 215.7, 215.8, 215.9, 216.0, 216.1, 216.2, 216.3, 216.4, 
216.5, 216.6, 216.7, 216.8, 216.9, 217.0, 217.1, 217.2, 217.3, 217.4, 217.5, 
217.6, 217.7, 217.8, 217.9, 218.0, 218.1, 218.2, 218.3, 218.4, 218.5, 218.6, 
218.7, 218.8, 218.9, 219.0, 219.1, 219.2, 219.3, 219.4, 219.5, 219.6, 219.7, 
219.8, 219.9, 220.0, 220.1, 220.2, 220.3, 220.4, 220.5, 220.6, 220.7, 220.8, 
220.9, 221.0, 221.1, 221.2, 221.3, 221.4, 221.5, 221.6, 221.7, 221.8, 221.9, 
222.0, 222.1, 222.2, 222.3, 222.4, 222.5, 222.6, 222.7, 222.8, 222.9, 223.0, 
223.1, 223.2, 223.3, 223.4, 223.5, 223.6, 223.7, 223.8, 223.9, 224.0, 224.1, 
224.2, 224.3, 224.4, 224.5, 224.6, 224.7, 224.8, 224.9, 225.0, 225.1, 225.2, 
225.3, 225.4, 225.5, 225.6, 225.7, 225.8, 225.9, 226.0, 226.1, 226.2, 226.3, 
226.4, 226.5, 226.6, 226.7, 226.8, 226.9, 227.0, 227.1, 227.2, 227.3, 227.4, 
227.5, 227.6, 227.7, 227.8, 227.9, 228.0, 228.1, 228.2, 228.3, 228.4, 228.5, 
228.6, 228.7, 228.8, 228.9, 229.0, 229.1, 229.2, 229.3, 229.4, 229.5, 229.6, 
229.7, 229.8, 229.9, 230.0, 230.1, 230.2, 230.3, 230.4, 230.5, 230.6, 230.7, 
230.8, 230.9, 231.0, 231.1, 231.2, 231.3, 231.4, 231.5, 231.6, 231.7, 231.8, 
231.9, 232.0, 232.1, 232.2, 232.3, 232.4, 232.5, 232.6, 232.7, 232.8, 232.9, 
233.0, 233.1, 233.2, 233.3, 233.4, 233.5, 233.6, 233.7, 233.8, 233.9, 234.0, 
234.1, 234.2, 234.3, 234.4, 234.5, 234.6, 234.7, 234.8, 234.9, 235.0, 235.1, 
235.2, 235.3, 235.4, 235.5, 235.6, 235.7, 235.8, 235.9, 236.0, 236.1, 236.2, 
236.3, 236.4, 236.5, 236.6, 236.7, 236.8, 236.9, 237.0, 237.1, 237.2, 237.3, 
237.4, 237.5, 237.6, 237.7, 237.8, 237.9, 238.0, 238.1, 238.2, 238.3, 238.4, 
238.5, 238.6, 238.7, 238.8, 238.9, 239.0, 239.1, 239.2, 239.3, 239.4, 239.5, 
239.6, 239.7, 239.8, 239.9, 240.0, 240.1, 240.2, 240.3, 240.4, 240.5, 240.6, 
240.7, 240.8, 240.9, 241.0, 241.1, 241.2, 241.3, 241.4, 241.5, 241.6, 241.7, 
241.8, 241.9, 242.0, 242.1, 242.2, 242.3, 242.4, 242.5, 242.6, 242.7, 242.8, 
242.9, 243.0, 243.1, 243.2, 243.3, 243.4, 243.5, 243.6, 243.7, 243.8, 243.9, 
244.0, 244.1, 244.2, 244.3, 244.4, 244.5, 244.6, 244.7, 244.8, 244.9, 245.0, 
245.1, 245.2, 245.3, 245.4, 245.5, 245.6, 245.7, 245.8, 245.9, 246.0, 246.1, 
246.2, 246.3, 246.4, 246.5, 246.6, 246.7, 246.8, 246.9, 247.0, 247.1, 247.2, 
247.3, 247.4, 247.5, 247.6, 247.7, 247.8, 247.9, 248.0, 248.1, 248.2, 248.3, 
248.4, 248.5, 248.6, 248.7, 248.8, 248.9, 249.0, 249.1, 249.2, 249.3, 249.4, 
249.5, 249.6, 249.7, 249.8, 249.9, 250.0, 250.1, 250.2, 250.3, 250.4, 250.5, 
250.6, 250.7, 250.8, 250.9, 251.0, 251.1, 251.2, 251.3, 251.4, 251.5, 251.6, 
251.7, 251.8, 251.9, 252.0, 252.1, 252.2, 252.3, 252.4, 252.5, 252.6, 252.7, 
252.8, 252.9, 253.0, 253.1, 253.2, 253.3, 253.4, 253.5, 253.6, 253.7, 253.8, 
253.9, 254.0, 254.1, 254.2, 254.3, 254.4, 254.5, 254.6, 254.7, 254.8, 254.9, 
255.0, 255.1, 255.2, 255.3, 255.4, 255.5, 255.6, 255.7, 255.8, 255.9, 256.0, 
256.1, 256.2, 256.3, 256.4000000000001, 256.5, 256.6, 256.7, 256.8, 
256.9000000000001, 257.0, 257.1, 257.2, 257.3, 257.4000000000001, 257.5, 
257.6, 257.7, 257.8, 257.9000000000001, 258.0, 258.1, 258.2, 258.3, 
258.4000000000001, 258.5, 258.6, 258.7, 258.8, 258.9000000000001, 259.0, 
259.1, 259.2, 259.3, 259.4000000000001, 259.5, 259.6, 259.7, 259.8, 
259.9000000000001, 260.0, 260.1, 260.2, 260.3, 260.4000000000001, 260.5, 
260.6, 260.7, 260.8, 260.9000000000001, 261.0, 261.1, 261.2, 261.3, 
261.4000000000001, 261.5, 261.6, 261.7, 261.8, 261.9000000000001, 262.0, 
262.1, 262.2, 262.3, 262.4000000000001, 262.5, 262.6, 262.7, 262.8, 
262.9000000000001, 263.0, 263.1, 263.2, 263.3, 263.4000000000001, 263.5, 
263.6, 263.7, 263.8, 263.9000000000001, 264.0, 264.1, 264.2, 264.3, 
264.4000000000001, 264.5, 264.6, 264.7, 264.8, 264.9000000000001, 265.0, 
265.1, 265.2, 265.3, 265.4000000000001, 265.5, 265.6, 265.7, 265.8, 
265.9000000000001, 266.0, 266.1, 266.2, 266.3, 266.4000000000001, 266.5, 
266.6, 266.7, 266.8, 266.9000000000001, 267.0, 267.1, 267.2, 267.3, 
267.4000000000001, 267.5, 267.6, 267.7, 267.8, 267.9000000000001, 268.0, 
268.1, 268.2, 268.3, 268.4000000000001, 268.5, 268.6, 268.7, 268.8, 
268.9000000000001, 269.0, 269.1, 269.2, 269.3, 269.4000000000001, 269.5, 
269.6, 269.7, 269.8, 269.9000000000001, 270.0, 270.1, 270.2, 270.3, 
270.4000000000001, 270.5, 270.6, 270.7, 270.8, 270.9000000000001, 271.0, 
271.1, 271.2, 271.3, 271.4000000000001, 271.5, 271.6, 271.7, 271.8, 
271.9000000000001, 272.0, 272.1, 272.2, 272.3, 272.4000000000001, 272.5, 
272.6, 272.7, 272.8, 272.9000000000001, 273.0, 273.1, 273.2, 273.3, 
273.4000000000001, 273.5, 273.6, 273.7, 273.8, 273.9000000000001, 274.0, 
274.1, 274.2, 274.3, 274.4000000000001, 274.5, 274.6, 274.7, 274.8, 
274.9000000000001, 275.0, 275.1, 275.2, 275.3, 275.4000000000001, 275.5, 
275.6, 275.7, 275.8, 275.9000000000001, 276.0, 276.1, 276.2, 276.3, 
276.4000000000001, 276.5, 276.6, 276.7, 276.8, 276.9000000000001, 277.0, 
277.1, 277.2, 277.3, 277.4000000000001, 277.5, 277.6, 277.7, 277.8, 
277.9000000000001, 278.0, 278.1, 278.2, 278.3, 278.4000000000001, 278.5, 
278.6, 278.7, 278.8, 278.9000000000001, 279.0, 279.1, 279.2, 279.3, 
279.4000000000001, 279.5, 279.6, 279.7, 279.8, 279.9000000000001, 280.0, 
280.1, 280.2, 280.3, 280.4000000000001, 280.5, 280.6, 280.7, 280.8, 
280.9000000000001, 281.0, 281.1, 281.2, 281.3, 281.4000000000001, 281.5, 
281.6, 281.7, 281.8, 281.9000000000001, 282.0, 282.1, 282.2, 282.3, 
282.4000000000001, 282.5, 282.6, 282.7, 282.8, 282.9000000000001, 283.0, 
283.1, 283.2, 283.3, 283.4000000000001, 283.5, 283.6, 283.7, 283.8, 
283.9000000000001, 284.0, 284.1, 284.2, 284.3, 284.4000000000001, 284.5, 
284.6, 284.7, 284.8, 284.9000000000001, 285.0, 285.1, 285.2, 285.3, 
285.4000000000001, 285.5, 285.6, 285.7, 285.8, 285.9000000000001, 286.0, 
286.1, 286.2, 286.3, 286.4000000000001, 286.5, 286.6, 286.7, 286.8, 
286.9000000000001, 287.0, 287.1, 287.2, 287.3, 287.4000000000001, 287.5, 
287.6, 287.7, 287.8, 287.9000000000001, 288.0, 288.1, 288.2, 288.3, 
288.4000000000001, 288.5, 288.6, 288.7, 288.8, 288.9000000000001, 289.0, 
289.1, 289.2, 289.3, 289.4000000000001, 289.5, 289.6, 289.7, 289.8, 
289.9000000000001, 290.0, 290.1, 290.2, 290.3, 290.4000000000001, 290.5, 
290.6, 290.7, 290.8, 290.9000000000001, 291.0, 291.1, 291.2, 291.3, 
291.4000000000001, 291.5, 291.6, 291.7, 291.8, 291.9000000000001, 292.0, 
292.1, 292.2, 292.3, 292.4000000000001, 292.5, 292.6, 292.7, 292.8, 
292.9000000000001, 293.0, 293.1, 293.2, 293.3, 293.4000000000001, 293.5, 
293.6, 293.7, 293.8, 293.9000000000001, 294.0, 294.1, 294.2, 294.3, 
294.4000000000001, 294.5, 294.6, 294.7, 294.8, 294.9000000000001, 295.0, 
295.1, 295.2, 295.3, 295.4000000000001, 295.5, 295.6, 295.7, 295.8, 
295.9000000000001, 296.0, 296.1, 296.2, 296.3, 296.4000000000001, 296.5, 
296.6, 296.7, 296.8, 296.9000000000001, 297.0, 297.1, 297.2, 297.3, 
297.4000000000001, 297.5, 297.6, 297.7, 297.8, 297.9000000000001, 298.0, 
298.1, 298.2, 298.3, 298.4000000000001, 298.5, 298.6, 298.7, 298.8, 
298.9000000000001, 299.0, 299.1, 299.2, 299.3, 299.4000000000001, 299.5, 
299.6, 299.7, 299.8, 299.9000000000001, 300.0], 
[0.99, 0.9868800859929043, 0.9795503807760677, 0.9681255503893649, 
0.9527706328717551, 0.9336971587691388, 0.9111583897680577, 
0.8854438225088192, 0.8568731210920825, 0.8257896521421555, 0.792553800406438, 
0.7575362408962126, 0.7211113358960325, 0.6836508123868964, 
0.6455178583149998, 0.6070617555932885, 0.5686131447261258, 
0.5304799915064201, 0.4929443013405101, 0.4562596023402909, 
0.4206491952202496, 0.3863051469611834, 0.353387986720662, 0.3220270469961786, 
0.2923213808361428, 0.2643411770493681, 0.2381295898471053, 
0.2137048970000966, 0.191062901139879, 0.1701794919312474, 0.1510132920873756, 
0.133508317153681, 0.1175965872036016, 0.1032006376308278, 
0.09023588567618322, 0.07861281882087992, 0.06823898038831002, 
0.05902073635657752, 0.05086481528484042, 0.04367962024783722, 
0.0373763176600381, 0.0318697128100014, 0.0270789258178462, 
0.02292788461302183, 0.01934565347453454, 0.01626661677260892, 
0.01363053790557687, 0.01138251315307759, 0.009472839383304628, 
0.007856813372393738, 0.006494479025935361, 0.005350337134373676, 
0.00439303053257442, 0.00359501574330609, 0.00293223042590939, 
0.00238376427328958, 0.001931539438647361, 0.001560005153045852, 
0.001255849931159165, 0.001007733662145387, 8.060409454114154E-4, 
6.426562515075273E-4, 5.107608568243345E-4, 4.04651004614783E-4, 
3.19576369791335E-4, 2.515976357411404E-4, 1.974618127180569E-4, 
1.544938243221894E-4, 1.205028471647053E-4, 9.370189622394855E-5, 
7.263919318412635E-5, 5.613992722324811E-5, 4.325710876333489E-5, 
3.323031951295768E-5, 2.545127094710755E-5, 1.943519361694182E-5, 
1.479718786769192E-5, 1.123277010012556E-5, 8.501945857569194E-6, 
6.416230623548537E-6, 4.828120664460681E-6, 3.622589347042224E-6, 
2.710249212186291E-6, 2.021877031337366E-6, 1.504048600928827E-6, 
1.115672733301436E-6, 8.252504200810823E-7, 6.087161332039831E-7, 
4.477443366778351E-7, 3.284261269223753E-7, 2.402390779008287E-7, 
1.752483670179675E-7, 1.274895740384303E-7, 9.249359975751166E-8, 
6.69223134506667E-8, 4.829012860101491E-8, 3.475199992163579E-8, 
2.494256489000994E-8, 1.785451678231852E-8, 1.274695811922091E-8, 
9.076580054980902E-9, 6.446157030416915E-9, 4.566128984910314E-9, 
3.226040381445731E-9, 2.273376666494506E-9, 1.597933088452795E-9, 
1.120306780473257E-9, 7.834514435502495E-10, 5.464991455886674E-10, 
3.802547777972278E-10, 2.639205109597721E-10, 1.827217867349181E-10, 
1.261919575308547E-10, 8.693658504224913E-11, 5.974594106249978E-11, 
4.095948751986173E-11, 2.801213579467115E-11, 1.911123834539576E-11, 
1.300731332329867E-11, 8.831770725733586E-12, 5.982388330881471E-12, 
4.04271604685373E-12, 2.725516821045391E-12, 1.833186405768228E-12, 
1.230131782311528E-12, 8.23548143407529E-13, 5.500773394357314E-13, 
3.665734166343568E-13, 2.43728125608874E-13, 1.616824162247512E-13, 
1.070132027934542E-13, 7.066987234457777E-14, 4.656488600883493E-14, 
3.061363991604071E-14, 2.008206899075642E-14, 1.31444932268162E-14, 
8.58471674402443E-15, 5.59447869042356E-15, 3.637890185548566E-15, 
2.360481530879235E-15, 1.528330985908151E-15, 9.874263811389507E-16, 
6.366008492476412E-16, 4.095524620962102E-16, 2.629277021176917E-16, 
1.684427187373534E-16, 1.076866391102507E-16, 6.870204369725108E-17, 
4.374015217531389E-17, 2.779062073423444E-17, 1.762089777023939E-17, 
1.114998087506458E-17, 7.041107548999963E-18, 4.437445520710088E-18, 
2.790967024700634E-18, 1.751904321348892E-18, 1.097499777128919E-18, 
6.861850079289982E-19, 4.281787057797974E-19, 2.666614689521973E-19, 
1.657490762390405E-19, 1.028257480840499E-19, 6.366735293627725E-20, 
3.934595464156038E-20, 2.426922783108715E-20, 1.494130701461156E-20, 
9.18125691410922E-21, 5.631197372954887E-21, 3.447375073235149E-21, 
2.106539472643139E-21, 1.284836959991001E-21, 7.82218088608799E-22, 
4.753496082778425E-22, 2.88341993393159E-22, 1.745886961997706E-22, 
1.05521703758675E-22, 6.36632601219849E-23, 3.834081150664392E-23, 
2.304957877877178E-23, 1.383240998429339E-23, 8.286473776655707E-24, 
4.955444063795307E-24, 2.958285939901716E-24, 1.762975584203296E-24, 
1.0488293406645E-24, 6.229017151380331E-25, 3.693126305248471E-25, 
2.18591101802801E-25, 1.291630262047535E-25, 7.619299936702035E-26, 
4.487110322060667E-26, 2.638134409595529E-26, 1.548492976869604E-26, 
9.07417916982508E-27, 5.308781726525238E-27, 3.100811743733289E-27, 
1.808225239099412E-27, 1.052761067935977E-27, 6.11942781994604E-28, 
3.551395661596439E-28, 2.057775818790177E-28, 1.190450417535905E-28, 
6.876101760769285E-29, 3.965468201877358E-29, 2.28334368297627E-29, 
1.312732275197762E-29, 7.535507649673482E-30, 4.319005273159627E-30, 
2.471685426386959E-30, 1.412356269508165E-30, 8.058241384710549E-31, 
4.590759630767412E-31, 2.611442186885841E-31, 1.48330735589116E-31, 
8.412789735139998E-32, 4.764423168532946E-32, 2.694295800312436E-32, 
1.521416426097944E-32, 8.578710638536462E-33, 4.83025684518773E-33, 
2.71578819588575E-33, 1.524762483635674E-33, 8.548546460727841E-34, 
4.785962199672775E-34, 2.675692967408136E-34, 1.493813623972215E-34, 
8.328231056854304E-35, 4.636693575750926E-35, 2.577901744295784E-35, 
1.431296794105221E-35, 7.935995882721548E-36, 4.394248111842784E-36, 
2.429864828539575E-36, 1.341828562986432E-36, 7.400009728802162E-37, 
4.075593290421665E-37, 2.241690285468136E-37, 1.231372706770282E-37, 
6.755157565606755E-38, 3.700976949556958E-38, 2.02504691327421E-38, 
1.106609692856825E-38, 6.039449721656845E-39, 3.291899906174901E-39, 
1.792029035402267E-39, 9.743061308475834E-40, 5.290547172778196E-40, 
2.869216269644404E-40, 1.554126185978377E-40, 8.407605364251515E-41, 
4.542805472066828E-41, 2.451570930508619E-41, 1.321405145008226E-41, 
7.113796281566852E-42, 3.825105643474109E-42, 2.054303894031445E-42, 
1.101965103868825E-42, 5.904124820538761E-43, 3.159587453815449E-43, 
1.688865269334445E-43, 9.01679096886105E-44, 4.808437303803537E-44, 
2.561258693451641E-44, 1.362708688493614E-44, 7.241945347970887E-45, 
3.844258947880046E-45, 2.038345123887011E-45, 1.079575465603219E-45, 
5.711379154488833E-46, 3.018173208257499E-46, 1.593180490243865E-46, 
8.400514965185792E-47, 4.424552945838764E-47, 2.327865438927469E-47, 
1.223414882510034E-47, 6.422727041284444E-48, 3.368196245598442E-48, 
1.764452249905363E-48, 9.233352269444658E-49, 4.826676958995969E-49, 
2.520453809535918E-49, 1.31478054873959E-49, 6.85131823454335E-50, 
3.566511803849634E-50, 1.854659325041077E-50, 9.634692871102361E-51, 
4.999966864891401E-51, 2.592114415667866E-51, 1.342459686975375E-51, 
6.945613724388715E-52, 3.589917929124093E-52, 1.853638981069921E-52, 
9.561691717610499E-53, 4.927373329858612E-53, 2.536702484648652E-53, 
1.304665296409781E-53, 6.70357328847251E-54, 3.441069481428382E-54, 
1.764665900235212E-54, 9.040982920335363E-55, 4.627591646805381E-55, 
2.366370501209287E-55, 1.208929266660459E-55, 6.170375060931239E-56, 
3.146421028091347E-56, 1.602945577090519E-56, 8.158671461723546E-57, 
4.148784578221317E-57, 2.107779293628273E-57, 1.069877900962493E-57, 
5.425629704540882E-58, 2.749001257525671E-58, 1.391587686057201E-58, 
7.038158625583206E-59, 3.556496077968714E-59, 1.795570211799489E-59, 
9.057350593171385E-60, 4.564788281511619E-60, 2.298596327705654E-60, 
1.156456525439136E-60, 5.813294998070501E-61, 2.919737223425218E-61, 
1.465194975524871E-61, 7.346478466783239E-62, 3.680416853489263E-62, 
1.842259012426357E-62, 9.213870504651198E-63, 4.604400598913637E-63, 
2.299034670175155E-63, 1.146994115277569E-63, 5.71770742325759E-64, 
2.847931554465716E-64, 1.417378521788136E-64, 7.048433718212523E-65, 
3.502286323606575E-65, 1.738860352536137E-65, 8.626478730198665E-66, 
4.27621916161034E-66, 2.118096048511383E-66, 1.048316394366296E-66, 
5.184440169547981E-67, 2.561980604285607E-67, 1.265074205325398E-67, 
6.242004226776681E-68, 3.077525814375752E-68, 1.516179512084056E-68, 
7.464014812086785E-69, 3.671715125838853E-69, 1.804852606809081E-69, 
8.865279464318702E-70, 4.351336698998614E-70, 2.134195263481562E-70, 
1.045992191816021E-70, 5.122797387292602E-71, 2.507101812665771E-71, 
1.22609583697171E-71, 5.99192146769254E-72, 2.926163843642593E-72, 
1.427984768928866E-72, 6.963739028170185E-73, 3.393570968142672E-73, 
1.652602757810482E-73, 8.042269888472397E-74, 3.911010507596657E-74, 
1.90064505326636E-74, 9.23030973576614E-75, 4.479569308331252E-75, 
2.172513491223604E-75, 1.052922574247682E-75, 5.099641121969631E-76, 
2.468274729398949E-76, 1.193876925272554E-76, 5.770843091138515E-77, 
2.787623255987506E-77, 1.345691314028533E-77, 6.491944838832088E-78, 
3.129850773223853E-78, 1.50797211331007E-78, 7.260813465711322E-79, 
3.493823443677941E-79, 1.680125576141893E-79, 8.074377413190625E-80, 
3.877968303419178E-80, 1.86135306299019E-80, 8.928611659374433E-81, 
4.280269897504621E-81, 2.050651146735657E-81, 9.818546095620062E-82, 
4.698277888147849E-82, 2.246816891571263E-82, 1.073829820680699E-82, 
5.12912603613186E-83, 2.448458434142398E-83, 1.168113037748284E-83, 
5.569562575892303E-84, 2.65401081574988E-84, 1.263953130273607E-84, 
6.015991610439062E-85, 2.861756831019222E-85, 1.36053201335282E-85, 
6.464524761132824E-86, 3.069852479159619E-86, 1.45697711687551E-86, 
6.911041936592665E-87, 3.276356436739695E-87, 1.552375615676631E-87, 
7.351259751128549E-88, 3.479262823203968E-88, 1.645790062059939E-88, 
7.780805840786006E-89, 3.676536408625436E-89, 1.736275010207291E-89, 
8.195297106582495E-90, 3.866149322656817E-90, 1.822894185212676E-90, 
8.590419768928408E-91, 4.04611826801251E-91, 1.904737729307804E-91, 
8.96200905016478E-92, 4.21454122311577E-92, 1.980939054951407E-92, 
9.306126315491456E-93, 4.369632637071228E-93, 2.050690848704246E-93, 
9.619131594458632E-94, 4.509756174456376E-94, 2.113259800296239E-94, 
9.897749570292602E-95, 4.633454154572716E-95, 2.167999676396883E-95, 
1.013912735414296E-95, 4.739472945391922E-96, 2.214362416112966E-96, 
1.034088264481343E-96, 4.826783711006775E-97, 2.251906992482136E-97, 
1.050114119868417E-97, 4.894598066698039E-98, 2.280305858217989E-98, 
1.061856288515508E-98, 4.942378361057268E-99, 2.299348871548798E-99, 
1.069235596537367E-99, 4.969842473158876E-100, 2.308944676038489E-100, 
1.072227959184692E-100, 4.976963177972183E-101, 2.309119583796163E-101, 
1.070863487027225E-101, 4.963962288980495E-102, 2.300014081760465E-102, 
1.065224514053436E-102, 4.931299928026141E-103, 2.281877143464735E-103, 
1.055442641120371E-103, 4.879659394375051E-104, 2.25505858198924E-104, 
1.041694911318915E-104, 4.809928204617582E-105, 2.219999722343151E-105, 
1.024199251801968E-105, 4.723175950161637E-106, 2.177222702479722E-106, 
1.003209329161649E-106, 4.620629668742156E-107, 2.127318731248095E-107, 
9.790089724827196E-108, 4.503647450672745E-108, 2.070935639032314E-108, 
9.519063199109132E-109, 4.373691000597193E-109, 2.008765053271854E-109, 
9.222278413195574E-110, 4.232297853212487E-110, 1.941529517519635E-110, 
8.903123819595464E-111, 4.081053899472774E-111, 1.869969850488121E-111, 
8.565053604835087E-112, 3.921566821299244E-112, 1.794833012185722E-112, 
8.21153240175738E-113, 3.75544096129511E-113, 1.716860709401902E-113, 
7.845983753705759E-114, 3.584254073027749E-114, 1.636778934150682E-114, 
7.47174316686827E-115, 3.409536310704412E-115, 1.555288587887315E-115, 
7.092016396025382E-116, 3.232751727983661E-116, 1.473057302934707E-116, 
6.709843417481435E-117, 3.055282467397647E-117, 1.390712532009789E-117, 
6.328068357360087E-118, 2.878415737197204E-118, 1.308835938252927E-118, 
5.949315469085847E-119, 2.703333593714608E-119, 1.227959082749211E-119, 
5.575971095113209E-120, 2.531105476426099E-120, 1.148560374974965E-120, 
5.210171408093101E-121, 2.362683381149709E-121, 1.071063224461955E-121, 
4.853795607913041E-122, 2.198899505108995E-122, 9.95835309579103E-123, 
4.508464154632098E-123, 2.0404661563475E-123, 9.231888618144232E-124, 
4.175541543548578E-124, 1.887977689196666E-124, 8.533818512419136E-125, 
3.85614307696776E-125, 1.741914206827579E-125, 7.866199507659765E-126, 
3.551145056476108E-126, 1.602646760704443E-126, 7.230591529087509E-127, 
3.261197807929767E-127, 1.470443774124388E-127, 6.628089129058278E-128, 
2.986740956777547E-128, 1.345478421927311E-128, 6.05935695198139E-129, 
2.728020391344009E-129, 1.227836709740654E-129, 5.524668065083344E-130, 
2.485106383737423E-130, 1.117526012589578E-130, 5.023944070108723E-131, 
2.257912379533614E-131, 1.014483853158428E-131, 4.55679601096772E-132, 
2.046214015801702E-132, 9.185867232847764E-133, 4.122565203735495E-133, 
1.849667980010691E-133, 8.296587773319719E-134, 3.720363233461203E-134, 
1.66783037772389E-134, 7.474802519527729E-135, 3.349110482646794E-135, 
1.50017433283927E-135, 6.717954925800763E-136, 3.007572675282424E-136, 
1.346106598833407E-136, 6.02320492046352E-137, 2.694395034868617E-137, 
1.204983011669E-137, 5.387498704616249E-138, 2.408133762431615E-138, 
1.076122663673251E-138, 4.807632474232246E-139, 2.147284639269558E-139, 
9.588207220055558E-140, 4.280309774673441E-140, 1.910308647744672E-140, 
8.523598547832429E-141, 3.802192371964597E-141, 1.695654581069135E-141, 
7.560202622304526E-142, 3.36994467624497E-142, 1.501778679384913E-142, 
6.690883392657451E-143, 2.980271879586992E-143, 1.327161384565115E-143, 
5.908640198273607E-144, 2.629952073429389E-144, 1.170321350441571E-144, 
5.206668721678177E-145, 2.31586269140427E-145, 1.029826879218327E-145, 
4.57841028655549E-146, 2.035001682982034E-146, 9.04304979479599E-147, 
4.017590437022613E-147, 1.784503864071571E-147, 7.92448257388787E-148, 
3.518247797436788E-148, 1.561652914653384E-148, 6.930198614234917E-149, 
3.074754242192451E-149, 1.363889502944016E-149, 6.048567033520376E-150, 
2.681827407120145E-150, 1.188816012754609E-150, 5.268711751738144E-151, 
2.334536553034858E-151, 1.034198337815476E-151, 4.580515744246726E-152, 
2.028302752278681E-152, 8.979651859749216E-153, 3.97461439533524E-153, 
1.758894315028346E-153, 7.782053092676829E-154, 3.442379836721452E-154, 
1.522418307572447E-154, 6.731630446224348E-155, 2.975898005419356E-155, 
1.315308943156007E-155, 5.812325159711085E-156, 2.567939994678243E-156, 
1.134313550341267E-156, 5.009508130573749E-157, 2.211929106017687E-157, 
9.764767466899848E-158, 4.309904264305804E-158, 1.901904844613211E-158, 
8.391233690408725E-159, 3.701511828668069E-159, 1.632484938360353E-159, 
7.198406374270885E-160, 3.173518915043028E-160, 1.398826305944716E-160, 
6.164599590607394E-161, 2.716218788678916E-161, 1.196585753484166E-161, 
5.270387127666329E-162, 2.320925610836179E-162, 1.021881044413728E-162, 
4.498422934345582E-163, 1.979891742137963E-163, 8.712528642859843E-164, 
3.833266408745005E-164, 1.686227589215183E-164, 7.416280915874819E-165, 
3.261214280783293E-165, 1.433824736542116E-165, 6.30284687634676E-166, 
2.770140403095946E-166, 1.217282911916065E-166, 5.34818432885386E-167, 
2.349344385111638E-167, 1.031841166465506E-167, 4.531116630963383E-168, 
1.989409679790431E-168, 8.733135070315889E-169, 3.833040959926494E-169, 
1.682071457597169E-169, 7.380290985818498E-170, 3.237657866737768E-170, 
1.420094373926901E-170, 6.227770550877264E-171, 2.730722069596483E-171, 
1.197160150118457E-171, 5.247557570121931E-172, 2.299814093338192E-172, 
1.007764739963067E-172, 4.415265701505203E-173, 1.934132091117275E-173, 
8.471247388155891E-174, 3.70971792006293E-174, 1.624302980132447E-174, 
7.110926067420983E-175, 3.112566161964623E-175, 1.362211875502027E-175, 
5.960802164904748E-176, 2.607948806994326E-176, 1.14084870705551E-176, 
4.989901976187885E-177, 2.182183503568441E-177, 9.541708449949034E-178, 
4.171545263375539E-178, 1.823492763284671E-178, 7.969805349789527E-179, 
3.482798033265741E-179, 1.521759737527074E-179, 6.648159448143148E-180, 
2.903986661273079E-180, 1.268311624136118E-180, 5.538546479537672E-181, 
2.418267961790081E-181, 1.055728226461999E-181, 4.60828408473586E-182, 
2.011250009812486E-182, 8.776732906264784E-183, 3.829481838847656E-183, 
1.670658773575338E-183, 7.287463713051074E-184, 3.178383224187148E-184, 
1.386045907838438E-184, 6.043531148929449E-185, 2.634789972972877E-185, 
1.148533369154094E-185, 5.005919958018262E-186, 2.181559894600511E-186, 
9.505908371547994E-187, 4.141556921864775E-187, 1.804170002626244E-187, 
7.858422509296272E-188, 3.422454378788092E-188, 1.490337451794129E-188, 
6.488980900799257E-189, 2.824968348112675E-189, 1.229691473045302E-189, 
5.352103408183845E-190, 2.329157525221563E-190, 1.013490145186596E-190, 
4.409473846252705E-191, 1.918230768476146E-191, 8.343764591174194E-192, 
3.628863277729641E-192, 1.578071975068374E-192, 6.861687097493977E-193, 
2.983205526981913E-193, 1.296832432832295E-193, 5.636807893305035E-194, 
2.449805157408553E-194, 1.064581835343924E-194, 4.625684525800524E-195, 
2.00966039802882E-195, 8.73010157357396E-196, 3.791980787750414E-196, 
1.64688555123423E-196, 7.151735079225636E-197, 3.10534869509837E-197, 
1.348219271064407E-197, 5.852779121475186E-198, 2.54047794752291E-198, 
1.102606777392474E-198, 4.784957234072627E-199, 2.076289359901309E-199, 
9.008455756854688E-200, 3.908100405567221E-200, 1.695251759761027E-200, 
7.352855954605446E-201, 3.188831045933867E-201, 1.382804523112465E-201, 
5.995758548621858E-202, 2.599451817199296E-202, 1.126870294228054E-202, 
4.884508159322865E-203, 2.117009104595297E-203, 9.174445298476383E-204, 
3.97550527108856E-204, 1.722505049035985E-204, 7.462503504050483E-205, 
3.232694679698959E-205, 1.40023569690209E-205, 6.064487947617993E-206, 
2.626297274719945E-206, 1.137236000499887E-206, 4.923959839743798E-207, 
2.131747715562548E-207, 9.228151704988867E-208, 3.994399257621582E-208, 
1.728805989606007E-208, 7.481682852213498E-209, 3.237507549799663E-209, 
1.400815546058138E-209, 6.060521424824823E-210, 2.621791253095939E-210, 
1.134084764754335E-210, 4.905151358700487E-211, 2.121382607133584E-211, 
9.173720219498984E-212, 3.966724835321643E-212, 1.715058574835319E-212, 
7.414576250578538E-213, 3.205194649630281E-213, 1.385426129721328E-213, 
5.987884678891105E-214, 2.587764579710045E-214, 1.11824657829291E-214, 
4.831834632619535E-215, 2.087605389879793E-215, 9.018759597528644E-216, 
3.895896906437049E-216, 1.682792373256835E-216, 7.268022046980385E-217, 
3.138807968063476E-217, 1.355427375058923E-217, 5.852628264309652E-218, 
2.526905461025219E-218, 1.090914206253484E-218, 4.709295397629813E-219, 
2.032755679096957E-219, 8.77361409602189E-220, 3.786484196076849E-220, 
1.63402321758353E-220, 7.050906084026029E-221, 3.042260836608286E-221, 
1.31254121511421E-221, 5.66232266792429E-222, 2.442539607114573E-222, 
1.053547511218864E-222, 4.543937185445947E-223, 1.959640324861171E-223, 
8.450578534829222E-224, 3.643868644934667E-224, 1.571105502245741E-224, 
6.773521605780994E-225, 2.920050708262496E-225, 1.258731599565692E-225, 
5.425539274547895E-226, 2.338405847365332E-226, 1.007776505943106E-226, 
4.342862694149375E-227, 1.871352745394468E-227, 8.063119033357675E-228, 
3.473909477148379E-228, 1.49658744533313E-228, 6.446945981738774E-229, 
2.776990903027824E-229, 1.196089100364853E-229, 5.151354237345365E-230, 
2.218442933821737E-230, 9.553097857572634E-231, 4.113480708422276E-231, 
1.77110427248545E-231, 7.625149749576399E-232, 3.282633192868953E-232, 
1.413078278887398E-232, 6.082472026112418E-233, 2.617967226027946E-233, 
1.126726802566256E-233, 4.84890336467634E-234, 2.086599331725794E-234, 
8.978532879286121E-235, 3.863159288251879E-235, 1.662076175689176E-235, 
7.150401829076863E-236, 3.075964592673068E-236, 1.323133662185507E-236, 
5.691120102513032E-237, 2.447730338632416E-237, 1.05269199327261E-237, 
4.52700671009076E-238, 1.946673720868253E-238, 8.370425641327618E-239, 
3.598938342418506E-239, 1.547297752752085E-239, 6.651906639161749E-240, 
2.859507855151066E-240, 1.229162994104783E-240, 5.28324594611924E-241, 
2.270729926609115E-241, 9.75896085521825E-242, 4.193872646952859E-242, 
1.802190114420197E-242, 7.743901174020949E-243, 3.327307706414322E-243, 
1.429552881439142E-243, 6.141602575204457E-244, 2.638381228011751E-244, 
1.133359970236921E-244, 4.868249197763901E-245, 2.090992474642817E-245, 
8.980634107457155E-246, 3.856883536427921E-246, 1.656308239481503E-246, 
7.112479687482049E-247, 3.054050959138635E-247, 1.311314931048716E-247, 
5.630064141173372E-248, 2.41710440888292E-248, 1.037655832295297E-248, 
4.454379615961712E-249, 1.91204106350376E-249, 8.206980805720841E-250, 
3.522459051683281E-250, 1.511767274679707E-250, 6.487845449740068E-251, 
2.784150693968425E-251, 1.194708031826386E-251, 5.12634402401635E-252, 
2.199534341853513E-252, 9.436933526841623E-253, 4.048632049202437E-253, 
1.736853144256316E-253, 7.450670897417999E-254, 3.195988925100453E-254, 
1.370859248675266E-254, 5.879742330569482E-255, 2.521747856236709E-255, 
1.081491411304632E-255, 4.63791353414365E-256, 1.988842941063013E-256, 
8.52818681295283E-257, 3.656717470406586E-257, 1.567850686176442E-257, 
6.721971913044443E-258, 2.881824256329589E-258, 1.235427326977206E-258, 
5.295975068032897E-259, 2.270145968055159E-259, 9.730627791088425E-260, 
4.170683838977112E-260, 1.787529064511896E-260, 7.660877042236748E-261, 
3.283095466093136E-261, 1.40691633529414E-261, 6.028827747281028E-262, 
2.583315338419399E-262, 1.106883754445344E-262, 4.742493539625665E-263, 
2.031850384593424E-263, 8.70476487544996E-264, 3.729089479951836E-264, 
1.597456725105134E-264, 6.842834478257637E-265, 2.93105319292884E-265, 
1.255429108075245E-265, 5.377019508282024E-266, 2.302883935850044E-266, 
9.862422495525047E-267, 4.223537607340534E-267, 1.808632918887483E-267, 
7.744723075713962E-268, 3.316216269987413E-268, 1.419911839036147E-268, 
6.079412182065799E-269, 2.602816580827611E-269, 1.114313513449634E-269, 
4.770382224103385E-270, 2.042118769930029E-270, 8.741600288464444E-271, 
3.741821872157987E-271, 1.601612982889576E-271, 6.855110297820615E-272, 
2.933957349376118E-272, 1.25567057199784E-272, 5.373785088933987E-273, 
2.299681100847167E-273, 9.840966855613684E-274, 4.21105427268687E-274, 
1.801884337805198E-274, 7.709852492323511E-275, 3.298742374949629E-275, 
1.41134758812829E-275, 6.038136282560544E-276, 2.583183507726883E-276, 
1.105073369569083E-276, 4.727271605135722E-277, 2.022151396628785E-277, 
8.649689780634008E-278, 3.699740205220868E-278, 1.582434855087795E-278, 
6.768063826785755E-279, 2.894590453962913E-279, 1.237923932997026E-279, 
5.294013278770934E-280, 2.263916502894438E-280, 9.680998988216676E-281, 
4.139657518860828E-281, 1.770081229531661E-281, 7.568444039864618E-282, 
3.235971677557262E-282, 1.383526864014866E-282, 5.915007961895192E-283, 
2.528762248546675E-283, 1.081049721165646E-283, 4.621345279993934E-284, 
1.975496750834554E-284, 8.444412684114529E-285, 3.609506935435043E-285, 
1.542807305953673E-285, 6.594182174887886E-286, 2.818355130965532E-286, 
1.204525738207606E-286, 5.14780536154767E-287, 2.199955459771048E-287, 
9.401376961164476E-288, 4.017491108114938E-288, 1.716739229611743E-288, 
7.335669534394601E-289, 3.134449486756304E-289, 1.339272500483699E-289, 
5.722197668504936E-290, 2.444798429633843E-290, 1.044502840991947E-290, 
4.462339687949035E-291, 1.906347768531853E-291, 8.143820689912019E-292, 
3.478891719691794E-292, 1.486073614882952E-292, 6.347847791965787E-293, 
2.711437022821293E-293, 1.158135676219126E-293, 4.94659467410508E-294, 
2.112711727022847E-294, 9.02321399398687E-295, 3.853624840192907E-295, 
1.645753675869002E-295, 7.028255224957162E-296, 3.001356385947019E-296, 
1.281666481106858E-296, 5.472930897529804E-297, 2.336966270732086E-297, 
9.978666947415234E-298, 4.260693333815236E-298, 1.819180336367595E-298, 
7.767102171114618E-299, 3.316119196611198E-299, 1.415758434750257E-299, 
6.044162799317515E-300, 2.580305809660287E-300, 1.101524846121547E-300, 
4.702248376384584E-301, 2.007266525772038E-301, 8.568262977715874E-302, 
3.657369675132537E-302, 1.561109322129593E-302, 6.663251686225511E-303, 
2.843987083651295E-303, 1.213829197777349E-303, 5.180553413701218E-304, 
2.21097282264104E-304, 9.435814225085204E-305, 4.026837874777348E-305, 
1.71845335837273E-305, 7.333313487535996E-306, 3.129332460590197E-306, 
1.335340949443843E-306, 5.697990124117113E-307, 2.431309989831342E-307, 
1.037404550512051E-307, 4.426344264341599E-308, 1.888563137043418E-308, 
8.057627038069596E-309, 3.4377334578064E-309, 1.466650653399046E-309, 
6.25706478278718E-310, 2.66934168002308E-310, 1.13874709226297E-310, 
4.8578046173467E-311, 2.072251708493E-311, 8.839642912917E-312, 
3.77065449751E-312, 1.60837981078E-312, 6.860415047E-313, 2.92618731988E-313, 
1.24808413546E-313, 5.3232352226E-314, 2.2703747949E-314, 9.68299284E-315, 
4.12963691E-315, 1.76118257E-315, 7.51081719E-316, 3.20302518E-316, 
1.36591579E-316, 5.824759E-317, 2.483833E-317, 1.05915E-317, 4.516305E-318, 
1.92575E-318, 8.21119E-319, 3.5011E-319, 1.49279E-319, 6.3648E-320, 
2.7136E-320, 1.1568E-320, 4.93E-321, 2.107E-321, 9.0E-322, 3.87E-322, 
1.65E-322, 7.0E-323, 3.0E-323, 9.0E-324, 4.0E-324, 0.0, 0.0, 0.0, 0.0, 0.0, 
0.0, 0.0, 0.0, 0.0, 0.0, 0.0, 0.0, 0.0, 0.0, 0.0, 0.0, 0.0, 0.0, 0.0, 0.0, 
0.0, 0.0, 0.0, 0.0, 0.0, 0.0, 0.0, 0.0, 0.0, 0.0, 0.0, 0.0, 0.0, 0.0, 0.0, 
0.0, 0.0, 0.0, 0.0, 0.0, 0.0, 0.0, 0.0, 0.0, 0.0, 0.0, 0.0, 0.0, 0.0, 0.0, 
0.0, 0.0, 0.0, 0.0, 0.0, 0.0, 0.0, 0.0, 0.0, 0.0, 0.0, 0.0, 0.0, 0.0, 0.0, 
0.0, 0.0, 0.0, 0.0, 0.0, 0.0, 0.0, 0.0, 0.0, 0.0, 0.0, 0.0, 0.0, 0.0, 0.0, 
0.0, 0.0, 0.0, 0.0, 0.0, 0.0, 0.0, 0.0, 0.0, 0.0, 0.0, 0.0, 0.0, 0.0, 0.0, 
0.0, 0.0, 0.0, 0.0, 0.0, 0.0, 0.0, 0.0, 0.0, 0.0, 0.0, 0.0, 0.0, 0.0, 0.0, 
0.0, 0.0, 0.0, 0.0, 0.0, 0.0, 0.0, 0.0, 0.0, 0.0, 0.0, 0.0, 0.0, 0.0, 0.0, 
0.0, 0.0, 0.0, 0.0, 0.0, 0.0, 0.0, 0.0, 0.0, 0.0, 0.0, 0.0, 0.0, 0.0, 0.0, 
0.0, 0.0, 0.0, 0.0, 0.0, 0.0, 0.0, 0.0, 0.0, 0.0, 0.0, 0.0, 0.0, 0.0, 0.0, 
0.0, 0.0, 0.0, 0.0, 0.0, 0.0, 0.0, 0.0, 0.0, 0.0, 0.0, 0.0, 0.0, 0.0, 0.0, 
0.0, 0.0, 0.0, 0.0, 0.0, 0.0, 0.0, 0.0, 0.0, 0.0, 0.0, 0.0, 0.0, 0.0, 0.0, 
0.0, 0.0, 0.0, 0.0, 0.0, 0.0, 0.0, 0.0, 0.0, 0.0, 0.0, 0.0, 0.0, 0.0, 0.0, 
0.0, 0.0, 0.0, 0.0, 0.0, 0.0, 0.0, 0.0, 0.0, 0.0, 0.0, 0.0, 0.0, 0.0, 0.0, 
0.0, 0.0, 0.0, 0.0, 0.0, 0.0, 0.0, 0.0, 0.0, 0.0, 0.0, 0.0, 0.0, 0.0, 0.0, 
0.0, 0.0, 0.0, 0.0, 0.0, 0.0, 0.0, 0.0, 0.0, 0.0, 0.0, 0.0, 0.0, 0.0, 0.0, 
0.0, 0.0, 0.0, 0.0, 0.0, 0.0, 0.0, 0.0, 0.0, 0.0, 0.0, 0.0, 0.0, 0.0, 0.0, 
0.0, 0.0, 0.0, 0.0, 0.0, 0.0, 0.0, 0.0, 0.0, 0.0, 0.0, 0.0, 0.0, 0.0, 0.0, 
0.0, 0.0, 0.0, 0.0, 0.0, 0.0, 0.0, 0.0, 0.0, 0.0, 0.0, 0.0, 0.0, 0.0, 0.0, 
0.0, 0.0, 0.0, 0.0, 0.0, 0.0, 0.0, 0.0, 0.0, 0.0, 0.0, 0.0, 0.0, 0.0, 0.0, 
0.0, 0.0, 0.0, 0.0, 0.0, 0.0, 0.0, 0.0, 0.0, 0.0, 0.0, 0.0, 0.0, 0.0, 0.0, 
0.0, 0.0, 0.0, 0.0, 0.0, 0.0, 0.0, 0.0, 0.0, 0.0, 0.0, 0.0, 0.0, 0.0, 0.0, 
0.0, 0.0, 0.0, 0.0, 0.0, 0.0, 0.0, 0.0, 0.0, 0.0, 0.0, 0.0, 0.0, 0.0, 0.0, 
0.0, 0.0, 0.0, 0.0, 0.0, 0.0, 0.0, 0.0, 0.0, 0.0, 0.0, 0.0, 0.0, 0.0, 0.0, 
0.0, 0.0, 0.0, 0.0, 0.0, 0.0, 0.0, 0.0, 0.0, 0.0, 0.0, 0.0, 0.0, 0.0, 0.0, 
0.0, 0.0, 0.0, 0.0, 0.0, 0.0, 0.0, 0.0, 0.0, 0.0, 0.0, 0.0, 0.0, 0.0, 0.0, 
0.0, 0.0, 0.0, 0.0, 0.0, 0.0, 0.0, 0.0, 0.0, 0.0, 0.0, 0.0, 0.0, 0.0, 0.0, 
0.0, 0.0, 0.0, 0.0, 0.0, 0.0, 0.0, 0.0, 0.0, 0.0, 0.0, 0.0, 0.0, 0.0, 0.0, 
0.0, 0.0, 0.0, 0.0, 0.0, 0.0, 0.0, 0.0, 0.0, 0.0, 0.0, 0.0, 0.0, 0.0, 0.0, 
0.0, 0.0, 0.0, 0.0, 0.0, 0.0, 0.0, 0.0, 0.0, 0.0, 0.0, 0.0, 0.0, 0.0, 0.0, 
0.0, 0.0, 0.0, 0.0, 0.0, 0.0, 0.0, 0.0, 0.0, 0.0, 0.0, 0.0, 0.0, 0.0, 0.0, 
0.0, 0.0, 0.0, 0.0, 0.0, 0.0, 0.0, 0.0, 0.0, 0.0, 0.0, 0.0, 0.0, 0.0, 0.0, 
0.0, 0.0, 0.0, 0.0, 0.0, 0.0, 0.0, 0.0, 0.0, 0.0, 0.0, 0.0, 0.0, 0.0, 0.0, 
0.0, 0.0, 0.0, 0.0, 0.0, 0.0, 0.0, 0.0, 0.0, 0.0, 0.0, 0.0, 0.0, 0.0, 0.0, 
0.0, 0.0, 0.0, 0.0, 0.0, 0.0, 0.0, 0.0, 0.0, 0.0, 0.0, 0.0, 0.0, 0.0, 0.0, 
0.0, 0.0, 0.0, 0.0, 0.0, 0.0, 0.0, 0.0, 0.0, 0.0, 0.0, 0.0, 0.0, 0.0, 0.0, 
0.0, 0.0, 0.0, 0.0, 0.0, 0.0, 0.0, 0.0, 0.0, 0.0, 0.0, 0.0, 0.0, 0.0, 0.0, 
0.0, 0.0, 0.0, 0.0, 0.0, 0.0, 0.0, 0.0, 0.0, 0.0, 0.0, 0.0, 0.0, 0.0, 0.0, 
0.0, 0.0, 0.0, 0.0, 0.0, 0.0, 0.0, 0.0, 0.0, 0.0, 0.0, 0.0, 0.0, 0.0, 0.0, 
0.0, 0.0, 0.0, 0.0, 0.0, 0.0, 0.0, 0.0, 0.0, 0.0, 0.0, 0.0, 0.0, 0.0, 0.0, 
0.0, 0.0, 0.0, 0.0, 0.0, 0.0, 0.0, 0.0, 0.0, 0.0, 0.0, 0.0, 0.0, 0.0, 0.0, 
0.0, 0.0, 0.0, 0.0, 0.0, 0.0, 0.0, 0.0, 0.0, 0.0, 0.0, 0.0, 0.0, 0.0, 0.0, 
0.0, 0.0, 0.0, 0.0, 0.0, 0.0, 0.0, 0.0, 0.0, 0.0, 0.0, 0.0, 0.0, 0.0, 0.0, 
0.0, 0.0, 0.0, 0.0, 0.0, 0.0, 0.0, 0.0, 0.0, 0.0, 0.0, 0.0, 0.0, 0.0, 0.0, 
0.0, 0.0, 0.0, 0.0, 0.0, 0.0, 0.0, 0.0, 0.0, 0.0, 0.0, 0.0, 0.0, 0.0, 0.0, 
0.0, 0.0, 0.0, 0.0, 0.0, 0.0, 0.0, 0.0, 0.0, 0.0, 0.0, 0.0, 0.0, 0.0, 0.0, 
0.0, 0.0, 0.0, 0.0, 0.0, 0.0, 0.0, 0.0, 0.0, 0.0, 0.0, 0.0, 0.0, 0.0, 0.0, 
0.0, 0.0, 0.0, 0.0, 0.0, 0.0, 0.0, 0.0, 0.0, 0.0, 0.0, 0.0, 0.0, 0.0, 0.0, 
0.0, 0.0, 0.0, 0.0, 0.0, 0.0, 0.0, 0.0, 0.0, 0.0, 0.0, 0.0, 0.0, 0.0, 0.0, 
0.0, 0.0, 0.0, 0.0, 0.0, 0.0, 0.0, 0.0, 0.0, 0.0, 0.0, 0.0, 0.0, 0.0, 0.0, 
0.0, 0.0, 0.0, 0.0, 0.0, 0.0, 0.0, 0.0, 0.0, 0.0, 0.0, 0.0, 0.0, 0.0, 0.0, 
0.0, 0.0, 0.0, 0.0, 0.0, 0.0, 0.0, 0.0, 0.0, 0.0, 0.0, 0.0, 0.0, 0.0, 0.0, 
0.0, 0.0, 0.0, 0.0, 0.0, 0.0, 0.0, 0.0, 0.0, 0.0, 0.0, 0.0, 0.0, 0.0, 0.0, 
0.0, 0.0, 0.0, 0.0, 0.0, 0.0, 0.0, 0.0, 0.0, 0.0, 0.0, 0.0, 0.0, 0.0, 0.0, 
0.0, 0.0, 0.0, 0.0, 0.0, 0.0, 0.0, 0.0, 0.0, 0.0, 0.0, 0.0, 0.0, 0.0, 0.0, 
0.0, 0.0, 0.0, 0.0, 0.0, 0.0, 0.0, 0.0, 0.0, 0.0, 0.0, 0.0, 0.0, 0.0, 0.0, 
0.0, 0.0, 0.0, 0.0, 0.0, 0.0, 0.0, 0.0, 0.0, 0.0, 0.0, 0.0, 0.0, 0.0, 0.0, 
0.0, 0.0, 0.0, 0.0, 0.0, 0.0, 0.0, 0.0, 0.0, 0.0, 0.0, 0.0, 0.0, 0.0, 0.0, 
0.0, 0.0, 0.0, 0.0, 0.0, 0.0, 0.0, 0.0, 0.0, 0.0, 0.0, 0.0, 0.0, 0.0, 0.0, 
0.0, 0.0, 0.0, 0.0, 0.0, 0.0, 0.0, 0.0, 0.0, 0.0, 0.0, 0.0, 0.0, 0.0, 0.0, 
0.0, 0.0, 0.0, 0.0, 0.0, 0.0, 0.0, 0.0, 0.0, 0.0, 0.0, 0.0, 0.0, 0.0, 0.0, 
0.0, 0.0, 0.0, 0.0, 0.0, 0.0, 0.0, 0.0, 0.0, 0.0, 0.0, 0.0, 0.0, 0.0, 0.0, 
0.0, 0.0, 0.0, 0.0, 0.0, 0.0, 0.0, 0.0, 0.0, 0.0, 0.0, 0.0, 0.0, 0.0, 0.0, 
0.0, 0.0, 0.0, 0.0, 0.0, 0.0, 0.0, 0.0, 0.0, 0.0, 0.0, 0.0, 0.0, 0.0, 0.0, 
0.0, 0.0, 0.0, 0.0, 0.0, 0.0, 0.0, 0.0, 0.0, 0.0, 0.0, 0.0, 0.0, 0.0, 0.0, 
0.0, 0.0, 0.0, 0.0, 0.0, 0.0, 0.0, 0.0, 0.0, 0.0, 0.0, 0.0, 0.0, 0.0, 0.0, 
0.0, 0.0, 0.0, 0.0, 0.0, 0.0, 0.0, 0.0, 0.0, 0.0, 0.0, 0.0, 0.0, 0.0, 0.0, 
0.0, 0.0, 0.0, 0.0, 0.0, 0.0, 0.0, 0.0, 0.0, 0.0, 0.0, 0.0, 0.0, 0.0, 0.0, 
0.0, 0.0, 0.0, 0.0, 0.0, 0.0, 0.0, 0.0, 0.0, 0.0, 0.0, 0.0, 0.0, 0.0, 0.0, 
0.0, 0.0, 0.0, 0.0, 0.0, 0.0, 0.0, 0.0, 0.0, 0.0, 0.0, 0.0, 0.0, 0.0, 0.0, 
0.0, 0.0, 0.0, 0.0, 0.0, 0.0, 0.0, 0.0, 0.0, 0.0, 0.0, 0.0, 0.0, 0.0, 0.0, 
0.0, 0.0, 0.0, 0.0, 0.0, 0.0, 0.0, 0.0, 0.0, 0.0, 0.0, 0.0, 0.0, 0.0, 0.0, 
0.0, 0.0, 0.0, 0.0, 0.0, 0.0, 0.0, 0.0, 0.0, 0.0, 0.0, 0.0, 0.0, 0.0, 0.0, 
0.0, 0.0, 0.0, 0.0, 0.0, 0.0, 0.0, 0.0, 0.0, 0.0, 0.0, 0.0, 0.0, 0.0, 0.0, 
0.0, 0.0, 0.0, 0.0, 0.0, 0.0, 0.0, 0.0, 0.0, 0.0, 0.0, 0.0, 0.0, 0.0, 0.0, 
0.0, 0.0, 0.0, 0.0, 0.0, 0.0, 0.0, 0.0, 0.0, 0.0, 0.0, 0.0, 0.0, 0.0, 0.0, 
0.0, 0.0, 0.0, 0.0, 0.0, 0.0, 0.0, 0.0, 0.0, 0.0, 0.0, 0.0, 0.0, 0.0, 0.0, 
0.0, 0.0, 0.0, 0.0, 0.0, 0.0, 0.0, 0.0, 0.0, 0.0, 0.0, 0.0, 0.0, 0.0, 0.0, 
0.0, 0.0, 0.0, 0.0, 0.0, 0.0, 0.0, 0.0, 0.0, 0.0, 0.0, 0.0, 0.0, 0.0, 0.0, 
0.0, 0.0, 0.0, 0.0, 0.0, 0.0, 0.0, 0.0, 0.0, 0.0, 0.0, 0.0, 0.0, 0.0, 0.0, 
0.0, 0.0, 0.0, 0.0, 0.0, 0.0, 0.0, 0.0, 0.0, 0.0, 0.0, 0.0, 0.0, 0.0, 0.0, 
0.0, 0.0, 0.0, 0.0, 0.0, 0.0, 0.0, 0.0, 0.0, 0.0, 0.0, 0.0, 0.0, 0.0, 0.0, 
0.0, 0.0, 0.0, 0.0, 0.0, 0.0, 0.0, 0.0, 0.0, 0.0, 0.0, 0.0, 0.0, 0.0, 0.0, 
0.0, 0.0, 0.0, 0.0, 0.0, 0.0, 0.0, 0.0, 0.0, 0.0, 0.0, 0.0, 0.0, 0.0, 0.0, 
0.0, 0.0, 0.0, 0.0, 0.0, 0.0, 0.0, 0.0, 0.0, 0.0, 0.0, 0.0, 0.0, 0.0, 0.0, 
0.0, 0.0, 0.0, 0.0, 0.0, 0.0, 0.0, 0.0, 0.0, 0.0, 0.0, 0.0, 0.0, 0.0, 0.0, 
0.0, 0.0, 0.0, 0.0, 0.0, 0.0, 0.0, 0.0, 0.0, 0.0, 0.0, 0.0, 0.0, 0.0, 0.0, 
0.0, 0.0, 0.0, 0.0, 0.0, 0.0, 0.0, 0.0, 0.0, 0.0, 0.0, 0.0, 0.0, 0.0, 0.0, 
0.0, 0.0, 0.0, 0.0, 0.0, 0.0, 0.0, 0.0, 0.0, 0.0, 0.0, 0.0, 0.0, 0.0, 0.0, 
0.0, 0.0, 0.0, 0.0, 0.0, 0.0, 0.0, 0.0, 0.0, 0.0, 0.0, 0.0, 0.0, 0.0, 0.0, 
0.0, 0.0, 0.0, 0.0, 0.0, 0.0, 0.0, 0.0, 0.0, 0.0, 0.0, 0.0, 0.0, 0.0, 0.0, 
0.0, 0.0, 0.0, 0.0, 0.0, 0.0, 0.0, 0.0, 0.0, 0.0, 0.0, 0.0, 0.0, 0.0, 0.0, 
0.0, 0.0, 0.0, 0.0, 0.0, 0.0, 0.0, 0.0, 0.0, 0.0, 0.0, 0.0, 0.0, 0.0, 0.0, 
0.0, 0.0, 0.0, 0.0, 0.0, 0.0, 0.0, 0.0, 0.0, 0.0, 0.0, 0.0, 0.0, 0.0, 0.0, 
0.0, 0.0, 0.0, 0.0, 0.0, 0.0, 0.0, 0.0, 0.0, 0.0, 0.0, 0.0, 0.0, 0.0, 0.0, 
0.0, 0.0, 0.0, 0.0, 0.0, 0.0, 0.0, 0.0, 0.0, 0.0, 0.0, 0.0, 0.0, 0.0, 0.0, 
0.0, 0.0, 0.0, 0.0, 0.0, 0.0, 0.0, 0.0, 0.0, 0.0, 0.0, 0.0, 0.0, 0.0, 0.0, 
0.0, 0.0, 0.0, 0.0, 0.0, 0.0, 0.0, 0.0, 0.0, 0.0, 0.0, 0.0, 0.0, 0.0, 0.0, 
0.0, 0.0, 0.0, 0.0, 0.0, 0.0, 0.0, 0.0, 0.0, 0.0, 0.0, 0.0, 0.0, 0.0, 0.0, 
0.0, 0.0, 0.0, 0.0, 0.0, 0.0, 0.0, 0.0, 0.0, 0.0, 0.0, 0.0, 0.0, 0.0, 0.0, 
0.0, 0.0, 0.0, 0.0, 0.0, 0.0, 0.0, 0.0, 0.0, 0.0, 0.0, 0.0, 0.0, 0.0, 0.0, 
0.0, 0.0, 0.0, 0.0, 0.0, 0.0, 0.0, 0.0, 0.0, 0.0, 0.0, 0.0, 0.0, 0.0, 0.0, 
0.0, 0.0, 0.0, 0.0, 0.0, 0.0, 0.0, 0.0, 0.0, 0.0, 0.0, 0.0, 0.0, 0.0, 0.0, 
0.0, 0.0, 0.0, 0.0, 0.0, 0.0, 0.0, 0.0, 0.0, 0.0, 0.0, 0.0, 0.0, 0.0, 0.0, 
0.0, 0.0, 0.0, 0.0, 0.0, 0.0, 0.0, 0.0, 0.0, 0.0, 0.0, 0.0, 0.0, 0.0, 0.0, 
0.0, 0.0, 0.0, 0.0, 0.0, 0.0, 0.0, 0.0, 0.0, 0.0, 0.0, 0.0, 0.0, 0.0, 0.0, 
0.0, 0.0, 0.0, 0.0, 0.0, 0.0, 0.0, 0.0, 0.0, 0.0, 0.0, 0.0, 0.0, 0.0, 0.0, 
0.0, 0.0, 0.0, 0.0, 0.0, 0.0, 0.0, 0.0, 0.0, 0.0, 0.0, 0.0, 0.0, 0.0, 0.0, 
0.0, 0.0, 0.0, 0.0, 0.0, 0.0, 0.0, 0.0, 0.0, 0.0, 0.0, 0.0, 0.0, 0.0, 0.0, 
0.0, 0.0, 0.0, 0.0, 0.0, 0.0, 0.0, 0.0, 0.0, 0.0, 0.0, 0.0, 0.0, 0.0, 0.0, 
0.0, 0.0, 0.0, 0.0, 0.0, 0.0, 0.0, 0.0, 0.0, 0.0, 0.0, 0.0, 0.0, 0.0, 0.0, 
0.0, 0.0, 0.0, 0.0, 0.0, 0.0, 0.0, 0.0, 0.0, 0.0, 0.0, 0.0, 0.0, 0.0, 0.0, 
0.0, 0.0, 0.0, 0.0, 0.0, 0.0, 0.0, 0.0, 0.0, 0.0, 0.0, 0.0, 0.0, 0.0, 0.0, 
0.0, 0.0, 0.0, 0.0, 0.0, 0.0, 0.0, 0.0, 0.0, 0.0, 0.0, 0.0, 0.0, 0.0, 0.0, 
0.0, 0.0, 0.0, 0.0, 0.0, 0.0, 0.0, 0.0, 0.0, 0.0, 0.0, 0.0, 0.0, 0.0, 0.0, 
0.0, 0.0, 0.0, 0.0, 0.0, 0.0, 0.0, 0.0, 0.0, 0.0, 0.0, 0.0, 0.0, 0.0, 0.0, 
0.0, 0.0, 0.0, 0.0, 0.0, 0.0, 0.0, 0.0, 0.0, 0.0, 0.0, 0.0, 0.0, 0.0, 0.0, 
0.0, 0.0, 0.0, 0.0, 0.0, 0.0, 0.0, 0.0, 0.0, 0.0, 0.0, 0.0, 0.0, 0.0, 0.0, 
0.0, 0.0, 0.0, 0.0, 0.0, 0.0, 0.0, 0.0, 0.0, 0.0, 0.0, 0.0, 0.0, 0.0, 0.0, 
0.0, 0.0, 0.0, 0.0, 0.0, 0.0, 0.0, 0.0, 0.0, 0.0, 0.0, 0.0, 0.0, 0.0, 0.0, 
0.0, 0.0, 0.0, 0.0, 0.0, 0.0, 0.0, 0.0, 0.0, 0.0, 0.0, 0.0, 0.0, 0.0, 0.0, 
0.0, 0.0, 0.0, 0.0, 0.0, 0.0, 0.0, 0.0, 0.0, 0.0, 0.0, 0.0, 0.0, 0.0, 0.0, 
0.0, 0.0, 0.0, 0.0, 0.0, 0.0, 0.0, 0.0, 0.0, 0.0, 0.0, 0.0, 0.0, 0.0, 0.0, 
0.0, 0.0, 0.0, 0.0, 0.0, 0.0, 0.0, 0.0, 0.0, 0.0, 0.0, 0.0, 0.0, 0.0, 0.0, 
0.0, 0.0, 0.0, 0.0, 0.0, 0.0, 0.0, 0.0, 0.0, 0.0, 0.0, 0.0, 0.0, 0.0, 0.0, 
0.0, 0.0, 0.0, 0.0, 0.0, 0.0, 0.0, 0.0, 0.0, 0.0, 0.0, 0.0, 0.0, 0.0, 0.0, 
0.0, 0.0, 0.0, 0.0, 0.0, 0.0, 0.0, 0.0, 0.0, 0.0, 0.0, 0.0, 0.0, 0.0, 0.0, 
0.0, 0.0, 0.0, 0.0, 0.0, 0.0, 0.0, 0.0, 0.0, 0.0, 0.0, 0.0, 0.0, 0.0, 0.0, 
0.0, 0.0, 0.0, 0.0, 0.0, 0.0, 0.0, 0.0, 0.0, 0.0], 
[1.0, 5.309217977522476, 9.596943640718756, 13.86328418295387, 
18.10834626296346, 22.33223600752062, 26.53505901408896, 30.71692035346258, 
34.87792457239277, 39.01817569620173, 43.13777723138309, 47.23683216818998, 
51.31544298320911, 55.37371164192344, 59.41173960126069, 63.42962781213034, 
67.4274767219467, 71.40538627714082, 75.36345592565886, 79.30178461944806, 
83.22047081693097, 87.11961248546652, 90.99930710379963, 94.85965166449773, 
98.70074267637594, 102.5226761669095, 106.325547684635, 110.1094523015383, 
113.8744846154317, 117.6207387523195, 121.3483083687501, 125.0572866541579, 
128.7477663331934, 132.4198396680408, 136.0735984607246, 139.7091340554048, 
143.326537340661, 146.9258987517635, 150.507308272935, 154.0708554396001, 
157.6166293406237, 161.1447186205379, 164.6552114817584, 168.1481956867896, 
171.6237585604186, 175.0819869918982, 178.5229674371195, 181.9467859207725, 
185.3535280384979, 188.7432789590259, 192.1161234263062, 195.4721457616262, 
198.8114298657188, 202.1340592208607, 205.4401168929589, 208.7296855336273, 
212.0028473822532, 215.2596842680534, 218.5002776121197, 221.7247084294544, 
224.9330573309958, 228.1254045256337, 231.3018298222141, 234.4624126315349, 
237.6072319683311, 240.7363664532496, 243.8498943148158, 246.9478933913883, 
250.0304411331053, 253.0976146038208, 256.1494904830316, 259.1861450677935, 
262.2076542746292, 265.2140936414264, 268.2055383293256, 271.1820631246, 
274.1437424405246, 277.0906503192363, 280.0228604335857, 282.9404460889783, 
285.8434802252076, 288.7320354182782, 291.6061838822202, 294.4659974708948, 
297.311547679791, 300.1429056478119, 302.9601421590545, 305.7633276445782, 
308.5525321841659, 311.3278255080766, 314.0892769987879, 316.8369556927309, 
319.570930282016, 322.2912691161504, 324.9980402037466, 327.6913112142227, 
330.3711494794943, 333.0376219956578, 335.6907954246646, 338.3307360959888, 
340.9575100082847, 343.5711828310371, 346.1718199062023, 348.7594862498429, 
351.3342465537521, 353.8961651870718, 356.4453061979013, 358.9817333148982, 
361.505509948873, 364.0166991943728, 366.5153638312596, 369.0015663262793, 
371.475368834624, 373.9368332014851, 376.3860209636, 378.8229933507903, 
381.2478112874927, 383.6605353942819, 386.061225989386, 388.4499430901951, 
390.8267464147612, 393.1916953832911, 395.5448491196323, 397.8862664527506, 
400.2160059182013, 402.5341257595924, 404.8406839300408, 407.1357380936209, 
409.4193456268061, 411.6915636199037, 413.9524488784822, 416.2020579247905, 
418.4404469991719, 420.66767206147, 422.8837887924273, 425.0888525950775, 
427.2829185961306, 429.4660416473507, 431.6382763269281, 433.7996769408426, 
435.9502975242223, 438.0901918426936, 440.2194133937262, 442.3380154079696, 
444.4460508505845, 446.5435724225669, 448.6306325620652, 450.7072834456916, 
452.7735769898263, 454.8295648519158, 456.8752984317633, 458.9108288728153, 
460.9362070634386, 462.9514836381932, 464.9567089790989, 466.9519332168936, 
468.9372062322869, 470.9125776572078, 472.8780968760446, 474.8338130268803, 
476.7797750027206, 478.7160314527161, 480.6426307833789, 482.5596211597927, 
484.4670505068167, 486.364966510284, 488.2534166181934, 490.1324480418959, 
492.0021077572752, 493.8624425059215, 495.7134987963002, 497.5553229049152, 
499.387960877465, 501.2114585299946, 503.0258614500399, 504.8312149977687, 
506.6275643071138, 508.4149542869012, 510.1934296219735, 511.963034774307, 
513.7238139841223, 515.4758112709918, 517.2190704349386, 518.9536350575326, 
520.6795485029799, 522.3968539192061, 524.1055942389368, 525.805812180768, 
527.4975502502377, 529.1808507408854, 530.8557557353109, 532.5223071062266, 
534.1805465175032, 535.8305154252128, 537.4722550786635, 539.1058065214324, 
540.7312105923909, 542.348507926725, 543.9577389569525, 545.558943913933, 
547.1521628278738, 548.7374355293307, 550.314801650204, 551.8843006247284, 
553.4459716904605, 554.9998538892579, 556.5459860682566, 558.084406880842, 
559.615154787614, 561.1382680573503, 562.6537847679618, 564.1617428074454, 
565.6621798748305, 567.1551334811218, 568.6406409502374, 570.1187394199415, 
571.5894658427726, 573.052856986968, 574.5089494373824, 575.9577795964032, 
577.3993836848594, 578.8337977429285, 580.2610576310367, 581.6811990307556, 
583.0942574456939, 584.5002682023858, 585.8992664511735, 587.2912871670859, 
588.6763651507135, 590.054535029078, 591.4258312564981, 592.790288115451, 
594.147939717429, 595.4988200037932, 596.842962746621, 598.1804015495509, 
599.5111698486227, 600.8353009131131, 602.1528278463677, 603.4637835866287, 
604.7682009078575, 606.0661124205552, 607.3575505725773, 608.6425476499449, 
609.9211357776518, 611.1933469204677, 612.4592128837376, 613.7187653141763, 
614.9720357006603, 616.2190553750145, 617.4598555127957, 618.6944671340722, 
619.9229211041985, 621.1452481345879, 622.3614787834799, 623.571643456704, 
624.7757724084403, 625.973895741975, 627.166043410454, 628.352245217631, 
629.5325308186132, 630.7069297206018, 631.8754712836307, 633.0381847212996, 
634.1950991015054, 635.3462433471674, 636.4916462369521, 637.6313364059913, 
638.7653423465984, 639.8936924089811, 641.0164148019497, 642.1335375936227, 
643.2450887121278, 644.3510959463009, 645.4515869463805, 646.546589224699, 
647.6361301563704, 648.7202369799746, 649.7989367982387, 650.8722565787143, 
651.940223154452, 653.0028632246717, 654.0602033554304, 655.1122699802866, 
656.1590894009605, 657.2006877879925, 658.2370911813961, 659.2683254913105, 
660.2944164986469, 661.315389855734, 662.3312710869589, 663.3420855894053, 
664.3478586334884, 665.3486153635867, 666.3443807986706, 667.3351798329279, 
668.3210372363858, 669.301977655531, 670.278025613925, 671.2492055128175, 
672.2155416317567, 673.1770581291958, 674.1337790430973, 675.0857282915339, 
676.0329296732865, 676.9754068684389, 677.9131834389699, 678.8462828293428, 
679.774728367091, 680.6985432634012, 681.6177506136939, 682.532373398201, 
683.4424344825393, 684.3479566182837, 685.2489624435343, 686.1454744834842, 
687.0375151509807, 687.9251067470872, 688.8082714616396, 689.6870313738019, 
690.5614084526178, 691.4314245575595, 692.2971014390752, 693.1584607391319, 
694.0155239917569, 694.8683126235764, 695.7168479543503, 696.5611511975064, 
697.4012434606694, 698.2371457461899, 699.0688789516685, 699.8964638704786, 
700.7199211922863, 701.5392715035675, 702.3545352881228, 703.1657329275892, 
703.9728847019497, 704.7760107900413, 705.5751312700573, 706.3702661200517, 
707.1614352184373, 707.9486583444825, 708.7319551788066, 709.511345303871, 
710.2868482044698, 711.0584832682157, 711.8262697860256, 712.5902269526023, 
713.3503738669148, 714.1067295326753, 714.8593128588154, 715.608142659957, 
716.3532376568844, 717.0946164770111, 717.8322976548462, 718.5662996324579, 
719.2966407599334, 720.0233392958394, 720.7464134076769, 721.4658811723363, 
722.1817605765492, 722.8940695173382, 723.6028258024637, 724.3080471508698, 
725.009751193127, 725.7079554718729, 726.4026774422507, 727.0939344723461, 
727.7817438436206, 728.4661227513443, 729.1470883050257, 729.8246575288391, 
730.4988473620504, 731.1696746594403, 731.8371561917265, 732.5013086459818, 
733.1621486260523, 733.819692652972, 734.4739571653757, 735.1249585199101, 
735.7727129916433, 736.4172367744707, 737.0585459815205, 737.6966566455561, 
738.3315847193776, 738.9633460762196, 739.5919565101491, 740.2174317364597, 
740.8397873920648, 741.4590390358877, 742.0752021492523, 742.6882921362683, 
743.2983243242172, 743.9053139639356, 744.5092762301961, 745.1102262220867, 
745.7081789633886, 746.3031494029516, 746.8951524150674, 747.4842027998424, 
748.0703152835666, 748.653504519083, 749.2337850861526, 749.8111714918197, 
750.3856781707748, 750.9573194857146, 751.5261097277021, 752.0920631165224, 
752.6551938010401, 753.2155158595515, 753.7730433001373, 754.3277900610124, 
754.879770010875, 755.4289969492522, 755.9754846068465, 756.5192466458776, 
757.0602966604248, 757.5986481767667, 758.1343146537191, 758.667309482972, 
759.1976459894237, 759.7253374315146, 760.2503970015583, 760.7728378260713, 
761.2926729661015, 761.8099154175542, 762.3245781115181, 762.836673914587, 
763.3462156291828, 763.8532159938748, 764.3576876836986, 764.8596433104729, 
765.359095423114, 765.8560565079513, 766.3505389890373, 766.8425552284601, 
767.3321175266514, 767.8192381226938, 768.3039291946279, 768.7862028597556, 
769.2660711749435, 769.7435461369248, 770.2186396825982, 770.6913636893271, 
771.1617299752363, 771.6297502995075, 772.0954363626731, 772.5587998069091, 
773.0198522163256, 773.4786051172569, 773.9350699785492, 774.3892582118482, 
774.8411811718831, 775.2908501567514, 775.7382764082015, 776.1834711119125, 
776.6264453977757, 777.0672103401709, 777.5057769582448, 777.9421562161856, 
778.3763590234976, 778.8083962352735, 779.2382786524662, 779.6660170221585, 
780.0916220378317, 780.5151043396336, 780.9364745146437, 781.3557430971384, 
781.772920568854, 782.1880173592491, 782.6010438457652, 783.0120103540857, 
783.4209271583949, 783.827804481634, 784.2326524957575, 784.6354813219867, 
785.0363010310634, 785.435121643501, 785.8319531298358, 786.2268054108755, 
786.6196883579477, 787.0106117931464, 787.399585489578, 787.7866191716053, 
788.1717225150902, 788.5549051476367, 788.93617664883, 789.3155465504783, 
789.6930243368482, 790.0686194449044, 790.4423412645439, 790.8141991388319, 
791.1842023642345, 791.5523601908517, 791.9186818226482, 792.2831764176839, 
792.6458530883427, 793.0067209015602, 793.3657888790508, 793.7230659975323, 
794.0785611889514, 794.4322833407065, 794.7842412958696, 795.1344438534081, 
795.482899768404, 795.8296177522735, 796.1746064729841, 796.5178745552719, 
796.859430580857, 797.1992830886574, 797.5374405750036, 797.8739114938508, 
798.208704256989, 798.541827234255, 798.8732887537404, 799.2030971020007, 
799.5312605242615, 799.8577872246257, 800.1826853662775, 800.5059630716877, 
800.8276284228156, 801.1476894613116, 801.4661541887188, 801.7830305666714, 
802.0983265170958, 802.4120499224068, 802.7242086257062, 803.0348104309776, 
803.3438631032825, 803.6513743689537, 803.9573519157889, 804.2618033932427, 
804.5647364126178, 804.8661585472556, 805.1660773327251, 805.4645002670116, 
805.7614348107038, 806.0568883871812, 806.3508683827981, 806.64338214707, 
806.9344369928563, 807.224040196543, 807.5121989982255, 807.7989206018888, 
808.0842121755879, 808.3680808516269, 808.6505337267379, 808.931577862257, 
809.2112202843025, 809.4894679839493, 809.7663279174046, 810.0418070061812, 
810.3159121372704, 810.5886501633149, 810.8600279027797, 811.1300521401222, 
811.3987296259625, 811.6660670772517, 811.9320711774399, 812.1967485766437, 
812.4601058918117, 812.7221497068905, 812.9828865729893, 813.242323008543, 
813.5004654994764, 813.7573204993649, 814.012894429597, 814.2671936795343, 
814.5202246066713, 814.7719935367943, 815.0225067641395, 815.2717705515511, 
815.5197911306362, 815.7665747019227, 816.0121274350123, 816.2564554687364, 
816.4995649113085, 816.7414618404773, 816.9821523036786, 817.2216423181867, 
817.4599378712642, 817.6970449203124, 817.93296939302, 818.1677171875109, 
818.4012941724925, 818.6337061874011, 818.8649590425497, 819.0950585192715, 
819.3240103700653, 819.5518203187394, 819.7784940605544, 820.0040372623656, 
820.2284555627649, 820.4517545722214, 820.6739398732219, 820.8950170204106, 
821.1149915407277, 821.3338689335476, 821.5516546708167, 821.7683541971894, 
821.9839729301656, 822.1985162602244, 822.4119895509607, 822.6243981392175, 
822.8357473352209, 823.0460424227114, 823.2552886590775, 823.4634912754858, 
823.6706554770126, 823.8767864427738, 824.0818893260542, 824.2859692544367, 
824.48903132993, 824.6910806290965, 824.8921222031794, 825.0921610782284, 
825.2912022552258, 825.4892507102114, 825.686311394407, 825.8823892343398, 
826.0774891319661, 826.2716159647935, 826.4647745860028, 826.6569698245697, 
826.8482064853854, 827.0384893493759, 827.2278231736232, 827.4162126914824, 
827.6036626127014, 827.7901776235382, 827.9757623868773, 828.1604215423478, 
828.3441597064382, 828.5269814726121, 828.708891411423, 828.8898940706292, 
829.0699939753064, 829.2491956279616, 829.4275035086455, 829.6049220750643, 
829.7814557626916, 829.9571089848786, 830.1318861329652, 830.3057915763889, 
830.478829662795, 830.6510047181448, 830.8223210468235, 830.9927829317483, 
831.1623946344752, 831.3311603953056, 831.4990844333921, 831.6661709468449, 
831.832424112835, 831.9978480877005, 832.1624470070494, 832.3262249858632, 
832.4891861185997, 832.6513344792961, 832.8126741216696, 832.9732090792196, 
833.1329433653286, 833.2918809733621, 833.4500258767683, 833.6073820291782, 
833.7639533645039, 833.9197437970368, 834.0747572215458, 834.2289975133748, 
834.3824685285388, 834.5351741038214, 834.68711805687, 834.8383041862911, 
834.9887362717459, 835.1384180740445, 835.2873533352396, 835.4355457787206, 
835.5829991093061, 835.7297170133373, 835.8757031587695, 836.0209611952636, 
836.1654947542783, 836.30930744916, 836.4524028752337, 836.5947846098924, 
836.7364562126869, 836.8774212254147, 837.0176831722083, 837.1572455596239, 
837.2961118767283, 837.4342855951867, 837.5717701693493, 837.7085690363375, 
837.8446856161304, 837.9801233116491, 838.1148855088434, 838.2489755767753, 
838.382396867703, 838.5151527171664, 838.6472464440682, 838.7786813507585, 
838.9094607231168, 839.0395878306345, 839.1690659264957, 839.2978982476598, 
839.4260880149413, 839.5536384330914, 839.6805526908768, 839.8068339611608, 
839.9324854009817, 840.0575101516322, 840.1819113387371, 840.305692072333, 
840.4288554469447, 840.5514045416626, 840.6733424202207, 840.7946721310724, 
840.9153967074666, 841.0355191675241, 841.1550425143125, 841.273969735922, 
841.3923038055392, 841.5100476815219, 841.6272043074732, 841.743776612315, 
841.8597675103606, 841.9751799013889, 842.0900166707155, 842.2042806892655, 
842.3179748136456, 842.4311018862147, 842.5436647351554, 842.655666174545, 
842.767109004425, 842.8779960108723, 842.9883299660677, 843.0981136283657, 
843.2073497423637, 843.3160410389702, 843.4241902354735, 843.5318000356087, 
843.6388731296268, 843.7454121943605, 843.8514198932921, 843.9568988766195, 
844.0618517813229, 844.1662812312302, 844.2701898370833, 844.3735801966026, 
844.4764548945525, 844.5788165028058, 844.6806675804081, 844.7820106736417, 
844.8828483160889, 844.9831830286964, 845.0830173198372, 845.1823536853734, 
845.2811946087197, 845.3795425609042, 845.4774000006307, 845.5747693743406, 
845.671653116273, 845.7680536485266, 845.8639733811198, 845.9594147120508, 
846.054380027358, 846.148871701179, 846.2428920958109, 846.3364435617681, 
846.4295284378424, 846.5221490511602, 846.6143077172421, 846.7060067400594, 
846.7972484120923, 846.8880350143874, 846.9783688166145, 847.0682520771235, 
847.1576870430004, 847.2466759501241, 847.3352210232218, 847.4233244759253, 
847.5109885108251, 847.5982153195267, 847.685007082705, 847.7713659701586, 
847.8572941408642, 847.9427937430303, 848.0278669141516, 848.1125157810618, 
848.196742459987, 848.2805490565985, 848.3639376660657, 848.446910373108, 
848.5294692520475, 848.6116163668605, 848.6933537712291, 848.7746835085926, 
848.8556076121988, 848.9361281051546, 849.0162470004763, 849.0959663011403, 
849.1752880001336, 849.2542140805028, 849.3327465154039, 849.4108872681518, 
849.4886382922696, 849.5660015315367, 849.6429789200382, 849.719572382213, 
849.7957838329014, 849.8716151773938, 849.9470683114777, 850.0221451214853, 
850.0968474843409, 850.1711772676074, 850.2451363295331, 850.3187265190987, 
850.3919496760626, 850.4648076310077, 850.5373022053864, 850.609435211567, 
850.6812084528783, 850.7526237236552, 850.8236828092832, 850.894387486243, 
850.9647395221554, 851.0347406758247, 851.1043926972836, 851.1736973278362, 
851.2426563001019, 851.3112713380585, 851.3795441570858, 851.4474764640074, 
851.5150699571349, 851.5823263263089, 851.6492472529421, 851.7158344100615, 
851.7820894623492, 851.848014066185, 851.9136098696873, 851.978878512755, 
852.0438216271073, 852.1084408363254, 852.172737755893, 852.2367139932363, 
852.3003711477649, 852.3637108109106, 852.4267345661684, 852.4894439891357, 
852.5518406475509, 852.6139261013341, 852.6757019026247, 852.7371695958209, 
852.7983307176183, 852.8591867970482, 852.9197393555157, 852.9799899068379, 
853.0399399572817, 853.0995910056016, 853.1589445430767, 853.2180020535487, 
853.2767650134584, 853.3352348918828, 853.3934131505721, 853.4513012439854, 
853.5089006193286, 853.5662127165887, 853.6232389685711, 853.6799808009351, 
853.7364396322298, 853.7926168739285, 853.8485139304654, 853.9041321992697, 
853.9594730708011, 854.0145379285842, 854.0693281492435, 854.1238451025371, 
854.1780901513918, 854.2320646519366, 854.2857699535368, 854.3392073988281, 
854.3923783237489, 854.4452840575754, 854.4979259229534, 854.5503052359327, 
854.6024233059986, 854.6542814361056, 854.7058809227098, 854.7572230558008, 
854.8083091189346, 854.8591403892657, 854.9097181375784, 854.9600436283189, 
855.0101181196272, 855.0599428633682, 855.109519105163, 855.1588480844205, 
855.2079310343673, 855.2567691820802, 855.305363748515, 855.3537159485387, 
855.4018269909586, 855.4496980785535, 855.4973304081029, 855.5447251704176, 
855.591883550369, 855.6388067269191, 855.6854958731499, 855.7319521562924, 
855.7781767377562, 855.824170773158, 855.8699354123513, 855.9154717994544, 
855.9607810728793, 856.0058643653601, 856.0507228039818, 856.0953575102074, 
856.1397695999069, 856.183960183385, 856.2279303654085, 856.2716812452344, 
856.3152139166366, 856.3585294679344, 856.401628982019, 856.4445135363802, 
856.4871842031342, 856.5296420490499, 856.5718881355757, 856.6139235188659, 
856.6557492498074, 856.6973663740454, 856.7387759320104, 856.7799789589435, 
856.8209764849223, 856.8617695348872, 856.9023591286667, 856.9427462810028, 
856.982932001576, 857.0229172950319, 857.0627031610046, 857.1022905941429, 
857.1416805841349, 857.180874115732, 857.2198721687748, 857.2586757182166, 
857.2972857341482, 857.335703181822, 857.3739290216762, 857.4119642093585, 
857.4498096957511, 857.4874664269927, 857.5249353445038, 857.562217385009, 
857.5993134805617, 857.6362245585658, 857.6729515418005, 857.7094953484419, 
857.7458568920874, 857.7820370817774, 857.8180368220185, 857.853857012806, 
857.8894985496468, 857.9249623235808, 857.9602492212046, 857.9953601246921, 
858.0302959118179, 858.0650574559786, 858.0996456262145, 858.1340612872316, 
858.1683052994233, 858.2023785188916, 858.236281797469, 858.2700159827389, 
858.303581918058, 858.3369804425761, 858.3702123912583, 858.4032785949049, 
858.4361798801731, 858.4689170695962, 858.5014909816059, 858.5339024305516, 
858.5661522267213, 858.5982411763617, 858.630170081698, 858.6619397409546, 
858.6935509483747, 858.72500449424, 858.7563011648908, 858.7874417427454, 
858.8184270063202, 858.8492577302482, 858.879934685299, 858.9104586383982, 
858.9408303526461, 858.9710505873374, 859.0011200979793, 859.0310396363112, 
859.0608099503232, 859.0904317842746, 859.1199058787129, 859.1492329704917, 
859.1784137927901, 859.2074490751302, 859.2363395433954, 859.2650859198491, 
859.293688923152, 859.3221492683808, 859.3504676670456, 859.3786448271078, 
859.406681452998, 859.434578245633, 859.4623359024345, 859.4899551173451, 
859.5174365808465, 859.544780979977, 859.5719889983478, 859.5990613161609, 
859.6259986102256, 859.6528015539757, 859.679470817486, 859.7060070674899, 
859.7324109673945, 859.758683177299, 859.78482435401, 859.8108351510582, 
859.8367162187149, 859.8624682040081, 859.8880917507389, 859.9135874994971, 
859.938956087678, 859.9641981494974, 859.9893143160084, 860.0143052151162, 
860.0391714715947, 860.0639137071017, 860.0885325401943, 860.1130285863445, 
860.1374024579549, 860.1616547643735, 860.1857861119091, 860.2097971038469, 
860.2336883404627, 860.2574604190388, 860.2811139338784, 860.3046494763205, 
860.328067634755, 860.351368994637, 860.3745541385018, 860.3976236459791, 
860.420578093808, 860.4434180558507, 860.4661441031074, 860.4887568037304, 
860.5112567230387, 860.5336444235312, 860.5559204649018, 860.5780854040525, 
860.6001397951079, 860.6220841894291, 860.643919135627, 860.6656451795764, 
860.6872628644296, 860.7087727306297, 860.7301753159246, 860.75147115538, 
860.7726607813931, 860.7937447237055, 860.8147235094169, 860.835597662998, 
860.8563677063039, 860.8770341585866, 860.8975975365084, 860.9180583541552, 
860.9384171230481, 860.9586743521575, 860.9788305479153, 860.9988862142272, 
861.0188418524863, 861.0386979615843, 861.0584550379249, 861.0781135754362, 
861.0976740655826, 861.1171369973775, 861.136502857395, 861.1557721297828, 
861.1749452962736, 861.1940228361976, 861.2130052264942, 861.2318929417243, 
861.2506864540817, 861.2693862334049, 861.28799274719, 861.3065064606003, 
861.3249278364798, 861.3432573353637, 861.3614954154906, 861.3796425328133, 
861.3976991410109, 861.4156656914993, 861.4335426334434, 861.4513304137674, 
861.469029477167, 861.4866402661197, 861.504163220896, 861.5215987795708, 
861.5389473780339, 861.5562094500012, 861.5733854270253, 861.5904757385067, 
861.6074808117039, 861.6244010717448, 861.6412369416366, 861.6579888422771, 
861.6746571924646, 861.6912424089086, 861.7077449062405, 861.7241650970236, 
861.7405033917635, 861.7567601989185, 861.7729359249096, 861.7890309741306, 
861.8050457489587, 861.8209806497642, 861.8368360749204, 861.8526124208138, 
861.8683100818536, 861.8839294504825, 861.8994709171852, 861.9149348704995, 
861.9303216970247, 861.9456317814326, 861.960865506476, 861.9760232529986, 
861.9911053999451, 862.00611232437, 862.0210444014469, 862.0359020044788, 
862.0506855049064, 862.065395272318, 862.0800316744585, 862.0945950772389, 
862.1090858447449, 862.1235043392463, 862.1378509212066, 862.1521259492906, 
862.1663297803751, 862.1804627695566, 862.1945252701604, 862.2085176337499, 
862.2224402101349, 862.2362933473804, 862.2500773918156, 862.2637926880425, 
862.277439578944, 862.2910184056932, 862.3045295077614, 862.317973222927, 
862.3313498872834, 862.3446598352481, 862.3579033995703, 862.3710809113399, 
862.3841926999953, 862.397239093332, 862.4102204175106, 862.4231369970645, 
862.4359891549093, 862.4487772123493, 862.4615014890869, 862.4741623032294, 
862.4867599712979, 862.4992948082348, 862.5117671274118, 862.5241772406373, 
862.5365254581648, 862.5488120887005, 862.5610374394107, 862.5732018159299, 
862.5853055223681, 862.5973488613187, 862.6093321338656, 862.6212556395914, 
862.6331196765841, 862.6449245414456, 862.6566705292979, 862.6683579337915, 
862.6799870471119, 862.6915581599876, 862.7030715616972, 862.7145275400761, 
862.7259263815246, 862.7372683710141, 862.7485537920951, 862.7597829269035, 
862.7709560561685, 862.7820734592187, 862.7931354139901, 862.8041421970318, 
862.8150940835139, 862.8259913472344, 862.8368342606254, 862.8476230947601, 
862.8583581193602, 862.8690396028018, 862.8796678121224, 862.8902430130279, 
862.9007654698988, 862.9112354457972, 862.9216532024727, 862.9320190003703, 
862.942333098635, 862.9525957551201, 862.9628072263924, 862.9729677677393, 
862.9830776331749, 862.9931370754462, 863.0031463460398, 863.0131056951881, 
863.0230153718753, 863.0328756238438, 863.0426866976004, 863.0524488384226, 
863.0621622903643, 863.0718272962623, 863.0814440977423, 863.0910129352247, 
863.1005340479312, 863.11000767389, 863.1194340499421, 863.1288134117476, 
863.1381459937909, 863.147432029387, 863.1566717506875, 863.1658653886856, 
863.175013173223, 863.1841153329946, 863.1931720955549, 863.2021836873237, 
863.2111503335908, 863.2200722585233, 863.2289496851694, 863.2377828354654, 
863.2465719302405, 863.2553171892225, 863.2640188310435, 863.2726770732448, 
863.2812921322829, 863.2898642235349, 863.2983935613033, 863.3068803588221, 
863.3153248282619, 863.3237271807344, 863.3320876262992, 863.3404063739679, 
863.3486836317095, 863.3569196064557, 863.3651145041066, 863.3732685295349, 
863.3813818865917, 863.3894547781115, 863.3974874059169, 863.4054799708239, 
863.413432672647, 863.4213457102044, 863.4292192813224, 863.4370535828405, 
863.4448488106168, 863.4526051595323, 863.4603228234963, 863.4680019954507, 
863.4756428673752, 863.4832456302919, 863.4908104742704, 863.4983375884322, 
863.5058271609554, 863.5132793790799, 863.5206944291114, 863.5280724964266, 
863.5354137654775, 863.5427184197963, 863.5499866419997, 863.5572186137936, 
863.5644145159777, 863.5715745284499, 863.578698830211, 863.5857875993688, 
863.5928410131429, 863.5998592478691, 863.6068424790035, 863.6137908811273, 
863.620704627951, 863.6275838923186, 863.6344288462119, 863.6412396607553, 
863.6480165062195, 863.6547595520258, 863.6614689667509, 863.6681449181306, 
863.6747875730637, 863.6813970976172, 863.6879736570294, 863.6945174157146, 
863.7010285372674, 863.7075071844658, 863.7139535192766, 863.7203677028584, 
863.7267498955662, 863.7331002569549, 863.7394189457841, 863.7457061200214, 
863.7519619368462, 863.7581865526546, 863.764380123062, 863.7705428029082, 
863.7766747462604, 863.7827761064175, 863.7888470359139, 863.7948876865231, 
863.8008982092617, 863.8068787543931, 863.8128294714313, 863.8187505091444, 
863.8246420155587, 863.8305041379621, 863.8363370229081, 863.8421408162191, 
863.8479156629901, 863.8536617075927, 863.8593790936783, 863.8650679641819, 
863.8707284613254, 863.8763607266217, 863.8819649008775, 863.8875411241977, 
863.893089535988, 863.8986102749592, 863.9041034791297, 863.9095692858302, 
863.9150078317061, 863.9204192527212, 863.9258036841615, 863.9311612606379, 
863.9364921160901, 863.9417963837899, 863.9470741963442, 863.9523256856984, 
863.9575509831403, 863.9627502193024, 863.967923524166, 863.973071027064, 
863.9781928566841, 863.9832891410724, 863.9883600076364, 863.9934055831478, 
863.9984259937464, 864.0034213649427, 864.0083918216211, 864.0133374880436, 
864.0182584878517, 864.0231549440709, 864.028026979113, 864.0328747147787, 
864.0376982722621, 864.0424977721522, 864.0472733344366, 864.0520250785047, 
864.0567531231505, 864.0614575865752, 864.0661385863908, 864.0707962396223, 
864.0754306627114, 864.0800419715189, 864.0846302813278, 864.089195706846, 
864.0937383622096, 864.0982583609849, 864.1027558161724, 864.1072308402085, 
864.1116835449691, 864.116114041772, 864.1205224413799, 864.124908854003, 
864.129273389302, 864.1336161563904, 864.1379372638376, 864.1422368196713, 
864.146514931381, 864.1507717059195, 864.1550072497064, 864.1592216686305, 
864.1634150680525, 864.1675875528077, 864.1717392272084, 864.1758701950466, 
864.1799805595966, 864.1840704236181, 864.1881398893577, 864.192189058552, 
864.1962180324309, 864.2002269117188, 864.2042157966376, 864.20818478691, 
864.212133981761, 864.2160634799202, 864.2199733796258, 864.2238637786252, 
864.2277347741786, 864.231586463061, 864.2354189415653, 864.239232305503, 
864.2430266502089, 864.2468020705416, 864.2505586608868, 864.2542965151594, 
864.2580157268061, 864.2617163888075, 864.26539859368, 864.2690624334791, 
864.272707999801, 864.276335383785, 864.2799446761158, 864.2835359670261, 
864.2871093462983, 864.2906649032669, 864.2942027268213, 864.297722905407, 
864.3012255270288, 864.3047106792524, 864.3081784492067, 864.3116289235862, 
864.315062188653, 864.3184783302388, 864.3218774337473, 864.3252595841565, 
864.32862486602, 864.3319733634703, 864.3353051602198, 864.3386203395637, 
864.3419189843817, 864.34520117714, 864.3484669998935, 864.3517165342883, 
864.3549498615626, 864.3581670625498, 864.3613682176801, 864.3645534069826, 
864.3677227100873, 864.3708762062267, 864.3740139742386, 864.3771360925672, 
864.3802426392655, 864.3833336919977, 864.38640932804, 864.3894696242836, 
864.392514657236, 864.3955445030232, 864.3985592373915, 864.4015589357093, 
864.4045436729695, 864.4075135237903, 864.4104685624185, 864.41340886273, 
864.4163344982325, 864.4192455420671, 864.42214206701, 864.4250241454745, 
864.4278918495126, 864.4307452508172, 864.4335844207235, 864.4364094302106, 
864.4392203499043, 864.4420172500774, 864.4448002006528, 864.4475692712043, 
864.4503245309587, 864.4530660487978, 864.4557938932596, 864.4585081325406, 
864.4612088344965, 864.4638960666453, 864.4665698961677, 864.4692303899099, 
864.471877614384, 864.4745116357711, 864.4771325199217, 864.479740332358, 
864.4823351382756, 864.4849170025448, 864.487485989712, 864.4900421640024, 
864.4925855893202, 864.4951163292515, 864.4976344470646, 864.5001400057128, 
864.5026330678351, 864.505113695758, 864.5075819514977, 864.5100378967605, 
864.5124815929453, 864.5149131011443, 864.5173324821458, 864.519739796434, 
864.5221351041923, 864.5245184653032, 864.526889939351, 864.5292495856226, 
864.5315974631094, 864.5339336305083, 864.5362581462238, 864.5385710683687, 
864.5408724547664, 864.5431623629514, 864.5454408501718, 864.5477079733896, 
864.5499637892833, 864.5522083542484, 864.5544417243989, 864.5566639555693, 
864.5588751033156, 864.5610752229164, 864.5632643693749, 864.56544259742, 
864.5676099615073, 864.5697665158211, 864.5719123142756, 864.5740474105155, 
864.5761718579184, 864.5782857095958, 864.5803890183939, 864.5824818368957, 
864.5845642174215, 864.5866362120313, 864.5886978725248, 864.5907492504437, 
864.5927903970725, 864.59482136344, 864.5968422003206, 864.598852958235, 
864.6008536874526, 864.6028444379916, 864.6048252596208, 864.6067962018611, 
864.6087573139859, 864.610708645023, 864.6126502437561, 864.614582158725, 
864.6165044382279, 864.6184171303218, 864.620320282824, 864.6222139433136, 
864.624098159132, 864.6259729773849, 864.6278384449425, 864.6296946084422, 
864.6315415142876, 864.6333792086517, 864.635207737477, 864.6370271464766, 
864.6388374811361, 864.6406387867137, 864.6424311082424, 864.6442144905301, 
864.6459889781614, 864.6477546154989, 864.6495114466834, 864.6512595156357, 
864.6529988660579, 864.6547295414337, 864.6564515850298, 864.6581650398979, 
864.659869948874, 864.6615663545812, 864.6632542994296, 864.6649338256179, 
864.6666049751345, 864.6682677897582, 864.6699223110592, 864.6715685804009, 
864.6732066389398, 864.6748365276278, 864.676458287212, 864.6780719582365, 
864.6796775810434, 864.681275195773, 864.6828648423659, 864.6844465605632, 
864.6860203899083, 864.6875863697467, 864.6891445392281, 864.6906949373067, 
864.6922376027427, 864.6937725741027, 864.6952998897612, 864.696819587901, 
864.6983317065146, 864.6998362834054, 864.7013333561876, 864.7028229622879, 
864.704305138947, 864.7057799232191, 864.707247351974, 864.7087074618974, 
864.7101602894923, 864.7116058710792, 864.7130442427979, 864.7144754406078, 
864.7158995002886, 864.7173164574423, 864.7187263474928, 864.7201292056872, 
864.7215250670972, 864.7229139666193, 864.7242959389763, 864.7256710187173, 
864.7270392402195, 864.7284006376884, 864.7297552451591, 864.7311030964971, 
864.7324442253982, 864.7337786653912, 864.735106449837, 864.7364276119301, 
864.7377421846999, 864.7390502010105, 864.7403516935626, 864.7416466948936, 
864.7429352373786, 864.7442173532309, 864.7454930745039, 864.7467624330903, 
864.7480254607245, 864.7492821889821, 864.7505326492812, 864.7517768728837, 
864.753014890895, 864.7542467342659, 864.7554724337922, 864.7566920201166, 
864.7579055237288, 864.7591129749666, 864.7603144040161, 864.7615098409133, 
864.7626993155441, 864.7638828576454, 864.7650604968059, 864.7662322624665, 
864.7673981839215, 864.768558290319, 864.7697126106617, 864.7708611738077, 
864.7720040084712, 864.7731411432229, 864.7742726064914, 864.7753984265632, 
864.7765186315842, 864.7776332495591, 864.7787423083539, 864.7798458356947, 
864.78094385917, 864.7820364062304, 864.7831235041896, 864.784205180225, 
864.7852814613788, 864.7863523745579, 864.7874179465351, 864.78847820395, 
864.7895331733091, 864.7905828809865, 864.7916273532248, 864.7926666161363, 
864.7937006957025, 864.7947296177752, 864.7957534080777, 864.7967720922047, 
864.7977856956235, 864.7987942436741, 864.7997977615703, 864.8007962744001, 
864.8017898071264, 864.8027783845877, 864.8037620314982, 864.8047407724492, 
864.8057146319095, 864.8066836342254, 864.8076478036221, 864.8086071642039, 
864.8095617399547, 864.8105115547393, 864.8114566323027, 864.8123969962722, 
864.8133326701568, 864.8142636773484, 864.8151900411224, 864.8161117846377, 
864.817028930938, 864.8179415029521, 864.8188495234942, 864.8197530152651, 
864.8206520008519, 864.8215465027294, 864.8224365432602, 864.8233221446952, 
864.8242033291748, 864.8250801187285, 864.8259525352759, 864.8268206006276, 
864.8276843364854, 864.8285437644427, 864.829398905985, 864.8302497824911, 
864.831096415233, 864.8319388253765, 864.8327770339819, 864.8336110620043, 
864.8344409302947, 864.8352666595996, 864.8360882705626, 864.8369057837236, 
864.837719219521, 864.8385285982902, 864.839333940266, 864.8401352655819, 
864.8409325942712, 864.841725946267, 864.8425153414033, 864.8433007994149, 
864.8440823399383, 864.844859982512, 864.8456337465773, 864.8464036514782, 
864.8471697164624, 864.8479319606815, 864.8486904031918, 864.8494450629543, 
864.8501959588353, 864.8509431096077, 864.85168653395, 864.8524262504479, 
864.8531622775945, 864.8538946337902, 864.8546233373443, 864.8553484064742, 
864.8560698593067, 864.8567877138783, 864.8575019881351, 864.8582126999343, 
864.8589198670435, 864.8596235071423, 864.8603236378211, 864.8610202765839, 
864.8617134408462, 864.8624031479373, 864.8630894150999, 864.8637722594909, 
864.8644516981813, 864.865127748157, 864.8658004263194, 864.8664697494854, 
864.8671357343883, 864.8677983976775, 864.8684577559199, 864.8691138255994, 
864.8697666231175, 864.8704161647945, 864.8710624668689, 864.8717055454982, 
864.8723454167596, 864.8729820966496, 864.8736156010855, 864.8742459459048, 
864.8748731468661, 864.8754972196497, 864.8761181798573, 864.8767360430129, 
864.8773508245631, 864.8779625398777, 864.8785712042493, 864.8791768328947, 
864.8797794409547, 864.8803790434944, 864.8809756555039, 864.8815692918987, 
864.8821599675196, 864.8827476971335, 864.8833324954337, 864.8839143770404, 
864.8844933565002, 864.8850694482882, 864.8856426668061, 864.8862130263849, 
864.8867805412834, 864.8873452256895, 864.8879070937205, 864.8884661594228, 
864.8890224367734, 864.8895759396792, 864.8901266819777, 864.8906746774376, 
864.8912199397586, 864.8917624825724, 864.8923023194427, 864.8928394638654, 
864.8933739292692, 864.8939057290155, 864.8944348763995, 864.8949613846501, 
864.8954852669297, 864.8960065363355, 864.8965252058994, 864.8970412885881, 
864.8975547973034, 864.8980657448835, 864.8985741441019, 864.8990800076686, 
864.8995833482302, 864.9000841783703, 864.9005825106096, 864.9010783574066, 
864.9015717311573, 864.9020626441962, 864.9025511087962, 864.9030371371687, 
864.9035207414646, 864.9040019337739, 864.9044807261267, 864.9049571304927, 
864.905431158782, 864.9059028228453, 864.9063721344742, 864.9068391054017, 
864.9073037473019, 864.907766071791, 864.908226090427, 864.9086838147107, 
864.9091392560848, 864.9095924259357, 864.9100433355925, 864.9104919963279, 
864.9109384193587, 864.9113826158452, 864.9118245968926, 864.9122643735503, 
864.9127019568127, 864.9131373576196, 864.9135705868558, 864.9140016553523, 
864.9144305738856, 864.9148573531787, 864.9152820039014, 864.9157045366696, 
864.916124962047, 864.916543290544, 864.916959532619, 864.9173736986779, 
864.917785799075, 864.9181958441127, 864.9186038440423, 864.9190098090638, 
864.9194137493263, 864.9198156749283, 864.9202155959181, 864.9206135222935, 
864.9210094640029, 864.9214034309448, 864.9217954329682, 864.9221854798735, 
864.9225735814118, 864.9229597472855, 864.923343987149, 864.923726310608, 
864.924106727221, 864.9244852464981, 864.9248618779025, 864.9252366308498, 
864.9256095147091, 864.9259805388023, 864.9263497124052, 864.9267170447471, 
864.9270825450112, 864.9274462223352, 864.9278080858109, 864.9281681444851, 
864.9285264073591, 864.9288828833895, 864.9292375814885, 864.9295905105231, 
864.9299416793169, 864.9302910966491, 864.930638771255, 864.9309847118266, 
864.9313289270124, 864.9316714254178, 864.9320122156051, 864.9323513060946, 
864.9326887053629, 864.9330244218455, 864.9333584639352, 864.9336908399829, 
864.9340215582981, 864.934350627149, 864.934678054762, 864.9350038493232, 
864.9353280189771, 864.935650571828, 864.93597151594, 864.9362908593364, 
864.9366086100013, 864.9369247758779, 864.9372393648706, 864.9375523848441, 
864.9378638436241, 864.9381737489969, 864.9384821087102, 864.938788930473, 
864.9390942219559, 864.9393979907912, 864.939700244573, 864.940000990858, 
864.9403002371645, 864.9405979909737, 864.9408942597298, 864.9411890508393, 
864.9414823716719, 864.9417742295608, 864.9420646318024, 864.9423535856568, 
864.9426410983477, 864.9429271770632, 864.9432118289551, 864.9434950611399, 
864.9437768806981, 864.9440572946754, 864.9443363100824, 864.944613933894, 
864.9448901730511, 864.9451650344598, 864.9454385249914, 864.9457106514832, 
864.9459814207386, 864.9462508395266, 864.9465189145828, 864.9467856526092, 
864.947051060274, 864.9473151442127, 864.9475779110271, 864.9478393672866, 
864.9480995195277, 864.9483583742539, 864.9486159379368, 864.9488722170155, 
864.949127217897, 864.9493809469562, 864.9496334105365, 864.9498846149495, 
864.9501345664752, 864.9503832713624, 864.9506307358289, 864.9508769660612, 
864.9511219682152, 864.9513657484157, 864.9516083127574, 864.9518496673044, 
864.9520898180906, 864.9523287711197, 864.9525665323657, 864.9528031077725, 
864.9530385032546, 864.9532727246966, 864.9535057779544, 864.9537376688545, 
864.9539684031936, 864.9541979867405, 864.9544264252346, 864.9546537243871, 
864.9548798898802, 864.9551049273682, 864.9553288424771, 864.9555516408047, 
864.9557733279211, 864.9559939093683, 864.956213390661, 864.9564317772862, 
864.9566490747035, 864.9568652883454, 864.9570804236173, 864.9572944858975, 
864.9575074805376, 864.9577194128626, 864.9579302881707, 864.9581401117339, 
864.9583488887976, 864.9585566245814, 864.9587633242786, 864.9589689930568, 
864.9591736360577, 864.9593772583974, 864.9595798651664, 864.9597814614298, 
864.9599820522278, 864.960181642575, 864.9603802374611, 864.9605778418512, 
864.9607744606852, 864.9609700988788, 864.9611647613227, 864.9613584528837, 
864.9615511784039, 864.9617429427017, 864.961933750571, 864.962123606782, 
864.9623125160813, 864.9625004831914, 864.9626875128118, 864.9628736096181, 
864.9630587782626, 864.9632430233746, 864.9634263495605, 864.963608761403, 
864.9637902634627, 864.9639708602771, 864.9641505563611, 864.9643293562073, 
864.9645072642854, 864.9646842850433, 864.9648604229063, 864.9650356822783, 
864.9652100675405, 864.9653835830525, 864.9655562331524, 864.9657280221562, 
864.9658989543588, 864.9660690340334, 864.9662382654321, 864.9664066527859, 
864.9665742003041, 864.9667409121755, 864.9669067925681, 864.9670718456287, 
864.9672360754838, 864.9673994862391, 864.9675620819797, 864.9677238667709, 
864.967884844657, 864.9680450196624, 864.9682043957918, 864.9683629770293, 
864.9685207673397, 864.9686777706676, 864.968833990938, 864.9689894320567, 
864.9691440979096, 864.9692979923633, 864.9694511192653, 864.9696034824435, 
864.9697550857073, 864.9699059328467, 864.9700560276328, 864.9702053738181, 
864.970353975136, 864.970501835302, 864.9706489580121, 864.9707953469448, 
864.9709410057595, 864.971085938098, 864.9712301475834, 864.9713736378209, 
864.9715164123979, 864.9716584748837, 864.97179982883, 864.9719404777704, 
864.9720804252213, 864.9722196746815, 864.972358229632, 864.972496093537, 
864.9726332698427, 864.9727697619788, 864.9729055733575, 864.9730407073741, 
864.973175167407, 864.9733089568177, 864.9734420789509, 864.9735745371349, 
864.9737063346807, 864.9738374748837, 864.973967961022, 864.974097796358, 
864.9742269841377, 864.9743555275906, 864.9744834299303, 864.9746106943544, 
864.9747373240447, 864.9748633221666, 864.9749886918703, 864.97511343629, 
864.9752375585445, 864.9753610617364, 864.9754839489536, 864.9756062232684, 
864.9757278877373, 864.9758489454023, 864.9759693992897, 864.9760892524107, 
864.9762085077618, 864.9763271683244, 864.976445237065, 864.9765627169352, 
864.9766796108722, 864.9767959217982, 864.976911652621, 864.977026806234, 
864.9771413855159, 864.9772553933312, 864.9773688325303, 864.9774817059489, 
864.9775940164091, 864.9777057667185, 864.9778169596708, 864.977927598046, 
864.97803768461, 864.978147222115, 864.9782562132995, 864.978364660888, 
864.978472567592, 864.978579936109, 864.9786867691234, 864.9787930693059, 
864.978898839314, 864.9790040817919, 864.9791087993708, 864.9792129946686, 
864.9793166702903, 864.9794198288277, 864.9795224728596, 864.9796246049522, 
864.9797262276591, 864.9798273435204, 864.9799279550643, 864.9800280648061, 
864.9801276752485, 864.9802267888816, 864.9803254081835, 864.9804235356196, 
864.980521173643, 864.9806183246948, 864.9807149912036, 864.9808111755863, 
864.9809068802473, 864.9810021075792, 864.981096859963, 864.9811911397673, 
864.9812849493491, 864.9813782910537, 864.9814711672144, 864.9815635801535, 
864.9816555321812, 864.9817470255961, 864.9818380626857, 864.9819286457259, 
864.9820187769814, 864.9821084587054, 864.9821976931399, 864.9822864825158, 
864.9823748290528, 864.9824627349597, 864.9825502024339, 864.9826372336623, 
864.9827238308208, 864.9828099960739, 864.9828957315763, 864.9829810394709, 
864.9830659218907, 864.9831503809576, 864.9832344187831, 864.9833180374683, 
864.9834012391035, 864.9834840257689, 864.983566399534, 864.9836483624583, 
864.9837299165907, 864.9838110639703, 864.9838918066256, 864.9839721465753, 
864.9840520858276, 864.9841316263814, 864.984210770225, 864.984289519337, 
864.9843678756863, 864.9844458412315, 864.9845234179221, 864.9846006076972, 
864.9846774124867, 864.9847538342108, 864.9848298747799, 864.9849055360951, 
864.9849808200479, 864.9850557285204, 864.9851302633853, 864.985204426506, 
864.9852782197368, 864.985351644922, 864.9854247038978, 864.9854973984905, 
864.9855697305172, 864.9856417017866, 864.9857133140977, 864.9857845692408, 
864.9858554689976, 864.9859260151402, 864.9859962094325, 864.9860660536293, 
864.9861355494768, 864.9862046987123, 864.9862735030646, 864.9863419642536, 
864.986410083991, 864.9864778639799, 864.9865453059147, 864.9866124114814, 
864.9866791823577, 864.9867456202129, 864.9868117267079, 864.9868775034953, 
864.9869429522196, 864.9870080745172, 864.9870728720158, 864.9871373463357, 
864.9872014990884, 864.987265331878, 864.9873288463002, 864.987392043943, 
864.9874549263861, 864.9875174952018, 864.9875797519542, 864.9876416981998, 
864.9877033354871, 864.9877646653572, 864.9878256893434, 864.987886408971, 
864.9879468257584, 864.9880069412158, 864.9880667568459, 864.9881262741445, 
864.9881854945993, 864.9882444196908, 864.9883030508921, 864.9883613896692, 
864.9884194374804, 864.9884771957769, 864.9885346660027, 864.9885918495946, 
864.9886487479821, 864.9887053625878, 864.9887616948269, 864.9888177461078, 
864.9888735178317, 864.988929011393, 864.9889842281791, 864.9890391695702, 
864.9890938369401, 864.9891482316554, 864.9892023550757, 864.9892562085544, 
864.9893097934378, 864.9893631110655, 864.9894161627703, 864.9894689498788, 
864.9895214737104, 864.9895737355782, 864.989625736789, 864.9896774786427, 
864.9897289624327, 864.9897801894463, 864.9898311609641, 864.9898818782604, 
864.9899323426031, 864.9899825552539, 864.9900325174679, 864.9900822304944, 
864.9901316955762, 864.9901809139499, 864.9902298868458, 864.9902786154885, 
864.990327101096, 864.9903753448806, 864.9904233480482, 864.9904711117991, 
864.9905186373272, 864.9905659258209, 864.9906129784622, 864.9906597964274, 
864.9907063808871, 864.9907527330057, 864.9907988539422, 864.9908447448497, 
864.9908904068752, 864.9909358411605, 864.9909810488413, 864.9910260310479, 
864.9910707889047, 864.9911153235308, 864.9911596360397, 864.9912037275389, 
864.9912475991308, 864.9912912519122, 864.9913346869746, 864.9913779054035, 
864.9914209082797, 864.9914636966781, 864.9915062716686, 864.9915486343155, 
864.9915907856777, 864.991632726809, 864.9916744587581, 864.9917159825684, 
864.9917572992777, 864.991798409919, 864.9918393155202, 864.9918800171039, 
864.9919205156875, 864.9919608122837, 864.9920009078996, 864.9920408035379, 
864.9920805001958, 864.9921199988659, 864.9921593005355, 864.9921984061873, 
864.9922373167988, 864.9922760333427, 864.9923145567872, 864.9923528880952, 
864.9923910282248, 864.99242897813, 864.9924667387589, 864.9925043110561, 
864.9925416959608, 864.9925788944074, 864.9926159073259, 864.9926527356417, 
864.9926893802756, 864.9927258421436, 864.9927621221573, 864.9927982212236, 
864.9928341402451, 864.9928698801197, 864.992905441741, 864.9929408259978, 
864.9929760337752, 864.9930110659528, 864.9930459234068, 864.9930806070086, 
864.993115117625, 864.9931494561191, 864.9931836233493, 864.9932176201696, 
864.9932514474302, 864.9932851059766, 864.9933185966503, 864.9933519202886, 
864.9933850777244, 864.9934180697868, 864.9934508973007, 864.9934835610867, 
864.9935160619614, 864.9935484007373, 864.9935805782228, 864.9936125952224, 
864.9936444525367, 864.993676150962, 864.9937076912906, 864.9937390743112, 
864.9937703008084, 864.9938013715628, 864.993832287351, 864.9938630489462, 
864.9938936571173, 864.9939241126294, 864.9939544162442, 864.9939845687189, 
864.9940145708076, 864.9940444232602, 864.9940741268232, 864.9941036822389, 
864.9941330902465, 864.9941623515808, 864.9941914669739, 864.9942204371532, 
864.9942492628431, 864.9942779447644, 864.994306483634, 864.9943348801652, 
864.9943631350683, 864.9943912490494, 864.9944192228115, 864.9944470570538, 
864.9944747524723, 864.9945023097594, 864.9945297296038, 864.9945570126912, 
864.9945841597038, 864.9946111713199, 864.994638048215, 864.9946647910612, 
864.9946914005267, 864.994717877277, 864.9947442219741, 864.9947704352762, 
864.9947965178392, 864.9948224703147, 864.9948482933518, 864.9948739875958, 
864.9948995536894, 864.9949249922715, 864.9949503039782, 864.9949754894421, 
864.9950005492931, 864.9950254841575, 864.9950502946588, 864.9950749814171, 
864.9950995450498, 864.9951239861708, 864.9951483053912, 864.995172503319, 
864.9951965805592, 864.9952205377136, 864.9952443753812, 864.995268094158, 
864.9952916946368, 864.9953151774078, 864.995338543058, 864.9953617921715, 
864.9953849253295, 864.9954079431104, 864.9954308460897, 864.9954536348399, 
864.9954763099307, 864.995498871929, 864.995521321399, 864.9955436589017, 
864.9955658849956, 864.9955880002365, 864.9956100051771, 864.9956319003677, 
864.9956536863555, 864.9956753636851, 864.9956969328988, 864.9957183945355, 
864.9957397491319, 864.9957609972217, 864.9957821393363, 864.9958031760041, 
864.9958241077511, 864.9958449351005, 864.9958656585732, 864.9958862786871, 
864.9959067959577, 864.995927210898, 864.9959475240185, 864.9959677358268, 
864.9959878468283, 864.9960078575256, 864.9960277684193, 864.996047580007, 
864.9960672927839, 864.9960869072429, 864.9961064238745, 864.9961258431665, 
864.9961451656043, 864.9961643916711, 864.9961835218473, 864.9962025566116, 
864.9962214964395, 864.9962403418047, 864.9962590931781, 864.9962777510287, 
864.9962963158229, 864.9963147880247, 864.9963331680963, 864.9963514564965, 
864.9963696536833, 864.9963877601111, 864.9964057762327, 864.9964237024985, 
864.9964415393567, 864.9964592872532, 864.9964769466317, 864.9964945179337, 
864.9965120015984, 864.9965293980631, 864.9965467077624, 864.9965639311294, 
864.9965810685942, 864.9965981205858, 864.9966150875303, 864.9966319698515, 
864.996648767972, 864.9966654823114, 864.9966821132878, 864.9966986613168, 
864.9967151268121, 864.9967315101856, 864.9967478118465, 864.9967640322026, 
864.9967801716593, 864.9967962306203, 864.9968122094866, 864.9968281086582, 
864.9968439285322, 864.9968596695043, 864.996875331968, 864.9968909163149, 
864.9969064229343, 864.9969218522144, 864.9969372045406, 864.9969524802966, 
864.9969676798645, 864.9969828036243, 864.996997851954, 864.9970128252298, 
864.9970277238263, 864.9970425481154, 864.9970572984682, 864.9970719752533, 
864.9970865788378, 864.9971011095863, 864.9971155678627, 864.997129954028, 
864.9971442684419, 864.9971585114626, 864.9971726834457, 864.9971867847459, 
864.9972008157155, 864.9972147767053, 864.9972286680644, 864.9972424901401, 
864.9972562432779, 864.9972699278217, 864.9972835441134, 864.9972970924938, 
864.9973105733012, 864.9973239868728, 864.9973373335439, 864.9973506136483, 
864.9973638275179, 864.9973769754829, 864.9973900578723, 864.9974030750129, 
864.9974160272304, 864.9974289148483, 864.997441738189, 864.9974544975731, 
864.9974671933194, 864.9974798257455, 864.9974923951669, 864.9975049018982, 
864.9975173462519, 864.9975297285391, 864.9975420490695, 864.9975543081508, 
864.9975665060899, 864.9975786431913, 864.9975907197588, 864.9976027360941, 
864.9976146924978, 864.9976265892685, 864.9976384267039, 864.9976502051, 
864.9976619247509, 864.9976735859499, 864.9976851889883, 864.9976967341564, 
864.9977082217428, 864.9977196520345, 864.9977310253174, 864.9977423418759, 
864.9977536019927, 864.9977648059496, 864.9977759540263, 864.9977870465019, 
864.9977980836535, 864.9978090657571, 864.9978199930872, 864.9978308659171, 
864.9978416845185, 864.9978524491618, 864.9978631601164, 864.9978738176496, 
864.9978844220284, 864.9978949735175, 864.9979054723809, 864.997915918881, 
864.997926313279, 864.9979366558347, 864.9979469468067, 864.997957186452, 
864.9979673750272, 864.9979775127865, 864.9979875999836, 864.9979976368705, 
864.9980076236984, 864.9980175607166, 864.9980274481737, 864.9980372863171, 
864.9980470753924, 864.9980568156445, 864.9980665073168, 864.9980761506519, 
864.9980857458905, 864.9980952932727, 864.9981047930371, 864.9981142454213, 
864.9981236506616, 864.9981330089929, 864.9981423206493, 864.9981515858639, 
864.9981608048678, 864.9981699778917, 864.9981791051652, 864.998188186916, 
864.9981972233715, 864.9982062147574, 864.9982151612985, 864.9982240632187, 
864.9982329207404, 864.998241734085, 864.9982505034728, 864.9982592291232, 
864.9982679112541, 864.9982765500828, 864.9982851458251, 864.998293698696, 
864.9983022089092, 864.9983106766775, 864.9983191022129, 864.9983274857256, 
864.9983358274253, 864.9983441275207, 864.998352386219, 864.9983606037271, 
864.9983687802501, 864.9983769159925, 864.9983850111578, 864.9983930659483, 
864.9984010805653, 864.9984090552093, 864.9984169900795, 864.9984248853745, 
864.9984327412914, 864.9984405580268, 864.9984483357761, 864.9984560747337, 
864.998463775093, 864.9984714370468, 864.9984790607863, 864.9984866465023, 
864.9984941943844, 864.9985017046212, 864.9985091774006, 864.9985166129093, 
864.9985240113332, 864.9985313728574, 864.9985386976658, 864.9985459859416, 
864.9985532378671, 864.9985604536233, 864.9985676333909, 864.9985747773491, 
864.9985818856767, 864.9985889585514, 864.9985959961499, 864.9986029986484, 
864.9986099662217, 864.9986168990441, 864.9986237972889, 864.9986306611286, 
864.9986374907346, 864.9986442862779, 864.9986510479284, 864.9986577758549, 
864.9986644702257, 864.9986711312083, 864.998677758969, 864.9986843536736, 
864.998690915487, 864.9986974445734, 864.9987039410956, 864.9987104052163, 
864.9987168370972, 864.9987232368989, 864.9987296047814, 864.998735940904, 
864.9987422454251, 864.9987485185022, 864.9987547602922, 864.9987609709511, 
864.9987671506343, 864.9987732994962, 864.9987794176905, 864.9987855053702, 
864.9987915626873, 864.9987975897935, 864.9988035868395, 864.9988095539751, 
864.9988154913494, 864.998821399111, 864.9988272774074, 864.9988331263857, 
864.9988389461921, 864.9988447369722, 864.9988504988705, 864.9988562320314, 
864.9988619365979, 864.9988676127128, 864.9988732605179, 864.9988788801545, 
864.9988844717632, 864.9988900354834, 864.9988955714546, 864.9989010798149, 
864.9989065607022, 864.9989120142534, 864.9989174406049, 864.9989228398924, 
864.9989282122509, 864.9989335578146, 864.9989388767172, 864.9989441690916, 
864.9989494350703, 864.9989546747847, 864.998959888366, 864.9989650759444, 
864.9989702376497, 864.9989753736109, 864.9989804839562, 864.9989855688137, 
864.9989906283104, 864.9989956625727, 864.9990006717266, 864.9990056558971, 
864.9990106152089, 864.9990155497861, 864.9990204597522, 864.9990253452295, 
864.9990302063404, 864.9990350432065, 864.9990398559486, 864.999044644687, 
864.9990494095415, 864.9990541506312, 864.9990588680746, 864.9990635619897, 
864.9990682324938, 864.9990728797035, 864.9990775037354, 864.9990821047047, 
864.9990866827266, 864.9990912379154, 864.9990957703852, 864.9991002802493, 
864.9991047676202, 864.9991092326103, 864.9991136753313, 864.9991180958939, 
864.999122494409, 864.9991268709865, 864.9991312257356, 864.9991355587653, 
864.9991398701839, 864.9991441600993, 864.9991484286186, 864.9991526758486, 
864.9991569018954, 864.9991611068648, 864.9991652908618, 864.9991694539909, 
864.9991735963565, 864.9991777180618, 864.9991818192101, 864.9991858999038, 
864.999189960245, 864.999194000335, 864.9991980202752, 864.9992020201657, 
864.9992060001068, 864.9992099601977, 864.9992139005377, 864.9992178212252, 
864.999221722358, 864.999225604034, 864.99922946635, 864.9992333094026, 
864.9992371332878, 864.9992409381015, 864.9992447239384, 864.9992484908936, 
864.9992522390609, 864.9992559685342, 864.9992596794066, 864.9992633717709, 
864.9992670457195, 864.9992707013443, 864.9992743387365, 864.9992779579872, 
864.9992815591867, 864.9992851424252, 864.9992887077923, 864.999292255377, 
864.9992957852679, 864.9992992975535, 864.9993027923216, 864.9993062696594, 
864.999309729654, 864.9993131723916, 864.9993165979586, 864.9993200064405, 
864.9993233979226, 864.9993267724896, 864.9993301302258, 864.9993334712152, 
864.9993367955412, 864.9993401032874, 864.999343394536, 864.9993466693694, 
864.9993499278695, 864.9993531701178, 864.9993563961953, 864.9993596061826, 
864.9993628001602, 864.9993659782076, 864.9993691404045, 864.9993722868298, 
864.9993754175623, 864.9993785326802, 864.9993816322614, 864.9993847163834, 
864.9993877851232, 864.9993908385577, 864.999393876763, 864.9993968998152, 
864.99939990779, 864.9994029007625, 864.9994058788072, 864.9994088419991, 
864.9994117904118, 864.9994147241195, 864.9994176431951, 864.9994205477118, 
864.9994234377422, 864.9994263133584, 864.9994291746324, 864.9994320216358, 
864.9994348544398, 864.999437673115, 864.999440477732, 864.9994432683609, 
864.9994460450715, 864.9994488079333, 864.9994515570153, 864.9994542923861, 
864.9994570141141, 864.9994597222675, 864.999462416914, 864.9994650981207, 
864.999467765955, 864.9994704204834, 864.9994730617723, 864.9994756898876, 
864.9994783048952, 864.9994809068604, 864.9994834958483, 864.9994860719235, 
864.9994886351504, 864.9994911855933, 864.9994937233157, 864.9994962483811, 
864.9994987608529, 864.9995012607935, 864.9995037482657, 864.9995062233317, 
864.999508686053, 864.9995111364915, 864.9995135747084, 864.9995160007646, 
864.9995184147209, 864.9995208166375, 864.9995232065745, 864.9995255845917, 
864.9995279507484, 864.9995303051039, 864.9995326477169, 864.9995349786461, 
864.9995372979498, 864.999539605686, 864.9995419019122, 864.999544186686, 
864.9995464600643, 864.9995487221041, 864.999550972862, 864.9995532123942, 
864.9995554407567, 864.9995576580052, 864.9995598641951, 864.9995620593816, 
864.9995642436196, 864.9995664169636, 864.999568579468, 864.9995707311869, 
864.999572872174, 864.999575002483, 864.9995771221668, 864.9995792312789, 
864.9995813298716, 864.9995834179975, 864.999585495709, 864.9995875630577, 
864.9995896200957, 864.9995916668739, 864.9995937034439, 864.9995957298564, 
864.9995977461621, 864.9995997524115, 864.9996017486548, 864.9996037349416, 
864.9996057113218, 864.9996076778448, 864.9996096345598, 864.9996115815155, 
864.9996135187607, 864.999615446344, 864.9996173643133, 864.9996192727168, 
864.999621171602, 864.9996230610166, 864.9996249410075, 864.9996268116221, 
864.999628672907, 864.9996305249085, 864.9996323676732, 864.9996342012471, 
864.999636025676, 864.9996378410056, 864.999639647281, 864.9996414445477, 
864.9996432328505, 864.999645012234, 864.999646782743, 864.9996485444214, 
864.9996502973133, 864.9996520414628, 864.9996537769132, 864.9996555037081, 
864.9996572218905, 864.9996589315035, 864.9996606325897, 864.9996623251917, 
864.9996640093518, 864.9996656851122, 864.9996673525146, 864.9996690116009, 
864.9996706624123, 864.9996723049904, 864.9996739393762, 864.9996755656102, 
864.9996771837335, 864.9996787937864, 864.9996803958092, 864.9996819898418, 
864.9996835759239, 864.9996851540956, 864.9996867243962, 864.9996882868646, 
864.9996898415404, 864.9996913884622, 864.9996929276687, 864.9996944591983, 
864.9996959830894, 864.9996974993801, 864.9996990081082, 864.9997005093115, 
864.9997020030277, 864.9997034892937, 864.9997049681471, 864.9997064396246, 
864.999707903763, 864.9997093605991, 864.9997108101691, 864.9997122525094, 
864.999713687656, 864.9997151156448, 864.9997165365114, 864.9997179502915, 
864.9997193570202, 864.9997207567329, 864.9997221494646, 864.9997235352499, 
864.9997249141236, 864.9997262861201, 864.9997276512738, 864.9997290096187, 
864.9997303611889, 864.9997317060181, 864.9997330441399, 864.9997343755878, 
0.0]]
(%i17) results_logistic:simulate("logistic",n_logistic)
(%o17) [[0, 0.1, 0.2, 0.3000000000000001, 0.4, 0.5, 0.6000000000000001, 
0.7000000000000001, 0.8, 0.9, 1.0, 1.1, 1.2, 1.3, 1.4, 1.5, 1.6, 1.7, 1.8, 
1.9, 2.0, 2.1, 2.2, 2.3, 2.400000000000001, 2.5, 2.6, 2.7, 2.8, 
2.900000000000001, 3.0, 3.1, 3.2, 3.3, 3.400000000000001, 3.5, 3.6, 3.7, 3.8, 
3.900000000000001, 4.0, 4.100000000000001, 4.2, 4.3, 4.4, 4.5, 
4.600000000000001, 4.7, 4.800000000000001, 4.9, 5.0, 5.100000000000001, 5.2, 
5.300000000000001, 5.4, 5.5, 5.600000000000001, 5.7, 5.800000000000001, 5.9, 
6.0, 6.100000000000001, 6.2, 6.300000000000001, 6.4, 6.5, 6.600000000000001, 
6.7, 6.800000000000001, 6.9, 7.0, 7.100000000000001, 7.2, 7.300000000000001, 
7.4, 7.5, 7.600000000000001, 7.7, 7.800000000000001, 7.9, 8.0, 8.1, 
8.200000000000001, 8.3, 8.4, 8.5, 8.6, 8.700000000000001, 8.8, 8.9, 9.0, 9.1, 
9.200000000000001, 9.3, 9.4, 9.5, 9.600000000000002, 9.700000000000001, 9.8, 
9.9, 10.0, 10.1, 10.2, 10.3, 10.4, 10.5, 10.6, 10.7, 10.8, 10.9, 11.0, 11.1, 
11.2, 11.3, 11.4, 11.5, 11.6, 11.7, 11.8, 11.9, 12.0, 12.1, 12.2, 12.3, 12.4, 
12.5, 12.6, 12.7, 12.8, 12.9, 13.0, 13.1, 13.2, 13.3, 13.4, 13.5, 13.6, 13.7, 
13.8, 13.9, 14.0, 14.1, 14.2, 14.3, 14.4, 14.5, 14.6, 14.7, 14.8, 14.9, 15.0, 
15.1, 15.2, 15.3, 15.4, 15.5, 15.6, 15.7, 15.8, 15.9, 16.0, 16.1, 16.2, 16.3, 
16.4, 16.5, 16.6, 16.7, 16.8, 16.9, 17.0, 17.1, 17.2, 17.3, 17.4, 17.5, 17.6, 
17.7, 17.8, 17.9, 18.0, 18.1, 18.2, 18.3, 18.4, 18.5, 18.6, 18.7, 18.8, 18.9, 
19.0, 19.1, 19.2, 19.3, 19.4, 19.5, 19.6, 19.7, 19.8, 19.9, 20.0, 20.1, 20.2, 
20.3, 20.4, 20.5, 20.6, 20.7, 20.8, 20.9, 21.0, 21.1, 21.2, 21.3, 21.4, 21.5, 
21.6, 21.7, 21.8, 21.9, 22.0, 22.1, 22.2, 22.3, 22.4, 22.5, 22.6, 22.7, 22.8, 
22.9, 23.0, 23.1, 23.2, 23.3, 23.4, 23.5, 23.6, 23.7, 23.8, 23.9, 24.0, 24.1, 
24.2, 24.3, 24.4, 24.5, 24.6, 24.7, 24.8, 24.9, 25.0, 25.1, 25.2, 25.3, 25.4, 
25.5, 25.6, 25.7, 25.8, 25.9, 26.0, 26.1, 26.2, 26.3, 26.4, 26.5, 26.6, 26.7, 
26.8, 26.9, 27.0, 27.1, 27.2, 27.3, 27.4, 27.5, 27.6, 27.7, 27.8, 27.9, 28.0, 
28.1, 28.2, 28.3, 28.4, 28.5, 28.6, 28.7, 28.8, 28.9, 29.0, 29.1, 29.2, 29.3, 
29.4, 29.5, 29.6, 29.7, 29.8, 29.9, 30.0, 30.1, 30.2, 30.3, 30.4, 30.5, 30.6, 
30.7, 30.8, 30.9, 31.0, 31.1, 31.2, 31.3, 31.4, 31.5, 31.6, 31.7, 31.8, 31.9, 
32.0, 32.1, 32.2, 32.30000000000001, 32.4, 32.5, 32.6, 32.7, 
32.80000000000001, 32.9, 33.0, 33.1, 33.2, 33.30000000000001, 33.4, 33.5, 
33.6, 33.7, 33.80000000000001, 33.9, 34.0, 34.1, 34.2, 34.30000000000001, 
34.4, 34.5, 34.6, 34.7, 34.80000000000001, 34.9, 35.0, 35.1, 35.2, 
35.30000000000001, 35.4, 35.5, 35.6, 35.7, 35.80000000000001, 35.9, 36.0, 
36.1, 36.2, 36.30000000000001, 36.4, 36.5, 36.6, 36.7, 36.80000000000001, 
36.9, 37.0, 37.1, 37.2, 37.30000000000001, 37.4, 37.5, 37.6, 37.7, 
37.80000000000001, 37.9, 38.0, 38.1, 38.2, 38.30000000000001, 
38.40000000000001, 38.5, 38.6, 38.7, 38.80000000000001, 38.90000000000001, 
39.0, 39.1, 39.2, 39.30000000000001, 39.40000000000001, 39.5, 39.6, 39.7, 
39.80000000000001, 39.90000000000001, 40.0, 40.1, 40.2, 40.30000000000001, 
40.40000000000001, 40.5, 40.6, 40.7, 40.80000000000001, 40.90000000000001, 
41.0, 41.1, 41.2, 41.30000000000001, 41.40000000000001, 41.5, 41.6, 41.7, 
41.80000000000001, 41.90000000000001, 42.0, 42.1, 42.2, 42.30000000000001, 
42.40000000000001, 42.5, 42.6, 42.7, 42.80000000000001, 42.90000000000001, 
43.0, 43.1, 43.2, 43.30000000000001, 43.40000000000001, 43.5, 43.6, 43.7, 
43.80000000000001, 43.90000000000001, 44.0, 44.1, 44.2, 44.30000000000001, 
44.40000000000001, 44.5, 44.6, 44.7, 44.80000000000001, 44.90000000000001, 
45.0, 45.1, 45.2, 45.30000000000001, 45.40000000000001, 45.5, 45.6, 45.7, 
45.80000000000001, 45.90000000000001, 46.0, 46.1, 46.2, 46.30000000000001, 
46.40000000000001, 46.5, 46.6, 46.7, 46.80000000000001, 46.90000000000001, 
47.0, 47.1, 47.2, 47.30000000000001, 47.40000000000001, 47.5, 47.6, 47.7, 
47.80000000000001, 47.90000000000001, 48.0, 48.1, 48.2, 48.30000000000001, 
48.40000000000001, 48.5, 48.6, 48.7, 48.80000000000001, 48.90000000000001, 
49.0, 49.1, 49.2, 49.30000000000001, 49.40000000000001, 49.5, 49.6, 49.7, 
49.80000000000001, 49.90000000000001, 50.0, 50.1, 50.2, 50.30000000000001, 
50.40000000000001, 50.5, 50.6, 50.7, 50.80000000000001, 50.90000000000001, 
51.0, 51.1, 51.2, 51.30000000000001, 51.40000000000001, 51.5, 51.6, 51.7, 
51.80000000000001, 51.90000000000001, 52.0, 52.1, 52.2, 52.30000000000001, 
52.40000000000001, 52.5, 52.6, 52.7, 52.80000000000001, 52.90000000000001, 
53.0, 53.1, 53.2, 53.30000000000001, 53.40000000000001, 53.5, 53.6, 53.7, 
53.80000000000001, 53.90000000000001, 54.0, 54.1, 54.2, 54.30000000000001, 
54.40000000000001, 54.5, 54.6, 54.7, 54.80000000000001, 54.90000000000001, 
55.0, 55.1, 55.2, 55.30000000000001, 55.40000000000001, 55.5, 55.6, 55.7, 
55.80000000000001, 55.90000000000001, 56.0, 56.1, 56.2, 56.30000000000001, 
56.40000000000001, 56.5, 56.6, 56.7, 56.80000000000001, 56.90000000000001, 
57.0, 57.1, 57.2, 57.30000000000001, 57.40000000000001, 57.5, 57.6, 57.7, 
57.80000000000001, 57.90000000000001, 58.0, 58.1, 58.2, 58.30000000000001, 
58.40000000000001, 58.5, 58.6, 58.7, 58.80000000000001, 58.90000000000001, 
59.0, 59.1, 59.2, 59.30000000000001, 59.40000000000001, 59.5, 59.6, 59.7, 
59.80000000000001, 59.90000000000001, 60.0, 60.1, 60.2, 60.30000000000001, 
60.40000000000001, 60.5, 60.6, 60.7, 60.80000000000001, 60.90000000000001, 
61.0, 61.1, 61.2, 61.30000000000001, 61.40000000000001, 61.5, 61.6, 61.7, 
61.80000000000001, 61.90000000000001, 62.0, 62.1, 62.2, 62.30000000000001, 
62.40000000000001, 62.5, 62.6, 62.7, 62.80000000000001, 62.90000000000001, 
63.0, 63.1, 63.2, 63.30000000000001, 63.40000000000001, 63.5, 63.6, 63.7, 
63.80000000000001, 63.90000000000001, 64.0, 64.10000000000001, 64.2, 64.3, 
64.4, 64.5, 64.60000000000001, 64.7, 64.8, 64.9, 65.0, 65.10000000000001, 
65.2, 65.3, 65.4, 65.5, 65.60000000000001, 65.7, 65.8, 65.9, 66.0, 
66.10000000000001, 66.2, 66.3, 66.4, 66.5, 66.60000000000001, 66.7, 66.8, 
66.9, 67.0, 67.10000000000001, 67.2, 67.3, 67.4, 67.5, 67.60000000000001, 
67.7, 67.8, 67.9, 68.0, 68.10000000000001, 68.2, 68.3, 68.4, 68.5, 
68.60000000000001, 68.7, 68.8, 68.9, 69.0, 69.10000000000001, 69.2, 69.3, 
69.4, 69.5, 69.60000000000001, 69.7, 69.8, 69.9, 70.0, 70.10000000000001, 
70.2, 70.3, 70.4, 70.5, 70.60000000000001, 70.7, 70.8, 70.9, 71.0, 
71.10000000000001, 71.2, 71.3, 71.4, 71.5, 71.60000000000001, 71.7, 71.8, 
71.9, 72.0, 72.10000000000001, 72.2, 72.3, 72.4, 72.5, 72.60000000000001, 
72.7, 72.8, 72.9, 73.0, 73.10000000000001, 73.2, 73.3, 73.4, 73.5, 
73.60000000000001, 73.7, 73.8, 73.9, 74.0, 74.10000000000001, 74.2, 74.3, 
74.4, 74.5, 74.60000000000001, 74.7, 74.8, 74.9, 75.0, 75.10000000000001, 
75.2, 75.3, 75.4, 75.5, 75.60000000000001, 75.7, 75.8, 75.9, 76.0, 
76.10000000000001, 76.2, 76.3, 76.4, 76.5, 76.60000000000001, 76.7, 
76.80000000000001, 76.9, 77.0, 77.10000000000001, 77.2, 77.30000000000001, 
77.4, 77.5, 77.60000000000001, 77.7, 77.80000000000001, 77.9, 78.0, 
78.10000000000001, 78.2, 78.30000000000001, 78.4, 78.5, 78.60000000000001, 
78.7, 78.80000000000001, 78.9, 79.0, 79.10000000000001, 79.2, 
79.30000000000001, 79.4, 79.5, 79.60000000000001, 79.7, 79.80000000000001, 
79.9, 80.0, 80.10000000000001, 80.2, 80.30000000000001, 80.4, 80.5, 
80.60000000000001, 80.7, 80.80000000000001, 80.9, 81.0, 81.10000000000001, 
81.2, 81.30000000000001, 81.4, 81.5, 81.60000000000001, 81.7, 
81.80000000000001, 81.9, 82.0, 82.10000000000001, 82.2, 82.30000000000001, 
82.4, 82.5, 82.60000000000001, 82.7, 82.80000000000001, 82.9, 83.0, 
83.10000000000001, 83.2, 83.30000000000001, 83.4, 83.5, 83.60000000000001, 
83.7, 83.80000000000001, 83.9, 84.0, 84.10000000000001, 84.2, 
84.30000000000001, 84.4, 84.5, 84.60000000000001, 84.7, 84.80000000000001, 
84.9, 85.0, 85.10000000000001, 85.2, 85.30000000000001, 85.4, 85.5, 
85.60000000000001, 85.7, 85.80000000000001, 85.9, 86.0, 86.10000000000001, 
86.2, 86.30000000000001, 86.4, 86.5, 86.60000000000001, 86.7, 
86.80000000000001, 86.9, 87.0, 87.10000000000001, 87.2, 87.30000000000001, 
87.4, 87.5, 87.60000000000001, 87.7, 87.80000000000001, 87.9, 88.0, 
88.10000000000001, 88.2, 88.30000000000001, 88.4, 88.5, 88.60000000000001, 
88.7, 88.80000000000001, 88.9, 89.0, 89.10000000000001, 89.2, 
89.30000000000001, 89.4, 89.5, 89.60000000000001, 89.7, 89.80000000000001, 
89.9, 90.0, 90.10000000000001, 90.2, 90.30000000000001, 90.4, 90.5, 
90.60000000000001, 90.7, 90.80000000000001, 90.9, 91.0, 91.10000000000001, 
91.2, 91.30000000000001, 91.4, 91.5, 91.60000000000001, 91.7, 
91.80000000000001, 91.9, 92.0, 92.10000000000001, 92.2, 92.30000000000001, 
92.4, 92.5, 92.60000000000001, 92.7, 92.80000000000001, 92.9, 93.0, 
93.10000000000001, 93.2, 93.30000000000001, 93.4, 93.5, 93.60000000000001, 
93.7, 93.80000000000001, 93.9, 94.0, 94.10000000000001, 94.2, 
94.30000000000001, 94.4, 94.5, 94.60000000000001, 94.7, 94.80000000000001, 
94.9, 95.0, 95.10000000000001, 95.2, 95.30000000000001, 95.4, 95.5, 
95.60000000000001, 95.7, 95.80000000000001, 95.9, 96.0, 96.10000000000001, 
96.2, 96.30000000000001, 96.4, 96.5, 96.60000000000001, 96.7, 
96.80000000000001, 96.9, 97.0, 97.10000000000001, 97.2, 97.30000000000001, 
97.4, 97.5, 97.60000000000001, 97.7, 97.80000000000001, 97.9, 98.0, 
98.10000000000001, 98.2, 98.30000000000001, 98.4, 98.5, 98.60000000000001, 
98.7, 98.80000000000001, 98.9, 99.0, 99.10000000000001, 99.2, 
99.30000000000001, 99.4, 99.5, 99.60000000000001, 99.7, 99.80000000000001, 
99.9, 100.0, 100.1, 100.2, 100.3, 100.4, 100.5, 100.6, 100.7, 100.8, 100.9, 
101.0, 101.1, 101.2, 101.3, 101.4, 101.5, 101.6, 101.7, 101.8, 101.9, 102.0, 
102.1, 102.2, 102.3, 102.4, 102.5, 102.6, 102.7, 102.8, 102.9, 103.0, 103.1, 
103.2, 103.3, 103.4, 103.5, 103.6, 103.7, 103.8, 103.9, 104.0, 104.1, 104.2, 
104.3, 104.4, 104.5, 104.6, 104.7, 104.8, 104.9, 105.0, 105.1, 105.2, 105.3, 
105.4, 105.5, 105.6, 105.7, 105.8, 105.9, 106.0, 106.1, 106.2, 106.3, 106.4, 
106.5, 106.6, 106.7, 106.8, 106.9, 107.0, 107.1, 107.2, 107.3, 107.4, 107.5, 
107.6, 107.7, 107.8, 107.9, 108.0, 108.1, 108.2, 108.3, 108.4, 108.5, 108.6, 
108.7, 108.8, 108.9, 109.0, 109.1, 109.2, 109.3, 109.4, 109.5, 109.6, 109.7, 
109.8, 109.9, 110.0, 110.1, 110.2, 110.3, 110.4, 110.5, 110.6, 110.7, 110.8, 
110.9, 111.0, 111.1, 111.2, 111.3, 111.4, 111.5, 111.6, 111.7, 111.8, 111.9, 
112.0, 112.1, 112.2, 112.3, 112.4, 112.5, 112.6, 112.7, 112.8, 112.9, 113.0, 
113.1, 113.2, 113.3, 113.4, 113.5, 113.6, 113.7, 113.8, 113.9, 114.0, 114.1, 
114.2, 114.3, 114.4, 114.5, 114.6, 114.7, 114.8, 114.9, 115.0, 115.1, 115.2, 
115.3, 115.4, 115.5, 115.6, 115.7, 115.8, 115.9, 116.0, 116.1, 116.2, 116.3, 
116.4, 116.5, 116.6, 116.7, 116.8, 116.9, 117.0, 117.1, 117.2, 117.3, 117.4, 
117.5, 117.6, 117.7, 117.8, 117.9, 118.0, 118.1, 118.2, 118.3, 118.4, 118.5, 
118.6, 118.7, 118.8, 118.9, 119.0, 119.1, 119.2, 119.3, 119.4, 119.5, 119.6, 
119.7, 119.8, 119.9, 120.0, 120.1, 120.2, 120.3, 120.4, 120.5, 120.6, 120.7, 
120.8, 120.9, 121.0, 121.1, 121.2, 121.3, 121.4, 121.5, 121.6, 121.7, 121.8, 
121.9, 122.0, 122.1, 122.2, 122.3, 122.4, 122.5, 122.6, 122.7, 122.8, 122.9, 
123.0, 123.1, 123.2, 123.3, 123.4, 123.5, 123.6, 123.7, 123.8, 123.9, 124.0, 
124.1, 124.2, 124.3, 124.4, 124.5, 124.6, 124.7, 124.8, 124.9, 125.0, 125.1, 
125.2, 125.3, 125.4, 125.5, 125.6, 125.7, 125.8, 125.9, 126.0, 126.1, 126.2, 
126.3, 126.4, 126.5, 126.6, 126.7, 126.8, 126.9, 127.0, 127.1, 127.2, 127.3, 
127.4, 127.5, 127.6, 127.7, 127.8, 127.9, 128.0, 128.1, 128.2, 128.3, 128.4, 
128.5, 128.6, 128.7, 128.8, 128.9, 129.0, 129.1, 129.2, 129.3, 129.4, 129.5, 
129.6, 129.7, 129.8, 129.9, 130.0, 130.1, 130.2, 130.3, 130.4, 130.5, 130.6, 
130.7, 130.8, 130.9, 131.0, 131.1, 131.2, 131.3, 131.4, 131.5, 131.6, 131.7, 
131.8, 131.9, 132.0, 132.1, 132.2, 132.3, 132.4, 132.5, 132.6, 132.7, 132.8, 
132.9, 133.0, 133.1, 133.2, 133.3, 133.4, 133.5, 133.6, 133.7, 133.8, 133.9, 
134.0, 134.1, 134.2, 134.3, 134.4, 134.5, 134.6, 134.7, 134.8, 134.9, 135.0, 
135.1, 135.2, 135.3, 135.4, 135.5, 135.6, 135.7, 135.8, 135.9, 136.0, 136.1, 
136.2, 136.3, 136.4, 136.5, 136.6, 136.7, 136.8, 136.9, 137.0, 137.1, 137.2, 
137.3, 137.4, 137.5, 137.6, 137.7, 137.8, 137.9, 138.0, 138.1, 138.2, 138.3, 
138.4, 138.5, 138.6, 138.7, 138.8, 138.9, 139.0, 139.1, 139.2, 139.3, 139.4, 
139.5, 139.6, 139.7, 139.8, 139.9, 140.0, 140.1, 140.2, 140.3, 140.4, 140.5, 
140.6, 140.7, 140.8, 140.9, 141.0, 141.1, 141.2, 141.3, 141.4, 141.5, 141.6, 
141.7, 141.8, 141.9, 142.0, 142.1, 142.2, 142.3, 142.4, 142.5, 142.6, 142.7, 
142.8, 142.9, 143.0, 143.1, 143.2, 143.3, 143.4, 143.5, 143.6, 143.7, 143.8, 
143.9, 144.0, 144.1, 144.2, 144.3, 144.4, 144.5, 144.6, 144.7, 144.8, 144.9, 
145.0, 145.1, 145.2, 145.3, 145.4, 145.5, 145.6, 145.7, 145.8, 145.9, 146.0, 
146.1, 146.2, 146.3, 146.4, 146.5, 146.6, 146.7, 146.8, 146.9, 147.0, 147.1, 
147.2, 147.3, 147.4, 147.5, 147.6, 147.7, 147.8, 147.9, 148.0, 148.1, 148.2, 
148.3, 148.4, 148.5, 148.6, 148.7, 148.8, 148.9, 149.0, 149.1, 149.2, 149.3, 
149.4, 149.5, 149.6, 149.7, 149.8, 149.9, 150.0, 150.1, 150.2, 150.3, 150.4, 
150.5, 150.6, 150.7, 150.8, 150.9, 151.0, 151.1, 151.2, 151.3, 151.4, 151.5, 
151.6, 151.7, 151.8, 151.9, 152.0, 152.1, 152.2, 152.3, 152.4, 152.5, 152.6, 
152.7, 152.8, 152.9, 153.0, 153.1, 153.2, 153.3, 153.4, 153.5, 153.6, 153.7, 
153.8, 153.9, 154.0, 154.1, 154.2, 154.3, 154.4, 154.5, 154.6, 154.7, 154.8, 
154.9, 155.0, 155.1, 155.2, 155.3, 155.4, 155.5, 155.6, 155.7, 155.8, 155.9, 
156.0, 156.1, 156.2, 156.3, 156.4, 156.5, 156.6, 156.7, 156.8, 156.9, 157.0, 
157.1, 157.2, 157.3, 157.4, 157.5, 157.6, 157.7, 157.8, 157.9, 158.0, 158.1, 
158.2, 158.3, 158.4, 158.5, 158.6, 158.7, 158.8, 158.9, 159.0, 159.1, 159.2, 
159.3, 159.4, 159.5, 159.6, 159.7, 159.8, 159.9, 160.0, 160.1, 160.2, 160.3, 
160.4, 160.5, 160.6, 160.7, 160.8, 160.9, 161.0, 161.1, 161.2, 161.3, 161.4, 
161.5, 161.6, 161.7, 161.8, 161.9, 162.0, 162.1, 162.2, 162.3, 162.4, 162.5, 
162.6, 162.7, 162.8, 162.9, 163.0, 163.1, 163.2, 163.3, 163.4, 163.5, 163.6, 
163.7, 163.8, 163.9, 164.0, 164.1, 164.2, 164.3, 164.4, 164.5, 164.6, 164.7, 
164.8, 164.9, 165.0, 165.1, 165.2, 165.3, 165.4, 165.5, 165.6, 165.7, 165.8, 
165.9, 166.0, 166.1, 166.2, 166.3, 166.4, 166.5, 166.6, 166.7, 166.8, 166.9, 
167.0, 167.1, 167.2, 167.3, 167.4, 167.5, 167.6, 167.7, 167.8, 167.9, 168.0, 
168.1, 168.2, 168.3, 168.4, 168.5, 168.6, 168.7, 168.8, 168.9, 169.0, 169.1, 
169.2, 169.3, 169.4, 169.5, 169.6, 169.7, 169.8, 169.9, 170.0, 170.1, 170.2, 
170.3, 170.4, 170.5, 170.6, 170.7, 170.8, 170.9, 171.0, 171.1, 171.2, 171.3, 
171.4, 171.5, 171.6, 171.7, 171.8, 171.9, 172.0, 172.1, 172.2, 172.3, 172.4, 
172.5, 172.6, 172.7, 172.8, 172.9, 173.0, 173.1, 173.2, 173.3, 173.4, 173.5, 
173.6, 173.7, 173.8, 173.9, 174.0, 174.1, 174.2, 174.3, 174.4, 174.5, 174.6, 
174.7, 174.8, 174.9, 175.0, 175.1, 175.2, 175.3, 175.4, 175.5, 175.6, 175.7, 
175.8, 175.9, 176.0, 176.1, 176.2, 176.3, 176.4, 176.5, 176.6, 176.7, 176.8, 
176.9, 177.0, 177.1, 177.2, 177.3, 177.4, 177.5, 177.6, 177.7, 177.8, 177.9, 
178.0, 178.1, 178.2, 178.3, 178.4, 178.5, 178.6, 178.7, 178.8, 178.9, 179.0, 
179.1, 179.2, 179.3, 179.4, 179.5, 179.6, 179.7, 179.8, 179.9, 180.0, 180.1, 
180.2, 180.3, 180.4, 180.5, 180.6, 180.7, 180.8, 180.9, 181.0, 181.1, 181.2, 
181.3, 181.4, 181.5, 181.6, 181.7, 181.8, 181.9, 182.0, 182.1, 182.2, 182.3, 
182.4, 182.5, 182.6, 182.7, 182.8, 182.9, 183.0, 183.1, 183.2, 183.3, 183.4, 
183.5, 183.6, 183.7, 183.8, 183.9, 184.0, 184.1, 184.2, 184.3, 184.4, 184.5, 
184.6, 184.7, 184.8, 184.9, 185.0, 185.1, 185.2, 185.3, 185.4, 185.5, 185.6, 
185.7, 185.8, 185.9, 186.0, 186.1, 186.2, 186.3, 186.4, 186.5, 186.6, 186.7, 
186.8, 186.9, 187.0, 187.1, 187.2, 187.3, 187.4, 187.5, 187.6, 187.7, 187.8, 
187.9, 188.0, 188.1, 188.2, 188.3, 188.4, 188.5, 188.6, 188.7, 188.8, 188.9, 
189.0, 189.1, 189.2, 189.3, 189.4, 189.5, 189.6, 189.7, 189.8, 189.9, 190.0, 
190.1, 190.2, 190.3, 190.4, 190.5, 190.6, 190.7, 190.8, 190.9, 191.0, 191.1, 
191.2, 191.3, 191.4, 191.5, 191.6, 191.7, 191.8, 191.9, 192.0, 192.1, 192.2, 
192.3, 192.4, 192.5, 192.6, 192.7, 192.8, 192.9, 193.0, 193.1, 193.2, 193.3, 
193.4, 193.5, 193.6, 193.7, 193.8, 193.9, 194.0, 194.1, 194.2, 194.3, 194.4, 
194.5, 194.6, 194.7, 194.8, 194.9, 195.0, 195.1, 195.2, 195.3, 195.4, 195.5, 
195.6, 195.7, 195.8, 195.9, 196.0, 196.1, 196.2, 196.3, 196.4, 196.5, 196.6, 
196.7, 196.8, 196.9, 197.0, 197.1, 197.2, 197.3, 197.4, 197.5, 197.6, 197.7, 
197.8, 197.9, 198.0, 198.1, 198.2, 198.3, 198.4, 198.5, 198.6, 198.7, 198.8, 
198.9, 199.0, 199.1, 199.2, 199.3, 199.4, 199.5, 199.6, 199.7, 199.8, 199.9, 
200.0, 200.1, 200.2, 200.3, 200.4, 200.5, 200.6, 200.7, 200.8, 200.9, 201.0, 
201.1, 201.2, 201.3, 201.4, 201.5, 201.6, 201.7, 201.8, 201.9, 202.0, 202.1, 
202.2, 202.3, 202.4, 202.5, 202.6, 202.7, 202.8, 202.9, 203.0, 203.1, 203.2, 
203.3, 203.4, 203.5, 203.6, 203.7, 203.8, 203.9, 204.0, 204.1, 204.2, 204.3, 
204.4, 204.5, 204.6, 204.7, 204.8, 204.9, 205.0, 205.1, 205.2, 205.3, 205.4, 
205.5, 205.6, 205.7, 205.8, 205.9, 206.0, 206.1, 206.2, 206.3, 206.4, 206.5, 
206.6, 206.7, 206.8, 206.9, 207.0, 207.1, 207.2, 207.3, 207.4, 207.5, 207.6, 
207.7, 207.8, 207.9, 208.0, 208.1, 208.2, 208.3, 208.4, 208.5, 208.6, 208.7, 
208.8, 208.9, 209.0, 209.1, 209.2, 209.3, 209.4, 209.5, 209.6, 209.7, 209.8, 
209.9, 210.0, 210.1, 210.2, 210.3, 210.4, 210.5, 210.6, 210.7, 210.8, 210.9, 
211.0, 211.1, 211.2, 211.3, 211.4, 211.5, 211.6, 211.7, 211.8, 211.9, 212.0, 
212.1, 212.2, 212.3, 212.4, 212.5, 212.6, 212.7, 212.8, 212.9, 213.0, 213.1, 
213.2, 213.3, 213.4, 213.5, 213.6, 213.7, 213.8, 213.9, 214.0, 214.1, 214.2, 
214.3, 214.4, 214.5, 214.6, 214.7, 214.8, 214.9, 215.0, 215.1, 215.2, 215.3, 
215.4, 215.5, 215.6, 215.7, 215.8, 215.9, 216.0, 216.1, 216.2, 216.3, 216.4, 
216.5, 216.6, 216.7, 216.8, 216.9, 217.0, 217.1, 217.2, 217.3, 217.4, 217.5, 
217.6, 217.7, 217.8, 217.9, 218.0, 218.1, 218.2, 218.3, 218.4, 218.5, 218.6, 
218.7, 218.8, 218.9, 219.0, 219.1, 219.2, 219.3, 219.4, 219.5, 219.6, 219.7, 
219.8, 219.9, 220.0, 220.1, 220.2, 220.3, 220.4, 220.5, 220.6, 220.7, 220.8, 
220.9, 221.0, 221.1, 221.2, 221.3, 221.4, 221.5, 221.6, 221.7, 221.8, 221.9, 
222.0, 222.1, 222.2, 222.3, 222.4, 222.5, 222.6, 222.7, 222.8, 222.9, 223.0, 
223.1, 223.2, 223.3, 223.4, 223.5, 223.6, 223.7, 223.8, 223.9, 224.0, 224.1, 
224.2, 224.3, 224.4, 224.5, 224.6, 224.7, 224.8, 224.9, 225.0, 225.1, 225.2, 
225.3, 225.4, 225.5, 225.6, 225.7, 225.8, 225.9, 226.0, 226.1, 226.2, 226.3, 
226.4, 226.5, 226.6, 226.7, 226.8, 226.9, 227.0, 227.1, 227.2, 227.3, 227.4, 
227.5, 227.6, 227.7, 227.8, 227.9, 228.0, 228.1, 228.2, 228.3, 228.4, 228.5, 
228.6, 228.7, 228.8, 228.9, 229.0, 229.1, 229.2, 229.3, 229.4, 229.5, 229.6, 
229.7, 229.8, 229.9, 230.0, 230.1, 230.2, 230.3, 230.4, 230.5, 230.6, 230.7, 
230.8, 230.9, 231.0, 231.1, 231.2, 231.3, 231.4, 231.5, 231.6, 231.7, 231.8, 
231.9, 232.0, 232.1, 232.2, 232.3, 232.4, 232.5, 232.6, 232.7, 232.8, 232.9, 
233.0, 233.1, 233.2, 233.3, 233.4, 233.5, 233.6, 233.7, 233.8, 233.9, 234.0, 
234.1, 234.2, 234.3, 234.4, 234.5, 234.6, 234.7, 234.8, 234.9, 235.0, 235.1, 
235.2, 235.3, 235.4, 235.5, 235.6, 235.7, 235.8, 235.9, 236.0, 236.1, 236.2, 
236.3, 236.4, 236.5, 236.6, 236.7, 236.8, 236.9, 237.0, 237.1, 237.2, 237.3, 
237.4, 237.5, 237.6, 237.7, 237.8, 237.9, 238.0, 238.1, 238.2, 238.3, 238.4, 
238.5, 238.6, 238.7, 238.8, 238.9, 239.0, 239.1, 239.2, 239.3, 239.4, 239.5, 
239.6, 239.7, 239.8, 239.9, 240.0, 240.1, 240.2, 240.3, 240.4, 240.5, 240.6, 
240.7, 240.8, 240.9, 241.0, 241.1, 241.2, 241.3, 241.4, 241.5, 241.6, 241.7, 
241.8, 241.9, 242.0, 242.1, 242.2, 242.3, 242.4, 242.5, 242.6, 242.7, 242.8, 
242.9, 243.0, 243.1, 243.2, 243.3, 243.4, 243.5, 243.6, 243.7, 243.8, 243.9, 
244.0, 244.1, 244.2, 244.3, 244.4, 244.5, 244.6, 244.7, 244.8, 244.9, 245.0, 
245.1, 245.2, 245.3, 245.4, 245.5, 245.6, 245.7, 245.8, 245.9, 246.0, 246.1, 
246.2, 246.3, 246.4, 246.5, 246.6, 246.7, 246.8, 246.9, 247.0, 247.1, 247.2, 
247.3, 247.4, 247.5, 247.6, 247.7, 247.8, 247.9, 248.0, 248.1, 248.2, 248.3, 
248.4, 248.5, 248.6, 248.7, 248.8, 248.9, 249.0, 249.1, 249.2, 249.3, 249.4, 
249.5, 249.6, 249.7, 249.8, 249.9, 250.0, 250.1, 250.2, 250.3, 250.4, 250.5, 
250.6, 250.7, 250.8, 250.9, 251.0, 251.1, 251.2, 251.3, 251.4, 251.5, 251.6, 
251.7, 251.8, 251.9, 252.0, 252.1, 252.2, 252.3, 252.4, 252.5, 252.6, 252.7, 
252.8, 252.9, 253.0, 253.1, 253.2, 253.3, 253.4, 253.5, 253.6, 253.7, 253.8, 
253.9, 254.0, 254.1, 254.2, 254.3, 254.4, 254.5, 254.6, 254.7, 254.8, 254.9, 
255.0, 255.1, 255.2, 255.3, 255.4, 255.5, 255.6, 255.7, 255.8, 255.9, 256.0, 
256.1, 256.2, 256.3, 256.4000000000001, 256.5, 256.6, 256.7, 256.8, 
256.9000000000001, 257.0, 257.1, 257.2, 257.3, 257.4000000000001, 257.5, 
257.6, 257.7, 257.8, 257.9000000000001, 258.0, 258.1, 258.2, 258.3, 
258.4000000000001, 258.5, 258.6, 258.7, 258.8, 258.9000000000001, 259.0, 
259.1, 259.2, 259.3, 259.4000000000001, 259.5, 259.6, 259.7, 259.8, 
259.9000000000001, 260.0, 260.1, 260.2, 260.3, 260.4000000000001, 260.5, 
260.6, 260.7, 260.8, 260.9000000000001, 261.0, 261.1, 261.2, 261.3, 
261.4000000000001, 261.5, 261.6, 261.7, 261.8, 261.9000000000001, 262.0, 
262.1, 262.2, 262.3, 262.4000000000001, 262.5, 262.6, 262.7, 262.8, 
262.9000000000001, 263.0, 263.1, 263.2, 263.3, 263.4000000000001, 263.5, 
263.6, 263.7, 263.8, 263.9000000000001, 264.0, 264.1, 264.2, 264.3, 
264.4000000000001, 264.5, 264.6, 264.7, 264.8, 264.9000000000001, 265.0, 
265.1, 265.2, 265.3, 265.4000000000001, 265.5, 265.6, 265.7, 265.8, 
265.9000000000001, 266.0, 266.1, 266.2, 266.3, 266.4000000000001, 266.5, 
266.6, 266.7, 266.8, 266.9000000000001, 267.0, 267.1, 267.2, 267.3, 
267.4000000000001, 267.5, 267.6, 267.7, 267.8, 267.9000000000001, 268.0, 
268.1, 268.2, 268.3, 268.4000000000001, 268.5, 268.6, 268.7, 268.8, 
268.9000000000001, 269.0, 269.1, 269.2, 269.3, 269.4000000000001, 269.5, 
269.6, 269.7, 269.8, 269.9000000000001, 270.0, 270.1, 270.2, 270.3, 
270.4000000000001, 270.5, 270.6, 270.7, 270.8, 270.9000000000001, 271.0, 
271.1, 271.2, 271.3, 271.4000000000001, 271.5, 271.6, 271.7, 271.8, 
271.9000000000001, 272.0, 272.1, 272.2, 272.3, 272.4000000000001, 272.5, 
272.6, 272.7, 272.8, 272.9000000000001, 273.0, 273.1, 273.2, 273.3, 
273.4000000000001, 273.5, 273.6, 273.7, 273.8, 273.9000000000001, 274.0, 
274.1, 274.2, 274.3, 274.4000000000001, 274.5, 274.6, 274.7, 274.8, 
274.9000000000001, 275.0, 275.1, 275.2, 275.3, 275.4000000000001, 275.5, 
275.6, 275.7, 275.8, 275.9000000000001, 276.0, 276.1, 276.2, 276.3, 
276.4000000000001, 276.5, 276.6, 276.7, 276.8, 276.9000000000001, 277.0, 
277.1, 277.2, 277.3, 277.4000000000001, 277.5, 277.6, 277.7, 277.8, 
277.9000000000001, 278.0, 278.1, 278.2, 278.3, 278.4000000000001, 278.5, 
278.6, 278.7, 278.8, 278.9000000000001, 279.0, 279.1, 279.2, 279.3, 
279.4000000000001, 279.5, 279.6, 279.7, 279.8, 279.9000000000001, 280.0, 
280.1, 280.2, 280.3, 280.4000000000001, 280.5, 280.6, 280.7, 280.8, 
280.9000000000001, 281.0, 281.1, 281.2, 281.3, 281.4000000000001, 281.5, 
281.6, 281.7, 281.8, 281.9000000000001, 282.0, 282.1, 282.2, 282.3, 
282.4000000000001, 282.5, 282.6, 282.7, 282.8, 282.9000000000001, 283.0, 
283.1, 283.2, 283.3, 283.4000000000001, 283.5, 283.6, 283.7, 283.8, 
283.9000000000001, 284.0, 284.1, 284.2, 284.3, 284.4000000000001, 284.5, 
284.6, 284.7, 284.8, 284.9000000000001, 285.0, 285.1, 285.2, 285.3, 
285.4000000000001, 285.5, 285.6, 285.7, 285.8, 285.9000000000001, 286.0, 
286.1, 286.2, 286.3, 286.4000000000001, 286.5, 286.6, 286.7, 286.8, 
286.9000000000001, 287.0, 287.1, 287.2, 287.3, 287.4000000000001, 287.5, 
287.6, 287.7, 287.8, 287.9000000000001, 288.0, 288.1, 288.2, 288.3, 
288.4000000000001, 288.5, 288.6, 288.7, 288.8, 288.9000000000001, 289.0, 
289.1, 289.2, 289.3, 289.4000000000001, 289.5, 289.6, 289.7, 289.8, 
289.9000000000001, 290.0, 290.1, 290.2, 290.3, 290.4000000000001, 290.5, 
290.6, 290.7, 290.8, 290.9000000000001, 291.0, 291.1, 291.2, 291.3, 
291.4000000000001, 291.5, 291.6, 291.7, 291.8, 291.9000000000001, 292.0, 
292.1, 292.2, 292.3, 292.4000000000001, 292.5, 292.6, 292.7, 292.8, 
292.9000000000001, 293.0, 293.1, 293.2, 293.3, 293.4000000000001, 293.5, 
293.6, 293.7, 293.8, 293.9000000000001, 294.0, 294.1, 294.2, 294.3, 
294.4000000000001, 294.5, 294.6, 294.7, 294.8, 294.9000000000001, 295.0, 
295.1, 295.2, 295.3, 295.4000000000001, 295.5, 295.6, 295.7, 295.8, 
295.9000000000001, 296.0, 296.1, 296.2, 296.3, 296.4000000000001, 296.5, 
296.6, 296.7, 296.8, 296.9000000000001, 297.0, 297.1, 297.2, 297.3, 
297.4000000000001, 297.5, 297.6, 297.7, 297.8, 297.9000000000001, 298.0, 
298.1, 298.2, 298.3, 298.4000000000001, 298.5, 298.6, 298.7, 298.8, 
298.9000000000001, 299.0, 299.1, 299.2, 299.3, 299.4000000000001, 299.5, 
299.6, 299.7, 299.8, 299.9000000000001, 300.0], 
[0.99, 0.9885370738387396, 0.9870739418115785, 0.9856105994000791, 
0.9841470420875855, 0.9826832653593366, 0.9812192647025804, 
0.9797550356066896, 0.978290573563279, 0.9768258740663226, 0.9753609326122738, 
0.9738957447001853, 0.9724303058318314, 0.9709646115118313, 0.969498657247773, 
0.9680324385503389, 0.9665659509334337, 0.9650991899143117, 0.963632151013707, 
0.9621648297559645, 0.9606972216691719, 0.9592293222852935, 0.957761127140305, 
0.9562926317743306, 0.9548238317317795, 0.9533547225614864, 
0.9518852998168506, 0.9504155590559792, 0.9489454958418295, 
0.9474751057423544, 0.9460043843306478, 0.944533327185093, 0.9430619298895111, 
0.941590188033312, 0.9401180972116457, 0.9386456530255568, 0.9371728510821382, 
0.9356996869946882, 0.9342261563828682, 0.9327522548728624, 
0.9312779780975381, 0.9298033216966087, 0.9283282813167976, 
0.9268528526120032, 0.925377031243467, 0.9239008128799413, 0.9224241931978598, 
0.9209471678815094, 0.9194697326232036, 0.9179918831234575, 
0.9165136150911641, 0.9150349242437732, 0.9135558063074705, 
0.9120762570173594, 0.9105962721176443, 0.9091158473618149, 
0.9076349785128335, 0.906153661343322, 0.9046718916357527, 0.9031896651826391, 
0.9017069777867296, 0.9002238252612022, 0.8987402034298607, 0.897256108127334, 
0.8957715351992754, 0.8942864805025648, 0.892800939905512, 0.8913149092880625, 
0.8898283845420042, 0.8883413615711766, 0.8868538362916815, 
0.8853658046320951, 0.8838772625336832, 0.8823882059506161, 
0.8808986308501877, 0.8794085332130349, 0.8779179090333589, 
0.8764267543191491, 0.8749350650924084, 0.8734428373893802, 
0.8719500672607782, 0.8704567507720162, 0.8689628840034425, 
0.8674684630505731, 0.8659734840243299, 0.8644779430512785, 
0.8629818362738686, 0.8614851598506773, 0.8599879099566531, 
0.8584900827833621, 0.8569916745392371, 0.8554926814498269, 
0.8539930997580498, 0.8524929257244471, 0.8509921556274397, 
0.8494907857635865, 0.8479888124478446, 0.8464862320138319, 0.844983040814091, 
0.8434792352203564, 0.8419748116238223, 0.8404697664354132, 
0.8389640960860568, 0.8374577970269587, 0.8359508657298785, 
0.8344432986874093, 0.8329350924132581, 0.8314262434425291, 
0.8299167483320087, 0.8284066036604524, 0.8268958060288746, 
0.8253843520608397, 0.8238722384027558, 0.8223594617241703, 
0.8208460187180677, 0.8193319061011698, 0.8178171206142375, 
0.8163016590223755, 0.8147855181153383, 0.813268694707839, 0.8117511856398605, 
0.8102329877769678, 0.8087140980106237, 0.8071945132585058, 
0.8056742304648263, 0.8041532466006539, 0.8026315586642372, 
0.8011091636813315, 0.7995860587055267, 0.7980622408185785, 
0.7965377071307405, 0.7950124547810999, 0.7934864809379147, 0.791959782798953, 
0.7904323575918346, 0.7889042025743758, 0.7873753150349349, 0.785845692292761, 
0.784315331698345, 0.7827842306337721, 0.7812523865130778, 0.7797197967826047, 
0.7781864589213627, 0.7766523704413914, 0.7751175288881234, 
0.7735819318407522, 0.7720455769126001, 0.7705084617514899, 0.768970584040118, 
0.7674319414964302, 0.7658925318739998, 0.7643523529624073, 
0.7628114025876239, 0.7612696786123953, 0.7597271789366289, 
0.7581839014977838, 0.7566398442712619, 0.7550950052708013, 
0.7535493825488735, 0.7520029741970808, 0.7504557783465576, 
0.7489077931683729, 0.7473590168739356, 0.745809447715402, 0.7442590839860858, 
0.7427079240208689, 0.7411559661966172, 0.7396032089325956, 
0.7380496506908874, 0.7364952899768149, 0.7349401253393629, 
0.7333841553716034, 0.7318273787111237, 0.7302697940404559, 0.728711400087509, 
0.727152195626003, 0.7255921794759052, 0.7240313505038689, 0.722469707623674, 
0.7209072497966699, 0.7193439760322206, 0.7177798853881517, 
0.7162149769712004, 0.714649249937466, 0.7130827034928644, 0.7115153368935832, 
0.7099471494465397, 0.708378140509841, 0.7068083094932459, 0.7052376558586287, 
0.7036661791204459, 0.7020938788462038, 0.7005207546569289, 0.69894680622764, 
0.6973720332878232, 0.6957964356219065, 0.6942200130697398, 
0.6926427655270737, 0.6910646929460425, 0.6894857953356474, 
0.6879060727622431, 0.6863255253500256, 0.684744153281521, 0.6831619567980787, 
0.681578936200363, 0.67999509184885, 0.6784104241643232, 0.6768249336283732, 
0.675238620783898, 0.6736514862356055, 0.672063530650517, 0.670474754758474, 
0.6688851593526443, 0.6672947452900319, 0.6657035134919875, 
0.6641114649447208, 0.6625186006998145, 0.6609249218747392, 0.659330429653371, 
0.6577351252865096, 0.6561390100923983, 0.6545420854572454, 
0.6529443528357468, 0.6513458137516106, 0.6497464697980822, 
0.6481463226384713, 0.6465453740066801, 0.6449436257077328, 
0.6433410796183059, 0.6417377376872605, 0.6401336019361752, 
0.6385286744598799, 0.6369229574269917, 0.6353164530804505, 
0.6337091637380569, 0.6321010917930101, 0.6304922397144477, 
0.6288826100479853, 0.627272205416258, 0.6256610285194623, 0.624049082135898, 
0.6224363691225131, 0.6208228924154466, 0.6192086550305741, 
0.6175936600640529, 0.6159779106928682, 0.6143614101753796, 
0.6127441618518681, 0.6111261691450838, 0.6095074355607935, 
0.6078879646883291, 0.606267760201136, 0.6046468258573224, 0.6030251655002076, 
0.6014027830588713, 0.5997796825487032, 0.5981558680719518, 0.596531343818274, 
0.5949061140652842, 0.5932801831791031, 0.5916535556149072, 
0.5900262359174765, 0.588398228721744, 0.5867695387533426, 0.5851401708291536, 
0.5835101298578533, 0.5818794208404597, 0.5802480488708786, 
0.5786160191364486, 0.576983336918486, 0.5753500075928288, 0.5737160366303792, 
0.5720814295976457, 0.5704461921572844, 0.5688103300686388, 
0.5671738491882785, 0.5655367554705373, 0.563899054968049, 0.562260753832283, 
0.5606218583140773, 0.558982374764171, 0.5573423096337349, 0.5557016694749, 
0.5540604609412849, 0.5524186907885214, 0.5507763658747773, 
0.5491334931612788, 0.5474900797128293, 0.5458461326983268, 
0.5442016593912794, 0.5425566671703178, 0.5409111635197059, 
0.5392651560298487, 0.5376186523977977, 0.5359716604277539, 
0.5343241880315675, 0.5326762432292354, 0.5310278341493953, 
0.5293789690298172, 0.5277296562178914, 0.5260799041711136, 
0.5244297214575666, 0.5227791167563984, 0.5211280988582974, 0.519476676665963, 
0.5178248591945739, 0.5161726555722513, 0.514520075040519, 0.512867126954759, 
0.5112138207846635, 0.5095601661146823, 0.507906172644466, 0.5062518501893052, 
0.5045972086805641, 0.5029422581661108, 0.5012870088107417, 0.499631470896602, 
0.4979756548236003, 0.4963195711098187, 0.4946632303919181, 
0.4930066434255368, 0.4913498210856851, 0.4896927743671335, 
0.4880355143847957, 0.4863780523741054, 0.4847203996913878, 
0.4830625678142238, 0.4814045683418099, 0.4797464129953101, 
0.4780881136182025, 0.4764296821766188, 0.4747711307596771, 
0.4731124715798087, 0.4714537169730769, 0.4697948793994894, 
0.4681359714433035, 0.4664770058133235, 0.4648179953431917, 
0.4631589529916703, 0.461499891842917, 0.459840825106752, 0.4581817661189174, 
0.4565227283413278, 0.4548637253623134, 0.4532047708968547, 
0.4515458787868077, 0.4498870630011215, 0.4482283376360468, 
0.4465697169153348, 0.4449112151904278, 0.4432528469406403, 
0.4415946267733304, 0.4399365694240617, 0.4382786897567562, 
0.4366210027638363, 0.4349635235663578, 0.4333062674141317, 0.431649249685837, 
0.4299924858891217, 0.4283359916606943, 0.4266797827664041, 
0.4250238751013104, 0.4233682846897408, 0.4217130276853388, 
0.4200581203710993, 0.4184035791593929, 0.4167494205919785, 
0.4150956613400041, 0.4134423182039959, 0.4117894081138345, 
0.4101369481287196, 0.4084849554371217, 0.4068334473567215, 
0.4051824413343365, 0.4035319549458345, 0.401882005896034, 0.4002326120185916, 
0.3985837912758759, 0.3969355617588275, 0.3952879416868054, 
0.3936409494074204, 0.3919946033963527, 0.3903489222571569, 
0.3887039247210516, 0.3870596296466951, 0.385416056019946, 0.3837732229536091, 
0.3821311496871662, 0.3804898555864918, 0.3788493601435532, 
0.3772096829760956, 0.3755708438273112, 0.3739328625654923, 
0.3722957591836685, 0.3706595537992284, 0.3690242666535239, 
0.3673899181114586, 0.36575652866106, 0.3641241189130339, 0.3624927096003027, 
0.3608623215775264, 0.3592329758206057, 0.3576046934261688, 
0.3559774956110398, 0.3543514037116896, 0.3527264391836689, 0.351102623601023, 
0.3494799786556892, 0.3478585261568745, 0.3462382880304159, 
0.3446192863181219, 0.3430015431770944, 0.3413850808790329, 
0.3397699218095187, 0.33815608846728, 0.336543603463438, 0.334932489520733, 
0.3333227694727313, 0.331714466263012, 0.3301076029443335, 0.3285022026777811, 
0.326898288731893, 0.325295884481767, 0.3236950134081456, 0.322095699096482, 
0.3204979652359839, 0.3189018356186375, 0.3173073341382096, 
0.3157144847892294, 0.3141233116659483, 0.3125338389612793, 
0.3109460909657137, 0.3093600920662174, 0.3077758667451045, 0.30619343957889, 
0.3046128352371198, 0.303034078481179, 0.3014571941630782, 0.2998822072242175, 
0.2983091426941279, 0.2967380256891905, 0.2951688814113335, 0.293601735146706, 
0.2920366122643294, 0.2904735382147262, 0.2889125385285258, 
0.2873536388150471, 0.2857968647608587, 0.2842422421283155, 
0.2826897967540726, 0.2811395545475756, 0.2795915414895281, 
0.2780457836303352, 0.2765023070885247, 0.2749611380491436, 
0.2734223027621327, 0.2718858275406761, 0.2703517387595281, 0.268820062853317, 
0.2672908263148237, 0.2657640556932388, 0.264239777592394, 0.2627180186689716, 
0.2611988056306892, 0.2596821652344613, 0.2581681242845373, 
0.2566567096306153, 0.2551479481659331, 0.2536418668253348, 
0.2521384925833141, 0.2506378524520344, 0.2491399734793246, 
0.2476448827466524, 0.2461526073670727, 0.244663174483154, 0.243176611264881, 
0.241692944907533, 0.2402122026295405, 0.2387344116703175, 0.2372595992880711, 
0.2357877927575882, 0.2343190193679991, 0.232853306420518, 0.2313906812261613, 
0.2299311711034426, 0.2284748033760461, 0.2270216053704761, 0.225571604413686, 
0.2241248278306834, 0.2226813029421146, 0.2212410570618263, 
0.2198041174944057, 0.2183705115326994, 0.2169402664553107, 0.215513409524075, 
0.2140899679815155, 0.2126699690482767, 0.2112534399205377, 
0.2098404077674053, 0.2084308997282863, 0.2070249429102398, 
0.2056225643853101, 0.2042237911878394, 0.2028286503117614, 
0.2014371687078755, 0.2000493732811026, 0.1986652908877216, 0.197284948332588, 
0.1959083723663341, 0.1945355896825517, 0.1931666269149567, 
0.1918015106345374, 0.1904402673466844, 0.1890829234883058, 
0.1877295054249243, 0.1863800394477591, 0.1850345517707928, 
0.1836930685278215, 0.1823556157694915, 0.1810222194603205, 
0.1796929054757046, 0.1783676995989123, 0.1770466275180638, 
0.1757297148230986, 0.1744169870027293, 0.1731084694413839, 
0.1718041874161363, 0.1705041660936246, 0.1692084305269596, 
0.1679170056526221, 0.1666299162873501, 0.1653471871250171, 
0.1640688427335002, 0.162794907551541, 0.1615254058855968, 0.1602603619066853, 
0.1589997996472219, 0.1577437429978498, 0.1564922157042651, 
0.1552452413640348, 0.1540028434234117, 0.1527650451741425, 
0.1515318697502744, 0.1503033401249562, 0.1490794791072379, 
0.1478603093388678, 0.1466458532910874, 0.1454361332614263, 
0.1442311713704953, 0.143030989558781, 0.1418356095834404, 0.140645053015097, 
0.139459341234639, 0.1382784954300206, 0.1371025365930656, 0.1359314855162764, 
0.1347653627896462, 0.1336041887974776, 0.1324479837152067, 
0.1312967675062339, 0.1301505599187624, 0.1290093804826443, 
0.1278732485062356, 0.1267421830732613, 0.1256162030396898, 
0.1244953270306185, 0.1233795734371716, 0.1222689604134097, 
0.1211635058732527, 0.1200632274874167, 0.1189681426803654, 0.117878268627277, 
0.1167936222510271, 0.1157142202191888, 0.1146400789410506, 
0.1135712145646519, 0.1125076429738391, 0.1114493797853407, 
0.1103964403458637, 0.1093488397292117, 0.1083065927334251, 
0.1072697138779452, 0.1062382174008014, 0.1052121172558242, 
0.1041914271098832, 0.1031761603401521, 0.1021663300314007, 
0.1011619489733151, 0.1001630296578468, 0.09916958427659176, 
0.09818162471819993, 0.09719916256581614, 0.09622220909455343, 
0.0952507752689993, 0.09428487174075598, 0.09332450884601533, 
0.09236969660316946, 0.09142044471045759, 0.09047676254365021, 
0.08953865915377135, 0.08860614326485955, 0.08767922327176872, 
0.08675790723800936, 0.08584220289363122, 0.08493211763314809, 
0.08402765851350552, 0.08312883225209232, 0.0822356452247967, 
0.08134810346410776, 0.08046621265726312, 0.07958997814444358, 
0.07871940491701558, 0.07785449761582213, 0.07699526052952308, 
0.07614169759298557, 0.07529381238572529, 0.07445160813039933, 
0.07361508769135152, 0.07278425357321072, 0.07195910791954323, 
0.07113965251155949, 0.07032588876687636, 0.06951781773833524, 
0.06871544011287702, 0.0679187562104744, 0.06712776598312233, 
0.06634246901388723, 0.06556286451601565, 0.06478895133210301, 
0.06402072793332309, 0.06325819241871883, 0.06250134251455518, 
0.06175017557373444, 0.06100468857527483, 0.06026487812385278, 
0.05953074044940954, 0.05880227140682259, 0.05807946647564253, 
0.05736232075989578, 0.05665082898795378, 0.055944985512469, 
0.05524478431037844, 0.05455021898297481, 0.05386128275604611, 
0.05317796848008383, 0.05250026863056025, 0.05182817530827522, 
0.05116168023977284, 0.05050077477782825, 0.04984544990200501, 
0.04919569621928331, 0.0485515039647593, 0.04791286300241583, 
0.04727976282596485, 0.04665219255976172, 0.04603014095979154, 
0.04541359641472787, 0.0448025469470638, 0.04419698021431571, 
0.0435968835102997, 0.04300224376648082, 0.04241304755339527, 
0.04182928108214548, 0.04125093020596824, 0.04067798042187574, 
0.0401104168723697, 0.03954822434722832, 0.03899138728536617, 
0.03843988977676684, 0.03789371556448828, 0.03735284804674062, 
0.03681727027903641, 0.03628696497641296, 0.03576191451572676, 
0.03524210093801946, 0.03472750595095543, 0.03421811093133039, 
0.03371389692765096, 0.03321484466278457, 0.03272093453667966, 
0.03223214662915542, 0.03174846070276095, 0.0312698562057032, 
0.03079631227484328, 0.03032780773876063, 0.02986432112088449, 
0.02940583064269214, 0.0289523142269733, 0.02850374950116012, 
0.02806011380072203, 0.02762138417262484, 0.02718753737885346, 
0.02675854989999735, 0.02633439793889809, 0.02591505742435828, 
0.02550050401491087, 0.02509071310264821, 0.02468565981710987, 
0.02428531902922846, 0.02388966535533235, 0.02349867316120462, 
0.02311231656619703, 0.02273056944739814, 0.02235340544385464, 
0.02198079796084467, 0.02161272017420225, 0.02124914503469161, 
0.02089004527243038, 0.02053539340136047, 0.02018516172376551, 
0.01983932233483367, 0.01949784712726456, 0.01916070779591922, 
0.0188278758425116, 0.01849932258034064, 0.01817501913906135, 
0.01785493646949377, 0.01753904534846838, 0.01722731638370662, 
0.01691972001873524, 0.01661622653783289, 0.01631680607100776, 
0.01602142859900472, 0.0157300639583405, 0.01544268184636552, 
0.01515925182635083, 0.01487974333259872, 0.01460412567557542, 
0.01433236804706444, 0.01406443952533893, 0.01380030908035161, 
0.01353994557894062, 0.0132833177900497, 0.01303039438996125, 
0.01278114396754049, 0.01253553502948923, 0.01229353600560761, 
0.01205511525406215, 0.01182024106665854, 0.01158888167411744, 
0.01136100525135172, 0.0111365799227435, 0.0109155737674192, 
0.01069795482452114, 0.01048369109847388, 0.01027275056424364, 
0.01006510117258924, 0.009860710855302772, 0.009659547530438405, 
0.009461579107527665, 0.009266773492779462, 0.009075098594263266, 
0.008886522327073753, 0.00870101261847526, 0.008518537413024415, 
0.008339064677669293, 0.008162562406823469, 0.007988998627413336, 
0.007818341403897079, 0.007650558843253694, 0.007485619099940455, 
0.007323490380817239, 0.007164140950036152, 0.007007539133894875, 
0.006853653325652211, 0.006702451990304268, 0.0065539036693198, 
0.006407976985333182, 0.00626464064679355, 0.006123863452568645, 
0.005985614296501903, 0.005849862171921395, 0.005716576176099183, 
0.005585725514659745, 0.005457279505936076, 0.005331207585272157, 
0.005207479309270473, 0.005086064359983283, 0.004966932549046401, 
0.004850053821754229, 0.004735398261074864, 0.004622936091604068, 
0.00451263768345697, 0.004404473556096374, 0.004298414382096571, 
0.004194430990841603, 0.004092494372156943, 0.003992575679873585, 
0.003894646235323591, 0.003798677530766141, 0.003704641232743201, 
0.003612509185363929, 0.003522253413516995, 0.003433846126010003, 
0.003347259718635267, 0.003262466777161201, 0.003179440080248636, 
0.003098152602291415, 0.00301857751618063, 0.002940688195991943, 
0.00286445821959543, 0.002789861371187448, 0.002716871643744068, 
0.002645463241395625, 0.002575610581722014, 0.00250728829796837, 
0.002440471241180826, 0.002375134482262069, 0.002311253313946472, 
0.002248803252694592, 0.002187760040506894, 0.00212809964665658, 
0.002069798269341444, 0.00201283233725472, 0.00195717851107493, 
0.001902813684874766, 0.001849714987449096, 0.001797859783562208, 
0.001747225675114455, 0.001697790502228507, 0.001649532344255427, 
0.001602429520700868, 0.001556460592071696, 0.001511604360643379, 
0.001467839871148557, 0.001425146411387184, 0.001383503512758737, 
0.001342890950716968, 0.001303288745147739, 0.001264677160670517, 
0.001227036706864118, 0.001190348138417357, 0.001154592455205259, 
0.001119750902291544, 0.001085804969858126, 0.001052736393062394, 
0.001020527151823071, 9.891594705354933E-4, 9.586158177171618E-4, 
9.288789055844628E-4, 8.999316895614772E-4, 8.717573677218234E-4, 
8.443393801645111E-4, 8.176614083248067E-4, 7.917073742211348E-4, 
7.664614396390701E-4, 7.419080052534928E-4, 7.180317096900057E-4, 
6.948174285267341E-4, 6.722502732376494E-4, 6.503155900785783E-4, 
6.289989589170792E-4, 6.082861920073853E-4, 5.881633327116326E-4, 
5.686166541686058E-4, 5.496326579112538E-4, 5.311980724342381E-4, 
5.132998517127933E-4, 4.959251736741916E-4, 4.790614386231135E-4, 
4.626962676222403E-4, 4.468175008293925E-4, 4.314131957925463E-4, 
4.164716257040705E-4, 4.019812776155324E-4, 3.879308506144248E-4, 
3.74309253964177E-4, 3.611056052088091E-4, 3.483092282435995E-4, 
3.359096513531323E-4, 3.238966052180949E-4, 3.122600208921955E-4, 
3.0099002775057E-4, 2.900769514110458E-4, 2.795113116296263E-4, 
2.692838201715593E-4, 2.593853786593433E-4, 2.49807076399026E-4, 
2.405401881861376E-4, 2.315761720925983E-4, 2.229066672359284E-4, 
2.145234915320836E-4, 2.064186394332254E-4, 1.985842796517271E-4, 
1.910127528717062E-4, 1.836965694493579E-4, 1.766284071033557E-4, 
1.698011085965695E-4, 1.632076794103357E-4, 1.56841285412502E-4, 
1.506952505204514E-4, 1.447630543602933E-4, 1.390383299233949E-4, 
1.335148612214048E-4, 1.281865809409055E-4, 1.230475680988108E-4, 
1.180920456996049E-4, 1.133143783955005E-4, 1.087090701505723E-4, 
1.042707619099E-4, 9.999422927473737E-5, 9.587438018469591E-5, 
9.190625260791558E-5, 8.808501224016785E-5, 8.44059502138153E-5, 
8.086448081752832E-5, 7.745613922763529E-5, 7.4176579251959E-5, 
7.102157108696769E-5, 6.798699908904459E-5, 6.506885956065518E-5, 
6.226325855216636E-5, 5.956640968004699E-5, 5.697463196215381E-5, 
5.448434767078153E-5, 5.209208020413081E-5, 4.979445197682203E-5, 
4.75881823300577E-5, 4.547008546201069E-5, 4.343706837899025E-5, 
4.148612886791213E-5, 3.961435349057428E-5, 3.781891560021379E-5, 
3.609707338079632E-5, 3.444616790946367E-5, 3.286362124254077E-5, 
3.134693452547862E-5, 2.98936861270851E-5, 2.850152979837172E-5, 
2.716819285631995E-5, 2.589147439284758E-5, 2.466924350923152E-5, 
2.349943757622088E-5, 2.238006052005082E-5, 2.130918113454548E-5, 
2.02849314194761E-5, 1.930550494531821E-5, 1.836915524453107E-5, 
1.747419422946066E-5, 1.661899063694743E-5, 1.580196849969957E-5, 
1.502160564447259E-5, 1.427643221707696E-5, 1.35650292342161E-5, 
1.2886027162139E-5, 1.223810452207347E-5, 1.161998652238829E-5, 
1.103044371741592E-5, 1.046829069285027E-5, 9.932384777618314E-6, 
9.42162478210851E-6, 8.934949762623994E-6, 8.471337811913772E-6, 
8.029804875621145E-6, 7.609403594474949E-6, 7.209222172036134E-6, 
6.828383267799623E-6, 6.46604291543935E-6, 6.121389465972857E-6, 
5.793642555610754E-6, 5.482052098045909E-6, 5.18589730092717E-6, 
4.904485706252965E-6, 4.637152254411151E-6, 4.383258371582941E-6, 
4.142191080220842E-6, 3.913362132302954E-6, 3.696207165059037E-6, 
3.490184878857194E-6, 3.294776236934005E-6, 3.10948368664532E-6, 
2.933830401909857E-6, 2.767359546513055E-6, 2.609633557934434E-6, 
2.460233451357931E-6, 2.318758143521354E-6, 2.18482379605815E-6, 
2.058063177982206E-6, 1.938125046964255E-6, 1.8246735490468E-6, 
1.717387636443076E-6, 1.615960503064681E-6, 1.520099037421868E-6, 
1.429523292540255E-6, 1.343965972537852E-6, 1.263171935506674E-6, 
1.18689771234402E-6, 1.114911041179516E-6, 1.046990417045412E-6, 
9.829246564392506E-7, 9.2251247642994E-7, 8.655620879604749E-7, 
8.118908030029594E-7, 7.613246552242799E-7, 7.136980338236819E-7, 
6.688533302066307E-7, 6.266405971626734E-7, 5.869172202185521E-7, 
5.495476008415363E-7, 5.144028511718327E-7, 4.813604999669925E-7, 
4.503042094454429E-7, 4.21123502720622E-7, 3.93713501521688E-7, 
3.679746739013734E-7, 3.438125916362836E-7, 3.211376970297581E-7, 
2.998650788323301E-7, 2.799142569998219E-7, 2.612089760141874E-7, 
2.436770064973521E-7, 2.272499548535014E-7, 2.118630806805125E-7, 
1.97455121696508E-7, 1.839681259328347E-7, 1.713472909501053E-7, 
1.595408098393078E-7, 1.484997237753517E-7, 1.381777808957956E-7, 
1.285313012828669E-7, 1.195190478322449E-7, 1.111021027974181E-7, 
1.032437498037481E-7, 9.590936113166053E-8, 8.906629007364756E-8, 
8.268376817497871E-8, 7.67328071732E-8, 7.118610545662596E-8, 
6.601795886710744E-8, 6.120417567737823E-8, 5.672199557824378E-8, 
5.255001251577272E-8, 4.866810122348157E-8, 4.50573472992637E-8, 
4.169998068150084E-8, 3.857931238340802E-8, 3.567967434919707E-8, 
3.298636230009882E-8, 3.048558144265705E-8, 2.816439491599682E-8, 
2.601067485897421E-8, 2.4013055982233E-8, 2.216089153422425E-8, 
2.044421155418758E-8, 1.885368330894572E-8, 1.738057381412788E-8, 
1.601671434411056E-8, 1.475446683854731E-8, 1.358669211685172E-8, 
1.250671981539911E-8, 1.150831996552464E-8, 1.058567613361633E-8, 
9.733360047733841E-9, 8.946307638226227E-9, 8.219796422776417E-9, 
7.549424169166734E-9, 6.93108877183958E-9, 6.360969281021471E-9, 
5.835508025787682E-9, 5.351393774970307E-9, 4.905545882255423E-9, 
4.495099364176795E-9, 4.117390861995338E-9, 3.769945440656765E-9, 
3.450464180145993E-9, 3.156812516607352E-9, 2.887009292576015E-9, 
2.639216477569842E-9, 2.411729522123691E-9, 2.202968310111643E-9, 
2.011468675898346E-9, 1.835874454490291E-9, 1.674930034423053E-9, 
1.527473384622992E-9, 1.392429527923325E-9, 1.268804435296529E-9, 
1.155679316189342E-9, 1.052205281615002E-9, 9.575983578713248E-10, 
8.711348299145662E-10, 7.921468945292907E-10, 7.200186044953941E-10, 
6.541820859665651E-10, 5.941140122414534E-10, 5.393323180312072E-10, 
4.893931392064075E-10, 4.43887963844297E-10, 4.024409811950834E-10, 
3.647066159454624E-10, 3.303672358798174E-10, 2.991310217262167E-10, 
2.707299886267504E-10, 2.449181492912701E-10, 2.214698094815564E-10, 
2.001779870306227E-10, 1.808529461305407E-10, 1.633208391230548E-10, 
1.474224485015525E-10, 1.330120222818076E-10, 1.199561963234666E-10, 
1.081329975855665E-10, 9.743092267853412E-11, 8.774808643312776E-11, 
7.89914355446416E-11, 7.107602266934397E-11, 6.392433665049554E-11, 
5.746568483427137E-11, 5.163562370235278E-11, 4.637543429868212E-11, 
4.163163916368052E-11, 3.735555771087515E-11, 3.350289718910122E-11, 
3.003337656893645E-11, 2.691038087546453E-11, 2.410064366149457E-11, 
2.157395547660186E-11, 1.930289633839308E-11, 1.726259035379863E-11, 
1.543048077049683E-11, 1.378612386229176E-11, 1.23110001678898E-11, 
1.098834171051599E-11, 9.80297392662537E-12, 8.74117112601876E-12, 
7.790524393370499E-12, 6.939820922898074E-12, 6.178933854014312E-12, 
5.498721746645074E-12, 4.890936900795716E-12, 4.348141786216581E-12, 
3.863632904943906E-12, 3.431371462354173E-12, 3.045920271428393E-12, 
2.702386360424808E-12, 2.396368796336962E-12, 2.123911275588482E-12, 
1.881459069593339E-12, 1.665819946285498E-12, 1.474128719678221E-12, 
1.303815108123233E-12, 1.152574608365485E-12, 1.018342116882534E-12, 
8.992680525013522E-13, 7.936967550334627E-13, 7.001469537872029E-13, 
6.172941174209555E-13, 5.439545128033203E-13, 4.790708154481148E-13, 
4.216991277897902E-13, 3.709972741479574E-13, 3.262142527818435E-13, 
2.866807360346166E-13, 2.518005192862601E-13, 2.210428283396775E-13, 
1.939354030208901E-13, 1.700582822390582E-13, 1.490382225799553E-13, 
1.305436887479351E-13, 1.142803598731532E-13, 9.998710090626107E-14, 
8.743235307218966E-14, 7.641090168521194E-14, 6.674098357367473E-14, 
5.826169995645401E-14, 5.083070388374552E-14, 4.432213432941089E-14, 
3.862477172581898E-14, 3.364039218805349E-14, 2.928229990378483E-14, 
2.547401918761832E-14, 2.214812953235676E-14, 1.924522865092306E-14, 
1.671301000689952E-14, 1.450544269272815E-14, 1.258204274539842E-14, 
1.090722610167776E-14, 9.449734399376493E-15, 8.182125737639219E-15, 
7.080323326828809E-15, 6.123215695457125E-15, 5.292302785343049E-15, 
4.571382863611632E-15, 3.946275717553513E-15, 3.404578081451102E-15, 
2.935447678448346E-15, 2.52941265012756E-15, 2.178203495964911E-15, 
1.874604958178133E-15, 1.612325568209226E-15, 1.385882822425729E-15, 
1.190502179501004E-15, 1.0220282729966E-15, 8.768469123178586E-16, 
7.518166056186937E-16, 6.442084813562751E-16, 5.516536128151218E-16, 
4.720968636344899E-16, 4.037564736280112E-16, 3.450886942830893E-16, 
2.947568634432689E-16, 2.516043798662494E-16, 2.146311015638724E-16, 
1.829727479226249E-16, 1.558829353414003E-16, 1.327175201962109E-16, 
1.129209619670532E-16, 9.60144538938249E-17, 8.158559906192773E-17, 
6.927943679765915E-17, 5.879064807546652E-17, 4.985678965813349E-17, 
4.225242522352303E-17, 3.578403806002924E-17, 3.02856242891584E-17, 
2.561487822195458E-17, 2.164989257595654E-17, 1.828630604860028E-17, 
1.543483931930406E-17, 1.301916807606279E-17, 1.09740882576366E-17, 
9.243934479652564E-18, 7.781217669892744E-18, 6.545452361256311E-18, 
5.502147956921655E-18, 4.621941658778895E-18, 3.879853697041637E-18, 
3.254648068849486E-18, 2.728284233181747E-18, 2.285447159533707E-18, 
1.913144824677703E-18, 1.600363727221627E-18, 1.337774271528232E-18, 
1.117478985415747E-18, 9.327975014706877E-19, 7.780830686665871E-19, 
6.48566085861264E-19, 5.402207761455201E-19, 4.49651663630237E-19, 
3.739969831842555E-19, 3.108465585672288E-19, 2.581720338030091E-19, 
2.142676438918827E-19, 1.776999704975739E-19, 1.472653516698255E-19, 
1.219538068503233E-19, 1.009185035969799E-19, 8.344993433092785E-20, 
6.895409315777919E-20, 5.693404721150408E-20, 4.69743864175767E-20, 
3.872811215160042E-20, 3.190559077979237E-20, 2.626525406392927E-20, 
2.16057762391283E-20, 1.775949838763859E-20, 1.458690553547838E-20, 
1.19719915527207E-20, 9.81837218410946E-21, 8.046028012376337E-21, 
6.588577410364612E-21, 5.390995040630962E-21, 4.407704616524503E-21, 
3.600985793116709E-21, 2.939644506388224E-21, 2.39790407861934E-21, 
1.954481174049364E-21, 1.591816407027139E-21, 1.295434233390033E-21, 
1.053410829717377E-21, 8.559320994837557E-22, 6.949268379727796E-22, 
5.637625224626126E-22, 4.569932415172258E-22, 3.701509973888261E-22, 
2.995730596197681E-22, 2.422592592178302E-22, 1.957541279379337E-22, 
1.580496372721844E-22, 1.275050029725371E-22, 1.027806154789901E-22, 
8.278365321738395E-23, 6.662335014967296E-23, 5.357423450711162E-23, 
4.304594351139246E-23, 3.455845850986952E-23, 2.772180423485377E-23, 
2.22194214906079E-23, 1.779456005144222E-23, 1.42391525941856E-23, 
1.138472500238535E-23, 9.09497664274036E-24, 7.259728964051844E-24, 
5.789994291743075E-24, 4.613960894560783E-24, 3.673726874921829E-24, 
2.922645505274563E-24, 2.323169402236241E-24, 1.84510131472635E-24, 
1.464176063208636E-24, 1.160911936345123E-24, 9.196811527616232E-25, 
7.279582632259561E-25, 5.757129615394153E-25, 4.549199878440303E-25, 
3.591638912121838E-25, 2.833205718180114E-25, 2.233009136762525E-25, 
1.758445844395305E-25, 1.383543322942104E-25, 1.087629446920935E-25, 
8.542652598800089E-26, 6.703896380001484E-26, 5.256343854765864E-26, 
4.117762932568016E-26, 3.222991655344192E-26, 2.520440592562952E-26, 
1.969302213529523E-26, 1.537326346242759E-26, 1.199048496341872E-26, 
9.343801157546436E-27, 7.274878957588396E-27, 5.659036403079181E-27, 
4.398179244178358E-27, 3.415201043051899E-27, 2.649547627694925E-27, 
2.053707029907773E-27, 1.590434361249247E-27, 1.230559769799446E-27, 
9.512585675554597E-28, 7.346873490499297E-28, 5.669096661967805E-28, 
4.370505728126578E-28, 3.366319014897043E-28, 2.590501258620615E-28, 
1.991666069728814E-28, 1.529863358376113E-28, 1.174062959135237E-28, 
9.001854361391187E-29, 6.895625386223255E-29, 5.277347004597011E-29, 
4.035126856295728E-29, 3.082460507513122E-29, 2.352533833066666E-29, 
1.793789621644466E-29, 1.366481180658862E-29, 1.039995766640066E-29, 
7.907778742954734E-30, 6.007194924493814E-30, 4.559135241401583E-30, 
3.456893689460711E-30, 2.618675198853778E-30, 1.981839943178945E-30, 
1.498463336743657E-30, 1.131914288749978E-30, 8.542207515057118E-31, 
6.440433911152329E-31, 4.851185239936526E-31, 3.650628127812929E-31, 
2.744565699001206E-31, 2.061414181722627E-31, 1.546827120575334E-31, 
1.159584730578014E-31, 8.684537484715374E-32, 6.497910189167433E-32, 
4.857164708922676E-32, 3.627215749725823E-32, 2.706105327566113E-32, 
2.01695438573281E-32, 1.501851025713366E-32, 1.117213983363889E-32, 
8.302787675949329E-33, 6.164372868578939E-33, 4.572256738548768E-33, 
3.388039007080618E-33, 2.508081405071151E-33, 1.854853614482663E-33, 
1.370414026610205E-33, 1.011503644432493E-33, 7.458576956049152E-34, 
5.494355205301795E-34, 4.043422254470443E-34, 2.972709315474426E-34, 
2.183364043530671E-34, 1.602026186695719E-34, 1.174308496078001E-34, 
8.599304410377124E-35, 6.290893997933257E-35, 4.59757409212703E-35, 
3.356694650262756E-35, 2.448279946196072E-35, 1.783922022736817E-35, 
1.298540888110107E-35, 9.442778095187317E-36, 6.859741618027692E-36, 
4.978276122129699E-36, 3.609216131469545E-36, 2.614020101087511E-36, 
1.891326573476623E-36, 1.367052342032654E-36, 9.87107000922275E-37, 
7.120381260598914E-37, 5.130995747088901E-37, 3.69367701722552E-37, 
2.65628400533307E-37, 1.90830549423585E-37, 1.369552162871859E-37, 
9.818972069786847E-38, 7.03249982834931E-38, 5.03163569507364E-38, 
3.596366151650618E-38, 2.56787199342122E-38, 1.831627290736538E-38, 
1.305132548272226E-38, 9.290207912502425E-39, 6.606159696932961E-39, 
4.692724436805275E-39, 3.330066606920952E-39, 2.360653302475021E-39, 
1.671715858103019E-39, 1.182614576899442E-39, 8.357455229710687E-40, 
5.900033985125779E-40, 4.160870068722084E-40, 2.931315403376218E-40, 
2.062952716548021E-40, 1.450320227516957E-40, 1.018558609486136E-40, 
7.145871831707152E-41, 5.008078100192213E-41, 3.506172141695119E-41, 
2.452117358832824E-41, 1.713147486839835E-41, 1.195620504726738E-41, 
8.335596329538865E-42, 5.805295611467534E-42, 4.038833768951006E-42, 
2.806927715775015E-42, 1.948721292882765E-42, 1.351484690703443E-42, 
9.363001230242299E-43, 6.479794571518285E-43, 4.479703445230539E-43, 
3.093704506156931E-43, 2.134271211870789E-43, 1.470825915455563E-43, 
1.012543092254454E-43, 6.963154343155566E-44, 4.783419707199172E-44, 
3.28254445428369E-44, 2.250205136650625E-44, 1.540893725796405E-44, 
1.054052054526123E-44, 7.202610864905465E-45, 4.916500567984735E-45, 
3.352433865018424E-45, 2.283505531914716E-45, 1.553750874887544E-45, 
1.056082691330918E-45, 7.170533033102494E-46, 4.863419109804074E-46, 
3.295098954587254E-46, 2.230136820498935E-46, 1.50775444337707E-46, 
1.018276153631946E-46, 6.869674638962413E-47, 4.629586460702466E-47, 
3.116617237135504E-47, 2.095848007564036E-47, 1.407897250776156E-47, 
9.447498217543738E-48, 6.332820570535643E-48, 4.240449409139106E-48, 
2.836356166090678E-48, 1.895150319184373E-48, 1.26491233901178E-48, 
8.43355959699775E-49, 5.616878005060965E-49, 3.73690893825373E-49, 
2.483495409816205E-49, 1.648721911132444E-49, 1.093363428608507E-49, 
7.242936083033034E-50, 4.79289189926995E-50, 3.168205829399117E-50, 
2.092000697999624E-50, 1.379884882524787E-50, 9.091936695654697E-51, 
5.984148884157177E-51, 3.934420270887883E-51, 2.583993501547914E-51, 
1.695252283046895E-51, 1.110988236838501E-51, 7.273052801192844E-52, 
4.756156522760334E-52, 3.106902482142026E-52, 2.02736135528026E-52, 
1.321498708689003E-52, 8.604672483295332E-53, 5.596724886939479E-53, 
3.636349215291136E-53, 2.360093567638707E-53, 1.530117844933053E-53, 
9.909519011169688E-54, 6.410801458556984E-54, 4.142897250612258E-54, 
2.674410776526665E-54, 1.72458347052721E-54, 1.110893750982973E-54, 
7.148140457227655E-55, 4.59458126097456E-55, 2.950062141461986E-55, 
1.892120659299547E-55, 1.212269004671604E-55, 7.758571472275165E-56, 
4.960177358061764E-56, 3.167709990112271E-56, 2.020814684764995E-56, 
1.287776613934825E-56, 8.197617657095131E-57, 5.2127629828105E-57, 
3.311171043336177E-57, 2.101012791911394E-57, 1.331709063061393E-57, 
8.431866678561437E-58, 5.33300472684499E-58, 3.369412782625124E-58, 
2.126525717981993E-58, 1.340668458932181E-58, 8.443191621638828E-59, 
5.311614833152633E-59, 3.337961781553532E-59, 2.095420490341181E-59, 
1.314002666550578E-59, 8.231078394439261E-60, 5.150541185501357E-60, 
3.219473351534711E-60, 2.010262930241928E-60, 1.253883460548312E-60, 
7.812643187988929E-61, 4.862678371417848E-61, 3.023361494772886E-61, 
1.877767555432678E-61, 1.165013759622177E-61, 7.220345912140594E-62, 
4.470158686470997E-62, 2.764560700278873E-62, 1.707921262170355E-62, 
1.054018816178915E-62, 6.497824388142838E-63, 4.001538061362784E-63, 
2.461646038679081E-63, 1.512739791626552E-63, 9.286309067711016E-64, 
5.694592161881381E-64, 3.488373869810905E-64, 2.134640045712409E-64, 
1.304871776403834E-64, 7.968065840129055E-65, 4.860491865684474E-65, 
2.961761629025998E-65, 1.80286376140091E-65, 1.096273704125349E-65, 
6.659148910502203E-66, 4.040754493456765E-66, 2.449348503159534E-66, 
1.483144474866025E-66, 8.971425886901707E-67, 5.421070025559274E-67, 
3.27231031886601E-67, 1.973196180786537E-67, 1.18859192129024E-67, 
7.152245524380173E-68, 4.299318328480331E-68, 2.581693945598467E-68, 
1.548667918282365E-68, 9.280271212504204E-69, 5.555361077593654E-69, 
3.322106964182214E-69, 1.98456383853694E-69, 1.18431472296526E-69, 
7.060252465784584E-70, 4.204601518917564E-70, 2.501390114046043E-70, 
1.486587444805851E-70, 8.825766087679165E-71, 5.234410362322735E-71, 
3.10125164981537E-71, 1.835526366725754E-71, 1.085273302756232E-71, 
6.410220748876385E-72, 3.782358852220399E-72, 2.229507120671944E-72, 
1.312840303639983E-72, 7.722756850121067E-73, 4.538274590016235E-73, 
2.664205094738307E-73, 1.562440724295432E-73, 9.153748900561889E-74, 
5.357405661364099E-74, 3.132353079153865E-74, 1.829565996990585E-74, 
1.067547481470753E-74, 6.222839959653771E-75, 3.623705882273152E-75, 
2.108048984622568E-75, 1.225102649531999E-75, 7.112607820073153E-76, 
4.125251527966149E-76, 2.39021947314837E-76, 1.383539284607323E-76, 
8.000408739511263E-77, 4.621685864319459E-77, 2.66720774592273E-77, 
1.537736940395533E-77, 8.856796138489589E-78, 5.096139004038561E-78, 
2.92938545763398E-78, 1.682220971184474E-78, 9.65075878862391E-79, 
5.531111471710907E-79, 3.166915914535382E-79, 1.811483857433107E-79, 
1.035158531684511E-79, 5.909549525205018E-80, 3.370370584535571E-80, 
1.920336614354868E-80, 1.093085567268034E-80, 6.215967217640532E-81, 
3.531357608680582E-81, 2.004258742299155E-81, 1.13643776065717E-81, 
6.437511069082562E-82, 3.643103183598977E-82, 2.059713401615296E-82, 
1.163388189535882E-82, 6.56486404527378E-83, 3.700928996184551E-83, 
2.084396832067936E-83, 1.172830896807902E-83, 6.592899358641444E-84, 
3.702578395481791E-84, 2.077397315272143E-84, 1.164455986320834E-84, 
6.521019866961057E-85, 3.648359540336194E-85, 2.039248409079725E-85, 
1.138764087013164E-85, 6.353152204699951E-86, 3.541093274868138E-86, 
1.971872484280846E-86, 1.097019605075678E-86, 6.097401653843569E-87, 
3.385874267583016E-87, 1.878422208280685E-87, 1.041148617728704E-87, 
5.765409088424E-88, 3.189673169320945E-88, 1.763037975306588E-88, 
9.735927832281205E-89, 5.371480429317654E-89, 2.960822690743943E-89, 
1.630547049988164E-89, 8.971345567656052E-90, 4.931578366572081E-90, 
2.708439781208925E-90, 1.486134490596224E-90, 8.147108912615002E-91, 
4.462273725623007E-91, 2.441838682599984E-91, 1.335016431157903E-91, 
7.292323684328006E-92, 3.979749681670768E-92, 2.169985735691511E-92, 
1.18214327892042E-92, 6.434225640250881E-93, 3.498937666306321E-93, 
1.901037540910868E-93, 1.031954555015316E-93, 5.596888663008865E-94, 
3.032842144105997E-94, 1.641991171121739E-94, 8.881995175955709E-95, 
4.800315542842155E-95, 2.592086039255053E-95, 1.398460652964085E-95, 
7.538295227199148E-96, 4.05993355953624E-96, 2.184683099958385E-96, 
1.174579877208302E-96, 6.309603898021292E-97, 3.386475350520271E-97, 
1.816021042390088E-97, 9.730201250640273E-98, 5.208967096160798E-98, 
2.786192428119182E-98, 1.489022166349444E-98, 7.951016252676779E-99, 
4.242056077807336E-99, 2.261326749417704E-99, 1.204437452459978E-99, 
6.409734900209653E-100, 3.408251532046043E-100, 1.810755590698494E-100, 
9.612260435069025E-101, 5.098349406980228E-101, 2.70192264157033E-101, 
1.430725608734683E-101, 7.569737067253575E-102, 4.001723912950246E-102, 
2.113762629775377E-102, 1.115601158391323E-102, 5.883099986901221E-103, 
3.099908820565576E-103, 1.632066738861759E-103, 8.585668182383493E-104, 
4.512927601850245E-104, 2.370236075098907E-104, 1.243869168841523E-104, 
6.52241694128016E-105, 3.417386184870931E-105, 1.789089653158292E-105, 
9.358873709358314E-106, 4.891808015782938E-106, 2.554879691052153E-106, 
1.33329924910475E-106, 6.952513567597512E-107, 3.622546641974792E-107, 
1.8860142000027E-107, 9.811505779560055E-108, 5.100197639466408E-108, 
2.649109362186205E-108, 1.374912983142743E-108, 7.130399899063644E-109, 
3.695020194689077E-109, 1.913308082667076E-109, 9.899632296996459E-110, 
5.118234701152741E-110, 2.64416902644812E-110, 1.364982308655048E-110, 
7.041003059500139E-111, 3.629214644935557E-111, 1.869228085853032E-111, 
9.620206028012779E-112, 4.947431518244095E-112, 2.542432693340967E-112, 
1.305552389829806E-112, 6.699080897691688E-113, 3.434892358154311E-113, 
1.759903865766824E-113, 9.010389723732516E-114, 4.60975598381978E-114, 
2.356638354646776E-114, 1.203897476554677E-114, 6.145660118642546E-115, 
3.134952449681473E-115, 1.598003320394944E-115, 8.139722719069627E-116, 
4.143121530005753E-116, 2.107331102946342E-116, 1.071089689497806E-116, 
5.44011113404467E-117, 2.761083182931663E-117, 1.400367135344971E-117, 
7.097345438206032E-118, 3.594533253076357E-118, 1.819208641775748E-118, 
9.200615288094601E-119, 4.649930942251427E-119, 2.348401333437069E-119, 
1.185209791237558E-119, 5.977452767477845E-120, 3.012562034324474E-120, 
1.517244876839957E-120, 7.636179149693255E-121, 3.840592216471687E-121, 
1.930291319059499E-121, 9.695071143853088E-122, 4.866128090303799E-122, 
2.440739202942182E-122, 1.223391421726323E-122, 6.12796969113359E-123, 
3.067438180096853E-123, 1.534419010130218E-123, 7.670469920777385E-124, 
3.831869665978439E-124, 1.912983175814691E-124, 9.543861812992575E-125, 
4.758286751531515E-125, 2.370781121107019E-125, 1.180449998218607E-125, 
5.873810367682446E-126, 2.920850578498565E-126, 1.451499047636072E-126, 
7.208469542668784E-127, 3.577578561179752E-127, 1.77441822824893E-127, 
8.795173278964963E-128, 4.356676448763618E-128, 2.156699371488586E-128, 
1.06696017344664E-128, 5.275115771214296E-129, 2.606404802652233E-129, 
1.287000509733797E-129, 6.351019472305116E-130, 3.132109496086934E-130, 
1.543689985499301E-130, 7.603504140709159E-131, 3.742819870533342E-131, 
1.841265411230554E-131, 9.052469705349352E-132, 4.447867785844104E-132, 
2.184095622195413E-132, 1.071833440157883E-132, 5.256778955691817E-133, 
2.576616422815352E-133, 1.262171441029973E-133, 6.179115772688654E-134, 
3.02325374360619E-134, 1.478304942074735E-134, 7.224295434827232E-135, 
3.528335570833891E-135, 1.722217741985106E-135, 8.401385239752088E-136, 
4.095993672724309E-136, 1.995786420099269E-136, 9.718877943151033E-137, 
4.730056628193321E-137, 2.300729533218415E-137, 1.118445112018876E-137, 
5.433936145523337E-138, 2.638554053594263E-138, 1.28047154801196E-138, 
6.210509118074615E-139, 3.010500251017323E-139, 1.458495801667849E-139, 
7.061998279764664E-140, 3.417486405743362E-140, 1.652888668239524E-140, 
7.989854672443578E-141, 3.860054888703615E-141, 1.863838390708634E-141, 
8.994645399363283E-142, 4.338321251574951E-142, 2.091327669714378E-142, 
1.007595029496317E-142, 4.851928023634381E-143, 2.33511312172942E-143, 
1.123227117595229E-143, 5.400004908473798E-144, 2.594707964372635E-144, 
1.246095724146238E-144, 5.981137007432179E-145, 2.869368667136473E-145, 
1.375814995554016E-145, 6.593342566432537E-146, 3.158086235553912E-146, 
1.511875037404733E-146, 7.234061550027137E-147, 3.459582697958917E-147, 
1.65364113769774E-147, 7.900156094996615E-148, 3.772313238871847E-148, 
1.800355664930325E-148, 8.58792359278752E-149, 4.094474275320975E-149, 
1.951142753757019E-149, 9.2931228049834E-150, 4.424017606905307E-150, 
2.10501581194894E-150, 1.001101304069417E-150, 4.75867059288875E-151, 
2.260887798782207E-151, 1.073640603275343E-151, 5.095962126581548E-152, 
2.417584139881109E-152, 1.146372975559616E-152, 5.433253995623583E-153, 
2.573858060172197E-153, 1.218710304676458E-153, 5.767777043548188E-154, 
2.728408038206425E-154, 1.290041954101796E-154, 6.096671389960645E-155, 
2.879897014759308E-155, 1.359743911491282E-155, 6.417029830051839E-156, 
3.026972929104271E-156, 1.427188478277465E-156, 6.725943424385951E-157, 
3.168290110022417E-157, 1.491754279233019E-157, 7.020548211265065E-158, 
3.302531017275388E-158, 1.552836354740048E-158, 7.29807192951613E-159, 
3.428427814121689E-159, 1.609856094050312E-159, 7.555879630891348E-160, 
3.544783253029472E-160, 1.662270771137683E-160, 7.79151708858165E-161, 
3.650490374877903E-161, 1.709582455657378E-161, 8.002750970326181E-162, 
3.744550555830275E-162, 1.751346089560355E-162, 8.187604838607846E-163, 
3.826089484277677E-163, 1.787176544315937E-163, 8.344390162591398E-164, 
3.894370710830728E-164, 1.816754503488046E-164, 8.471731671911184E-165, 
3.948806484883371E-165, 1.839831049423313E-165, 8.568586545505315E-166, 
3.988965669075478E-166, 1.856230869748242E-166, 8.634257103278143E-167, 
4.014578605139505E-167, 1.865854037875585E-167, 8.668396848089138E-168, 
4.025538888172048E-168, 1.868676360417946E-168, 8.671009884108554E-169, 
4.021902088433295E-169, 1.864748321980811E-169, 8.642443908961373E-170, 
4.003881537641375E-170, 1.854192693041701E-170, 8.583377135864143E-171, 
3.971841367976679E-171, 1.837200898448528E-171, 8.494799643451974E-172, 
3.92628705459716E-172, 1.814028271602697E-172, 8.37798977139403E-173, 
3.8678537647741E-173, 1.784988341952693E-173, 8.234486276395613E-174, 
3.797292857644448E-174, 1.750446320555453E-174, 8.066057034013314E-175, 
3.715456907380752E-175, 1.710811959934061E-175, 7.874665116134898E-176, 
3.623283639120235E-176, 1.666531970258093E-176, 7.662433092260537E-177, 
3.521779171538642E-177, 1.6180821741868E-177, 7.431606396037318E-178, 
3.412000953174669E-178, 1.565959577914523E-178, 7.184516568808675E-179, 
3.295040762527168E-179, 1.510674526562621E-179, 6.923545141859931E-180, 
3.172008115859183E-180, 1.452743098711456E-180, 6.651088851683491E-181, 
3.044014393055111E-181, 1.392679878282338E-181, 6.36952680139966E-182, 
2.912157952425405E-182, 1.330991222934224E-182, 6.08119009007419E-183, 
2.77751046172943E-183, 1.268169127420678E-183, 5.78833433371577E-184, 
2.64110462657216E-184, 1.204685758730641E-184, 5.493115400745523E-185, 
2.503923450331629E-185, 1.140988718041408E-185, 5.197568584000823E-186, 
2.366891113374456E-186, 1.077497063208134E-186, 4.90359133383191E-187, 
2.230865514832518E-187, 1.014598105283096E-187, 4.612929585131055E-188, 
2.096632478765041E-188, 9.52644973887144E-189, 4.32716762730697E-189, 
1.964901589021203E-189, 8.919549295304243E-190, 4.047721391908828E-190, 
1.836303584229213E-190, 8.328083864806835E-191, 3.775834968959043E-191, 
1.71138921652627E-191, 7.754485976839876E-192, 3.512580110748262E-192, 
1.590629455154324E-192, 7.20081943636653E-193, 3.258858441120138E-193, 
1.47441689892751E-193, 6.668787599827652E-194, 3.015406058974941E-194, 
1.363068249702373E-194, 6.15974633886054E-195, 2.782800206359196E-195, 
1.256827692077345E-195, 5.674720967506504E-196, 2.561467663312308E-196, 
1.155871022218636E-196, 5.21442640443568E-197, 2.351694532622265E-197, 
1.060310370469715E-197, 4.779289855657977E-198, 2.153637086656299E-198, 
9.701993677016105E-199, 4.369475332667854E-199, 1.967333364237319E-199, 
8.855386136158244E-200, 3.984909363239408E-200, 1.792715226848712E-200, 
8.062813158230964E-201, 3.625307304377436E-201, 1.629620608990013E-201, 
7.323389809014374E-202, 3.290199726543586E-202, 1.477805726042431E-202, 
6.63587052224914E-203, 2.978958402669046E-203, 1.336957033384616E-203, 
5.998704036314253E-204, 2.690821502303124E-204, 1.206702761680375E-204, 
5.410086124965155E-205, 2.424917658454018E-205, 1.086623884320201E-205, 
4.868009500941844E-206, 2.180288640462534E-206, 9.762644031521204E-207, 
4.370310409116496E-207, 1.955910429120153E-207, 8.75140867238885E-208, 
3.914711555652099E-208, 1.750712549009882E-208, 7.827510659218829E-209, 
3.498861139248318E-209, 1.563595566814873E-209, 6.985818615845863E-210, 
3.120367858427023E-210, 1.393446712484694E-210, 6.221161489419023E-211, 
2.776831863987027E-211, 1.23915362230259E-211, 5.528389463009228E-212, 
2.465871707766928E-212, 1.099616238912771E-212, 4.902426400066215E-213, 
2.185147407664269E-213, 9.737569332898988E-214, 4.338314162504153E-214, 
1.932379804802801E-214, 8.605289376683453E-215, 3.831249246965564E-215, 
1.705366432449165E-215, 7.589231969284823E-216, 3.376612261415927E-216, 
1.501994148616069E-216, 6.679737592892796E-217, 2.969990818761925E-217, 
1.320248806277068E-217, 5.867618358765962E-218, 2.607196458042621E-218, 
1.158222247891583E-218, 5.144186633617938E-219, 2.284276219447578E-219, 
1.014116915686809E-219, 4.501273049515813E-220, 1.997519499557658E-220, 
8.862483670666188E-221, 3.931235231125158E-221, 1.743460800341704E-221, 
7.73045976792227E-222, 3.426958530710759E-222, 1.518878962036943E-222, 
6.730520953266965E-223, 2.981849998523419E-223, 1.320793438403185E-223, 
5.84919917000249E-224, 2.58982673878392E-224, 1.146458135091626E-224, 
5.074102933878127E-225, 2.245299713679917E-225, 9.933532899138103E-226, 
4.393877073438338E-226, 1.943153963397626E-226, 8.591758293108613E-227, 
3.798156022535648E-227, 1.678726112490872E-227, 7.418285897484497E-228, 
3.277512398676776E-228, 1.447779934616402E-228, 6.394087473091133E-229, 
2.823402391147189E-229, 1.246480651121205E-229, 5.501957544083746E-230, 
2.428109279593235E-230, 1.071368545981802E-230, 4.726390401054227E-231, 
2.084686210253212E-231, 9.193323915723204E-232, 4.053456905040295E-232, 
1.786899175789465E-232, 7.875830977024003E-233, 3.470682886662928E-233, 
1.529170977398324E-233, 6.736279210070848E-234, 2.966930595636445E-234, 
1.306526795622076E-234, 5.752455034888043E-235, 2.532284350117878E-235, 
1.114541859556792E-235, 4.904619479616707E-236, 2.157941263176873E-236, 
9.492915829777652E-237, 4.175280842849112E-237, 1.836107684593385E-237, 
8.073044299519962E-238, 3.548980333889299E-238, 1.559901789059827E-238, 
6.855176811435098E-239, 3.012091358638899E-239, 1.323262564987386E-239, 
5.812361943929852E-240, 2.552632778757244E-240, 1.120865309428248E-240, 
4.920941882652981E-241, 2.160096189148422E-241, 9.480436118136516E-242, 
4.160200240069574E-242, 1.825287028479237E-242, 8.00717709820212E-243, 
3.512039185900636E-243, 1.540179153957413E-243, 6.753290222118384E-244, 
2.960684880792082E-244, 1.297782369626787E-244, 5.687806034831428E-245, 
2.49241995301967E-245, 1.092022291728557E-245, 4.783832211536484E-246, 
2.095341576359304E-246, 9.176318602345583E-247, 4.018067263544081E-247, 
1.759143586116015E-247, 7.700537577912815E-248, 3.370363697873089E-248, 
1.474921000118173E-248, 6.453529716947221E-249, 2.82333706273409E-249, 
1.234995283481514E-249, 5.401387272108629E-250, 2.362017301757748E-250, 
1.032758702232404E-250, 4.514950280342986E-251, 1.973538894088221E-251, 
8.62536144428856E-252, 3.76919058812899E-252, 1.64686636141157E-252, 
7.194628420676234E-253, 3.142667327282454E-253, 1.372551864538848E-253, 
5.99376497476631E-254, 2.617047017541965E-254, 1.142521780935773E-254, 
4.987223994998284E-255, 2.176681864148585E-255, 9.498893417968043E-256, 
4.14470203738862E-256, 1.808240239471411E-256, 7.887906055662677E-257, 
3.440411442287789E-257, 1.500383773536646E-257, 6.542412481903224E-258, 
2.852445385859938E-258, 1.243485917827616E-258, 5.420118539868949E-259, 
2.362225427889353E-259, 1.029387280986899E-259, 4.485195910187334E-260, 
1.954022037032919E-260, 8.511834571345443E-261, 3.707343483109749E-261, 
1.614539460060011E-261, 7.030414722169646E-262, 3.060975969955326E-262, 
1.332557143918681E-262, 5.800413573900589E-263, 2.52452411961576E-263, 
1.0986207124285E-263, 4.780397184199918E-264, 2.079832538531071E-264, 
9.047762391542227E-265, 3.935525049750824E-265, 1.711642627306371E-265, 
7.443422425966299E-266, 3.236544928257648E-266, 1.407149542091397E-266, 
6.11714458812499E-267, 2.658932753659644E-267, 1.155623364844127E-267, 
5.021990207074517E-268, 2.182158190276289E-268, 9.480858266655579E-269, 
4.118701942103281E-269, 1.789058709744828E-269, 7.770349771562837E-270, 
3.374492916855554E-270, 1.465307181045095E-270, 6.362111359894902E-271, 
2.762018050916211E-271, 1.198959852274829E-271, 5.203983071697529E-272, 
2.258501786746662E-272, 9.800732879727112E-273, 4.252559887576468E-273, 
1.844999766909144E-273, 8.003803231224947E-274, 3.471769783948135E-274, 
1.505774991357784E-274, 6.53016420087603E-275, 2.831673649759701E-275, 
1.227771610532103E-275, 5.322889829815053E-276, 2.307454163494045E-276, 
1.000171819506623E-276, 4.334832102462346E-277, 1.878565287910468E-277, 
8.140233426225699E-278, 3.526989646759284E-278, 1.528018026526979E-278, 
6.619267662646634E-279, 2.867139241500894E-279, 1.241781560996401E-279, 
5.37773517257689E-280, 2.328689583929027E-280, 1.008281908647908E-280, 
4.365266212309668E-281, 1.889722686607286E-281, 8.179828564941354E-282, 
3.54037532647786E-282, 1.532193389266977E-282, 6.630361894121669E-283, 
2.868933273711653E-283, 1.24126188473877E-283, 5.369901790830185E-284, 
2.322894089736968E-284, 1.004737954987371E-284, 4.345469754843492E-285, 
1.879236189054109E-285, 8.126188715655443E-286, 3.51360979131963E-286, 
1.519082736935154E-286, 6.567057041333551E-287, 2.83871500954768E-287, 
1.226971934417983E-287, 5.302851629699866E-288, 2.291640652748993E-288, 
9.902524732991554E-289, 4.27866131448146E-289, 1.848556042523187E-289, 
7.985833444340385E-290, 3.449617705507669E-290, 1.489995508191391E-290, 
6.435205163932382E-291, 2.779095420898291E-291, 1.200074804023057E-291, 
5.18175826275439E-292, 2.237227374191398E-292, 9.658449606015331E-293, 
4.16935813149968E-293, 1.799681464291356E-293, 7.767601135321803E-294, 
3.352302405880681E-294, 1.446653855338641E-294, 6.242397275046883E-295, 
2.693417529731933E-295, 1.162041475006761E-295, 5.0130889377726E-296, 
2.162495382150328E-296, 9.327626129736806E-297, 4.023031170455628E-297, 
1.735010680078127E-297, 7.481997468149753E-298, 3.226263029985025E-298, 
1.391069909833066E-298, 5.997431151540626E-299, 2.585525788991635E-299, 
1.114550940919007E-299, 4.804172301006552E-300, 2.070641846303295E-300, 
8.923994900165178E-301, 3.845755859470065E-301, 1.657190105987392E-301, 
7.140544514097634E-302, 3.076513751234405E-302, 1.325424740694095E-302, 
5.709789785161641E-303, 2.459541474041119E-303, 1.059393528720038E-303, 
4.562782476657863E-304, 1.965041136993118E-304, 8.462196545651373E-305, 
3.643881935879727E-305, 1.568972601747049E-305, 6.755172473215072E-306, 
2.908222891884833E-306, 1.251956514517336E-306, 5.389162172768197E-307, 
2.319657453823713E-307, 9.983830500822649E-308, 4.296763215335113E-308, 
1.849084101098955E-308, 7.95688477070644E-309, 3.42373997909633E-309, 
1.473092164816029E-309, 6.33768490812099E-310, 2.7264848176558E-310, 
1.1728632465833E-310, 5.0450289260295E-311, 2.1699617056639E-311, 
9.33281677419E-312, 4.01370828591E-312, 1.726042160795E-312, 
7.4221488024E-313, 3.1913960973E-313, 1.3721597931E-313, 5.8993169257E-314, 
2.5361325986E-314, 1.0902234127E-314, 4.686326056E-315, 2.01429501E-315, 
8.6573975E-316, 3.72070707E-316, 1.5989598E-316, 6.87106E-317, 2.9524609E-317, 
1.2685829E-317, 5.450396E-318, 2.341596E-318, 1.005939E-318, 4.3212E-319, 
1.85617E-319, 7.9729E-320, 3.4246E-320, 1.471E-320, 6.32E-321, 2.71E-321, 
1.168E-321, 5.0E-322, 2.1E-322, 9.0E-323, 4.0E-323, 2.0E-323, 9.0E-324, 
4.0E-324, 0.0, 0.0, 0.0, 0.0, 0.0, 0.0, 0.0, 0.0, 0.0, 0.0, 0.0, 0.0, 0.0, 
0.0, 0.0, 0.0, 0.0, 0.0, 0.0, 0.0, 0.0, 0.0, 0.0, 0.0, 0.0, 0.0, 0.0, 0.0, 
0.0, 0.0, 0.0, 0.0, 0.0, 0.0, 0.0, 0.0, 0.0, 0.0, 0.0, 0.0, 0.0, 0.0, 0.0, 
0.0, 0.0, 0.0, 0.0, 0.0, 0.0, 0.0, 0.0, 0.0, 0.0, 0.0, 0.0, 0.0, 0.0, 0.0, 
0.0, 0.0, 0.0, 0.0, 0.0, 0.0, 0.0, 0.0, 0.0, 0.0, 0.0, 0.0, 0.0, 0.0, 0.0, 
0.0, 0.0, 0.0, 0.0, 0.0, 0.0, 0.0, 0.0, 0.0, 0.0, 0.0, 0.0, 0.0, 0.0, 0.0, 
0.0, 0.0, 0.0, 0.0, 0.0, 0.0, 0.0, 0.0, 0.0, 0.0, 0.0, 0.0, 0.0, 0.0, 0.0, 
0.0, 0.0, 0.0, 0.0, 0.0, 0.0, 0.0, 0.0, 0.0, 0.0, 0.0, 0.0, 0.0, 0.0, 0.0, 
0.0, 0.0, 0.0, 0.0, 0.0, 0.0, 0.0, 0.0, 0.0, 0.0, 0.0, 0.0, 0.0, 0.0, 0.0, 
0.0, 0.0, 0.0, 0.0, 0.0, 0.0, 0.0, 0.0, 0.0, 0.0, 0.0, 0.0, 0.0, 0.0, 0.0, 
0.0, 0.0, 0.0, 0.0, 0.0, 0.0, 0.0, 0.0, 0.0, 0.0, 0.0, 0.0, 0.0, 0.0, 0.0, 
0.0, 0.0, 0.0, 0.0, 0.0, 0.0, 0.0, 0.0, 0.0, 0.0, 0.0, 0.0, 0.0, 0.0, 0.0, 
0.0, 0.0, 0.0, 0.0, 0.0, 0.0, 0.0, 0.0, 0.0, 0.0, 0.0, 0.0, 0.0, 0.0, 0.0, 
0.0, 0.0, 0.0, 0.0, 0.0, 0.0, 0.0, 0.0, 0.0, 0.0, 0.0, 0.0, 0.0, 0.0, 0.0, 
0.0, 0.0, 0.0, 0.0, 0.0, 0.0, 0.0, 0.0, 0.0, 0.0, 0.0, 0.0, 0.0, 0.0, 0.0, 
0.0, 0.0, 0.0, 0.0, 0.0, 0.0, 0.0, 0.0, 0.0, 0.0, 0.0, 0.0, 0.0, 0.0, 0.0, 
0.0, 0.0, 0.0, 0.0, 0.0, 0.0, 0.0, 0.0, 0.0, 0.0, 0.0, 0.0, 0.0, 0.0, 0.0, 
0.0, 0.0, 0.0, 0.0, 0.0, 0.0, 0.0, 0.0, 0.0, 0.0, 0.0, 0.0, 0.0, 0.0, 0.0, 
0.0, 0.0, 0.0, 0.0, 0.0, 0.0, 0.0, 0.0, 0.0, 0.0, 0.0, 0.0, 0.0, 0.0, 0.0, 
0.0, 0.0, 0.0, 0.0, 0.0, 0.0, 0.0, 0.0, 0.0, 0.0, 0.0, 0.0, 0.0, 0.0, 0.0, 
0.0, 0.0, 0.0, 0.0, 0.0, 0.0, 0.0, 0.0, 0.0, 0.0, 0.0, 0.0, 0.0, 0.0, 0.0, 
0.0, 0.0, 0.0, 0.0, 0.0, 0.0, 0.0, 0.0, 0.0, 0.0, 0.0, 0.0, 0.0, 0.0, 0.0, 
0.0, 0.0, 0.0, 0.0, 0.0, 0.0, 0.0, 0.0, 0.0, 0.0, 0.0, 0.0, 0.0, 0.0, 0.0, 
0.0, 0.0, 0.0, 0.0, 0.0, 0.0, 0.0, 0.0, 0.0, 0.0, 0.0, 0.0, 0.0, 0.0, 0.0, 
0.0, 0.0, 0.0, 0.0, 0.0, 0.0, 0.0, 0.0, 0.0, 0.0, 0.0, 0.0, 0.0, 0.0, 0.0, 
0.0, 0.0, 0.0, 0.0, 0.0, 0.0, 0.0, 0.0, 0.0, 0.0, 0.0, 0.0, 0.0, 0.0, 0.0, 
0.0, 0.0, 0.0, 0.0, 0.0, 0.0, 0.0, 0.0, 0.0, 0.0, 0.0, 0.0, 0.0, 0.0, 0.0, 
0.0, 0.0, 0.0, 0.0, 0.0, 0.0, 0.0, 0.0, 0.0, 0.0, 0.0, 0.0, 0.0, 0.0, 0.0, 
0.0, 0.0, 0.0, 0.0, 0.0, 0.0, 0.0, 0.0, 0.0, 0.0, 0.0, 0.0, 0.0, 0.0, 0.0, 
0.0, 0.0, 0.0, 0.0, 0.0, 0.0, 0.0, 0.0, 0.0, 0.0, 0.0, 0.0, 0.0, 0.0, 0.0, 
0.0, 0.0, 0.0, 0.0, 0.0, 0.0, 0.0, 0.0, 0.0, 0.0, 0.0, 0.0, 0.0, 0.0, 0.0, 
0.0, 0.0, 0.0, 0.0, 0.0, 0.0, 0.0, 0.0, 0.0, 0.0, 0.0, 0.0, 0.0, 0.0, 0.0, 
0.0, 0.0, 0.0, 0.0, 0.0, 0.0, 0.0, 0.0, 0.0, 0.0, 0.0, 0.0, 0.0, 0.0, 0.0, 
0.0, 0.0, 0.0, 0.0, 0.0, 0.0, 0.0, 0.0, 0.0, 0.0, 0.0, 0.0, 0.0, 0.0, 0.0, 
0.0, 0.0, 0.0, 0.0, 0.0, 0.0, 0.0, 0.0, 0.0, 0.0, 0.0, 0.0, 0.0, 0.0, 0.0, 
0.0, 0.0, 0.0, 0.0, 0.0, 0.0, 0.0, 0.0, 0.0, 0.0, 0.0, 0.0, 0.0, 0.0, 0.0, 
0.0, 0.0, 0.0, 0.0, 0.0, 0.0, 0.0, 0.0, 0.0, 0.0, 0.0, 0.0, 0.0, 0.0, 0.0, 
0.0, 0.0, 0.0, 0.0, 0.0, 0.0, 0.0, 0.0, 0.0, 0.0, 0.0, 0.0, 0.0, 0.0, 0.0, 
0.0, 0.0, 0.0, 0.0, 0.0, 0.0, 0.0, 0.0, 0.0, 0.0, 0.0, 0.0, 0.0, 0.0, 0.0, 
0.0, 0.0, 0.0, 0.0, 0.0, 0.0, 0.0, 0.0, 0.0, 0.0, 0.0, 0.0, 0.0, 0.0, 0.0, 
0.0, 0.0, 0.0, 0.0, 0.0, 0.0, 0.0, 0.0, 0.0, 0.0, 0.0, 0.0, 0.0, 0.0, 0.0, 
0.0, 0.0, 0.0, 0.0, 0.0, 0.0, 0.0, 0.0, 0.0, 0.0, 0.0, 0.0, 0.0, 0.0, 0.0, 
0.0, 0.0, 0.0, 0.0, 0.0, 0.0, 0.0, 0.0, 0.0, 0.0, 0.0], 
[1.47760074230199, 1.479993396012607, 1.482398029590874, 1.48481470295198, 
1.487243476310093, 1.489684410179847, 1.492137565377833, 1.494603003024099, 
1.497080784543656, 1.499570971667996, 1.50207362643661, 1.504588811198519, 
1.507116588613813, 1.509657021655194, 1.512210173609525, 1.514776108079397, 
1.517354888984691, 1.519946580564152, 1.522551247376981, 1.525168954304412, 
1.527799766551322, 1.530443749647835, 1.533100969450929, 1.53577149214607, 
1.538455384248831, 1.541152712606539, 1.543863544399915, 1.546587947144732, 
1.549325988693478, 1.552077737237019, 1.554843261306291, 1.557622629773976, 
1.560415911856202, 1.563223177114245, 1.566044495456242, 1.568879937138913, 
1.571729572769286, 1.574593473306438, 1.577471710063241, 1.580364354708109, 
1.583271479266772, 1.586193156124042, 1.589129458025593, 1.592080458079752, 
1.595046229759293, 1.598026846903251, 1.601022383718731, 1.604032914782733, 
1.607058515043991, 1.610099259824806, 1.613155224822908, 1.616226486113308, 
1.619313120150173, 1.622415203768701, 1.625532814187008, 1.628666029008032, 
1.631814926221434, 1.634979584205514, 1.638160081729136, 1.641356497953663, 
1.644568912434906, 1.647797405125069, 1.651042056374716, 1.654302946934749, 
1.657580157958379, 1.660873771003126, 1.664183868032823, 1.667510531419619, 
1.670853843946009, 1.674213888806858, 1.677590749611446, 1.680984510385523, 
1.684395255573361, 1.687823070039834, 1.691268039072492, 1.694730248383659, 
1.698209784112532, 1.701706732827292, 1.705221181527229, 1.708753217644869, 
1.712302929048127, 1.71587040404245, 1.719455731372988, 1.723059000226768, 
1.726680300234873, 1.730319721474647, 1.733977354471895, 1.737653290203103, 
1.741347620097668, 1.745060436040129, 1.748791830372426, 1.752541895896161, 
1.75631072587486, 1.760098414036268, 1.763905054574633, 1.767730742153018, 
1.771575571905615, 1.775439639440073, 1.779323040839837, 1.783225872666499, 
1.787148231962158, 1.791090216251796, 1.795051923545664, 1.799033452341674, 
1.803034901627806, 1.80705637088454, 1.811097960087273, 1.81515976970877, 
1.819241900721619, 1.823344454600696, 1.827467533325647, 1.831611239383377, 
1.835775675770555, 1.839960945996131, 1.844167154083856, 1.848394404574833, 
1.852642802530064, 1.856912453533013, 1.861203463692188, 1.865515939643723, 
1.86984998855399, 1.874205718122209, 1.878583236583074, 1.882982652709396, 
1.887404075814754, 1.891847615756164, 1.896313382936755, 1.900801488308464, 
1.905312043374738, 1.90984516019325, 1.914400951378636, 1.918979530105238, 
1.923581010109856, 1.928205505694529, 1.932853131729306, 1.937524003655058, 
1.942218237486281, 1.94693594981392, 1.951677257808219, 1.956442279221554, 
1.961231132391317, 1.96604393624279, 1.970880810292035, 1.975741874648807, 
1.980627250019472, 1.985537057709949, 1.990471419628653, 1.995430458289465, 
2.000414296814708, 2.00542305893814, 2.010456869007965, 2.015515851989849, 
2.020600133469964, 2.025709839658037, 2.030845097390405, 2.036006034133116, 
2.041192777985011, 2.046405457680834, 2.051644202594367, 2.056909142741559, 
2.062200408783691, 2.067518132030543, 2.072862444443577, 2.07823347863915, 
2.083631367891712, 2.089056246137054, 2.094508247975554, 2.099987508675434, 
2.105494164176044, 2.111028351091151, 2.11659020671226, 2.122179869011933, 
2.12779747664713, 2.133443168962577, 2.13911708599413, 2.144819368472171, 
2.150550157825017, 2.156309596182343, 2.162097826378618, 2.167914991956559, 
2.17376123717062, 2.179636706990462, 2.185541547104471, 2.19147590392328, 
2.197439924583301, 2.203433756950295, 2.209457549622936, 2.215511451936404, 
2.221595613966002, 2.22771018653076, 2.233855321197104, 2.2400311702825, 
2.246237886859136, 2.252475624757621, 2.258744538570684, 2.265044783656926, 
2.271376516144551, 2.277739892935142, 2.284135071707441, 2.290562210921151, 
2.297021469820761, 2.303513008439378, 2.310036987602594, 2.316593568932353, 
2.323182914850838, 2.329805188584408, 2.336460554167504, 2.34314917644661, 
2.349871221084223, 2.356626854562833, 2.363416244188936, 2.370239558097059, 
2.377096965253799, 2.383988635461898, 2.390914739364307, 2.397875448448309, 
2.404870935049632, 2.411901372356587, 2.418966934414237, 2.426067796128568, 
2.4332041332707, 2.440376122481102, 2.447583941273835, 2.454827768040808, 
2.462107782056068, 2.469424163480089, 2.476777093364104, 2.484166753654445, 
2.4915933271969, 2.499056997741101, 2.506557949944928, 2.514096369378932, 
2.52167244253078, 2.529286356809721, 2.536938300551082, 2.544628463020762, 
2.552357034419775, 2.560124205888798, 2.56793016951274, 2.575775118325341, 
2.583659246313783, 2.591582748423337, 2.599545820562017, 2.607548659605255, 
2.615591463400619, 2.623674430772528, 2.631797761527008, 2.639961656456451, 
2.648166317344422, 2.656411946970464, 2.664698749114939, 2.673026928563888, 
2.681396691113922, 2.689808243577114, 2.69826179378594, 2.706757550598227, 
2.715295723902132, 2.723876524621138, 2.73250016471907, 2.741166857205161, 
2.749876816139098, 2.758630256636131, 2.767427394872185, 2.776268448089, 
2.785153634599298, 2.794083173791969, 2.803057286137293, 2.812076193192166, 
2.821140117605369, 2.830249283122855, 2.83940391459306, 2.848604237972234, 
2.85785048032981, 2.867142869853784, 2.876481635856132, 2.885867008778236, 
2.895299220196355, 2.904778502827113, 2.914305090532999, 2.923879218327919, 
2.933501122382751, 2.943171040030939, 2.952889209774108, 2.962655871287696, 
2.972471265426645, 2.982335634231066, 2.992249220931979, 3.002212269957053, 
3.012225026936383, 3.022287738708284, 3.032400653325118, 3.042564020059161, 
3.052778089408468, 3.063043113102784, 3.073359344109486, 3.083727036639543, 
3.094146446153503, 3.104617829367512, 3.115141444259362, 3.125717550074565, 
3.136346407332445, 3.147028277832279, 3.157763424659454, 3.168552112191639, 
3.179394606105016, 3.190291173380514, 3.201242082310082, 3.212247602502992, 
3.223308004892157, 3.234423561740511, 3.245594546647372, 3.256821234554873, 
3.268103901754407, 3.279442825893096, 3.290838285980304, 3.302290562394157, 
3.313799936888131, 3.325366692597629, 3.336991114046604, 3.348673487154225, 
3.360414099241555, 3.372213239038271, 3.384071196689404, 3.395988263762123, 
3.407964733252531, 3.420000899592522, 3.432097058656629, 3.444253507768953, 
3.45647054571006, 3.468748472723967, 3.481087590525144, 3.493488202305517, 
3.505950612741549, 3.518475128001312, 3.531062055751627, 3.543711705165205, 
3.556424386927845, 3.569200413245646, 3.582040097852265, 3.594943756016191, 
3.607911704548077, 3.620944261808087, 3.634041747713276, 3.647204483745001, 
3.660432792956386, 3.673726999979799, 3.687087431034366, 3.700514413933528, 
3.714008278092626, 3.727569354536508, 3.741197975907204, 3.754894476471592, 
3.768659192129143, 3.782492460419648, 3.796394620531029, 3.810366013307172, 
3.824406981255765, 3.838517868556213, 3.852699021067554, 3.86695078633644, 
3.88127351360513, 3.895667553819528, 3.91013325963726, 3.924670985435783, 
3.939281087320517, 3.953963923133044, 3.968719852459326, 3.983549236637941, 
3.998452438768382, 4.013429823719391, 4.028481758137316, 4.043608610454511, 
4.058810750897779, 4.074088551496844, 4.089442386092856, 4.104872630346957, 
4.120379661748855, 4.135963859625462, 4.151625605149538, 4.167365281348403, 
4.183183273112691, 4.199079967205103, 4.215055752269239, 4.231111018838438, 
4.247246159344691, 4.263461568127561, 4.279757641443156, 4.296134777473143, 
4.312593376333795, 4.329133840085072, 4.345756572739768, 4.362461980272673, 
4.379250470629774, 4.396122453737501, 4.41307834151203, 4.430118547868605, 
4.447243488730903, 4.464453582040449, 4.481749247766065, 4.499130907913356, 
4.516598986534254, 4.534153909736578, 4.551796105693666, 4.569526004654009, 
4.587344038950954, 4.605250643012473, 4.623246253370898, 4.641331308672776, 
4.659506249688718, 4.677771519323319, 4.696127562625097, 4.714574826796491, 
4.733113761203896, 4.75174481738774, 4.770468449072597, 4.789285112177362, 
4.808195264825463, 4.827199367355093, 4.846297882329511, 4.865491274547386, 
4.884780011053179, 4.904164561147557, 4.923645396397872, 4.94322299064868, 
4.962897820032273, 4.982670362979317, 5.00254110022947, 5.022510514842105, 
5.042579092207009, 5.062747320055184, 5.083015688469692, 5.103384689896498, 
5.123854819155405, 5.144426573451007, 5.165100452383711, 5.185876957960787, 
5.206756594607466, 5.227739869178095, 5.248827290967327, 5.270019371721356, 
5.291316625649211, 5.312719569434102, 5.334228722244781, 5.355844605746967, 
5.377567744114844, 5.399398664042568, 5.421337894755841, 5.443385968023527, 
5.465543418169322, 5.48781078208345, 5.510188599234455, 5.53267741168098, 
5.555277764083654, 5.577990203716968, 5.600815280481235, 5.62375354691463, 
5.646805558205194, 5.669971872202966, 5.693253049432109, 5.716649653103139, 
5.740162249125149, 5.763791406118124, 5.787537695425278, 5.811401691125461, 
5.835383970045589, 5.859485111773167, 5.883705698668828, 5.908046315878924, 
5.932507551348168, 5.95708999583236, 5.981794242911117, 6.006620889000675, 
6.031570533366748, 6.056643778137433, 6.081841228316142, 6.10716349179464, 
6.132611179366076, 6.158184904738119, 6.183885284546081, 6.20971293836615, 
6.235668488728671, 6.261752561131436, 6.28796578405306, 6.314308788966396, 
6.340782210352028, 6.367386685711781, 6.3941228555823, 6.420991363548686, 
6.447992856258186, 6.475127983433906, 6.502397397888628, 6.529801755538659, 
6.5573417154177, 6.585017939690807, 6.612831093668405, 6.640781845820349, 
6.668870867790016, 6.697098834408492, 6.725466423708785, 6.753974316940083, 
6.782623198582115, 6.811413756359507, 6.840346681256248, 6.86942266753014, 
6.89864241272737, 6.928006617697138, 6.957515986606264, 6.987171226953935, 
7.016973049586445, 7.046922168712049, 7.077019301915819, 7.107265170174579, 
7.137660497871902, 7.168206012813155, 7.198902446240574, 7.229750532848451, 
7.26075101079835, 7.291904621734341, 7.323212110798337, 7.354674226645492, 
7.386291721459623, 7.4180653509687, 7.4499958744604, 7.482084054797719, 
7.514330658434612, 7.54673645543174, 7.579302219472225, 7.61202872787751, 
7.644916761623204, 7.677967105355048, 7.711180547404958, 7.744557879807023, 
7.778099898313667, 7.811807402411788, 7.845681195339027, 7.879722084100036, 
7.913930879482831, 7.948308396075194, 7.982855452281144, 8.017572870337432, 
8.052461476330145, 8.087522100211349, 8.122755575815753, 8.158162740877458, 
8.193744437046789, 8.229501509907168, 8.265434808992009, 8.301545187801719, 
8.337833503820722, 8.374300618534584, 8.410947397447155, 8.447774710097779, 
8.484783430078572, 8.521974435051768, 8.559348606767067, 8.596906831079127, 
8.634649997965065, 8.672579001541998, 8.710694740084663, 8.74899811604313, 
8.787490036060519, 8.826171410990803, 8.865043155916663, 8.904106190167406, 
8.943361437336915, 8.982809825301719, 9.022452286239048, 9.062289756645028, 
9.10232317735281, 9.142553493550887, 9.182981654801436, 9.22360861505865, 
9.264435332687207, 9.305462770480739, 9.346691895680428, 9.388123679993594, 
9.42975909961237, 9.47159913523244, 9.51364477207182, 9.55589699988969, 
9.59835681300533, 9.641025210317077, 9.683903195321325, 9.726991776131595, 
9.77029196549771, 9.813804780824965, 9.857531244193375, 9.90147238237699, 
9.945629226863274, 9.990002813872485, 10.03459418437721, 10.07940438412188, 
10.12443446364238, 10.16968547828565, 10.21515848822943, 10.2608545585021, 
10.30677475900236, 10.35292016451922, 10.39929185475187, 10.44589091432975, 
10.49271843283251, 10.53977550481019, 10.58706322980334, 10.63458271236326, 
10.68233506207225, 10.73032139356395, 10.77854282654378, 10.8270004858093, 
10.87569550127071, 10.92462900797147, 10.97380214610886, 11.02321606105464, 
11.0728719033758, 11.12277082885527, 11.1729139985128, 11.22330257862582, 
11.27393774075035, 11.32482066174208, 11.37595252377727, 11.42733451437391, 
11.47896782641294, 11.53085365815932, 11.58299321328339, 11.63538770088207, 
11.68803833550034, 11.74094633715255, 11.79411293134394, 11.84753934909211, 
11.90122682694864, 11.95517660702063, 12.00938993699242, 12.06386807014733, 
12.11861226538937, 12.17362378726504, 12.2289039059853, 12.28445389744739, 
12.34027504325682, 12.39636863074941, 12.45273595301335, 12.50937830891125, 
12.56629700310237, 12.62349334606482, 12.68096865411777, 12.73872424944379, 
12.79676146011117, 12.85508162009634, 12.91368606930631, 12.9725761536011, 
13.03175322481633, 13.09121864078582, 13.15097376536409, 13.21101996844915, 
13.27135862600513, 13.33199112008508, 13.39291883885372, 13.45414317661026, 
13.51566553381139, 13.57748731709405, 13.63960993929846, 13.70203481949114, 
13.76476338298792, 13.82779706137704, 13.89113729254219, 13.95478552068582, 
14.0187431963522, 14.08301177645069, 14.14759272427904, 14.21248750954669, 
14.27769760839808, 14.34322450343605, 14.40906968374528, 14.4752346449157, 
14.54172088906597, 14.60852992486701, 14.67566326756563, 14.74312243900791, 
14.81090896766303, 14.87902438864679, 14.9474702437453, 15.01624808143873, 
15.08535945692497, 15.15480593214349, 15.22458907579903, 15.29471046338549, 
15.36517167720972, 15.43597430641545, 15.50711994700715, 15.5786102018739, 
15.65044668081346, 15.72263100055614, 15.79516478478877, 15.8680496641788, 
15.94128727639829, 16.01487926614793, 16.08882728518117, 16.16313299232826, 
16.2377980535204, 16.31282414181381, 16.38821293741393, 16.46396612769961, 
16.54008540724711, 16.6165724778545, 16.69342904856569, 16.7706568356948, 
16.8482575628502, 16.92623296095889, 17.00458476829069, 17.08331473048245, 
17.16242460056237, 17.24191613897426, 17.32179111360174, 17.40205129979261, 
17.48269848038305, 17.56373444572195, 17.64516099369522, 17.72697992974992, 
17.80919306691878, 17.89180222584428, 17.97480923480303, 18.05821592973005, 
18.14202415424296, 18.22623575966638, 18.31085260505603, 18.39587655722314, 
18.48130949075859, 18.56715328805717, 18.65340983934181, 18.74008104268779, 
18.82716880404695, 18.91467503727184, 19.00260166413989, 19.0909506143776, 
19.1797238256846, 19.26892324375784, 19.35855082231565, 19.44860852312177, 
19.53909831600945, 19.6300221789054, 19.72138209785389, 19.81318006704064, 
19.90541808881673, 19.9980981737226, 20.09122234051185, 20.1847926161751, 
20.27881103596386, 20.37327964341416, 20.46820049037049, 20.56357563700925, 
20.65940715186265, 20.75569711184216, 20.85244760226213, 20.94966071686336, 
21.04733855783648, 21.14548323584552, 21.24409687005115, 21.34318158813412, 
21.44273952631849, 21.54277282939485, 21.6432836507435, 21.74427415235762, 
21.84574650486619, 21.94770288755712, 22.05014548840006, 22.15307650406937, 
22.25649813996688, 22.36041261024453, 22.46482213782719, 22.56972895443512, 
22.67513530060657, 22.78104342572013, 22.88745558801717, 22.99437405462414, 
23.10180110157464, 23.20973901383172, 23.31819008530975, 23.42715661889648, 
23.53664092647487, 23.64664532894479, 23.75717215624486, 23.86822374737378, 
23.9798024504121, 24.09191062254337, 24.20455063007554, 24.31772484846214, 
24.43143566232327, 24.54568546546669, 24.66047666090859, 24.77581166089435, 
24.8916928869192, 25.00812276974868, 25.12510374943909, 25.24263827535777, 
25.36072880620318, 25.47937781002503, 25.59858776424403, 25.71836115567182, 
25.83870048053055, 25.95960824447225, 26.08108696259843, 26.20313915947907, 
26.32576736917186, 26.44897413524106, 26.57276201077625, 26.69713355841112, 
26.82209135034171, 26.94763796834497, 27.07377600379682, 27.20050805769011, 
27.32783674065257, 27.4557646729644, 27.58429448457588, 27.7134288151246, 
27.84317031395265, 27.97352164012366, 28.10448546243955, 28.23606445945715, 
28.36826131950473, 28.50107874069809, 28.63451943095674, 28.76858610801971, 
28.90328149946123, 29.03860834270624, 29.17456938504547, 29.31116738365078, 
29.44840510558973, 29.58628532784037, 29.72481083730564, 29.86398443082747, 
30.00380891520092, 30.14428710718769, 30.28542183352992, 30.42721593096328, 
30.56967224623004, 30.712793636092, 30.85658296734291, 31.00104311682093, 
31.14617697142064, 31.29198742810483, 31.43847739391618, 31.58564978598846, 
31.73350753155765, 31.88205356797273, 32.03129084270611, 32.18122231336399, 
32.33185094769617, 32.48317972360592, 32.63521162915927, 32.78794966259407, 
32.94139683232897, 33.09555615697179, 33.25043066532786, 33.40602339640788, 
33.56233739943551, 33.71937573385486, 33.87714146933718, 34.03563768578784, 
34.1948674733525, 34.35483393242316, 34.51554017364396, 34.67698931791636, 
34.8391844964044, 35.00212885053921, 35.16582553202336, 35.33027770283495, 
35.49548853523113, 35.66146121175144, 35.82819892522077, 35.99570487875174, 
36.16398228574706, 36.33303436990116, 36.50286436520176, 36.67347551593085, 
36.84487107666522, 37.01705431227691, 37.19002849793291, 37.36379691909468, 
37.53836287151722, 37.71372966124756, 37.88990060462324, 38.0668790282698, 
38.24466826909841, 38.42327167430268, 38.60269260135517, 38.78293441800356, 
38.9640005022661, 39.14589424242703, 39.32861903703111, 39.51217829487792, 
39.69657543501576, 39.88181388673488, 40.06789708956038, 40.25482849324472, 
40.44261155775938, 40.63124975328649, 40.82074656020962, 41.01110546910432, 
41.20232998072801, 41.39442360600926, 41.58738986603699, 41.78123229204852, 
41.9759544254177, 42.17155981764213, 42.3680520303299, 42.56543463518608, 
42.7637112139981, 42.96288535862128, 43.1629606709632, 43.36394076296782, 
43.56582925659905, 43.76862978382348, 43.97234598659301, 44.17698151682635, 
44.38254003639028, 44.58902521708033, 44.79644074060058, 45.00479029854321, 
45.21407759236719, 45.42430633337642, 45.63548024269731, 45.84760305125565, 
46.06067849975291, 46.27471033864194, 46.48970232810171, 46.70565823801208, 
46.92258184792706, 47.14047694704814, 47.35934733419652, 47.57919681778476, 
47.800029215788, 48.02184835571391, 48.24465807457281, 48.46846221884622, 
48.69326464445523, 48.91906921672811, 49.14587981036692, 49.37370030941391, 
49.60253460721661, 49.83238660639256, 50.06326021879328, 50.29515936546726, 
50.52808797662258, 50.76204999158844, 50.99704935877591, 51.23309003563834, 
51.47017598863037, 51.70831119316676, 51.9474996335801, 52.18774530307752, 
52.42905220369731, 52.67142434626389, 52.91486575034259, 53.15938044419333, 
53.40497246472344, 53.65164585743995, 53.89940467640052, 54.14825298416415, 
54.39819485174055, 54.64923435853876, 54.90137559231518, 55.15462264912029, 
55.40897963324496, 55.66445065716545, 55.92103984148776, 56.1787513148911, 
56.4375892140703, 56.69755768367747, 56.95866087626271, 57.22090295221371, 
57.48428807969477, 57.74882043458452, 58.01450420041301, 58.28134356829772, 
58.54934273687832, 58.81850591225128, 59.08883730790244, 59.36034114463955, 
59.63302165052326, 59.90688306079729, 60.18192961781777, 60.45816557098112, 
60.73559517665164, 61.01422269808736, 61.29405240536521, 61.57508857530533, 
61.85733549139395, 62.14079744370564, 62.42547872882413, 62.71138364976228, 
62.99851651588118, 63.28688164280767, 63.57648335235129, 63.86732597242007, 
64.15941383693476, 64.45275128574272, 64.74734266453001, 65.04319232473296, 
65.34030462344828, 65.6386839233419, 65.9383345925574, 66.23926100462239, 
66.54146753835443, 66.8449585777656, 67.1497385119657, 67.45581173506486, 
67.76318264607414, 68.07185564880597, 68.38183515177257, 68.69312556808355, 
69.00573131534248, 69.31965681554184, 69.6349064949573, 69.95148478404036, 
70.26939611730986, 70.58864493324254, 70.90923567416208, 71.23117278612706, 
71.5544607188178, 71.87910392542145, 72.20510686251667, 72.53247398995623, 
72.86120977074892, 73.19131867094002, 73.52280515949022, 73.85567370815402, 
74.18992879135573, 74.52557488606549, 74.86261647167288, 75.2010580298598, 
75.54090404447206, 75.88215900138934, 76.22482738839436, 76.56891369504015, 
76.91442241251629, 77.26135803351403, 77.60972505208959, 77.95952796352663, 
78.31077126419709, 78.66345945142057, 79.01759702332278, 79.37318847869219, 
79.73023831683568, 80.08875103743273, 80.44873114038775, 80.81018312568212, 
81.17311149322366, 81.53752074269559, 81.90341537340366, 82.27079988412196, 
82.63967877293767, 83.01005653709363, 83.3819376728306, 83.75532667522717, 
84.13022803803864, 84.50664625353467, 84.88458581233506, 85.26405120324475, 
85.64504691308662, 86.02757742653346, 86.41164722593837, 86.79726079116357, 
87.18442259940795, 87.57313712503326, 87.96340883938834, 88.35524221063273, 
88.74864170355809, 89.14361177940866, 89.54015689570017, 89.93828150603675, 
90.33799005992766, 90.73928700260099, 91.14217677481713, 91.54666381268031, 
91.95275254744844, 92.36044740534224, 92.76975280735168, 93.18067316904262, 
93.59321290036037, 94.00737640543264, 94.42316808237112, 94.84059232307097, 
95.25965351300957, 95.68035603104323, 96.10270424920262, 96.52670253248692, 
96.95235523865617, 97.37966671802248, 97.80864131323964, 98.23928335909095, 
98.67159718227627, 99.10558710119685, 99.54125742573929, 99.97861245705792, 
100.417656487355, 100.858393799661, 101.3008286676116, 101.7449653552244, 
102.1908081166744, 102.6383611960666, 103.0876288272089, 103.5386152333821, 
103.9913246271096, 104.4457612099246, 104.9019291721367, 105.359832692597, 
105.8194759384607, 106.28086306495, 106.7439982151143, 107.2088855195889, 
107.6755290963536, 108.1439330504881, 108.6141014739278, 109.0860384452165, 
109.5597480292587, 110.0352342770708, 110.5125012255297, 110.9915528971211, 
111.4723932996863, 111.9550264261665, 112.4394562543477, 112.9256867466021, 
113.4137218496301, 113.9035654941996, 114.3952215948842, 114.8886940498007, 
115.3839867403445, 115.8811035309245, 116.3800482686956, 116.8808247832909, 
117.3834368865523, 117.8878883722593, 118.3941830158574, 118.9023245741848, 
119.4123167851972, 119.9241633676928, 120.4378680210349, 120.9534344248734, 
121.4708662388657, 121.9901671023957, 122.511340634292, 123.0343904325447, 
123.5593200740214, 124.0861331141816, 124.6148330867898, 125.1454235036284, 
125.6779078542082, 126.2122896054789, 126.748572201538, 127.2867590633381, 
127.8268535883944, 128.3688591504898, 128.9127790993797, 129.458616760496, 
130.006375434649, 130.5560583977296, 131.1076689004092, 131.6612101678401, 
132.2166853993537, 132.7740977681579, 133.3334504210345, 133.8947464780347, 
134.457989032174, 135.0231811491265, 135.5903258669178, 136.1594261956176, 
136.7304851170312, 137.30350558439, 137.8784905220419, 138.4554428251396, 
139.0343653593302, 139.6152609604413, 140.1981324341696, 140.7829825557661, 
141.3698140697214, 141.9586296894518, 142.5494320969821, 143.1422239426306, 
143.7370078446911, 144.3337863891157, 144.9325621291972, 145.5333375852495, 
146.1361152442893, 146.7408975597161, 147.3476869509922, 147.9564858033221, 
148.5672964673316, 149.1801212587464, 149.7949624580705, 150.4118223102638, 
151.0307030244204, 151.651606773445, 152.2745356937304, 152.8994918848347, 
153.5264774091569, 154.1554942916141, 154.786544519317, 155.4196300412468, 
156.0547527679304, 156.6919145711163, 157.3311172834508, 157.9723626981531, 
158.6156525686919, 159.2609886084602, 159.9083724904517, 160.5578058469365, 
161.2092902691367, 161.8628273069034, 162.5184184683921, 163.1760652197394, 
163.8357689847401, 164.4975311445233, 165.1613530372304, 165.8272359576926, 
166.495181157108, 167.1651898427207, 167.837263177499, 168.511402279815, 
169.1876082231234, 169.8658820356421, 170.5462247000333, 171.2286371530831, 
171.9131202853853, 172.5996749410226, 173.2883019172496, 173.9790019641774, 
174.6717757844574, 175.3666240329673, 176.0635473164968, 176.7625461934342, 
177.4636211734554, 178.1667727172113, 178.8720012360185, 179.5793070915498, 
180.2886905955252, 181.0001520094059, 181.7136915440867, 182.4293093595926, 
183.1470055647736, 183.8667802170025, 184.5886333218739, 185.3125648329034, 
186.0385746512294, 186.7666626253151, 187.4968285506526, 188.2290721694688, 
188.9633931704308, 189.6997911883562, 190.4382658039212, 191.1788165433729, 
191.9214428782424, 192.6661442250588, 193.4129199450669, 194.161769343944, 
194.9126916715205, 195.665686121502, 196.420751831192, 197.1778878812179, 
197.9370932952589, 198.6983670397743, 199.461708023736, 200.2271150983613, 
200.9945870568487, 201.764122634116, 202.5357205065391, 203.3093792916954, 
204.0850975481074, 204.8628737749894, 205.6427064119969, 206.4245938389777, 
207.2085343757255, 207.9945262817364, 208.782567755968, 209.5726569366002, 
210.364791900799, 211.1589706644837, 211.9551911820954, 212.7534513463692, 
213.5537489881089, 214.3560818759642, 215.1604477162115, 215.9668441525358, 
216.7752687658184, 217.5857190739246, 218.3981925314967, 219.2126865297474, 
220.0291983962599, 220.8477253947881, 221.6682647250608, 222.4908135225897, 
223.3153688584796, 224.1419277392435, 224.970487106619, 225.8010438373896, 
226.633594743209, 227.4681365704276, 228.3046659999249, 229.1431796469437, 
229.9836740609277, 230.8261457253639, 231.6705910576271, 232.5170064088302, 
233.3653880636758, 234.2157322403133, 235.0680350901993, 235.9222926979607, 
236.7785010812641, 237.6366561906868, 238.4967539095928, 239.3587900540128, 
240.2227603725273, 241.0886605461554, 241.9564861882463, 242.8262328443753, 
243.6978959922445, 244.5714710415859, 245.4469533340718, 246.3243381432268, 
247.2036206743448, 248.0847960644115, 248.9678593820287, 249.8528056273465, 
250.7396297319966, 251.6283265590324, 252.5188909028725, 253.4113174892482, 
254.3056009751577, 255.2017359488223, 256.0997169296493, 256.9995383681983, 
257.9011946461522, 258.8046800762939, 259.7099889024874, 260.6171152996626, 
261.5260533738067, 262.4367971619578, 263.3493406322074, 264.2636776837035, 
265.1798021466616, 266.0977077823793, 267.0173882832551, 267.9388372728155, 
268.8620483057428, 269.7870148679111, 270.7137303764261, 271.642188179669, 
272.5723815573487, 273.5043037205558, 274.4379478118232, 275.3733069051922, 
276.310374006282, 277.2491420523678, 278.1896039124605, 279.1317523873938, 
280.0755802099163, 281.0210800447873, 281.9682444888812, 282.9170660712935, 
283.8675372534549, 284.8196504292495, 285.7733979251376, 286.7287720002867, 
287.6857648467045, 288.6443685893797, 289.6045752864275, 290.5663769292389, 
291.5297654426394, 292.4947326850487, 293.4612704486491, 294.4293704595575, 
295.3990243780031, 296.3702237985124, 297.342960250097, 298.317225196449, 
299.2930100361403, 300.2703061028287, 301.2491046654688, 302.2293969285291, 
303.2111740322133, 304.1944270526888, 305.1791470023183, 306.1653248299005, 
307.1529514209127, 308.1420175977614, 309.1325141200371, 310.124431684774, 
311.1177609267181, 312.1124924185977, 313.1086166714005, 314.106124134657, 
315.1050051967268, 316.1052501850948, 317.1068493666683, 318.1097929480819, 
319.1140710760084, 320.1196738374718, 321.1265912601709, 322.1348133128036, 
323.144329905399, 324.1551308896545, 325.1672060592773, 326.1805451503328, 
327.1951378415977, 328.2109737549174, 329.2280424555703, 330.2463334526357, 
331.265836199369, 332.2865400935801, 333.3084344780185, 334.3315086407628, 
335.3557518156143, 336.3811531824992, 337.4077018678722, 338.435386945127, 
339.4641974350117, 340.4941223060483, 341.525150474959, 342.5572708070959, 
343.5904721168764, 344.6247431682233, 345.6600726750086, 346.6964493015055, 
347.7338616628415, 348.7722983254581, 349.8117478075755, 350.8521985796603, 
351.8936390649007, 352.9360576396837, 353.9794426340779, 355.0237823323218, 
356.0690649733135, 357.1152787511102, 358.1624118154268, 359.2104522721421, 
360.2593881838082, 361.3092075701637, 362.3598984086535, 363.4114486349501, 
364.4638461434804, 365.5170787879572, 366.5711343819121, 367.6260006992373, 
368.6816654747266, 369.7381164046227, 370.7953411471681, 371.8533273231593, 
372.9120625165062, 373.9715342747937, 375.0317301098474, 376.092637498304, 
377.1542438821829, 378.2165366694648, 379.2795032346705, 380.3431309194452, 
381.4074070331455, 382.4723188534287, 383.537853626848, 384.6039985694484, 
385.6707408673664, 386.738067677434, 387.8059661277831, 388.8744233184567, 
389.9434263220192, 391.0129621841719, 392.083017924371, 393.1535805364465, 
394.2246369892269, 395.296174227164, 396.3681791709608, 397.4406387182032, 
398.5135397439914, 399.5868691015772, 400.6606136230004, 401.7347601197293, 
402.8092953833029, 403.8842061859738, 404.9594792813567, 406.0351014050746, 
407.11105927541, 408.1873395939563, 409.2639290462712, 410.3408143025327, 
411.4179820181959, 412.4954188346512, 413.5731113798849, 414.6510462691394, 
415.7292101055774, 416.8075894809456, 417.8861709762392, 418.9649411623696, 
420.0438866008299, 421.1229938443654, 422.2022494376422, 423.2816399179174, 
424.3611518157101, 425.4407716554725, 426.520485956264, 427.600281232423, 
428.6801439942402, 429.7600607486334, 430.8400179998202, 431.9200022499945, 
433.0, 434.0799977500056, 435.1599820001802, 436.239939251367, 
437.3198560057599, 438.3997187675771, 439.479514043736, 440.5592283445278, 
441.6388481842903, 442.7183600820827, 443.7977505623578, 444.8770061556346, 
445.9561133991705, 447.0350588376307, 448.1138290237608, 449.1924105190544, 
450.2707898944226, 451.348953730861, 452.4268886201155, 453.5045811653489, 
454.5820179818042, 455.6591856974674, 456.7360709537292, 457.8126604060439, 
458.8889407245901, 459.9648985949254, 461.0405207186434, 462.1157938140265, 
463.1907046166974, 464.2652398802707, 465.3393863769996, 466.4131308984228, 
467.486460256009, 468.5593612817972, 469.6318208290393, 470.7038257728361, 
471.7753630107734, 472.8464194635538, 473.9169820756293, 474.9870378158281, 
476.056573677981, 477.1255766815437, 478.1940338722173, 479.2619323225664, 
480.3292591326336, 481.3960014305516, 482.4621463731523, 483.5276811465717, 
484.5925929668549, 485.6568690805549, 486.7204967653296, 487.7834633305356, 
488.8457561178174, 489.9073625016963, 490.9682698901527, 492.0284657252064, 
493.0879374834942, 494.1466726768411, 495.2046588528323, 496.2618835953774, 
497.3183345252734, 498.373999300763, 499.4288656180883, 500.4829212120432, 
501.5361538565196, 502.5885513650499, 503.6401015913468, 504.6907924298366, 
505.7406118161921, 506.7895477278579, 507.8375881845732, 508.8847212488902, 
509.9309350266868, 510.9762176676786, 512.0205573659221, 513.0639423603162, 
514.1063609350996, 515.14780142034, 516.1882521924248, 517.227701674542, 
518.2661383371585, 519.3035506984948, 520.3399273249917, 521.375256831777, 
522.4095278831236, 523.442729192904, 524.4748495250414, 525.5058776939521, 
526.5358025649886, 527.564613054873, 528.5922981321278, 529.6188468175011, 
530.644248184386, 531.6684913592376, 532.6915655219815, 533.7134599064199, 
534.7341638006313, 535.7536665473647, 536.77195754443, 537.7890262450827, 
538.8048621584023, 539.8194548496674, 540.832793940723, 541.8448691103458, 
542.855670094601, 543.8651866871965, 544.8734087398294, 545.8803261625285, 
546.885928923992, 547.890207051918, 548.8931506333319, 549.8947498149056, 
550.8949948032736, 551.8938758653434, 552.8913833285994, 553.8875075814023, 
554.8822390732822, 555.8755683152263, 556.8674858799633, 557.8579824022386, 
558.8470485790873, 559.8346751700998, 560.820852997682, 561.8055729473115, 
562.7888259677867, 563.7706030714709, 564.7508953345315, 565.7296938971716, 
566.7069899638599, 567.6827748035511, 568.657039749903, 569.6297762014879, 
570.6009756219972, 571.5706295404428, 572.538729551351, 573.5052673149513, 
574.470234557361, 575.4336230707613, 576.3954247135729, 577.3556314106203, 
578.3142351532955, 579.2712279997136, 580.2266020748626, 581.1803495707508, 
582.1324627465451, 583.0829339287066, 584.0317555111192, 584.9789199552129, 
585.924419790084, 586.8682476126062, 587.8103960875395, 588.7508579476325, 
589.6896259937183, 590.626693094808, 591.5620521881767, 592.4956962794441, 
593.4276184426515, 594.3578118203312, 595.2862696235742, 596.2129851320889, 
597.1379516942571, 598.0611627271848, 598.9826117167452, 599.9022922176212, 
600.8201978533384, 601.7363223162965, 602.6506593677929, 603.5632028380425, 
604.4739466261937, 605.3828847003374, 606.2900110975127, 607.1953199237064, 
608.0988053538482, 609.000461631802, 609.9002830703507, 610.7982640511776, 
611.6943990248426, 612.588682510752, 613.4811090971277, 614.3716734409676, 
615.2603702680034, 616.1471943726538, 617.0321406179716, 617.9152039355887, 
618.7963793256552, 619.6756618567732, 620.5530466659284, 621.4285289584144, 
622.3021040077558, 623.1737671556247, 624.0435138117537, 624.9113394538448, 
625.7772396274729, 626.6412099459875, 627.5032460904072, 628.3633438093132, 
629.2214989187362, 630.0777073020395, 630.9319649098009, 631.7842677596867, 
632.6346119363242, 633.48299359117, 634.3294089423731, 635.1738542746363, 
636.0163259390723, 636.8568203530564, 637.6953340000753, 638.5318634295727, 
639.3664052567913, 640.1989561626105, 641.0295128933811, 641.8580722607568, 
642.6846311415208, 643.5091864774106, 644.3317352749393, 645.1522746052119, 
645.9708016037403, 646.7873134702528, 647.6018074685036, 648.4142809260753, 
649.2247312341816, 650.0331558474644, 650.8395522837888, 651.6439181240359, 
652.4462510118912, 653.2465486536308, 654.0448088179049, 654.8410293355165, 
655.6352080992011, 656.4273430633999, 657.2174322440319, 658.0054737182638, 
658.7914656242747, 659.5754061610224, 660.3572935880033, 661.1371262250107, 
661.9149024518929, 662.6906207083048, 663.464279493461, 664.2358773658841, 
665.0054129431513, 665.7728849016388, 666.5382919762642, 667.3016329602258, 
668.0629067047412, 668.8221121187821, 669.5792481688084, 670.3343138784982, 
671.0873083284796, 671.8382306560561, 672.5870800549332, 673.3338557749413, 
674.0785571217579, 674.8211834566272, 675.561734196079, 676.3002088116439, 
677.0366068295695, 677.7709278305315, 678.5031714493475, 679.2333373746851, 
679.9614253487707, 680.6874351670967, 681.4113666781262, 682.1332197829977, 
682.8529944352266, 683.5706906404074, 684.2863084559135, 684.9998479905943, 
685.711309404475, 686.4206929084503, 687.1279987639815, 687.833227282789, 
688.5363788265448, 689.237453806566, 689.9364526835034, 690.6333759670328, 
691.3282242155428, 692.0209980358228, 692.7116980827506, 693.4003250589774, 
694.0868797146147, 694.7713628469171, 695.4537752999669, 696.134117964358, 
696.8123917768767, 697.4885977201851, 698.1627368225012, 698.8348101572794, 
699.5048188428922, 700.1727640423076, 700.8386469627697, 701.502468855477, 
702.1642310152602, 702.8239347802607, 703.481581531608, 704.1371726930967, 
704.7907097308635, 705.4421941530637, 706.0916275095484, 706.7390113915399, 
707.3843474313081, 708.0276373018471, 708.6688827165494, 709.3080854288838, 
709.9452472320697, 710.5803699587532, 711.2134554806831, 711.8445057083861, 
712.4735225908432, 713.1005081151653, 713.7254643062696, 714.3483932265552, 
714.9692969755798, 715.5881776897362, 716.2050375419296, 716.8198787412537, 
717.4327035326686, 718.0435141966781, 718.652313049008, 719.259102440284, 
719.8638847557107, 720.4666624147507, 721.067437870803, 721.6662136108844, 
722.262992155309, 722.8577760573695, 723.450567903018, 724.0413703105484, 
724.6301859302787, 725.2170174442341, 725.8018675658303, 726.3847390395588, 
726.96563464067, 727.5445571748604, 728.1215094779582, 728.6964944156099, 
729.269514882969, 729.8405738043825, 730.4096741330824, 730.9768188508737, 
731.542010967826, 732.1052535219654, 732.6665495789656, 733.2259022318423, 
733.7833146006464, 734.3387898321599, 734.8923310995909, 735.4439416022706, 
735.9936245653511, 736.541383239504, 737.0872209006203, 737.6311408495104, 
738.1731464116058, 738.7132409366619, 739.2514277984622, 739.787710394521, 
740.3220921457919, 740.8545764963717, 741.3851669132102, 741.9138668858184, 
742.4406799259787, 742.9656095674554, 743.4886593657082, 744.0098328976044, 
744.5291337611344, 745.0465655751266, 745.5621319789652, 746.0758366323073, 
746.587683214803, 747.0976754258154, 747.6058169841425, 748.1121116277408, 
748.6165631134478, 749.1191752167092, 749.6199517313045, 750.1188964690755, 
750.6160132596556, 751.1113059501995, 751.6047784051159, 752.0964345058004, 
752.5862781503698, 753.074313253398, 753.5605437456525, 754.0449735738337, 
754.5276067003138, 755.0084471028788, 755.4874987744704, 755.9647657229294, 
756.4402519707414, 756.9139615547836, 757.3858985260722, 757.8560669495121, 
758.3244709036466, 758.7911144804112, 759.2560017848858, 759.7191369350501, 
760.1805240615395, 760.6401673074032, 761.0980708278634, 761.5542387900755, 
762.0086753728904, 762.461384766618, 762.9123711727913, 763.3616388039334, 
763.8091918833256, 764.2550346447756, 764.6991713323885, 765.1416062003391, 
765.5823435126449, 766.0213875429422, 766.4587425742607, 766.8944128988032, 
767.3284028177238, 767.7607166409091, 768.1913586867604, 768.6203332819774, 
769.047644761344, 769.4732974675133, 769.8972957507974, 770.3196439689568, 
770.7403464869905, 771.1594076769292, 771.576831917629, 771.9926235945675, 
772.4067870996397, 772.8193268309574, 773.2302471926483, 773.6395525946579, 
774.0472474525516, 774.4533361873197, 774.8578232251829, 775.2607129973991, 
775.6620099400725, 776.0617184939633, 776.4598431042999, 776.8563882205913, 
777.251358296442, 777.6447577893674, 778.0365911606118, 778.4268628749668, 
778.815577400592, 779.2027392088367, 779.5883527740618, 779.9724225734667, 
780.3549530869135, 780.7359487967553, 781.115414187665, 781.4933537464654, 
781.8697719619614, 782.2446733247729, 782.6180623271695, 782.9899434629066, 
783.3603212270624, 783.729200115878, 784.0965846265965, 784.4624792573044, 
784.8268885067764, 785.1898168743179, 785.5512688596123, 785.9112489625674, 
786.2697616831642, 786.6268115213079, 786.9824029766774, 787.3365405485795, 
787.689228735803, 788.0404720364734, 788.3902749479106, 788.7386419664861, 
789.0855775874837, 789.43108630496, 789.7751726116056, 790.1178409986108, 
790.459095955528, 790.7989419701404, 791.1373835283272, 791.4744251139346, 
791.8100712086443, 792.1443262918461, 792.4771948405098, 792.80868132906, 
793.1387902292511, 793.4675260100439, 793.7948931374834, 794.1208960745786, 
794.4455392811823, 794.7688272138729, 795.0907643258381, 795.4113550667576, 
795.7306038826902, 796.0485152159596, 796.3650935050426, 796.6803431844584, 
796.9942686846576, 797.3068744319165, 797.6181648482276, 797.928144351194, 
798.2368173539259, 798.5441882649353, 798.8502614880343, 799.1550414222344, 
799.4585324616456, 799.7607389953777, 800.0616654074427, 800.3613160766581, 
800.6596953765518, 800.9568076752671, 801.25265733547, 801.5472487142573, 
801.8405861630653, 802.13267402758, 802.4235166476486, 802.7131183571923, 
803.0014834841189, 803.2886163502378, 803.574521271176, 803.8592025562944, 
804.1426645086061, 804.4249114246948, 804.7059475946348, 804.9857773019127, 
805.2644048233484, 805.541834429019, 805.8180703821823, 806.0931169392027, 
806.3669783494768, 806.6396588553605, 806.9111626920976, 807.1814940877488, 
807.4506572631217, 807.7186564317024, 807.985495799587, 808.2511795654156, 
808.5157119203054, 808.7790970477863, 809.0413391237373, 809.3024423163225, 
809.5624107859298, 809.821248685109, 810.0789601585123, 810.3355493428346, 
810.5910203667551, 810.8453773508798, 811.098624407685, 811.3507656414613, 
811.6018051482595, 811.8517470158359, 812.1005953235996, 812.3483541425601, 
812.5950275352766, 812.8406195558068, 813.0851342496575, 813.3285756537362, 
813.5709477963028, 813.8122546969225, 814.05250036642, 814.2916888068331, 
814.5298240113698, 814.7669099643617, 815.0029506412241, 815.2379500084115, 
815.4719120233774, 815.7048406345327, 815.9367397812067, 816.1676133936076, 
816.3974653927835, 816.626299690586, 816.854120189633, 817.0809307832719, 
817.3067353555448, 817.5315377811538, 817.7553419254272, 817.9781516442862, 
818.199970784212, 818.4208031822153, 818.6406526658035, 818.8595230529518, 
819.0774181520729, 819.2943417619881, 819.5102976718983, 819.725289661358, 
819.9393215002472, 820.1523969487444, 820.3645197573028, 820.5756936666236, 
820.7859224076328, 820.9952097014568, 821.2035592593995, 821.4109747829197, 
821.6174599636098, 821.8230184831738, 822.0276540134071, 822.2313702161766, 
822.4341707434011, 822.6360592370322, 822.8370393290368, 823.0371146413787, 
823.236288786002, 823.4345653648139, 823.63194796967, 823.828440182358, 
824.0240455745824, 824.2187677079515, 824.4126101339631, 824.6055763939908, 
824.797670019272, 824.9888945308957, 825.1792534397905, 825.3687502467136, 
825.5573884422407, 825.7451715067554, 825.9321029104395, 826.1181861132653, 
826.3034245649843, 826.4878217051222, 826.671380962969, 826.854105757573, 
827.035999497734, 827.2170655819965, 827.3973073986448, 827.5767283256975, 
827.7553317309016, 827.9331209717302, 828.1100993953769, 828.2862703387524, 
828.4616371284828, 828.6362030809053, 828.8099715020671, 828.9829456877232, 
829.1551289233348, 829.3265244840692, 829.4971356347983, 829.6669656300989, 
829.836017714253, 830.0042951212483, 830.1718010747793, 830.3385387882486, 
830.5045114647689, 830.6697222971651, 830.8341744679767, 830.9978711494608, 
831.1608155035956, 831.3230106820836, 831.484459826356, 831.6451660675768, 
831.8051325266475, 831.9643623142122, 832.1228585306629, 832.2806242661452, 
832.4376626005645, 832.5939766035922, 832.7495693346722, 832.9044438430283, 
833.058603167671, 833.2120503374059, 833.3647883708408, 833.5168202763941, 
833.6681490523039, 833.8187776866362, 833.9687091572939, 834.1179464320273, 
834.2664924684424, 834.4143502140116, 834.5615226060839, 834.7080125718952, 
834.8538230285793, 834.9989568831791, 835.1434170326571, 835.287206363908, 
835.4303277537699, 835.5727840690369, 835.7145781664701, 835.8557128928122, 
835.9961910847992, 836.1360155691726, 836.2751891626945, 836.4137146721596, 
836.5515948944103, 836.6888326163492, 836.8254306149545, 836.9613916572939, 
837.0967185005388, 837.2314138919804, 837.3654805690434, 837.4989212593019, 
837.6317386804954, 837.7639355405428, 837.8955145375605, 838.0264783598764, 
838.1568296860473, 838.2865711848754, 838.4157055154242, 838.5442353270356, 
838.6721632593475, 838.79949194231, 838.9262239962033, 839.052362031655, 
839.1779086496583, 839.3028664415889, 839.4272379892237, 839.5510258647589, 
839.6742326308281, 839.7968608405209, 839.9189130374016, 840.0403917555277, 
840.1612995194694, 840.2816388443282, 840.4014122357561, 840.520622189975, 
840.6392711937969, 840.7573617246422, 840.874896250561, 840.9918772302515, 
841.1083071130809, 841.2241883391057, 841.3395233390913, 841.4543145345333, 
841.5685643376767, 841.6822751515379, 841.7954493699245, 841.9080893774567, 
842.0201975495878, 842.1317762526262, 842.2428278437552, 842.3533546710552, 
842.4633590735251, 842.5728433811034, 842.6818099146902, 842.7902609861683, 
842.8981988984255, 843.0056259453759, 843.1125444119829, 843.2189565742798, 
843.3248646993935, 843.4302710455648, 843.5351778621729, 843.6395873897554, 
843.7435018600331, 843.8469234959306, 843.9498545115999, 844.052297112443, 
844.1542534951339, 844.2557258476425, 844.3567163492564, 844.4572271706052, 
844.5572604736815, 844.6568184118659, 844.7559031299488, 844.8545167641545, 
844.9526614421636, 845.0503392831366, 845.1475523977379, 845.2443028881579, 
845.3405928481375, 845.4364243629907, 845.5317995096295, 845.6267203565859, 
845.7211889640363, 845.8152073838249, 845.9087776594882, 846.0019018262774, 
846.0945819111832, 846.1868199329593, 846.2786179021462, 846.3699778210947, 
846.4609016839905, 846.5513914768783, 846.6414491776843, 846.7310767562422, 
846.8202761743154, 846.9090493856224, 846.9973983358601, 847.0853249627282, 
847.1728311959531, 847.2599189573122, 847.3465901606583, 847.4328467119427, 
847.5186905092414, 847.6041234427769, 847.6891473949439, 847.7737642403337, 
847.8579758457571, 847.94178407027, 848.025190765197, 848.1081977741557, 
848.1908069330812, 848.2730200702501, 848.3548390063048, 848.4362655542781, 
848.5173015196169, 848.5979487002073, 848.6782088863982, 848.7580838610257, 
848.8375753994377, 848.9166852695176, 848.9954152317093, 849.0737670390411, 
849.1517424371498, 849.2293431643052, 849.3065709514342, 849.3834275221456, 
849.4599145927529, 849.5360338723004, 849.6117870625861, 849.6871758581863, 
849.7622019464795, 849.8368670076718, 849.9111727148188, 849.985120733852, 
850.0587127236017, 850.1319503358213, 850.2048352152112, 850.2773689994439, 
850.3495533191865, 850.421389798126, 850.4928800529929, 850.5640256935847, 
850.6348283227902, 850.7052895366145, 850.7754109242011, 850.8451940678565, 
850.914640543075, 850.9837519185612, 851.0525297562547, 851.1209756113533, 
851.1890910323369, 851.256877560992, 851.3243367324344, 851.3914700751329, 
851.458279110934, 851.5247653550844, 851.5909303162547, 851.6567754965639, 
851.7223023916019, 851.7875124904533, 851.8524072757209, 851.9169882235494, 
851.9812568036477, 852.0452144793142, 852.1088627074578, 852.1722029386231, 
852.2352366170121, 852.2979651805089, 852.3603900607016, 852.422512682906, 
852.4843344661887, 852.5458568233898, 852.6070811611462, 852.668008879915, 
852.7286413739948, 852.7889800315509, 852.8490262346359, 852.9087813592142, 
852.9682467751836, 853.0274238463989, 853.0863139306938, 853.1449183799036, 
853.2032385398889, 853.2612757505563, 853.3190313458823, 853.3765066539353, 
853.4337029968975, 853.4906216910888, 853.5472640469867, 853.6036313692506, 
853.6597249567432, 853.7155461025525, 853.7710960940148, 853.826376212735, 
853.8813877346107, 853.9361319298527, 853.9906100630076, 854.0448233929793, 
854.0987731730514, 854.1524606509079, 854.2058870686561, 854.2590536628474, 
854.3119616644998, 854.3646122991179, 854.4170067867167, 854.4691463418407, 
854.5210321735871, 854.5726654856261, 854.6240474762227, 854.6751793382579, 
854.7260622592496, 854.7766974213741, 854.8270860014873, 854.8772291711448, 
854.9271280966243, 854.9767839389455, 855.0261978538912, 855.0753709920285, 
855.1243044987292, 855.1729995141908, 855.2214571734562, 855.269678606436, 
855.3176649379277, 855.3654172876368, 855.4129367701968, 855.4602244951898, 
855.5072815671675, 855.5541090856702, 855.6007081452482, 855.6470798354807, 
855.6932252409977, 855.7391454414978, 855.7848415117705, 855.8303145217144, 
855.8755655363576, 855.9205956158781, 855.9654058156227, 856.0099971861275, 
856.0543707731367, 856.0985276176231, 856.1424687558066, 856.186195219175, 
856.2297080345023, 856.2730082238685, 856.3160968046788, 856.3589747896829, 
856.4016431869948, 856.4441030001104, 856.4863552279282, 856.5284008647675, 
856.5702409003877, 856.6118763200065, 856.6533081043197, 856.6945372295194, 
856.7355646673128, 856.7763913849414, 856.8170183451986, 856.857446506449, 
856.8976768226473, 856.937710243355, 856.977547713761, 857.0171901746984, 
857.0566385626631, 857.0958938098326, 857.1349568440834, 857.1738285890092, 
857.2125099639394, 857.2510018839569, 857.2893052599154, 857.327420998458, 
857.3653500020349, 857.4030931689209, 857.4406513932329, 857.4780255649482, 
857.5152165699215, 857.5522252899021, 857.5890526025529, 857.6256993814654, 
857.6621664961793, 857.6984548121983, 857.734565191008, 857.7704984900928, 
857.8062555629532, 857.8418372591225, 857.8772444241843, 857.9124778997885, 
857.9475385236699, 857.9824271296627, 858.0171445477188, 858.0516916039248, 
858.0860691205172, 858.1202779158999, 858.1543188046609, 858.1881925975882, 
858.2219001016863, 858.2554421201929, 858.288819452595, 858.322032894645, 
858.3550832383769, 858.3879712721226, 858.4206977805277, 858.4532635445684, 
858.4856693415653, 858.5179159452023, 858.5500041255396, 858.5819346490314, 
858.6137082785405, 858.6453257733546, 858.6767878892017, 858.7080953782656, 
858.7392489892015, 858.7702494671517, 858.8010975537594, 858.8317939871869, 
858.8623395021282, 858.8927348298254, 858.9229806980842, 858.9530778312879, 
858.9830269504136, 859.0128287730461, 859.0424840133937, 859.0719933823029, 
859.1013575872726, 859.1305773324699, 859.1596533187437, 859.1885862436404, 
859.217376801418, 859.24602568306, 859.2745335762912, 859.3029011655915, 
859.3311291322099, 859.3592181541797, 859.3871689063316, 859.4149820603092, 
859.4426582845822, 859.4701982444614, 859.4976026021114, 859.5248720165661, 
859.5520071437418, 859.5790086364514, 859.6058771444177, 859.6326133142882, 
859.6592177896481, 859.6856912110336, 859.7120342159469, 859.7382474388686, 
859.7643315112713, 859.7902870616339, 859.816114715454, 859.8418150952618, 
859.867388820634, 859.8928365082053, 859.9181587716838, 859.9433562218626, 
859.9684294666333, 859.9933791109993, 860.0182057570888, 860.0429100041675, 
860.0674924486517, 860.0919536841212, 860.1162943013312, 860.1405148882268, 
860.1646160299544, 860.1885983088745, 860.2124623045746, 860.2362085938818, 
860.2598377508748, 860.2833503468969, 860.3067469505679, 860.330028127797, 
860.3531944417948, 860.3762464530855, 860.3991847195187, 860.422009796283, 
860.4447222359163, 860.467322588319, 860.4898114007656, 860.5121892179167, 
860.5344565818307, 860.5566140319764, 860.5786621052441, 860.6006013359574, 
860.6224322558852, 860.6441553942531, 860.6657712777552, 860.6872804305659, 
860.7086833743507, 860.7299806282787, 860.7511727090328, 860.7722601308219, 
860.7932434053926, 860.8141230420392, 860.8348995476163, 860.855573426549, 
860.8761451808446, 860.8966153101035, 860.9169843115304, 860.9372526799448, 
860.957420907793, 860.977489485158, 860.9974588997706, 861.0173296370208, 
861.0371021799678, 861.0567770093512, 861.0763546036021, 861.0958354388525, 
861.1152199889468, 861.1345087254525, 861.1537021176705, 861.1728006326448, 
861.1918047351746, 861.2107148878226, 861.2295315509275, 861.2482551826122, 
861.2668862387961, 861.2854251732034, 861.3038724373749, 861.3222284806767, 
861.3404937503113, 861.3586686913271, 861.3767537466291, 861.3947493569875, 
861.412655961049, 861.4304739953461, 861.4482038943064, 861.4658460902635, 
861.4834010134658, 861.5008690920865, 861.5182507522338, 861.5355464179595, 
861.5527565112692, 861.5698814521313, 861.586921658488, 861.6038775462625, 
861.6207495293703, 861.6375380197274, 861.6542434272602, 861.670866159915, 
861.6874066236662, 861.7038652225268, 861.7202423585569, 861.7365384318724, 
861.7527538406554, 861.7688889811617, 861.7849442477307, 861.8009200327949, 
861.8168167268874, 861.8326347186517, 861.8483743948505, 861.8640361403745, 
861.8796203382511, 861.895127369653, 861.9105576139072, 861.9259114485032, 
861.9411892491022, 861.9563913895455, 861.9715182418627, 861.9865701762806, 
862.0015475612315, 862.0164507633622, 862.0312801475407, 862.0460360768669, 
862.0607189126795, 862.0753290145642, 862.0898667403627, 862.1043324461805, 
862.1187264863949, 862.1330492136635, 862.1473009789323, 862.1614821314437, 
862.1755930187443, 862.1896339866929, 862.203605379469, 862.2175075395804, 
862.231340807871, 862.2451055235284, 862.2588020240928, 862.2724306454635, 
862.2859917219074, 862.2994855860666, 862.3129125689656, 862.3262730000203, 
862.3395672070435, 862.3527955162551, 862.3659582522867, 862.3790557381919, 
862.392088295452, 862.4050562439838, 862.4179599021477, 862.4307995867544, 
862.4435756130722, 862.4562882948349, 862.4689379442483, 862.4815248719987, 
862.4940493872584, 862.5065117976945, 862.5189124094749, 862.531251527276, 
862.54352945429, 862.555746492231, 862.5679029413433, 862.5799991004074, 
862.5920352667475, 862.6040117362379, 862.6159288033106, 862.6277867609616, 
862.6395859007585, 862.6513265128458, 862.6630088859533, 862.6746333074024, 
862.686200063112, 862.6977094376058, 862.7091617140197, 862.7205571741068, 
862.7318960982457, 862.743178765445, 862.7544054533527, 862.7655764382595, 
862.7766919951079, 862.7877523974971, 862.79875791769, 862.8097088266194, 
862.8206053938951, 862.8314478878084, 862.8422365753405, 862.8529717221678, 
862.8636535926677, 862.8742824499256, 862.8848585557407, 862.8953821706324, 
862.9058535538466, 862.9162729633604, 862.9266406558904, 862.9369568868972, 
862.9472219105915, 862.9574359799409, 862.967599346675, 862.9777122612917, 
862.9877749730636, 862.9977877300429, 863.0077507790682, 863.017664365769, 
863.0275287345734, 863.0373441287122, 863.0471107902258, 863.0568289599692, 
863.0664988776172, 863.076120781672, 863.085694909467, 863.0952214971729, 
863.1047007798036, 863.1141329912217, 863.1235183641439, 863.1328571301461, 
863.1421495196702, 863.1513957620277, 863.1605960854068, 863.1697507168772, 
863.1788598823946, 863.1879238068077, 863.1969427138627, 863.2059168262081, 
863.2148463654007, 863.223731551911, 863.2325726051278, 863.241369743364, 
863.2501231838609, 863.258833142795, 863.2674998352809, 863.2761234753788, 
863.2847042760978, 863.2932424494018, 863.301738206214, 863.3101917564228, 
863.318603308886, 863.3269730714361, 863.3353012508851, 863.3435880530295, 
863.3518336826556, 863.3600383435436, 863.368202238473, 863.3763255692273, 
863.3844085365994, 863.3924513403947, 863.400454179438, 863.4084172515766, 
863.4163407536862, 863.4242248816746, 863.4320698304872, 863.4398757941112, 
863.4476429655803, 863.4553715369792, 863.463061699449, 863.4707136431903, 
863.4783275574692, 863.4859036306211, 863.4934420500551, 863.500943002259, 
863.5084066728031, 863.5158332463456, 863.5232229066359, 863.53057583652, 
863.5378922179439, 863.5451722319592, 863.5524160587262, 863.5596238775189, 
863.5667958667293, 863.5739322038714, 863.5810330655859, 863.5880986276434, 
863.5951290649504, 863.6021245515517, 863.6090852606358, 863.616011364538, 
863.6229030347462, 863.629760441903, 863.6365837558111, 863.6433731454372, 
863.6501287789158, 863.6568508235533, 863.6635394458324, 863.6701948114155, 
863.6768170851491, 863.6834064310677, 863.6899630123975, 863.6964869915607, 
863.7029785301793, 863.7094377890788, 863.7158649282926, 863.7222601070649, 
863.7286234838555, 863.734955216343, 863.7412554614294, 863.7475243752423, 
863.7537621131409, 863.7599688297174, 863.7661446788029, 863.7722898134692, 
863.778404386034, 863.7844885480637, 863.790542450377, 863.7965662430497, 
863.8025600754168, 863.8085240960768, 863.8144584528955, 863.8203632930096, 
863.8262387628295, 863.8320850080434, 863.8379021736215, 863.8436904038177, 
863.8494498421749, 863.8551806315278, 863.8608829140059, 863.8665568310374, 
863.8722025233528, 863.8778201309881, 863.8834097932878, 863.8889716489088, 
863.894505835824, 863.9000124913245, 863.9054917520246, 863.910943753863, 
863.9163686321083, 863.921766521361, 863.9271375555564, 863.9324818679694, 
863.9377995912164, 863.9430908572584, 863.9483557974057, 863.9535945423191, 
863.9588072220149, 863.9639939658669, 863.9691549026097, 863.9742901603419, 
863.97939986653, 863.9844841480102, 863.989543130992, 863.9945769410618, 
863.9995857031853, 864.0045695417105, 864.0095285803714, 864.01446294229, 
864.0193727499806, 864.0242581253513, 864.029119189708, 864.0339560637572, 
864.0387688676087, 864.0435577207784, 864.0483227421917, 864.053064050186, 
864.0577817625136, 864.062475996345, 864.0671468682706, 864.0717944943056, 
864.0764189898902, 864.0810204698948, 864.0855990486214, 864.0901548398068, 
864.0946879566253, 864.0991985116916, 864.1036866170633, 864.1081523842439, 
864.1125959241853, 864.1170173472905, 864.121416763417, 864.1257942818777, 
864.1301500114461, 864.1344840603564, 864.1387965363077, 864.1430875464671, 
864.1473571974699, 864.1516055954252, 864.155832845916, 864.1600390540039, 
864.1642243242295, 864.1683887606167, 864.1725324666743, 864.1766555453993, 
864.1807580992784, 864.1848402302912, 864.1889020399127, 864.1929436291155, 
864.1969650983723, 864.2009665476583, 864.2049480764544, 864.2089097837481, 
864.2128517680379, 864.2167741273336, 864.2206769591601, 864.22456036056, 
864.2284244280943, 864.2322692578471, 864.2360949454253, 864.2399015859638, 
864.243689274125, 864.2474581041038, 864.2512081696275, 864.25493956396, 
864.2586523799023, 864.2623467097969, 864.2660226455282, 864.2696802785252, 
864.2733196997651, 864.2769409997733, 864.280544268627, 864.2841295959576, 
864.2876970709518, 864.2912467823552, 864.2947788184728, 864.2982932671728, 
864.3017902158875, 864.3052697516164, 864.3087319609274, 864.3121769299603, 
864.3156047444265, 864.3190154896145, 864.3224092503887, 864.3257861111931, 
864.3291461560541, 864.3324894685804, 864.3358161319671, 864.3391262289968, 
864.3424198420415, 864.3456970530651, 864.3489579436252, 864.3522025948749, 
864.3554310875652, 864.3586435020463, 864.3618399182708, 864.3650204157945, 
864.3681850737786, 864.371333970992, 864.3744671858129, 864.3775847962312, 
864.3806868798498, 864.3837735138866, 864.3868447751771, 864.3899007401751, 
864.3929414849559, 864.3959670852172, 864.3989776162813, 864.4019731530967, 
864.4049537702407, 864.4079195419203, 864.4108705419744, 864.413806843876, 
864.4167285207333, 864.4196356452919, 864.4225282899366, 864.4254065266937, 
864.4282704272308, 864.431120062861, 864.4339555045438, 864.4367768228858, 
864.4395840881438, 864.442377370226, 864.4451567386938, 864.447922262763, 
864.4506740113066, 864.4534120528554, 864.4561364556001, 864.4588472873934, 
864.4615446157512, 864.4642285078538, 864.466899030549, 864.4695562503523, 
864.4722002334487, 864.4748310456956, 864.477448752623, 864.4800534194358, 
864.4826451110153, 864.4852238919206, 864.4877898263904, 864.4903429783448, 
864.4928834113863, 864.4954111888015, 864.4979263735635, 864.500429028332, 
864.5029192154563, 864.5053969969758, 864.5078624346222, 864.5103155898202, 
864.51275652369, 864.515185297048, 864.5176019704093, 864.5200066039873, 0.0]]
(%i18) print("シミュレーション完了")
シミュレーション完了 
(%o18)                  シミュレーション完了
(%i19) analytic_values:makelist(v_analytic_linear(t),t,0,t_end,10)
(%o19) [0.99, 0.2122372904127082, 0.002554112852306908, 1.725402267954265E-6, 
6.542933989271389E-11, 1.392793095321685E-16, 1.664303642156454E-23, 
1.116375801490552E-31, 4.203588128600827E-41, 8.885089190123455E-52, 
1.054229873639091E-63, 7.02167521853625E-77, 2.625294621755273E-91, 
5.50994485258454E-107, 6.491549118704854E-124, 4.293202119449268E-142, 
1.593845478466898E-161, 3.321566765942043E-182, 3.885721321525873E-204, 
2.551715233902091E-227, 9.406426243705963E-252, 1.946475737863355E-277, 
2.26102428562319E-304, 0.0, 0.0, 0.0, 0.0, 0.0, 0.0, 0.0, 0.0]
(%i20) find_threshold_time(v_list,t_list,threshold):=block(
                           [i,found:false,t_threshold],
                           for i thru length(v_list) while not found do
                               if v_list[i] <= threshold
                                   then (t_threshold:t_list[i],found:true),
                           if found then t_threshold else t_end)
(%o20) find_threshold_time(v_list, t_list, threshold) := 
block([i, found : false, t_threshold], 
for i thru length(v_list) while not found 
do if v_list  <= threshold then (t_threshold : t_list , found : true), 
            i                                        i
if found then t_threshold else t_end)
(%i21) thresholds:[0.8,0.5,0.3,0.1]
(%o21)                       [0.8, 0.5, 0.3, 0.1]
(%i22) threshold_times_logistic:makelist(
                                find_threshold_time(results_logistic[2],
                                                    results_logistic[1],
                                                    thresh),thresh,thresholds)
(%o22)        [12.8, 31.6, 43.80000000000001, 58.90000000000001]
(%i23) print("VF-001: SR減衰シミュレーション結果 (Maxima単独)")
VF-001: SR減衰シミュレーション結果 (Maxima単独) 
(%o23)   VF-001: SR減衰シミュレーション結果 (Maxima単独)
(%i24) print("================================================")
================================================ 
(%o24)         ================================================
(%i25) print("")
 
(%o25) 
(%i26) print("パラメータ:")
パラメータ: 
(%o26)                         パラメータ:
(%i27) printf(true,"  初期風速 v0 = ~f~%",v0)
  初期風速 v0 = 0.99
(%o27)                               false
(%i28) printf(true,"  制動定数 k = ~f~%",k)
  制動定数 k = 0.01
(%o28)                               false
(%i29) printf(true,"  最大拠点数 n_max = ~d~%",n_max)
  最大拠点数 n_max = 865
(%o29)                               false
(%i30) printf(true,"  シミュレーション期間 = ~d 年~%",t_end)
  シミュレーション期間 = 300 年
(%o30)                               false
(%i31) print("")
 
(%o31) 
(%i32) print("閾値到達時間（ロジスティックモデル）:")
閾値到達時間（ロジスティックモデル）: 
(%o32)      閾値到達時間（ロジスティックモデル）:
(%i33) for i thru length(thresholds) do
           printf(true,"  風速 ~f 到達: ~f 年~%",thresholds[i],
                  threshold_times_logistic[i])
  風速 0.8 到達: 12.8 年
  風速 0.5 到達: 31.6 年
  風速 0.3 到達: 43.800000000000007 年
  風速 0.1 到達: 58.900000000000009 年
(%o33)                               done
(%i34) print("")
 
(%o34) 
(%i35) print("最終風速（各モデル）:")
最終風速（各モデル）: 
(%o35)                  最終風速（各モデル）:
(%i36) printf(true,"  線形成長モデル: ~f~%",last(results_linear[2]))
  線形成長モデル: 0.0
(%o36)                               false
(%i37) printf(true,"  指数成長モデル: ~f~%",last(results_exp[2]))
  指数成長モデル: 0.0
(%o37)                               false
(%i38) printf(true,"  ロジスティックモデル: ~f~%",
              last(results_logistic[2]))
  ロジスティックモデル: 0.0
(%o38)                               false
(%i39) with_stdout("VF001_results.csv",
                   printf(true,
                          "t,linear_v,exp_v,logistic_v,linear_n,exp_n,logistic_n~%"),
                   for i step 30 thru length(results_linear[1]) do
                       (t_val:results_linear[1][i],
                        printf(true,"~f,~f,~f,~f,~f,~f,~f~%",t_val,
                               results_linear[2][i],results_exp[2][i],
                               results_logistic[2][i],n_linear(t_val),
                               n_exponential(t_val),n_logistic(t_val))))
(%o39)                               done
(%i40) with_stdout("VF001_thresholds.txt",
                   printf(true,"閾値,到達時間(年)~%"),
                   for i thru length(thresholds) do
                       printf(true,"~f,~f~%",thresholds[i],
                              threshold_times_logistic[i]))
(%o40)                               done
(%i41) load("draw")
(%o41)           /usr/share/maxima/5.46.0/share/draw/draw.lisp
(%i42) draw2d(terminal = png,file_name = "VF001_wind_speeds",
              title = "VF-001: SR風速減衰シミュレーション",
              xlabel = "時間 (年)",ylabel = "SR風速",yrange = [0,1.1],
              points_joined = true,color = red,point_type = none,
              line_width = 2,key = "線形成長",
              points(results_linear[1],results_linear[2]),color = blue,
              key = "指数成長",points(results_exp[1],results_exp[2]),
              color = green,key = "ロジスティック成長",
              points(results_logistic[1],results_logistic[2]))
(%o42)                  [gr2d(points, points, points)]
(%i43) draw2d(terminal = png,file_name = "VF001_base_growth",
              title = "VF-001: 拠点数成長モデル",
              xlabel = "時間 (年)",ylabel = "拠点数",yrange = [0,900],
              points_joined = true,color = red,point_type = none,
              line_width = 2,key = "線形成長",
              explicit(n_linear(x),x,0,t_end),color = blue,
              key = "指数成長",explicit(n_exponential(x),x,0,t_end),
              color = green,key = "ロジスティック成長",
              explicit(n_logistic(x),x,0,t_end))
(%o43)               [gr2d(explicit, explicit, explicit)]
(%i44) t_list:results_logistic[1]
(%o44) [0, 0.1, 0.2, 0.3000000000000001, 0.4, 0.5, 0.6000000000000001, 
0.7000000000000001, 0.8, 0.9, 1.0, 1.1, 1.2, 1.3, 1.4, 1.5, 1.6, 1.7, 1.8, 
1.9, 2.0, 2.1, 2.2, 2.3, 2.400000000000001, 2.5, 2.6, 2.7, 2.8, 
2.900000000000001, 3.0, 3.1, 3.2, 3.3, 3.400000000000001, 3.5, 3.6, 3.7, 3.8, 
3.900000000000001, 4.0, 4.100000000000001, 4.2, 4.3, 4.4, 4.5, 
4.600000000000001, 4.7, 4.800000000000001, 4.9, 5.0, 5.100000000000001, 5.2, 
5.300000000000001, 5.4, 5.5, 5.600000000000001, 5.7, 5.800000000000001, 5.9, 
6.0, 6.100000000000001, 6.2, 6.300000000000001, 6.4, 6.5, 6.600000000000001, 
6.7, 6.800000000000001, 6.9, 7.0, 7.100000000000001, 7.2, 7.300000000000001, 
7.4, 7.5, 7.600000000000001, 7.7, 7.800000000000001, 7.9, 8.0, 8.1, 
8.200000000000001, 8.3, 8.4, 8.5, 8.6, 8.700000000000001, 8.8, 8.9, 9.0, 9.1, 
9.200000000000001, 9.3, 9.4, 9.5, 9.600000000000002, 9.700000000000001, 9.8, 
9.9, 10.0, 10.1, 10.2, 10.3, 10.4, 10.5, 10.6, 10.7, 10.8, 10.9, 11.0, 11.1, 
11.2, 11.3, 11.4, 11.5, 11.6, 11.7, 11.8, 11.9, 12.0, 12.1, 12.2, 12.3, 12.4, 
12.5, 12.6, 12.7, 12.8, 12.9, 13.0, 13.1, 13.2, 13.3, 13.4, 13.5, 13.6, 13.7, 
13.8, 13.9, 14.0, 14.1, 14.2, 14.3, 14.4, 14.5, 14.6, 14.7, 14.8, 14.9, 15.0, 
15.1, 15.2, 15.3, 15.4, 15.5, 15.6, 15.7, 15.8, 15.9, 16.0, 16.1, 16.2, 16.3, 
16.4, 16.5, 16.6, 16.7, 16.8, 16.9, 17.0, 17.1, 17.2, 17.3, 17.4, 17.5, 17.6, 
17.7, 17.8, 17.9, 18.0, 18.1, 18.2, 18.3, 18.4, 18.5, 18.6, 18.7, 18.8, 18.9, 
19.0, 19.1, 19.2, 19.3, 19.4, 19.5, 19.6, 19.7, 19.8, 19.9, 20.0, 20.1, 20.2, 
20.3, 20.4, 20.5, 20.6, 20.7, 20.8, 20.9, 21.0, 21.1, 21.2, 21.3, 21.4, 21.5, 
21.6, 21.7, 21.8, 21.9, 22.0, 22.1, 22.2, 22.3, 22.4, 22.5, 22.6, 22.7, 22.8, 
22.9, 23.0, 23.1, 23.2, 23.3, 23.4, 23.5, 23.6, 23.7, 23.8, 23.9, 24.0, 24.1, 
24.2, 24.3, 24.4, 24.5, 24.6, 24.7, 24.8, 24.9, 25.0, 25.1, 25.2, 25.3, 25.4, 
25.5, 25.6, 25.7, 25.8, 25.9, 26.0, 26.1, 26.2, 26.3, 26.4, 26.5, 26.6, 26.7, 
26.8, 26.9, 27.0, 27.1, 27.2, 27.3, 27.4, 27.5, 27.6, 27.7, 27.8, 27.9, 28.0, 
28.1, 28.2, 28.3, 28.4, 28.5, 28.6, 28.7, 28.8, 28.9, 29.0, 29.1, 29.2, 29.3, 
29.4, 29.5, 29.6, 29.7, 29.8, 29.9, 30.0, 30.1, 30.2, 30.3, 30.4, 30.5, 30.6, 
30.7, 30.8, 30.9, 31.0, 31.1, 31.2, 31.3, 31.4, 31.5, 31.6, 31.7, 31.8, 31.9, 
32.0, 32.1, 32.2, 32.30000000000001, 32.4, 32.5, 32.6, 32.7, 
32.80000000000001, 32.9, 33.0, 33.1, 33.2, 33.30000000000001, 33.4, 33.5, 
33.6, 33.7, 33.80000000000001, 33.9, 34.0, 34.1, 34.2, 34.30000000000001, 
34.4, 34.5, 34.6, 34.7, 34.80000000000001, 34.9, 35.0, 35.1, 35.2, 
35.30000000000001, 35.4, 35.5, 35.6, 35.7, 35.80000000000001, 35.9, 36.0, 
36.1, 36.2, 36.30000000000001, 36.4, 36.5, 36.6, 36.7, 36.80000000000001, 
36.9, 37.0, 37.1, 37.2, 37.30000000000001, 37.4, 37.5, 37.6, 37.7, 
37.80000000000001, 37.9, 38.0, 38.1, 38.2, 38.30000000000001, 
38.40000000000001, 38.5, 38.6, 38.7, 38.80000000000001, 38.90000000000001, 
39.0, 39.1, 39.2, 39.30000000000001, 39.40000000000001, 39.5, 39.6, 39.7, 
39.80000000000001, 39.90000000000001, 40.0, 40.1, 40.2, 40.30000000000001, 
40.40000000000001, 40.5, 40.6, 40.7, 40.80000000000001, 40.90000000000001, 
41.0, 41.1, 41.2, 41.30000000000001, 41.40000000000001, 41.5, 41.6, 41.7, 
41.80000000000001, 41.90000000000001, 42.0, 42.1, 42.2, 42.30000000000001, 
42.40000000000001, 42.5, 42.6, 42.7, 42.80000000000001, 42.90000000000001, 
43.0, 43.1, 43.2, 43.30000000000001, 43.40000000000001, 43.5, 43.6, 43.7, 
43.80000000000001, 43.90000000000001, 44.0, 44.1, 44.2, 44.30000000000001, 
44.40000000000001, 44.5, 44.6, 44.7, 44.80000000000001, 44.90000000000001, 
45.0, 45.1, 45.2, 45.30000000000001, 45.40000000000001, 45.5, 45.6, 45.7, 
45.80000000000001, 45.90000000000001, 46.0, 46.1, 46.2, 46.30000000000001, 
46.40000000000001, 46.5, 46.6, 46.7, 46.80000000000001, 46.90000000000001, 
47.0, 47.1, 47.2, 47.30000000000001, 47.40000000000001, 47.5, 47.6, 47.7, 
47.80000000000001, 47.90000000000001, 48.0, 48.1, 48.2, 48.30000000000001, 
48.40000000000001, 48.5, 48.6, 48.7, 48.80000000000001, 48.90000000000001, 
49.0, 49.1, 49.2, 49.30000000000001, 49.40000000000001, 49.5, 49.6, 49.7, 
49.80000000000001, 49.90000000000001, 50.0, 50.1, 50.2, 50.30000000000001, 
50.40000000000001, 50.5, 50.6, 50.7, 50.80000000000001, 50.90000000000001, 
51.0, 51.1, 51.2, 51.30000000000001, 51.40000000000001, 51.5, 51.6, 51.7, 
51.80000000000001, 51.90000000000001, 52.0, 52.1, 52.2, 52.30000000000001, 
52.40000000000001, 52.5, 52.6, 52.7, 52.80000000000001, 52.90000000000001, 
53.0, 53.1, 53.2, 53.30000000000001, 53.40000000000001, 53.5, 53.6, 53.7, 
53.80000000000001, 53.90000000000001, 54.0, 54.1, 54.2, 54.30000000000001, 
54.40000000000001, 54.5, 54.6, 54.7, 54.80000000000001, 54.90000000000001, 
55.0, 55.1, 55.2, 55.30000000000001, 55.40000000000001, 55.5, 55.6, 55.7, 
55.80000000000001, 55.90000000000001, 56.0, 56.1, 56.2, 56.30000000000001, 
56.40000000000001, 56.5, 56.6, 56.7, 56.80000000000001, 56.90000000000001, 
57.0, 57.1, 57.2, 57.30000000000001, 57.40000000000001, 57.5, 57.6, 57.7, 
57.80000000000001, 57.90000000000001, 58.0, 58.1, 58.2, 58.30000000000001, 
58.40000000000001, 58.5, 58.6, 58.7, 58.80000000000001, 58.90000000000001, 
59.0, 59.1, 59.2, 59.30000000000001, 59.40000000000001, 59.5, 59.6, 59.7, 
59.80000000000001, 59.90000000000001, 60.0, 60.1, 60.2, 60.30000000000001, 
60.40000000000001, 60.5, 60.6, 60.7, 60.80000000000001, 60.90000000000001, 
61.0, 61.1, 61.2, 61.30000000000001, 61.40000000000001, 61.5, 61.6, 61.7, 
61.80000000000001, 61.90000000000001, 62.0, 62.1, 62.2, 62.30000000000001, 
62.40000000000001, 62.5, 62.6, 62.7, 62.80000000000001, 62.90000000000001, 
63.0, 63.1, 63.2, 63.30000000000001, 63.40000000000001, 63.5, 63.6, 63.7, 
63.80000000000001, 63.90000000000001, 64.0, 64.10000000000001, 64.2, 64.3, 
64.4, 64.5, 64.60000000000001, 64.7, 64.8, 64.9, 65.0, 65.10000000000001, 
65.2, 65.3, 65.4, 65.5, 65.60000000000001, 65.7, 65.8, 65.9, 66.0, 
66.10000000000001, 66.2, 66.3, 66.4, 66.5, 66.60000000000001, 66.7, 66.8, 
66.9, 67.0, 67.10000000000001, 67.2, 67.3, 67.4, 67.5, 67.60000000000001, 
67.7, 67.8, 67.9, 68.0, 68.10000000000001, 68.2, 68.3, 68.4, 68.5, 
68.60000000000001, 68.7, 68.8, 68.9, 69.0, 69.10000000000001, 69.2, 69.3, 
69.4, 69.5, 69.60000000000001, 69.7, 69.8, 69.9, 70.0, 70.10000000000001, 
70.2, 70.3, 70.4, 70.5, 70.60000000000001, 70.7, 70.8, 70.9, 71.0, 
71.10000000000001, 71.2, 71.3, 71.4, 71.5, 71.60000000000001, 71.7, 71.8, 
71.9, 72.0, 72.10000000000001, 72.2, 72.3, 72.4, 72.5, 72.60000000000001, 
72.7, 72.8, 72.9, 73.0, 73.10000000000001, 73.2, 73.3, 73.4, 73.5, 
73.60000000000001, 73.7, 73.8, 73.9, 74.0, 74.10000000000001, 74.2, 74.3, 
74.4, 74.5, 74.60000000000001, 74.7, 74.8, 74.9, 75.0, 75.10000000000001, 
75.2, 75.3, 75.4, 75.5, 75.60000000000001, 75.7, 75.8, 75.9, 76.0, 
76.10000000000001, 76.2, 76.3, 76.4, 76.5, 76.60000000000001, 76.7, 
76.80000000000001, 76.9, 77.0, 77.10000000000001, 77.2, 77.30000000000001, 
77.4, 77.5, 77.60000000000001, 77.7, 77.80000000000001, 77.9, 78.0, 
78.10000000000001, 78.2, 78.30000000000001, 78.4, 78.5, 78.60000000000001, 
78.7, 78.80000000000001, 78.9, 79.0, 79.10000000000001, 79.2, 
79.30000000000001, 79.4, 79.5, 79.60000000000001, 79.7, 79.80000000000001, 
79.9, 80.0, 80.10000000000001, 80.2, 80.30000000000001, 80.4, 80.5, 
80.60000000000001, 80.7, 80.80000000000001, 80.9, 81.0, 81.10000000000001, 
81.2, 81.30000000000001, 81.4, 81.5, 81.60000000000001, 81.7, 
81.80000000000001, 81.9, 82.0, 82.10000000000001, 82.2, 82.30000000000001, 
82.4, 82.5, 82.60000000000001, 82.7, 82.80000000000001, 82.9, 83.0, 
83.10000000000001, 83.2, 83.30000000000001, 83.4, 83.5, 83.60000000000001, 
83.7, 83.80000000000001, 83.9, 84.0, 84.10000000000001, 84.2, 
84.30000000000001, 84.4, 84.5, 84.60000000000001, 84.7, 84.80000000000001, 
84.9, 85.0, 85.10000000000001, 85.2, 85.30000000000001, 85.4, 85.5, 
85.60000000000001, 85.7, 85.80000000000001, 85.9, 86.0, 86.10000000000001, 
86.2, 86.30000000000001, 86.4, 86.5, 86.60000000000001, 86.7, 
86.80000000000001, 86.9, 87.0, 87.10000000000001, 87.2, 87.30000000000001, 
87.4, 87.5, 87.60000000000001, 87.7, 87.80000000000001, 87.9, 88.0, 
88.10000000000001, 88.2, 88.30000000000001, 88.4, 88.5, 88.60000000000001, 
88.7, 88.80000000000001, 88.9, 89.0, 89.10000000000001, 89.2, 
89.30000000000001, 89.4, 89.5, 89.60000000000001, 89.7, 89.80000000000001, 
89.9, 90.0, 90.10000000000001, 90.2, 90.30000000000001, 90.4, 90.5, 
90.60000000000001, 90.7, 90.80000000000001, 90.9, 91.0, 91.10000000000001, 
91.2, 91.30000000000001, 91.4, 91.5, 91.60000000000001, 91.7, 
91.80000000000001, 91.9, 92.0, 92.10000000000001, 92.2, 92.30000000000001, 
92.4, 92.5, 92.60000000000001, 92.7, 92.80000000000001, 92.9, 93.0, 
93.10000000000001, 93.2, 93.30000000000001, 93.4, 93.5, 93.60000000000001, 
93.7, 93.80000000000001, 93.9, 94.0, 94.10000000000001, 94.2, 
94.30000000000001, 94.4, 94.5, 94.60000000000001, 94.7, 94.80000000000001, 
94.9, 95.0, 95.10000000000001, 95.2, 95.30000000000001, 95.4, 95.5, 
95.60000000000001, 95.7, 95.80000000000001, 95.9, 96.0, 96.10000000000001, 
96.2, 96.30000000000001, 96.4, 96.5, 96.60000000000001, 96.7, 
96.80000000000001, 96.9, 97.0, 97.10000000000001, 97.2, 97.30000000000001, 
97.4, 97.5, 97.60000000000001, 97.7, 97.80000000000001, 97.9, 98.0, 
98.10000000000001, 98.2, 98.30000000000001, 98.4, 98.5, 98.60000000000001, 
98.7, 98.80000000000001, 98.9, 99.0, 99.10000000000001, 99.2, 
99.30000000000001, 99.4, 99.5, 99.60000000000001, 99.7, 99.80000000000001, 
99.9, 100.0, 100.1, 100.2, 100.3, 100.4, 100.5, 100.6, 100.7, 100.8, 100.9, 
101.0, 101.1, 101.2, 101.3, 101.4, 101.5, 101.6, 101.7, 101.8, 101.9, 102.0, 
102.1, 102.2, 102.3, 102.4, 102.5, 102.6, 102.7, 102.8, 102.9, 103.0, 103.1, 
103.2, 103.3, 103.4, 103.5, 103.6, 103.7, 103.8, 103.9, 104.0, 104.1, 104.2, 
104.3, 104.4, 104.5, 104.6, 104.7, 104.8, 104.9, 105.0, 105.1, 105.2, 105.3, 
105.4, 105.5, 105.6, 105.7, 105.8, 105.9, 106.0, 106.1, 106.2, 106.3, 106.4, 
106.5, 106.6, 106.7, 106.8, 106.9, 107.0, 107.1, 107.2, 107.3, 107.4, 107.5, 
107.6, 107.7, 107.8, 107.9, 108.0, 108.1, 108.2, 108.3, 108.4, 108.5, 108.6, 
108.7, 108.8, 108.9, 109.0, 109.1, 109.2, 109.3, 109.4, 109.5, 109.6, 109.7, 
109.8, 109.9, 110.0, 110.1, 110.2, 110.3, 110.4, 110.5, 110.6, 110.7, 110.8, 
110.9, 111.0, 111.1, 111.2, 111.3, 111.4, 111.5, 111.6, 111.7, 111.8, 111.9, 
112.0, 112.1, 112.2, 112.3, 112.4, 112.5, 112.6, 112.7, 112.8, 112.9, 113.0, 
113.1, 113.2, 113.3, 113.4, 113.5, 113.6, 113.7, 113.8, 113.9, 114.0, 114.1, 
114.2, 114.3, 114.4, 114.5, 114.6, 114.7, 114.8, 114.9, 115.0, 115.1, 115.2, 
115.3, 115.4, 115.5, 115.6, 115.7, 115.8, 115.9, 116.0, 116.1, 116.2, 116.3, 
116.4, 116.5, 116.6, 116.7, 116.8, 116.9, 117.0, 117.1, 117.2, 117.3, 117.4, 
117.5, 117.6, 117.7, 117.8, 117.9, 118.0, 118.1, 118.2, 118.3, 118.4, 118.5, 
118.6, 118.7, 118.8, 118.9, 119.0, 119.1, 119.2, 119.3, 119.4, 119.5, 119.6, 
119.7, 119.8, 119.9, 120.0, 120.1, 120.2, 120.3, 120.4, 120.5, 120.6, 120.7, 
120.8, 120.9, 121.0, 121.1, 121.2, 121.3, 121.4, 121.5, 121.6, 121.7, 121.8, 
121.9, 122.0, 122.1, 122.2, 122.3, 122.4, 122.5, 122.6, 122.7, 122.8, 122.9, 
123.0, 123.1, 123.2, 123.3, 123.4, 123.5, 123.6, 123.7, 123.8, 123.9, 124.0, 
124.1, 124.2, 124.3, 124.4, 124.5, 124.6, 124.7, 124.8, 124.9, 125.0, 125.1, 
125.2, 125.3, 125.4, 125.5, 125.6, 125.7, 125.8, 125.9, 126.0, 126.1, 126.2, 
126.3, 126.4, 126.5, 126.6, 126.7, 126.8, 126.9, 127.0, 127.1, 127.2, 127.3, 
127.4, 127.5, 127.6, 127.7, 127.8, 127.9, 128.0, 128.1, 128.2, 128.3, 128.4, 
128.5, 128.6, 128.7, 128.8, 128.9, 129.0, 129.1, 129.2, 129.3, 129.4, 129.5, 
129.6, 129.7, 129.8, 129.9, 130.0, 130.1, 130.2, 130.3, 130.4, 130.5, 130.6, 
130.7, 130.8, 130.9, 131.0, 131.1, 131.2, 131.3, 131.4, 131.5, 131.6, 131.7, 
131.8, 131.9, 132.0, 132.1, 132.2, 132.3, 132.4, 132.5, 132.6, 132.7, 132.8, 
132.9, 133.0, 133.1, 133.2, 133.3, 133.4, 133.5, 133.6, 133.7, 133.8, 133.9, 
134.0, 134.1, 134.2, 134.3, 134.4, 134.5, 134.6, 134.7, 134.8, 134.9, 135.0, 
135.1, 135.2, 135.3, 135.4, 135.5, 135.6, 135.7, 135.8, 135.9, 136.0, 136.1, 
136.2, 136.3, 136.4, 136.5, 136.6, 136.7, 136.8, 136.9, 137.0, 137.1, 137.2, 
137.3, 137.4, 137.5, 137.6, 137.7, 137.8, 137.9, 138.0, 138.1, 138.2, 138.3, 
138.4, 138.5, 138.6, 138.7, 138.8, 138.9, 139.0, 139.1, 139.2, 139.3, 139.4, 
139.5, 139.6, 139.7, 139.8, 139.9, 140.0, 140.1, 140.2, 140.3, 140.4, 140.5, 
140.6, 140.7, 140.8, 140.9, 141.0, 141.1, 141.2, 141.3, 141.4, 141.5, 141.6, 
141.7, 141.8, 141.9, 142.0, 142.1, 142.2, 142.3, 142.4, 142.5, 142.6, 142.7, 
142.8, 142.9, 143.0, 143.1, 143.2, 143.3, 143.4, 143.5, 143.6, 143.7, 143.8, 
143.9, 144.0, 144.1, 144.2, 144.3, 144.4, 144.5, 144.6, 144.7, 144.8, 144.9, 
145.0, 145.1, 145.2, 145.3, 145.4, 145.5, 145.6, 145.7, 145.8, 145.9, 146.0, 
146.1, 146.2, 146.3, 146.4, 146.5, 146.6, 146.7, 146.8, 146.9, 147.0, 147.1, 
147.2, 147.3, 147.4, 147.5, 147.6, 147.7, 147.8, 147.9, 148.0, 148.1, 148.2, 
148.3, 148.4, 148.5, 148.6, 148.7, 148.8, 148.9, 149.0, 149.1, 149.2, 149.3, 
149.4, 149.5, 149.6, 149.7, 149.8, 149.9, 150.0, 150.1, 150.2, 150.3, 150.4, 
150.5, 150.6, 150.7, 150.8, 150.9, 151.0, 151.1, 151.2, 151.3, 151.4, 151.5, 
151.6, 151.7, 151.8, 151.9, 152.0, 152.1, 152.2, 152.3, 152.4, 152.5, 152.6, 
152.7, 152.8, 152.9, 153.0, 153.1, 153.2, 153.3, 153.4, 153.5, 153.6, 153.7, 
153.8, 153.9, 154.0, 154.1, 154.2, 154.3, 154.4, 154.5, 154.6, 154.7, 154.8, 
154.9, 155.0, 155.1, 155.2, 155.3, 155.4, 155.5, 155.6, 155.7, 155.8, 155.9, 
156.0, 156.1, 156.2, 156.3, 156.4, 156.5, 156.6, 156.7, 156.8, 156.9, 157.0, 
157.1, 157.2, 157.3, 157.4, 157.5, 157.6, 157.7, 157.8, 157.9, 158.0, 158.1, 
158.2, 158.3, 158.4, 158.5, 158.6, 158.7, 158.8, 158.9, 159.0, 159.1, 159.2, 
159.3, 159.4, 159.5, 159.6, 159.7, 159.8, 159.9, 160.0, 160.1, 160.2, 160.3, 
160.4, 160.5, 160.6, 160.7, 160.8, 160.9, 161.0, 161.1, 161.2, 161.3, 161.4, 
161.5, 161.6, 161.7, 161.8, 161.9, 162.0, 162.1, 162.2, 162.3, 162.4, 162.5, 
162.6, 162.7, 162.8, 162.9, 163.0, 163.1, 163.2, 163.3, 163.4, 163.5, 163.6, 
163.7, 163.8, 163.9, 164.0, 164.1, 164.2, 164.3, 164.4, 164.5, 164.6, 164.7, 
164.8, 164.9, 165.0, 165.1, 165.2, 165.3, 165.4, 165.5, 165.6, 165.7, 165.8, 
165.9, 166.0, 166.1, 166.2, 166.3, 166.4, 166.5, 166.6, 166.7, 166.8, 166.9, 
167.0, 167.1, 167.2, 167.3, 167.4, 167.5, 167.6, 167.7, 167.8, 167.9, 168.0, 
168.1, 168.2, 168.3, 168.4, 168.5, 168.6, 168.7, 168.8, 168.9, 169.0, 169.1, 
169.2, 169.3, 169.4, 169.5, 169.6, 169.7, 169.8, 169.9, 170.0, 170.1, 170.2, 
170.3, 170.4, 170.5, 170.6, 170.7, 170.8, 170.9, 171.0, 171.1, 171.2, 171.3, 
171.4, 171.5, 171.6, 171.7, 171.8, 171.9, 172.0, 172.1, 172.2, 172.3, 172.4, 
172.5, 172.6, 172.7, 172.8, 172.9, 173.0, 173.1, 173.2, 173.3, 173.4, 173.5, 
173.6, 173.7, 173.8, 173.9, 174.0, 174.1, 174.2, 174.3, 174.4, 174.5, 174.6, 
174.7, 174.8, 174.9, 175.0, 175.1, 175.2, 175.3, 175.4, 175.5, 175.6, 175.7, 
175.8, 175.9, 176.0, 176.1, 176.2, 176.3, 176.4, 176.5, 176.6, 176.7, 176.8, 
176.9, 177.0, 177.1, 177.2, 177.3, 177.4, 177.5, 177.6, 177.7, 177.8, 177.9, 
178.0, 178.1, 178.2, 178.3, 178.4, 178.5, 178.6, 178.7, 178.8, 178.9, 179.0, 
179.1, 179.2, 179.3, 179.4, 179.5, 179.6, 179.7, 179.8, 179.9, 180.0, 180.1, 
180.2, 180.3, 180.4, 180.5, 180.6, 180.7, 180.8, 180.9, 181.0, 181.1, 181.2, 
181.3, 181.4, 181.5, 181.6, 181.7, 181.8, 181.9, 182.0, 182.1, 182.2, 182.3, 
182.4, 182.5, 182.6, 182.7, 182.8, 182.9, 183.0, 183.1, 183.2, 183.3, 183.4, 
183.5, 183.6, 183.7, 183.8, 183.9, 184.0, 184.1, 184.2, 184.3, 184.4, 184.5, 
184.6, 184.7, 184.8, 184.9, 185.0, 185.1, 185.2, 185.3, 185.4, 185.5, 185.6, 
185.7, 185.8, 185.9, 186.0, 186.1, 186.2, 186.3, 186.4, 186.5, 186.6, 186.7, 
186.8, 186.9, 187.0, 187.1, 187.2, 187.3, 187.4, 187.5, 187.6, 187.7, 187.8, 
187.9, 188.0, 188.1, 188.2, 188.3, 188.4, 188.5, 188.6, 188.7, 188.8, 188.9, 
189.0, 189.1, 189.2, 189.3, 189.4, 189.5, 189.6, 189.7, 189.8, 189.9, 190.0, 
190.1, 190.2, 190.3, 190.4, 190.5, 190.6, 190.7, 190.8, 190.9, 191.0, 191.1, 
191.2, 191.3, 191.4, 191.5, 191.6, 191.7, 191.8, 191.9, 192.0, 192.1, 192.2, 
192.3, 192.4, 192.5, 192.6, 192.7, 192.8, 192.9, 193.0, 193.1, 193.2, 193.3, 
193.4, 193.5, 193.6, 193.7, 193.8, 193.9, 194.0, 194.1, 194.2, 194.3, 194.4, 
194.5, 194.6, 194.7, 194.8, 194.9, 195.0, 195.1, 195.2, 195.3, 195.4, 195.5, 
195.6, 195.7, 195.8, 195.9, 196.0, 196.1, 196.2, 196.3, 196.4, 196.5, 196.6, 
196.7, 196.8, 196.9, 197.0, 197.1, 197.2, 197.3, 197.4, 197.5, 197.6, 197.7, 
197.8, 197.9, 198.0, 198.1, 198.2, 198.3, 198.4, 198.5, 198.6, 198.7, 198.8, 
198.9, 199.0, 199.1, 199.2, 199.3, 199.4, 199.5, 199.6, 199.7, 199.8, 199.9, 
200.0, 200.1, 200.2, 200.3, 200.4, 200.5, 200.6, 200.7, 200.8, 200.9, 201.0, 
201.1, 201.2, 201.3, 201.4, 201.5, 201.6, 201.7, 201.8, 201.9, 202.0, 202.1, 
202.2, 202.3, 202.4, 202.5, 202.6, 202.7, 202.8, 202.9, 203.0, 203.1, 203.2, 
203.3, 203.4, 203.5, 203.6, 203.7, 203.8, 203.9, 204.0, 204.1, 204.2, 204.3, 
204.4, 204.5, 204.6, 204.7, 204.8, 204.9, 205.0, 205.1, 205.2, 205.3, 205.4, 
205.5, 205.6, 205.7, 205.8, 205.9, 206.0, 206.1, 206.2, 206.3, 206.4, 206.5, 
206.6, 206.7, 206.8, 206.9, 207.0, 207.1, 207.2, 207.3, 207.4, 207.5, 207.6, 
207.7, 207.8, 207.9, 208.0, 208.1, 208.2, 208.3, 208.4, 208.5, 208.6, 208.7, 
208.8, 208.9, 209.0, 209.1, 209.2, 209.3, 209.4, 209.5, 209.6, 209.7, 209.8, 
209.9, 210.0, 210.1, 210.2, 210.3, 210.4, 210.5, 210.6, 210.7, 210.8, 210.9, 
211.0, 211.1, 211.2, 211.3, 211.4, 211.5, 211.6, 211.7, 211.8, 211.9, 212.0, 
212.1, 212.2, 212.3, 212.4, 212.5, 212.6, 212.7, 212.8, 212.9, 213.0, 213.1, 
213.2, 213.3, 213.4, 213.5, 213.6, 213.7, 213.8, 213.9, 214.0, 214.1, 214.2, 
214.3, 214.4, 214.5, 214.6, 214.7, 214.8, 214.9, 215.0, 215.1, 215.2, 215.3, 
215.4, 215.5, 215.6, 215.7, 215.8, 215.9, 216.0, 216.1, 216.2, 216.3, 216.4, 
216.5, 216.6, 216.7, 216.8, 216.9, 217.0, 217.1, 217.2, 217.3, 217.4, 217.5, 
217.6, 217.7, 217.8, 217.9, 218.0, 218.1, 218.2, 218.3, 218.4, 218.5, 218.6, 
218.7, 218.8, 218.9, 219.0, 219.1, 219.2, 219.3, 219.4, 219.5, 219.6, 219.7, 
219.8, 219.9, 220.0, 220.1, 220.2, 220.3, 220.4, 220.5, 220.6, 220.7, 220.8, 
220.9, 221.0, 221.1, 221.2, 221.3, 221.4, 221.5, 221.6, 221.7, 221.8, 221.9, 
222.0, 222.1, 222.2, 222.3, 222.4, 222.5, 222.6, 222.7, 222.8, 222.9, 223.0, 
223.1, 223.2, 223.3, 223.4, 223.5, 223.6, 223.7, 223.8, 223.9, 224.0, 224.1, 
224.2, 224.3, 224.4, 224.5, 224.6, 224.7, 224.8, 224.9, 225.0, 225.1, 225.2, 
225.3, 225.4, 225.5, 225.6, 225.7, 225.8, 225.9, 226.0, 226.1, 226.2, 226.3, 
226.4, 226.5, 226.6, 226.7, 226.8, 226.9, 227.0, 227.1, 227.2, 227.3, 227.4, 
227.5, 227.6, 227.7, 227.8, 227.9, 228.0, 228.1, 228.2, 228.3, 228.4, 228.5, 
228.6, 228.7, 228.8, 228.9, 229.0, 229.1, 229.2, 229.3, 229.4, 229.5, 229.6, 
229.7, 229.8, 229.9, 230.0, 230.1, 230.2, 230.3, 230.4, 230.5, 230.6, 230.7, 
230.8, 230.9, 231.0, 231.1, 231.2, 231.3, 231.4, 231.5, 231.6, 231.7, 231.8, 
231.9, 232.0, 232.1, 232.2, 232.3, 232.4, 232.5, 232.6, 232.7, 232.8, 232.9, 
233.0, 233.1, 233.2, 233.3, 233.4, 233.5, 233.6, 233.7, 233.8, 233.9, 234.0, 
234.1, 234.2, 234.3, 234.4, 234.5, 234.6, 234.7, 234.8, 234.9, 235.0, 235.1, 
235.2, 235.3, 235.4, 235.5, 235.6, 235.7, 235.8, 235.9, 236.0, 236.1, 236.2, 
236.3, 236.4, 236.5, 236.6, 236.7, 236.8, 236.9, 237.0, 237.1, 237.2, 237.3, 
237.4, 237.5, 237.6, 237.7, 237.8, 237.9, 238.0, 238.1, 238.2, 238.3, 238.4, 
238.5, 238.6, 238.7, 238.8, 238.9, 239.0, 239.1, 239.2, 239.3, 239.4, 239.5, 
239.6, 239.7, 239.8, 239.9, 240.0, 240.1, 240.2, 240.3, 240.4, 240.5, 240.6, 
240.7, 240.8, 240.9, 241.0, 241.1, 241.2, 241.3, 241.4, 241.5, 241.6, 241.7, 
241.8, 241.9, 242.0, 242.1, 242.2, 242.3, 242.4, 242.5, 242.6, 242.7, 242.8, 
242.9, 243.0, 243.1, 243.2, 243.3, 243.4, 243.5, 243.6, 243.7, 243.8, 243.9, 
244.0, 244.1, 244.2, 244.3, 244.4, 244.5, 244.6, 244.7, 244.8, 244.9, 245.0, 
245.1, 245.2, 245.3, 245.4, 245.5, 245.6, 245.7, 245.8, 245.9, 246.0, 246.1, 
246.2, 246.3, 246.4, 246.5, 246.6, 246.7, 246.8, 246.9, 247.0, 247.1, 247.2, 
247.3, 247.4, 247.5, 247.6, 247.7, 247.8, 247.9, 248.0, 248.1, 248.2, 248.3, 
248.4, 248.5, 248.6, 248.7, 248.8, 248.9, 249.0, 249.1, 249.2, 249.3, 249.4, 
249.5, 249.6, 249.7, 249.8, 249.9, 250.0, 250.1, 250.2, 250.3, 250.4, 250.5, 
250.6, 250.7, 250.8, 250.9, 251.0, 251.1, 251.2, 251.3, 251.4, 251.5, 251.6, 
251.7, 251.8, 251.9, 252.0, 252.1, 252.2, 252.3, 252.4, 252.5, 252.6, 252.7, 
252.8, 252.9, 253.0, 253.1, 253.2, 253.3, 253.4, 253.5, 253.6, 253.7, 253.8, 
253.9, 254.0, 254.1, 254.2, 254.3, 254.4, 254.5, 254.6, 254.7, 254.8, 254.9, 
255.0, 255.1, 255.2, 255.3, 255.4, 255.5, 255.6, 255.7, 255.8, 255.9, 256.0, 
256.1, 256.2, 256.3, 256.4000000000001, 256.5, 256.6, 256.7, 256.8, 
256.9000000000001, 257.0, 257.1, 257.2, 257.3, 257.4000000000001, 257.5, 
257.6, 257.7, 257.8, 257.9000000000001, 258.0, 258.1, 258.2, 258.3, 
258.4000000000001, 258.5, 258.6, 258.7, 258.8, 258.9000000000001, 259.0, 
259.1, 259.2, 259.3, 259.4000000000001, 259.5, 259.6, 259.7, 259.8, 
259.9000000000001, 260.0, 260.1, 260.2, 260.3, 260.4000000000001, 260.5, 
260.6, 260.7, 260.8, 260.9000000000001, 261.0, 261.1, 261.2, 261.3, 
261.4000000000001, 261.5, 261.6, 261.7, 261.8, 261.9000000000001, 262.0, 
262.1, 262.2, 262.3, 262.4000000000001, 262.5, 262.6, 262.7, 262.8, 
262.9000000000001, 263.0, 263.1, 263.2, 263.3, 263.4000000000001, 263.5, 
263.6, 263.7, 263.8, 263.9000000000001, 264.0, 264.1, 264.2, 264.3, 
264.4000000000001, 264.5, 264.6, 264.7, 264.8, 264.9000000000001, 265.0, 
265.1, 265.2, 265.3, 265.4000000000001, 265.5, 265.6, 265.7, 265.8, 
265.9000000000001, 266.0, 266.1, 266.2, 266.3, 266.4000000000001, 266.5, 
266.6, 266.7, 266.8, 266.9000000000001, 267.0, 267.1, 267.2, 267.3, 
267.4000000000001, 267.5, 267.6, 267.7, 267.8, 267.9000000000001, 268.0, 
268.1, 268.2, 268.3, 268.4000000000001, 268.5, 268.6, 268.7, 268.8, 
268.9000000000001, 269.0, 269.1, 269.2, 269.3, 269.4000000000001, 269.5, 
269.6, 269.7, 269.8, 269.9000000000001, 270.0, 270.1, 270.2, 270.3, 
270.4000000000001, 270.5, 270.6, 270.7, 270.8, 270.9000000000001, 271.0, 
271.1, 271.2, 271.3, 271.4000000000001, 271.5, 271.6, 271.7, 271.8, 
271.9000000000001, 272.0, 272.1, 272.2, 272.3, 272.4000000000001, 272.5, 
272.6, 272.7, 272.8, 272.9000000000001, 273.0, 273.1, 273.2, 273.3, 
273.4000000000001, 273.5, 273.6, 273.7, 273.8, 273.9000000000001, 274.0, 
274.1, 274.2, 274.3, 274.4000000000001, 274.5, 274.6, 274.7, 274.8, 
274.9000000000001, 275.0, 275.1, 275.2, 275.3, 275.4000000000001, 275.5, 
275.6, 275.7, 275.8, 275.9000000000001, 276.0, 276.1, 276.2, 276.3, 
276.4000000000001, 276.5, 276.6, 276.7, 276.8, 276.9000000000001, 277.0, 
277.1, 277.2, 277.3, 277.4000000000001, 277.5, 277.6, 277.7, 277.8, 
277.9000000000001, 278.0, 278.1, 278.2, 278.3, 278.4000000000001, 278.5, 
278.6, 278.7, 278.8, 278.9000000000001, 279.0, 279.1, 279.2, 279.3, 
279.4000000000001, 279.5, 279.6, 279.7, 279.8, 279.9000000000001, 280.0, 
280.1, 280.2, 280.3, 280.4000000000001, 280.5, 280.6, 280.7, 280.8, 
280.9000000000001, 281.0, 281.1, 281.2, 281.3, 281.4000000000001, 281.5, 
281.6, 281.7, 281.8, 281.9000000000001, 282.0, 282.1, 282.2, 282.3, 
282.4000000000001, 282.5, 282.6, 282.7, 282.8, 282.9000000000001, 283.0, 
283.1, 283.2, 283.3, 283.4000000000001, 283.5, 283.6, 283.7, 283.8, 
283.9000000000001, 284.0, 284.1, 284.2, 284.3, 284.4000000000001, 284.5, 
284.6, 284.7, 284.8, 284.9000000000001, 285.0, 285.1, 285.2, 285.3, 
285.4000000000001, 285.5, 285.6, 285.7, 285.8, 285.9000000000001, 286.0, 
286.1, 286.2, 286.3, 286.4000000000001, 286.5, 286.6, 286.7, 286.8, 
286.9000000000001, 287.0, 287.1, 287.2, 287.3, 287.4000000000001, 287.5, 
287.6, 287.7, 287.8, 287.9000000000001, 288.0, 288.1, 288.2, 288.3, 
288.4000000000001, 288.5, 288.6, 288.7, 288.8, 288.9000000000001, 289.0, 
289.1, 289.2, 289.3, 289.4000000000001, 289.5, 289.6, 289.7, 289.8, 
289.9000000000001, 290.0, 290.1, 290.2, 290.3, 290.4000000000001, 290.5, 
290.6, 290.7, 290.8, 290.9000000000001, 291.0, 291.1, 291.2, 291.3, 
291.4000000000001, 291.5, 291.6, 291.7, 291.8, 291.9000000000001, 292.0, 
292.1, 292.2, 292.3, 292.4000000000001, 292.5, 292.6, 292.7, 292.8, 
292.9000000000001, 293.0, 293.1, 293.2, 293.3, 293.4000000000001, 293.5, 
293.6, 293.7, 293.8, 293.9000000000001, 294.0, 294.1, 294.2, 294.3, 
294.4000000000001, 294.5, 294.6, 294.7, 294.8, 294.9000000000001, 295.0, 
295.1, 295.2, 295.3, 295.4000000000001, 295.5, 295.6, 295.7, 295.8, 
295.9000000000001, 296.0, 296.1, 296.2, 296.3, 296.4000000000001, 296.5, 
296.6, 296.7, 296.8, 296.9000000000001, 297.0, 297.1, 297.2, 297.3, 
297.4000000000001, 297.5, 297.6, 297.7, 297.8, 297.9000000000001, 298.0, 
298.1, 298.2, 298.3, 298.4000000000001, 298.5, 298.6, 298.7, 298.8, 
298.9000000000001, 299.0, 299.1, 299.2, 299.3, 299.4000000000001, 299.5, 
299.6, 299.7, 299.8, 299.9000000000001, 300.0]
(%i45) v_list:results_logistic[2]
(%o45) [0.99, 0.9885370738387396, 0.9870739418115785, 0.9856105994000791, 
0.9841470420875855, 0.9826832653593366, 0.9812192647025804, 
0.9797550356066896, 0.978290573563279, 0.9768258740663226, 0.9753609326122738, 
0.9738957447001853, 0.9724303058318314, 0.9709646115118313, 0.969498657247773, 
0.9680324385503389, 0.9665659509334337, 0.9650991899143117, 0.963632151013707, 
0.9621648297559645, 0.9606972216691719, 0.9592293222852935, 0.957761127140305, 
0.9562926317743306, 0.9548238317317795, 0.9533547225614864, 
0.9518852998168506, 0.9504155590559792, 0.9489454958418295, 
0.9474751057423544, 0.9460043843306478, 0.944533327185093, 0.9430619298895111, 
0.941590188033312, 0.9401180972116457, 0.9386456530255568, 0.9371728510821382, 
0.9356996869946882, 0.9342261563828682, 0.9327522548728624, 
0.9312779780975381, 0.9298033216966087, 0.9283282813167976, 
0.9268528526120032, 0.925377031243467, 0.9239008128799413, 0.9224241931978598, 
0.9209471678815094, 0.9194697326232036, 0.9179918831234575, 
0.9165136150911641, 0.9150349242437732, 0.9135558063074705, 
0.9120762570173594, 0.9105962721176443, 0.9091158473618149, 
0.9076349785128335, 0.906153661343322, 0.9046718916357527, 0.9031896651826391, 
0.9017069777867296, 0.9002238252612022, 0.8987402034298607, 0.897256108127334, 
0.8957715351992754, 0.8942864805025648, 0.892800939905512, 0.8913149092880625, 
0.8898283845420042, 0.8883413615711766, 0.8868538362916815, 
0.8853658046320951, 0.8838772625336832, 0.8823882059506161, 
0.8808986308501877, 0.8794085332130349, 0.8779179090333589, 
0.8764267543191491, 0.8749350650924084, 0.8734428373893802, 
0.8719500672607782, 0.8704567507720162, 0.8689628840034425, 
0.8674684630505731, 0.8659734840243299, 0.8644779430512785, 
0.8629818362738686, 0.8614851598506773, 0.8599879099566531, 
0.8584900827833621, 0.8569916745392371, 0.8554926814498269, 
0.8539930997580498, 0.8524929257244471, 0.8509921556274397, 
0.8494907857635865, 0.8479888124478446, 0.8464862320138319, 0.844983040814091, 
0.8434792352203564, 0.8419748116238223, 0.8404697664354132, 
0.8389640960860568, 0.8374577970269587, 0.8359508657298785, 
0.8344432986874093, 0.8329350924132581, 0.8314262434425291, 
0.8299167483320087, 0.8284066036604524, 0.8268958060288746, 
0.8253843520608397, 0.8238722384027558, 0.8223594617241703, 
0.8208460187180677, 0.8193319061011698, 0.8178171206142375, 
0.8163016590223755, 0.8147855181153383, 0.813268694707839, 0.8117511856398605, 
0.8102329877769678, 0.8087140980106237, 0.8071945132585058, 
0.8056742304648263, 0.8041532466006539, 0.8026315586642372, 
0.8011091636813315, 0.7995860587055267, 0.7980622408185785, 
0.7965377071307405, 0.7950124547810999, 0.7934864809379147, 0.791959782798953, 
0.7904323575918346, 0.7889042025743758, 0.7873753150349349, 0.785845692292761, 
0.784315331698345, 0.7827842306337721, 0.7812523865130778, 0.7797197967826047, 
0.7781864589213627, 0.7766523704413914, 0.7751175288881234, 
0.7735819318407522, 0.7720455769126001, 0.7705084617514899, 0.768970584040118, 
0.7674319414964302, 0.7658925318739998, 0.7643523529624073, 
0.7628114025876239, 0.7612696786123953, 0.7597271789366289, 
0.7581839014977838, 0.7566398442712619, 0.7550950052708013, 
0.7535493825488735, 0.7520029741970808, 0.7504557783465576, 
0.7489077931683729, 0.7473590168739356, 0.745809447715402, 0.7442590839860858, 
0.7427079240208689, 0.7411559661966172, 0.7396032089325956, 
0.7380496506908874, 0.7364952899768149, 0.7349401253393629, 
0.7333841553716034, 0.7318273787111237, 0.7302697940404559, 0.728711400087509, 
0.727152195626003, 0.7255921794759052, 0.7240313505038689, 0.722469707623674, 
0.7209072497966699, 0.7193439760322206, 0.7177798853881517, 
0.7162149769712004, 0.714649249937466, 0.7130827034928644, 0.7115153368935832, 
0.7099471494465397, 0.708378140509841, 0.7068083094932459, 0.7052376558586287, 
0.7036661791204459, 0.7020938788462038, 0.7005207546569289, 0.69894680622764, 
0.6973720332878232, 0.6957964356219065, 0.6942200130697398, 
0.6926427655270737, 0.6910646929460425, 0.6894857953356474, 
0.6879060727622431, 0.6863255253500256, 0.684744153281521, 0.6831619567980787, 
0.681578936200363, 0.67999509184885, 0.6784104241643232, 0.6768249336283732, 
0.675238620783898, 0.6736514862356055, 0.672063530650517, 0.670474754758474, 
0.6688851593526443, 0.6672947452900319, 0.6657035134919875, 
0.6641114649447208, 0.6625186006998145, 0.6609249218747392, 0.659330429653371, 
0.6577351252865096, 0.6561390100923983, 0.6545420854572454, 
0.6529443528357468, 0.6513458137516106, 0.6497464697980822, 
0.6481463226384713, 0.6465453740066801, 0.6449436257077328, 
0.6433410796183059, 0.6417377376872605, 0.6401336019361752, 
0.6385286744598799, 0.6369229574269917, 0.6353164530804505, 
0.6337091637380569, 0.6321010917930101, 0.6304922397144477, 
0.6288826100479853, 0.627272205416258, 0.6256610285194623, 0.624049082135898, 
0.6224363691225131, 0.6208228924154466, 0.6192086550305741, 
0.6175936600640529, 0.6159779106928682, 0.6143614101753796, 
0.6127441618518681, 0.6111261691450838, 0.6095074355607935, 
0.6078879646883291, 0.606267760201136, 0.6046468258573224, 0.6030251655002076, 
0.6014027830588713, 0.5997796825487032, 0.5981558680719518, 0.596531343818274, 
0.5949061140652842, 0.5932801831791031, 0.5916535556149072, 
0.5900262359174765, 0.588398228721744, 0.5867695387533426, 0.5851401708291536, 
0.5835101298578533, 0.5818794208404597, 0.5802480488708786, 
0.5786160191364486, 0.576983336918486, 0.5753500075928288, 0.5737160366303792, 
0.5720814295976457, 0.5704461921572844, 0.5688103300686388, 
0.5671738491882785, 0.5655367554705373, 0.563899054968049, 0.562260753832283, 
0.5606218583140773, 0.558982374764171, 0.5573423096337349, 0.5557016694749, 
0.5540604609412849, 0.5524186907885214, 0.5507763658747773, 
0.5491334931612788, 0.5474900797128293, 0.5458461326983268, 
0.5442016593912794, 0.5425566671703178, 0.5409111635197059, 
0.5392651560298487, 0.5376186523977977, 0.5359716604277539, 
0.5343241880315675, 0.5326762432292354, 0.5310278341493953, 
0.5293789690298172, 0.5277296562178914, 0.5260799041711136, 
0.5244297214575666, 0.5227791167563984, 0.5211280988582974, 0.519476676665963, 
0.5178248591945739, 0.5161726555722513, 0.514520075040519, 0.512867126954759, 
0.5112138207846635, 0.5095601661146823, 0.507906172644466, 0.5062518501893052, 
0.5045972086805641, 0.5029422581661108, 0.5012870088107417, 0.499631470896602, 
0.4979756548236003, 0.4963195711098187, 0.4946632303919181, 
0.4930066434255368, 0.4913498210856851, 0.4896927743671335, 
0.4880355143847957, 0.4863780523741054, 0.4847203996913878, 
0.4830625678142238, 0.4814045683418099, 0.4797464129953101, 
0.4780881136182025, 0.4764296821766188, 0.4747711307596771, 
0.4731124715798087, 0.4714537169730769, 0.4697948793994894, 
0.4681359714433035, 0.4664770058133235, 0.4648179953431917, 
0.4631589529916703, 0.461499891842917, 0.459840825106752, 0.4581817661189174, 
0.4565227283413278, 0.4548637253623134, 0.4532047708968547, 
0.4515458787868077, 0.4498870630011215, 0.4482283376360468, 
0.4465697169153348, 0.4449112151904278, 0.4432528469406403, 
0.4415946267733304, 0.4399365694240617, 0.4382786897567562, 
0.4366210027638363, 0.4349635235663578, 0.4333062674141317, 0.431649249685837, 
0.4299924858891217, 0.4283359916606943, 0.4266797827664041, 
0.4250238751013104, 0.4233682846897408, 0.4217130276853388, 
0.4200581203710993, 0.4184035791593929, 0.4167494205919785, 
0.4150956613400041, 0.4134423182039959, 0.4117894081138345, 
0.4101369481287196, 0.4084849554371217, 0.4068334473567215, 
0.4051824413343365, 0.4035319549458345, 0.401882005896034, 0.4002326120185916, 
0.3985837912758759, 0.3969355617588275, 0.3952879416868054, 
0.3936409494074204, 0.3919946033963527, 0.3903489222571569, 
0.3887039247210516, 0.3870596296466951, 0.385416056019946, 0.3837732229536091, 
0.3821311496871662, 0.3804898555864918, 0.3788493601435532, 
0.3772096829760956, 0.3755708438273112, 0.3739328625654923, 
0.3722957591836685, 0.3706595537992284, 0.3690242666535239, 
0.3673899181114586, 0.36575652866106, 0.3641241189130339, 0.3624927096003027, 
0.3608623215775264, 0.3592329758206057, 0.3576046934261688, 
0.3559774956110398, 0.3543514037116896, 0.3527264391836689, 0.351102623601023, 
0.3494799786556892, 0.3478585261568745, 0.3462382880304159, 
0.3446192863181219, 0.3430015431770944, 0.3413850808790329, 
0.3397699218095187, 0.33815608846728, 0.336543603463438, 0.334932489520733, 
0.3333227694727313, 0.331714466263012, 0.3301076029443335, 0.3285022026777811, 
0.326898288731893, 0.325295884481767, 0.3236950134081456, 0.322095699096482, 
0.3204979652359839, 0.3189018356186375, 0.3173073341382096, 
0.3157144847892294, 0.3141233116659483, 0.3125338389612793, 
0.3109460909657137, 0.3093600920662174, 0.3077758667451045, 0.30619343957889, 
0.3046128352371198, 0.303034078481179, 0.3014571941630782, 0.2998822072242175, 
0.2983091426941279, 0.2967380256891905, 0.2951688814113335, 0.293601735146706, 
0.2920366122643294, 0.2904735382147262, 0.2889125385285258, 
0.2873536388150471, 0.2857968647608587, 0.2842422421283155, 
0.2826897967540726, 0.2811395545475756, 0.2795915414895281, 
0.2780457836303352, 0.2765023070885247, 0.2749611380491436, 
0.2734223027621327, 0.2718858275406761, 0.2703517387595281, 0.268820062853317, 
0.2672908263148237, 0.2657640556932388, 0.264239777592394, 0.2627180186689716, 
0.2611988056306892, 0.2596821652344613, 0.2581681242845373, 
0.2566567096306153, 0.2551479481659331, 0.2536418668253348, 
0.2521384925833141, 0.2506378524520344, 0.2491399734793246, 
0.2476448827466524, 0.2461526073670727, 0.244663174483154, 0.243176611264881, 
0.241692944907533, 0.2402122026295405, 0.2387344116703175, 0.2372595992880711, 
0.2357877927575882, 0.2343190193679991, 0.232853306420518, 0.2313906812261613, 
0.2299311711034426, 0.2284748033760461, 0.2270216053704761, 0.225571604413686, 
0.2241248278306834, 0.2226813029421146, 0.2212410570618263, 
0.2198041174944057, 0.2183705115326994, 0.2169402664553107, 0.215513409524075, 
0.2140899679815155, 0.2126699690482767, 0.2112534399205377, 
0.2098404077674053, 0.2084308997282863, 0.2070249429102398, 
0.2056225643853101, 0.2042237911878394, 0.2028286503117614, 
0.2014371687078755, 0.2000493732811026, 0.1986652908877216, 0.197284948332588, 
0.1959083723663341, 0.1945355896825517, 0.1931666269149567, 
0.1918015106345374, 0.1904402673466844, 0.1890829234883058, 
0.1877295054249243, 0.1863800394477591, 0.1850345517707928, 
0.1836930685278215, 0.1823556157694915, 0.1810222194603205, 
0.1796929054757046, 0.1783676995989123, 0.1770466275180638, 
0.1757297148230986, 0.1744169870027293, 0.1731084694413839, 
0.1718041874161363, 0.1705041660936246, 0.1692084305269596, 
0.1679170056526221, 0.1666299162873501, 0.1653471871250171, 
0.1640688427335002, 0.162794907551541, 0.1615254058855968, 0.1602603619066853, 
0.1589997996472219, 0.1577437429978498, 0.1564922157042651, 
0.1552452413640348, 0.1540028434234117, 0.1527650451741425, 
0.1515318697502744, 0.1503033401249562, 0.1490794791072379, 
0.1478603093388678, 0.1466458532910874, 0.1454361332614263, 
0.1442311713704953, 0.143030989558781, 0.1418356095834404, 0.140645053015097, 
0.139459341234639, 0.1382784954300206, 0.1371025365930656, 0.1359314855162764, 
0.1347653627896462, 0.1336041887974776, 0.1324479837152067, 
0.1312967675062339, 0.1301505599187624, 0.1290093804826443, 
0.1278732485062356, 0.1267421830732613, 0.1256162030396898, 
0.1244953270306185, 0.1233795734371716, 0.1222689604134097, 
0.1211635058732527, 0.1200632274874167, 0.1189681426803654, 0.117878268627277, 
0.1167936222510271, 0.1157142202191888, 0.1146400789410506, 
0.1135712145646519, 0.1125076429738391, 0.1114493797853407, 
0.1103964403458637, 0.1093488397292117, 0.1083065927334251, 
0.1072697138779452, 0.1062382174008014, 0.1052121172558242, 
0.1041914271098832, 0.1031761603401521, 0.1021663300314007, 
0.1011619489733151, 0.1001630296578468, 0.09916958427659176, 
0.09818162471819993, 0.09719916256581614, 0.09622220909455343, 
0.0952507752689993, 0.09428487174075598, 0.09332450884601533, 
0.09236969660316946, 0.09142044471045759, 0.09047676254365021, 
0.08953865915377135, 0.08860614326485955, 0.08767922327176872, 
0.08675790723800936, 0.08584220289363122, 0.08493211763314809, 
0.08402765851350552, 0.08312883225209232, 0.0822356452247967, 
0.08134810346410776, 0.08046621265726312, 0.07958997814444358, 
0.07871940491701558, 0.07785449761582213, 0.07699526052952308, 
0.07614169759298557, 0.07529381238572529, 0.07445160813039933, 
0.07361508769135152, 0.07278425357321072, 0.07195910791954323, 
0.07113965251155949, 0.07032588876687636, 0.06951781773833524, 
0.06871544011287702, 0.0679187562104744, 0.06712776598312233, 
0.06634246901388723, 0.06556286451601565, 0.06478895133210301, 
0.06402072793332309, 0.06325819241871883, 0.06250134251455518, 
0.06175017557373444, 0.06100468857527483, 0.06026487812385278, 
0.05953074044940954, 0.05880227140682259, 0.05807946647564253, 
0.05736232075989578, 0.05665082898795378, 0.055944985512469, 
0.05524478431037844, 0.05455021898297481, 0.05386128275604611, 
0.05317796848008383, 0.05250026863056025, 0.05182817530827522, 
0.05116168023977284, 0.05050077477782825, 0.04984544990200501, 
0.04919569621928331, 0.0485515039647593, 0.04791286300241583, 
0.04727976282596485, 0.04665219255976172, 0.04603014095979154, 
0.04541359641472787, 0.0448025469470638, 0.04419698021431571, 
0.0435968835102997, 0.04300224376648082, 0.04241304755339527, 
0.04182928108214548, 0.04125093020596824, 0.04067798042187574, 
0.0401104168723697, 0.03954822434722832, 0.03899138728536617, 
0.03843988977676684, 0.03789371556448828, 0.03735284804674062, 
0.03681727027903641, 0.03628696497641296, 0.03576191451572676, 
0.03524210093801946, 0.03472750595095543, 0.03421811093133039, 
0.03371389692765096, 0.03321484466278457, 0.03272093453667966, 
0.03223214662915542, 0.03174846070276095, 0.0312698562057032, 
0.03079631227484328, 0.03032780773876063, 0.02986432112088449, 
0.02940583064269214, 0.0289523142269733, 0.02850374950116012, 
0.02806011380072203, 0.02762138417262484, 0.02718753737885346, 
0.02675854989999735, 0.02633439793889809, 0.02591505742435828, 
0.02550050401491087, 0.02509071310264821, 0.02468565981710987, 
0.02428531902922846, 0.02388966535533235, 0.02349867316120462, 
0.02311231656619703, 0.02273056944739814, 0.02235340544385464, 
0.02198079796084467, 0.02161272017420225, 0.02124914503469161, 
0.02089004527243038, 0.02053539340136047, 0.02018516172376551, 
0.01983932233483367, 0.01949784712726456, 0.01916070779591922, 
0.0188278758425116, 0.01849932258034064, 0.01817501913906135, 
0.01785493646949377, 0.01753904534846838, 0.01722731638370662, 
0.01691972001873524, 0.01661622653783289, 0.01631680607100776, 
0.01602142859900472, 0.0157300639583405, 0.01544268184636552, 
0.01515925182635083, 0.01487974333259872, 0.01460412567557542, 
0.01433236804706444, 0.01406443952533893, 0.01380030908035161, 
0.01353994557894062, 0.0132833177900497, 0.01303039438996125, 
0.01278114396754049, 0.01253553502948923, 0.01229353600560761, 
0.01205511525406215, 0.01182024106665854, 0.01158888167411744, 
0.01136100525135172, 0.0111365799227435, 0.0109155737674192, 
0.01069795482452114, 0.01048369109847388, 0.01027275056424364, 
0.01006510117258924, 0.009860710855302772, 0.009659547530438405, 
0.009461579107527665, 0.009266773492779462, 0.009075098594263266, 
0.008886522327073753, 0.00870101261847526, 0.008518537413024415, 
0.008339064677669293, 0.008162562406823469, 0.007988998627413336, 
0.007818341403897079, 0.007650558843253694, 0.007485619099940455, 
0.007323490380817239, 0.007164140950036152, 0.007007539133894875, 
0.006853653325652211, 0.006702451990304268, 0.0065539036693198, 
0.006407976985333182, 0.00626464064679355, 0.006123863452568645, 
0.005985614296501903, 0.005849862171921395, 0.005716576176099183, 
0.005585725514659745, 0.005457279505936076, 0.005331207585272157, 
0.005207479309270473, 0.005086064359983283, 0.004966932549046401, 
0.004850053821754229, 0.004735398261074864, 0.004622936091604068, 
0.00451263768345697, 0.004404473556096374, 0.004298414382096571, 
0.004194430990841603, 0.004092494372156943, 0.003992575679873585, 
0.003894646235323591, 0.003798677530766141, 0.003704641232743201, 
0.003612509185363929, 0.003522253413516995, 0.003433846126010003, 
0.003347259718635267, 0.003262466777161201, 0.003179440080248636, 
0.003098152602291415, 0.00301857751618063, 0.002940688195991943, 
0.00286445821959543, 0.002789861371187448, 0.002716871643744068, 
0.002645463241395625, 0.002575610581722014, 0.00250728829796837, 
0.002440471241180826, 0.002375134482262069, 0.002311253313946472, 
0.002248803252694592, 0.002187760040506894, 0.00212809964665658, 
0.002069798269341444, 0.00201283233725472, 0.00195717851107493, 
0.001902813684874766, 0.001849714987449096, 0.001797859783562208, 
0.001747225675114455, 0.001697790502228507, 0.001649532344255427, 
0.001602429520700868, 0.001556460592071696, 0.001511604360643379, 
0.001467839871148557, 0.001425146411387184, 0.001383503512758737, 
0.001342890950716968, 0.001303288745147739, 0.001264677160670517, 
0.001227036706864118, 0.001190348138417357, 0.001154592455205259, 
0.001119750902291544, 0.001085804969858126, 0.001052736393062394, 
0.001020527151823071, 9.891594705354933E-4, 9.586158177171618E-4, 
9.288789055844628E-4, 8.999316895614772E-4, 8.717573677218234E-4, 
8.443393801645111E-4, 8.176614083248067E-4, 7.917073742211348E-4, 
7.664614396390701E-4, 7.419080052534928E-4, 7.180317096900057E-4, 
6.948174285267341E-4, 6.722502732376494E-4, 6.503155900785783E-4, 
6.289989589170792E-4, 6.082861920073853E-4, 5.881633327116326E-4, 
5.686166541686058E-4, 5.496326579112538E-4, 5.311980724342381E-4, 
5.132998517127933E-4, 4.959251736741916E-4, 4.790614386231135E-4, 
4.626962676222403E-4, 4.468175008293925E-4, 4.314131957925463E-4, 
4.164716257040705E-4, 4.019812776155324E-4, 3.879308506144248E-4, 
3.74309253964177E-4, 3.611056052088091E-4, 3.483092282435995E-4, 
3.359096513531323E-4, 3.238966052180949E-4, 3.122600208921955E-4, 
3.0099002775057E-4, 2.900769514110458E-4, 2.795113116296263E-4, 
2.692838201715593E-4, 2.593853786593433E-4, 2.49807076399026E-4, 
2.405401881861376E-4, 2.315761720925983E-4, 2.229066672359284E-4, 
2.145234915320836E-4, 2.064186394332254E-4, 1.985842796517271E-4, 
1.910127528717062E-4, 1.836965694493579E-4, 1.766284071033557E-4, 
1.698011085965695E-4, 1.632076794103357E-4, 1.56841285412502E-4, 
1.506952505204514E-4, 1.447630543602933E-4, 1.390383299233949E-4, 
1.335148612214048E-4, 1.281865809409055E-4, 1.230475680988108E-4, 
1.180920456996049E-4, 1.133143783955005E-4, 1.087090701505723E-4, 
1.042707619099E-4, 9.999422927473737E-5, 9.587438018469591E-5, 
9.190625260791558E-5, 8.808501224016785E-5, 8.44059502138153E-5, 
8.086448081752832E-5, 7.745613922763529E-5, 7.4176579251959E-5, 
7.102157108696769E-5, 6.798699908904459E-5, 6.506885956065518E-5, 
6.226325855216636E-5, 5.956640968004699E-5, 5.697463196215381E-5, 
5.448434767078153E-5, 5.209208020413081E-5, 4.979445197682203E-5, 
4.75881823300577E-5, 4.547008546201069E-5, 4.343706837899025E-5, 
4.148612886791213E-5, 3.961435349057428E-5, 3.781891560021379E-5, 
3.609707338079632E-5, 3.444616790946367E-5, 3.286362124254077E-5, 
3.134693452547862E-5, 2.98936861270851E-5, 2.850152979837172E-5, 
2.716819285631995E-5, 2.589147439284758E-5, 2.466924350923152E-5, 
2.349943757622088E-5, 2.238006052005082E-5, 2.130918113454548E-5, 
2.02849314194761E-5, 1.930550494531821E-5, 1.836915524453107E-5, 
1.747419422946066E-5, 1.661899063694743E-5, 1.580196849969957E-5, 
1.502160564447259E-5, 1.427643221707696E-5, 1.35650292342161E-5, 
1.2886027162139E-5, 1.223810452207347E-5, 1.161998652238829E-5, 
1.103044371741592E-5, 1.046829069285027E-5, 9.932384777618314E-6, 
9.42162478210851E-6, 8.934949762623994E-6, 8.471337811913772E-6, 
8.029804875621145E-6, 7.609403594474949E-6, 7.209222172036134E-6, 
6.828383267799623E-6, 6.46604291543935E-6, 6.121389465972857E-6, 
5.793642555610754E-6, 5.482052098045909E-6, 5.18589730092717E-6, 
4.904485706252965E-6, 4.637152254411151E-6, 4.383258371582941E-6, 
4.142191080220842E-6, 3.913362132302954E-6, 3.696207165059037E-6, 
3.490184878857194E-6, 3.294776236934005E-6, 3.10948368664532E-6, 
2.933830401909857E-6, 2.767359546513055E-6, 2.609633557934434E-6, 
2.460233451357931E-6, 2.318758143521354E-6, 2.18482379605815E-6, 
2.058063177982206E-6, 1.938125046964255E-6, 1.8246735490468E-6, 
1.717387636443076E-6, 1.615960503064681E-6, 1.520099037421868E-6, 
1.429523292540255E-6, 1.343965972537852E-6, 1.263171935506674E-6, 
1.18689771234402E-6, 1.114911041179516E-6, 1.046990417045412E-6, 
9.829246564392506E-7, 9.2251247642994E-7, 8.655620879604749E-7, 
8.118908030029594E-7, 7.613246552242799E-7, 7.136980338236819E-7, 
6.688533302066307E-7, 6.266405971626734E-7, 5.869172202185521E-7, 
5.495476008415363E-7, 5.144028511718327E-7, 4.813604999669925E-7, 
4.503042094454429E-7, 4.21123502720622E-7, 3.93713501521688E-7, 
3.679746739013734E-7, 3.438125916362836E-7, 3.211376970297581E-7, 
2.998650788323301E-7, 2.799142569998219E-7, 2.612089760141874E-7, 
2.436770064973521E-7, 2.272499548535014E-7, 2.118630806805125E-7, 
1.97455121696508E-7, 1.839681259328347E-7, 1.713472909501053E-7, 
1.595408098393078E-7, 1.484997237753517E-7, 1.381777808957956E-7, 
1.285313012828669E-7, 1.195190478322449E-7, 1.111021027974181E-7, 
1.032437498037481E-7, 9.590936113166053E-8, 8.906629007364756E-8, 
8.268376817497871E-8, 7.67328071732E-8, 7.118610545662596E-8, 
6.601795886710744E-8, 6.120417567737823E-8, 5.672199557824378E-8, 
5.255001251577272E-8, 4.866810122348157E-8, 4.50573472992637E-8, 
4.169998068150084E-8, 3.857931238340802E-8, 3.567967434919707E-8, 
3.298636230009882E-8, 3.048558144265705E-8, 2.816439491599682E-8, 
2.601067485897421E-8, 2.4013055982233E-8, 2.216089153422425E-8, 
2.044421155418758E-8, 1.885368330894572E-8, 1.738057381412788E-8, 
1.601671434411056E-8, 1.475446683854731E-8, 1.358669211685172E-8, 
1.250671981539911E-8, 1.150831996552464E-8, 1.058567613361633E-8, 
9.733360047733841E-9, 8.946307638226227E-9, 8.219796422776417E-9, 
7.549424169166734E-9, 6.93108877183958E-9, 6.360969281021471E-9, 
5.835508025787682E-9, 5.351393774970307E-9, 4.905545882255423E-9, 
4.495099364176795E-9, 4.117390861995338E-9, 3.769945440656765E-9, 
3.450464180145993E-9, 3.156812516607352E-9, 2.887009292576015E-9, 
2.639216477569842E-9, 2.411729522123691E-9, 2.202968310111643E-9, 
2.011468675898346E-9, 1.835874454490291E-9, 1.674930034423053E-9, 
1.527473384622992E-9, 1.392429527923325E-9, 1.268804435296529E-9, 
1.155679316189342E-9, 1.052205281615002E-9, 9.575983578713248E-10, 
8.711348299145662E-10, 7.921468945292907E-10, 7.200186044953941E-10, 
6.541820859665651E-10, 5.941140122414534E-10, 5.393323180312072E-10, 
4.893931392064075E-10, 4.43887963844297E-10, 4.024409811950834E-10, 
3.647066159454624E-10, 3.303672358798174E-10, 2.991310217262167E-10, 
2.707299886267504E-10, 2.449181492912701E-10, 2.214698094815564E-10, 
2.001779870306227E-10, 1.808529461305407E-10, 1.633208391230548E-10, 
1.474224485015525E-10, 1.330120222818076E-10, 1.199561963234666E-10, 
1.081329975855665E-10, 9.743092267853412E-11, 8.774808643312776E-11, 
7.89914355446416E-11, 7.107602266934397E-11, 6.392433665049554E-11, 
5.746568483427137E-11, 5.163562370235278E-11, 4.637543429868212E-11, 
4.163163916368052E-11, 3.735555771087515E-11, 3.350289718910122E-11, 
3.003337656893645E-11, 2.691038087546453E-11, 2.410064366149457E-11, 
2.157395547660186E-11, 1.930289633839308E-11, 1.726259035379863E-11, 
1.543048077049683E-11, 1.378612386229176E-11, 1.23110001678898E-11, 
1.098834171051599E-11, 9.80297392662537E-12, 8.74117112601876E-12, 
7.790524393370499E-12, 6.939820922898074E-12, 6.178933854014312E-12, 
5.498721746645074E-12, 4.890936900795716E-12, 4.348141786216581E-12, 
3.863632904943906E-12, 3.431371462354173E-12, 3.045920271428393E-12, 
2.702386360424808E-12, 2.396368796336962E-12, 2.123911275588482E-12, 
1.881459069593339E-12, 1.665819946285498E-12, 1.474128719678221E-12, 
1.303815108123233E-12, 1.152574608365485E-12, 1.018342116882534E-12, 
8.992680525013522E-13, 7.936967550334627E-13, 7.001469537872029E-13, 
6.172941174209555E-13, 5.439545128033203E-13, 4.790708154481148E-13, 
4.216991277897902E-13, 3.709972741479574E-13, 3.262142527818435E-13, 
2.866807360346166E-13, 2.518005192862601E-13, 2.210428283396775E-13, 
1.939354030208901E-13, 1.700582822390582E-13, 1.490382225799553E-13, 
1.305436887479351E-13, 1.142803598731532E-13, 9.998710090626107E-14, 
8.743235307218966E-14, 7.641090168521194E-14, 6.674098357367473E-14, 
5.826169995645401E-14, 5.083070388374552E-14, 4.432213432941089E-14, 
3.862477172581898E-14, 3.364039218805349E-14, 2.928229990378483E-14, 
2.547401918761832E-14, 2.214812953235676E-14, 1.924522865092306E-14, 
1.671301000689952E-14, 1.450544269272815E-14, 1.258204274539842E-14, 
1.090722610167776E-14, 9.449734399376493E-15, 8.182125737639219E-15, 
7.080323326828809E-15, 6.123215695457125E-15, 5.292302785343049E-15, 
4.571382863611632E-15, 3.946275717553513E-15, 3.404578081451102E-15, 
2.935447678448346E-15, 2.52941265012756E-15, 2.178203495964911E-15, 
1.874604958178133E-15, 1.612325568209226E-15, 1.385882822425729E-15, 
1.190502179501004E-15, 1.0220282729966E-15, 8.768469123178586E-16, 
7.518166056186937E-16, 6.442084813562751E-16, 5.516536128151218E-16, 
4.720968636344899E-16, 4.037564736280112E-16, 3.450886942830893E-16, 
2.947568634432689E-16, 2.516043798662494E-16, 2.146311015638724E-16, 
1.829727479226249E-16, 1.558829353414003E-16, 1.327175201962109E-16, 
1.129209619670532E-16, 9.60144538938249E-17, 8.158559906192773E-17, 
6.927943679765915E-17, 5.879064807546652E-17, 4.985678965813349E-17, 
4.225242522352303E-17, 3.578403806002924E-17, 3.02856242891584E-17, 
2.561487822195458E-17, 2.164989257595654E-17, 1.828630604860028E-17, 
1.543483931930406E-17, 1.301916807606279E-17, 1.09740882576366E-17, 
9.243934479652564E-18, 7.781217669892744E-18, 6.545452361256311E-18, 
5.502147956921655E-18, 4.621941658778895E-18, 3.879853697041637E-18, 
3.254648068849486E-18, 2.728284233181747E-18, 2.285447159533707E-18, 
1.913144824677703E-18, 1.600363727221627E-18, 1.337774271528232E-18, 
1.117478985415747E-18, 9.327975014706877E-19, 7.780830686665871E-19, 
6.48566085861264E-19, 5.402207761455201E-19, 4.49651663630237E-19, 
3.739969831842555E-19, 3.108465585672288E-19, 2.581720338030091E-19, 
2.142676438918827E-19, 1.776999704975739E-19, 1.472653516698255E-19, 
1.219538068503233E-19, 1.009185035969799E-19, 8.344993433092785E-20, 
6.895409315777919E-20, 5.693404721150408E-20, 4.69743864175767E-20, 
3.872811215160042E-20, 3.190559077979237E-20, 2.626525406392927E-20, 
2.16057762391283E-20, 1.775949838763859E-20, 1.458690553547838E-20, 
1.19719915527207E-20, 9.81837218410946E-21, 8.046028012376337E-21, 
6.588577410364612E-21, 5.390995040630962E-21, 4.407704616524503E-21, 
3.600985793116709E-21, 2.939644506388224E-21, 2.39790407861934E-21, 
1.954481174049364E-21, 1.591816407027139E-21, 1.295434233390033E-21, 
1.053410829717377E-21, 8.559320994837557E-22, 6.949268379727796E-22, 
5.637625224626126E-22, 4.569932415172258E-22, 3.701509973888261E-22, 
2.995730596197681E-22, 2.422592592178302E-22, 1.957541279379337E-22, 
1.580496372721844E-22, 1.275050029725371E-22, 1.027806154789901E-22, 
8.278365321738395E-23, 6.662335014967296E-23, 5.357423450711162E-23, 
4.304594351139246E-23, 3.455845850986952E-23, 2.772180423485377E-23, 
2.22194214906079E-23, 1.779456005144222E-23, 1.42391525941856E-23, 
1.138472500238535E-23, 9.09497664274036E-24, 7.259728964051844E-24, 
5.789994291743075E-24, 4.613960894560783E-24, 3.673726874921829E-24, 
2.922645505274563E-24, 2.323169402236241E-24, 1.84510131472635E-24, 
1.464176063208636E-24, 1.160911936345123E-24, 9.196811527616232E-25, 
7.279582632259561E-25, 5.757129615394153E-25, 4.549199878440303E-25, 
3.591638912121838E-25, 2.833205718180114E-25, 2.233009136762525E-25, 
1.758445844395305E-25, 1.383543322942104E-25, 1.087629446920935E-25, 
8.542652598800089E-26, 6.703896380001484E-26, 5.256343854765864E-26, 
4.117762932568016E-26, 3.222991655344192E-26, 2.520440592562952E-26, 
1.969302213529523E-26, 1.537326346242759E-26, 1.199048496341872E-26, 
9.343801157546436E-27, 7.274878957588396E-27, 5.659036403079181E-27, 
4.398179244178358E-27, 3.415201043051899E-27, 2.649547627694925E-27, 
2.053707029907773E-27, 1.590434361249247E-27, 1.230559769799446E-27, 
9.512585675554597E-28, 7.346873490499297E-28, 5.669096661967805E-28, 
4.370505728126578E-28, 3.366319014897043E-28, 2.590501258620615E-28, 
1.991666069728814E-28, 1.529863358376113E-28, 1.174062959135237E-28, 
9.001854361391187E-29, 6.895625386223255E-29, 5.277347004597011E-29, 
4.035126856295728E-29, 3.082460507513122E-29, 2.352533833066666E-29, 
1.793789621644466E-29, 1.366481180658862E-29, 1.039995766640066E-29, 
7.907778742954734E-30, 6.007194924493814E-30, 4.559135241401583E-30, 
3.456893689460711E-30, 2.618675198853778E-30, 1.981839943178945E-30, 
1.498463336743657E-30, 1.131914288749978E-30, 8.542207515057118E-31, 
6.440433911152329E-31, 4.851185239936526E-31, 3.650628127812929E-31, 
2.744565699001206E-31, 2.061414181722627E-31, 1.546827120575334E-31, 
1.159584730578014E-31, 8.684537484715374E-32, 6.497910189167433E-32, 
4.857164708922676E-32, 3.627215749725823E-32, 2.706105327566113E-32, 
2.01695438573281E-32, 1.501851025713366E-32, 1.117213983363889E-32, 
8.302787675949329E-33, 6.164372868578939E-33, 4.572256738548768E-33, 
3.388039007080618E-33, 2.508081405071151E-33, 1.854853614482663E-33, 
1.370414026610205E-33, 1.011503644432493E-33, 7.458576956049152E-34, 
5.494355205301795E-34, 4.043422254470443E-34, 2.972709315474426E-34, 
2.183364043530671E-34, 1.602026186695719E-34, 1.174308496078001E-34, 
8.599304410377124E-35, 6.290893997933257E-35, 4.59757409212703E-35, 
3.356694650262756E-35, 2.448279946196072E-35, 1.783922022736817E-35, 
1.298540888110107E-35, 9.442778095187317E-36, 6.859741618027692E-36, 
4.978276122129699E-36, 3.609216131469545E-36, 2.614020101087511E-36, 
1.891326573476623E-36, 1.367052342032654E-36, 9.87107000922275E-37, 
7.120381260598914E-37, 5.130995747088901E-37, 3.69367701722552E-37, 
2.65628400533307E-37, 1.90830549423585E-37, 1.369552162871859E-37, 
9.818972069786847E-38, 7.03249982834931E-38, 5.03163569507364E-38, 
3.596366151650618E-38, 2.56787199342122E-38, 1.831627290736538E-38, 
1.305132548272226E-38, 9.290207912502425E-39, 6.606159696932961E-39, 
4.692724436805275E-39, 3.330066606920952E-39, 2.360653302475021E-39, 
1.671715858103019E-39, 1.182614576899442E-39, 8.357455229710687E-40, 
5.900033985125779E-40, 4.160870068722084E-40, 2.931315403376218E-40, 
2.062952716548021E-40, 1.450320227516957E-40, 1.018558609486136E-40, 
7.145871831707152E-41, 5.008078100192213E-41, 3.506172141695119E-41, 
2.452117358832824E-41, 1.713147486839835E-41, 1.195620504726738E-41, 
8.335596329538865E-42, 5.805295611467534E-42, 4.038833768951006E-42, 
2.806927715775015E-42, 1.948721292882765E-42, 1.351484690703443E-42, 
9.363001230242299E-43, 6.479794571518285E-43, 4.479703445230539E-43, 
3.093704506156931E-43, 2.134271211870789E-43, 1.470825915455563E-43, 
1.012543092254454E-43, 6.963154343155566E-44, 4.783419707199172E-44, 
3.28254445428369E-44, 2.250205136650625E-44, 1.540893725796405E-44, 
1.054052054526123E-44, 7.202610864905465E-45, 4.916500567984735E-45, 
3.352433865018424E-45, 2.283505531914716E-45, 1.553750874887544E-45, 
1.056082691330918E-45, 7.170533033102494E-46, 4.863419109804074E-46, 
3.295098954587254E-46, 2.230136820498935E-46, 1.50775444337707E-46, 
1.018276153631946E-46, 6.869674638962413E-47, 4.629586460702466E-47, 
3.116617237135504E-47, 2.095848007564036E-47, 1.407897250776156E-47, 
9.447498217543738E-48, 6.332820570535643E-48, 4.240449409139106E-48, 
2.836356166090678E-48, 1.895150319184373E-48, 1.26491233901178E-48, 
8.43355959699775E-49, 5.616878005060965E-49, 3.73690893825373E-49, 
2.483495409816205E-49, 1.648721911132444E-49, 1.093363428608507E-49, 
7.242936083033034E-50, 4.79289189926995E-50, 3.168205829399117E-50, 
2.092000697999624E-50, 1.379884882524787E-50, 9.091936695654697E-51, 
5.984148884157177E-51, 3.934420270887883E-51, 2.583993501547914E-51, 
1.695252283046895E-51, 1.110988236838501E-51, 7.273052801192844E-52, 
4.756156522760334E-52, 3.106902482142026E-52, 2.02736135528026E-52, 
1.321498708689003E-52, 8.604672483295332E-53, 5.596724886939479E-53, 
3.636349215291136E-53, 2.360093567638707E-53, 1.530117844933053E-53, 
9.909519011169688E-54, 6.410801458556984E-54, 4.142897250612258E-54, 
2.674410776526665E-54, 1.72458347052721E-54, 1.110893750982973E-54, 
7.148140457227655E-55, 4.59458126097456E-55, 2.950062141461986E-55, 
1.892120659299547E-55, 1.212269004671604E-55, 7.758571472275165E-56, 
4.960177358061764E-56, 3.167709990112271E-56, 2.020814684764995E-56, 
1.287776613934825E-56, 8.197617657095131E-57, 5.2127629828105E-57, 
3.311171043336177E-57, 2.101012791911394E-57, 1.331709063061393E-57, 
8.431866678561437E-58, 5.33300472684499E-58, 3.369412782625124E-58, 
2.126525717981993E-58, 1.340668458932181E-58, 8.443191621638828E-59, 
5.311614833152633E-59, 3.337961781553532E-59, 2.095420490341181E-59, 
1.314002666550578E-59, 8.231078394439261E-60, 5.150541185501357E-60, 
3.219473351534711E-60, 2.010262930241928E-60, 1.253883460548312E-60, 
7.812643187988929E-61, 4.862678371417848E-61, 3.023361494772886E-61, 
1.877767555432678E-61, 1.165013759622177E-61, 7.220345912140594E-62, 
4.470158686470997E-62, 2.764560700278873E-62, 1.707921262170355E-62, 
1.054018816178915E-62, 6.497824388142838E-63, 4.001538061362784E-63, 
2.461646038679081E-63, 1.512739791626552E-63, 9.286309067711016E-64, 
5.694592161881381E-64, 3.488373869810905E-64, 2.134640045712409E-64, 
1.304871776403834E-64, 7.968065840129055E-65, 4.860491865684474E-65, 
2.961761629025998E-65, 1.80286376140091E-65, 1.096273704125349E-65, 
6.659148910502203E-66, 4.040754493456765E-66, 2.449348503159534E-66, 
1.483144474866025E-66, 8.971425886901707E-67, 5.421070025559274E-67, 
3.27231031886601E-67, 1.973196180786537E-67, 1.18859192129024E-67, 
7.152245524380173E-68, 4.299318328480331E-68, 2.581693945598467E-68, 
1.548667918282365E-68, 9.280271212504204E-69, 5.555361077593654E-69, 
3.322106964182214E-69, 1.98456383853694E-69, 1.18431472296526E-69, 
7.060252465784584E-70, 4.204601518917564E-70, 2.501390114046043E-70, 
1.486587444805851E-70, 8.825766087679165E-71, 5.234410362322735E-71, 
3.10125164981537E-71, 1.835526366725754E-71, 1.085273302756232E-71, 
6.410220748876385E-72, 3.782358852220399E-72, 2.229507120671944E-72, 
1.312840303639983E-72, 7.722756850121067E-73, 4.538274590016235E-73, 
2.664205094738307E-73, 1.562440724295432E-73, 9.153748900561889E-74, 
5.357405661364099E-74, 3.132353079153865E-74, 1.829565996990585E-74, 
1.067547481470753E-74, 6.222839959653771E-75, 3.623705882273152E-75, 
2.108048984622568E-75, 1.225102649531999E-75, 7.112607820073153E-76, 
4.125251527966149E-76, 2.39021947314837E-76, 1.383539284607323E-76, 
8.000408739511263E-77, 4.621685864319459E-77, 2.66720774592273E-77, 
1.537736940395533E-77, 8.856796138489589E-78, 5.096139004038561E-78, 
2.92938545763398E-78, 1.682220971184474E-78, 9.65075878862391E-79, 
5.531111471710907E-79, 3.166915914535382E-79, 1.811483857433107E-79, 
1.035158531684511E-79, 5.909549525205018E-80, 3.370370584535571E-80, 
1.920336614354868E-80, 1.093085567268034E-80, 6.215967217640532E-81, 
3.531357608680582E-81, 2.004258742299155E-81, 1.13643776065717E-81, 
6.437511069082562E-82, 3.643103183598977E-82, 2.059713401615296E-82, 
1.163388189535882E-82, 6.56486404527378E-83, 3.700928996184551E-83, 
2.084396832067936E-83, 1.172830896807902E-83, 6.592899358641444E-84, 
3.702578395481791E-84, 2.077397315272143E-84, 1.164455986320834E-84, 
6.521019866961057E-85, 3.648359540336194E-85, 2.039248409079725E-85, 
1.138764087013164E-85, 6.353152204699951E-86, 3.541093274868138E-86, 
1.971872484280846E-86, 1.097019605075678E-86, 6.097401653843569E-87, 
3.385874267583016E-87, 1.878422208280685E-87, 1.041148617728704E-87, 
5.765409088424E-88, 3.189673169320945E-88, 1.763037975306588E-88, 
9.735927832281205E-89, 5.371480429317654E-89, 2.960822690743943E-89, 
1.630547049988164E-89, 8.971345567656052E-90, 4.931578366572081E-90, 
2.708439781208925E-90, 1.486134490596224E-90, 8.147108912615002E-91, 
4.462273725623007E-91, 2.441838682599984E-91, 1.335016431157903E-91, 
7.292323684328006E-92, 3.979749681670768E-92, 2.169985735691511E-92, 
1.18214327892042E-92, 6.434225640250881E-93, 3.498937666306321E-93, 
1.901037540910868E-93, 1.031954555015316E-93, 5.596888663008865E-94, 
3.032842144105997E-94, 1.641991171121739E-94, 8.881995175955709E-95, 
4.800315542842155E-95, 2.592086039255053E-95, 1.398460652964085E-95, 
7.538295227199148E-96, 4.05993355953624E-96, 2.184683099958385E-96, 
1.174579877208302E-96, 6.309603898021292E-97, 3.386475350520271E-97, 
1.816021042390088E-97, 9.730201250640273E-98, 5.208967096160798E-98, 
2.786192428119182E-98, 1.489022166349444E-98, 7.951016252676779E-99, 
4.242056077807336E-99, 2.261326749417704E-99, 1.204437452459978E-99, 
6.409734900209653E-100, 3.408251532046043E-100, 1.810755590698494E-100, 
9.612260435069025E-101, 5.098349406980228E-101, 2.70192264157033E-101, 
1.430725608734683E-101, 7.569737067253575E-102, 4.001723912950246E-102, 
2.113762629775377E-102, 1.115601158391323E-102, 5.883099986901221E-103, 
3.099908820565576E-103, 1.632066738861759E-103, 8.585668182383493E-104, 
4.512927601850245E-104, 2.370236075098907E-104, 1.243869168841523E-104, 
6.52241694128016E-105, 3.417386184870931E-105, 1.789089653158292E-105, 
9.358873709358314E-106, 4.891808015782938E-106, 2.554879691052153E-106, 
1.33329924910475E-106, 6.952513567597512E-107, 3.622546641974792E-107, 
1.8860142000027E-107, 9.811505779560055E-108, 5.100197639466408E-108, 
2.649109362186205E-108, 1.374912983142743E-108, 7.130399899063644E-109, 
3.695020194689077E-109, 1.913308082667076E-109, 9.899632296996459E-110, 
5.118234701152741E-110, 2.64416902644812E-110, 1.364982308655048E-110, 
7.041003059500139E-111, 3.629214644935557E-111, 1.869228085853032E-111, 
9.620206028012779E-112, 4.947431518244095E-112, 2.542432693340967E-112, 
1.305552389829806E-112, 6.699080897691688E-113, 3.434892358154311E-113, 
1.759903865766824E-113, 9.010389723732516E-114, 4.60975598381978E-114, 
2.356638354646776E-114, 1.203897476554677E-114, 6.145660118642546E-115, 
3.134952449681473E-115, 1.598003320394944E-115, 8.139722719069627E-116, 
4.143121530005753E-116, 2.107331102946342E-116, 1.071089689497806E-116, 
5.44011113404467E-117, 2.761083182931663E-117, 1.400367135344971E-117, 
7.097345438206032E-118, 3.594533253076357E-118, 1.819208641775748E-118, 
9.200615288094601E-119, 4.649930942251427E-119, 2.348401333437069E-119, 
1.185209791237558E-119, 5.977452767477845E-120, 3.012562034324474E-120, 
1.517244876839957E-120, 7.636179149693255E-121, 3.840592216471687E-121, 
1.930291319059499E-121, 9.695071143853088E-122, 4.866128090303799E-122, 
2.440739202942182E-122, 1.223391421726323E-122, 6.12796969113359E-123, 
3.067438180096853E-123, 1.534419010130218E-123, 7.670469920777385E-124, 
3.831869665978439E-124, 1.912983175814691E-124, 9.543861812992575E-125, 
4.758286751531515E-125, 2.370781121107019E-125, 1.180449998218607E-125, 
5.873810367682446E-126, 2.920850578498565E-126, 1.451499047636072E-126, 
7.208469542668784E-127, 3.577578561179752E-127, 1.77441822824893E-127, 
8.795173278964963E-128, 4.356676448763618E-128, 2.156699371488586E-128, 
1.06696017344664E-128, 5.275115771214296E-129, 2.606404802652233E-129, 
1.287000509733797E-129, 6.351019472305116E-130, 3.132109496086934E-130, 
1.543689985499301E-130, 7.603504140709159E-131, 3.742819870533342E-131, 
1.841265411230554E-131, 9.052469705349352E-132, 4.447867785844104E-132, 
2.184095622195413E-132, 1.071833440157883E-132, 5.256778955691817E-133, 
2.576616422815352E-133, 1.262171441029973E-133, 6.179115772688654E-134, 
3.02325374360619E-134, 1.478304942074735E-134, 7.224295434827232E-135, 
3.528335570833891E-135, 1.722217741985106E-135, 8.401385239752088E-136, 
4.095993672724309E-136, 1.995786420099269E-136, 9.718877943151033E-137, 
4.730056628193321E-137, 2.300729533218415E-137, 1.118445112018876E-137, 
5.433936145523337E-138, 2.638554053594263E-138, 1.28047154801196E-138, 
6.210509118074615E-139, 3.010500251017323E-139, 1.458495801667849E-139, 
7.061998279764664E-140, 3.417486405743362E-140, 1.652888668239524E-140, 
7.989854672443578E-141, 3.860054888703615E-141, 1.863838390708634E-141, 
8.994645399363283E-142, 4.338321251574951E-142, 2.091327669714378E-142, 
1.007595029496317E-142, 4.851928023634381E-143, 2.33511312172942E-143, 
1.123227117595229E-143, 5.400004908473798E-144, 2.594707964372635E-144, 
1.246095724146238E-144, 5.981137007432179E-145, 2.869368667136473E-145, 
1.375814995554016E-145, 6.593342566432537E-146, 3.158086235553912E-146, 
1.511875037404733E-146, 7.234061550027137E-147, 3.459582697958917E-147, 
1.65364113769774E-147, 7.900156094996615E-148, 3.772313238871847E-148, 
1.800355664930325E-148, 8.58792359278752E-149, 4.094474275320975E-149, 
1.951142753757019E-149, 9.2931228049834E-150, 4.424017606905307E-150, 
2.10501581194894E-150, 1.001101304069417E-150, 4.75867059288875E-151, 
2.260887798782207E-151, 1.073640603275343E-151, 5.095962126581548E-152, 
2.417584139881109E-152, 1.146372975559616E-152, 5.433253995623583E-153, 
2.573858060172197E-153, 1.218710304676458E-153, 5.767777043548188E-154, 
2.728408038206425E-154, 1.290041954101796E-154, 6.096671389960645E-155, 
2.879897014759308E-155, 1.359743911491282E-155, 6.417029830051839E-156, 
3.026972929104271E-156, 1.427188478277465E-156, 6.725943424385951E-157, 
3.168290110022417E-157, 1.491754279233019E-157, 7.020548211265065E-158, 
3.302531017275388E-158, 1.552836354740048E-158, 7.29807192951613E-159, 
3.428427814121689E-159, 1.609856094050312E-159, 7.555879630891348E-160, 
3.544783253029472E-160, 1.662270771137683E-160, 7.79151708858165E-161, 
3.650490374877903E-161, 1.709582455657378E-161, 8.002750970326181E-162, 
3.744550555830275E-162, 1.751346089560355E-162, 8.187604838607846E-163, 
3.826089484277677E-163, 1.787176544315937E-163, 8.344390162591398E-164, 
3.894370710830728E-164, 1.816754503488046E-164, 8.471731671911184E-165, 
3.948806484883371E-165, 1.839831049423313E-165, 8.568586545505315E-166, 
3.988965669075478E-166, 1.856230869748242E-166, 8.634257103278143E-167, 
4.014578605139505E-167, 1.865854037875585E-167, 8.668396848089138E-168, 
4.025538888172048E-168, 1.868676360417946E-168, 8.671009884108554E-169, 
4.021902088433295E-169, 1.864748321980811E-169, 8.642443908961373E-170, 
4.003881537641375E-170, 1.854192693041701E-170, 8.583377135864143E-171, 
3.971841367976679E-171, 1.837200898448528E-171, 8.494799643451974E-172, 
3.92628705459716E-172, 1.814028271602697E-172, 8.37798977139403E-173, 
3.8678537647741E-173, 1.784988341952693E-173, 8.234486276395613E-174, 
3.797292857644448E-174, 1.750446320555453E-174, 8.066057034013314E-175, 
3.715456907380752E-175, 1.710811959934061E-175, 7.874665116134898E-176, 
3.623283639120235E-176, 1.666531970258093E-176, 7.662433092260537E-177, 
3.521779171538642E-177, 1.6180821741868E-177, 7.431606396037318E-178, 
3.412000953174669E-178, 1.565959577914523E-178, 7.184516568808675E-179, 
3.295040762527168E-179, 1.510674526562621E-179, 6.923545141859931E-180, 
3.172008115859183E-180, 1.452743098711456E-180, 6.651088851683491E-181, 
3.044014393055111E-181, 1.392679878282338E-181, 6.36952680139966E-182, 
2.912157952425405E-182, 1.330991222934224E-182, 6.08119009007419E-183, 
2.77751046172943E-183, 1.268169127420678E-183, 5.78833433371577E-184, 
2.64110462657216E-184, 1.204685758730641E-184, 5.493115400745523E-185, 
2.503923450331629E-185, 1.140988718041408E-185, 5.197568584000823E-186, 
2.366891113374456E-186, 1.077497063208134E-186, 4.90359133383191E-187, 
2.230865514832518E-187, 1.014598105283096E-187, 4.612929585131055E-188, 
2.096632478765041E-188, 9.52644973887144E-189, 4.32716762730697E-189, 
1.964901589021203E-189, 8.919549295304243E-190, 4.047721391908828E-190, 
1.836303584229213E-190, 8.328083864806835E-191, 3.775834968959043E-191, 
1.71138921652627E-191, 7.754485976839876E-192, 3.512580110748262E-192, 
1.590629455154324E-192, 7.20081943636653E-193, 3.258858441120138E-193, 
1.47441689892751E-193, 6.668787599827652E-194, 3.015406058974941E-194, 
1.363068249702373E-194, 6.15974633886054E-195, 2.782800206359196E-195, 
1.256827692077345E-195, 5.674720967506504E-196, 2.561467663312308E-196, 
1.155871022218636E-196, 5.21442640443568E-197, 2.351694532622265E-197, 
1.060310370469715E-197, 4.779289855657977E-198, 2.153637086656299E-198, 
9.701993677016105E-199, 4.369475332667854E-199, 1.967333364237319E-199, 
8.855386136158244E-200, 3.984909363239408E-200, 1.792715226848712E-200, 
8.062813158230964E-201, 3.625307304377436E-201, 1.629620608990013E-201, 
7.323389809014374E-202, 3.290199726543586E-202, 1.477805726042431E-202, 
6.63587052224914E-203, 2.978958402669046E-203, 1.336957033384616E-203, 
5.998704036314253E-204, 2.690821502303124E-204, 1.206702761680375E-204, 
5.410086124965155E-205, 2.424917658454018E-205, 1.086623884320201E-205, 
4.868009500941844E-206, 2.180288640462534E-206, 9.762644031521204E-207, 
4.370310409116496E-207, 1.955910429120153E-207, 8.75140867238885E-208, 
3.914711555652099E-208, 1.750712549009882E-208, 7.827510659218829E-209, 
3.498861139248318E-209, 1.563595566814873E-209, 6.985818615845863E-210, 
3.120367858427023E-210, 1.393446712484694E-210, 6.221161489419023E-211, 
2.776831863987027E-211, 1.23915362230259E-211, 5.528389463009228E-212, 
2.465871707766928E-212, 1.099616238912771E-212, 4.902426400066215E-213, 
2.185147407664269E-213, 9.737569332898988E-214, 4.338314162504153E-214, 
1.932379804802801E-214, 8.605289376683453E-215, 3.831249246965564E-215, 
1.705366432449165E-215, 7.589231969284823E-216, 3.376612261415927E-216, 
1.501994148616069E-216, 6.679737592892796E-217, 2.969990818761925E-217, 
1.320248806277068E-217, 5.867618358765962E-218, 2.607196458042621E-218, 
1.158222247891583E-218, 5.144186633617938E-219, 2.284276219447578E-219, 
1.014116915686809E-219, 4.501273049515813E-220, 1.997519499557658E-220, 
8.862483670666188E-221, 3.931235231125158E-221, 1.743460800341704E-221, 
7.73045976792227E-222, 3.426958530710759E-222, 1.518878962036943E-222, 
6.730520953266965E-223, 2.981849998523419E-223, 1.320793438403185E-223, 
5.84919917000249E-224, 2.58982673878392E-224, 1.146458135091626E-224, 
5.074102933878127E-225, 2.245299713679917E-225, 9.933532899138103E-226, 
4.393877073438338E-226, 1.943153963397626E-226, 8.591758293108613E-227, 
3.798156022535648E-227, 1.678726112490872E-227, 7.418285897484497E-228, 
3.277512398676776E-228, 1.447779934616402E-228, 6.394087473091133E-229, 
2.823402391147189E-229, 1.246480651121205E-229, 5.501957544083746E-230, 
2.428109279593235E-230, 1.071368545981802E-230, 4.726390401054227E-231, 
2.084686210253212E-231, 9.193323915723204E-232, 4.053456905040295E-232, 
1.786899175789465E-232, 7.875830977024003E-233, 3.470682886662928E-233, 
1.529170977398324E-233, 6.736279210070848E-234, 2.966930595636445E-234, 
1.306526795622076E-234, 5.752455034888043E-235, 2.532284350117878E-235, 
1.114541859556792E-235, 4.904619479616707E-236, 2.157941263176873E-236, 
9.492915829777652E-237, 4.175280842849112E-237, 1.836107684593385E-237, 
8.073044299519962E-238, 3.548980333889299E-238, 1.559901789059827E-238, 
6.855176811435098E-239, 3.012091358638899E-239, 1.323262564987386E-239, 
5.812361943929852E-240, 2.552632778757244E-240, 1.120865309428248E-240, 
4.920941882652981E-241, 2.160096189148422E-241, 9.480436118136516E-242, 
4.160200240069574E-242, 1.825287028479237E-242, 8.00717709820212E-243, 
3.512039185900636E-243, 1.540179153957413E-243, 6.753290222118384E-244, 
2.960684880792082E-244, 1.297782369626787E-244, 5.687806034831428E-245, 
2.49241995301967E-245, 1.092022291728557E-245, 4.783832211536484E-246, 
2.095341576359304E-246, 9.176318602345583E-247, 4.018067263544081E-247, 
1.759143586116015E-247, 7.700537577912815E-248, 3.370363697873089E-248, 
1.474921000118173E-248, 6.453529716947221E-249, 2.82333706273409E-249, 
1.234995283481514E-249, 5.401387272108629E-250, 2.362017301757748E-250, 
1.032758702232404E-250, 4.514950280342986E-251, 1.973538894088221E-251, 
8.62536144428856E-252, 3.76919058812899E-252, 1.64686636141157E-252, 
7.194628420676234E-253, 3.142667327282454E-253, 1.372551864538848E-253, 
5.99376497476631E-254, 2.617047017541965E-254, 1.142521780935773E-254, 
4.987223994998284E-255, 2.176681864148585E-255, 9.498893417968043E-256, 
4.14470203738862E-256, 1.808240239471411E-256, 7.887906055662677E-257, 
3.440411442287789E-257, 1.500383773536646E-257, 6.542412481903224E-258, 
2.852445385859938E-258, 1.243485917827616E-258, 5.420118539868949E-259, 
2.362225427889353E-259, 1.029387280986899E-259, 4.485195910187334E-260, 
1.954022037032919E-260, 8.511834571345443E-261, 3.707343483109749E-261, 
1.614539460060011E-261, 7.030414722169646E-262, 3.060975969955326E-262, 
1.332557143918681E-262, 5.800413573900589E-263, 2.52452411961576E-263, 
1.0986207124285E-263, 4.780397184199918E-264, 2.079832538531071E-264, 
9.047762391542227E-265, 3.935525049750824E-265, 1.711642627306371E-265, 
7.443422425966299E-266, 3.236544928257648E-266, 1.407149542091397E-266, 
6.11714458812499E-267, 2.658932753659644E-267, 1.155623364844127E-267, 
5.021990207074517E-268, 2.182158190276289E-268, 9.480858266655579E-269, 
4.118701942103281E-269, 1.789058709744828E-269, 7.770349771562837E-270, 
3.374492916855554E-270, 1.465307181045095E-270, 6.362111359894902E-271, 
2.762018050916211E-271, 1.198959852274829E-271, 5.203983071697529E-272, 
2.258501786746662E-272, 9.800732879727112E-273, 4.252559887576468E-273, 
1.844999766909144E-273, 8.003803231224947E-274, 3.471769783948135E-274, 
1.505774991357784E-274, 6.53016420087603E-275, 2.831673649759701E-275, 
1.227771610532103E-275, 5.322889829815053E-276, 2.307454163494045E-276, 
1.000171819506623E-276, 4.334832102462346E-277, 1.878565287910468E-277, 
8.140233426225699E-278, 3.526989646759284E-278, 1.528018026526979E-278, 
6.619267662646634E-279, 2.867139241500894E-279, 1.241781560996401E-279, 
5.37773517257689E-280, 2.328689583929027E-280, 1.008281908647908E-280, 
4.365266212309668E-281, 1.889722686607286E-281, 8.179828564941354E-282, 
3.54037532647786E-282, 1.532193389266977E-282, 6.630361894121669E-283, 
2.868933273711653E-283, 1.24126188473877E-283, 5.369901790830185E-284, 
2.322894089736968E-284, 1.004737954987371E-284, 4.345469754843492E-285, 
1.879236189054109E-285, 8.126188715655443E-286, 3.51360979131963E-286, 
1.519082736935154E-286, 6.567057041333551E-287, 2.83871500954768E-287, 
1.226971934417983E-287, 5.302851629699866E-288, 2.291640652748993E-288, 
9.902524732991554E-289, 4.27866131448146E-289, 1.848556042523187E-289, 
7.985833444340385E-290, 3.449617705507669E-290, 1.489995508191391E-290, 
6.435205163932382E-291, 2.779095420898291E-291, 1.200074804023057E-291, 
5.18175826275439E-292, 2.237227374191398E-292, 9.658449606015331E-293, 
4.16935813149968E-293, 1.799681464291356E-293, 7.767601135321803E-294, 
3.352302405880681E-294, 1.446653855338641E-294, 6.242397275046883E-295, 
2.693417529731933E-295, 1.162041475006761E-295, 5.0130889377726E-296, 
2.162495382150328E-296, 9.327626129736806E-297, 4.023031170455628E-297, 
1.735010680078127E-297, 7.481997468149753E-298, 3.226263029985025E-298, 
1.391069909833066E-298, 5.997431151540626E-299, 2.585525788991635E-299, 
1.114550940919007E-299, 4.804172301006552E-300, 2.070641846303295E-300, 
8.923994900165178E-301, 3.845755859470065E-301, 1.657190105987392E-301, 
7.140544514097634E-302, 3.076513751234405E-302, 1.325424740694095E-302, 
5.709789785161641E-303, 2.459541474041119E-303, 1.059393528720038E-303, 
4.562782476657863E-304, 1.965041136993118E-304, 8.462196545651373E-305, 
3.643881935879727E-305, 1.568972601747049E-305, 6.755172473215072E-306, 
2.908222891884833E-306, 1.251956514517336E-306, 5.389162172768197E-307, 
2.319657453823713E-307, 9.983830500822649E-308, 4.296763215335113E-308, 
1.849084101098955E-308, 7.95688477070644E-309, 3.42373997909633E-309, 
1.473092164816029E-309, 6.33768490812099E-310, 2.7264848176558E-310, 
1.1728632465833E-310, 5.0450289260295E-311, 2.1699617056639E-311, 
9.33281677419E-312, 4.01370828591E-312, 1.726042160795E-312, 
7.4221488024E-313, 3.1913960973E-313, 1.3721597931E-313, 5.8993169257E-314, 
2.5361325986E-314, 1.0902234127E-314, 4.686326056E-315, 2.01429501E-315, 
8.6573975E-316, 3.72070707E-316, 1.5989598E-316, 6.87106E-317, 2.9524609E-317, 
1.2685829E-317, 5.450396E-318, 2.341596E-318, 1.005939E-318, 4.3212E-319, 
1.85617E-319, 7.9729E-320, 3.4246E-320, 1.471E-320, 6.32E-321, 2.71E-321, 
1.168E-321, 5.0E-322, 2.1E-322, 9.0E-323, 4.0E-323, 2.0E-323, 9.0E-324, 
4.0E-324, 0.0, 0.0, 0.0, 0.0, 0.0, 0.0, 0.0, 0.0, 0.0, 0.0, 0.0, 0.0, 0.0, 
0.0, 0.0, 0.0, 0.0, 0.0, 0.0, 0.0, 0.0, 0.0, 0.0, 0.0, 0.0, 0.0, 0.0, 0.0, 
0.0, 0.0, 0.0, 0.0, 0.0, 0.0, 0.0, 0.0, 0.0, 0.0, 0.0, 0.0, 0.0, 0.0, 0.0, 
0.0, 0.0, 0.0, 0.0, 0.0, 0.0, 0.0, 0.0, 0.0, 0.0, 0.0, 0.0, 0.0, 0.0, 0.0, 
0.0, 0.0, 0.0, 0.0, 0.0, 0.0, 0.0, 0.0, 0.0, 0.0, 0.0, 0.0, 0.0, 0.0, 0.0, 
0.0, 0.0, 0.0, 0.0, 0.0, 0.0, 0.0, 0.0, 0.0, 0.0, 0.0, 0.0, 0.0, 0.0, 0.0, 
0.0, 0.0, 0.0, 0.0, 0.0, 0.0, 0.0, 0.0, 0.0, 0.0, 0.0, 0.0, 0.0, 0.0, 0.0, 
0.0, 0.0, 0.0, 0.0, 0.0, 0.0, 0.0, 0.0, 0.0, 0.0, 0.0, 0.0, 0.0, 0.0, 0.0, 
0.0, 0.0, 0.0, 0.0, 0.0, 0.0, 0.0, 0.0, 0.0, 0.0, 0.0, 0.0, 0.0, 0.0, 0.0, 
0.0, 0.0, 0.0, 0.0, 0.0, 0.0, 0.0, 0.0, 0.0, 0.0, 0.0, 0.0, 0.0, 0.0, 0.0, 
0.0, 0.0, 0.0, 0.0, 0.0, 0.0, 0.0, 0.0, 0.0, 0.0, 0.0, 0.0, 0.0, 0.0, 0.0, 
0.0, 0.0, 0.0, 0.0, 0.0, 0.0, 0.0, 0.0, 0.0, 0.0, 0.0, 0.0, 0.0, 0.0, 0.0, 
0.0, 0.0, 0.0, 0.0, 0.0, 0.0, 0.0, 0.0, 0.0, 0.0, 0.0, 0.0, 0.0, 0.0, 0.0, 
0.0, 0.0, 0.0, 0.0, 0.0, 0.0, 0.0, 0.0, 0.0, 0.0, 0.0, 0.0, 0.0, 0.0, 0.0, 
0.0, 0.0, 0.0, 0.0, 0.0, 0.0, 0.0, 0.0, 0.0, 0.0, 0.0, 0.0, 0.0, 0.0, 0.0, 
0.0, 0.0, 0.0, 0.0, 0.0, 0.0, 0.0, 0.0, 0.0, 0.0, 0.0, 0.0, 0.0, 0.0, 0.0, 
0.0, 0.0, 0.0, 0.0, 0.0, 0.0, 0.0, 0.0, 0.0, 0.0, 0.0, 0.0, 0.0, 0.0, 0.0, 
0.0, 0.0, 0.0, 0.0, 0.0, 0.0, 0.0, 0.0, 0.0, 0.0, 0.0, 0.0, 0.0, 0.0, 0.0, 
0.0, 0.0, 0.0, 0.0, 0.0, 0.0, 0.0, 0.0, 0.0, 0.0, 0.0, 0.0, 0.0, 0.0, 0.0, 
0.0, 0.0, 0.0, 0.0, 0.0, 0.0, 0.0, 0.0, 0.0, 0.0, 0.0, 0.0, 0.0, 0.0, 0.0, 
0.0, 0.0, 0.0, 0.0, 0.0, 0.0, 0.0, 0.0, 0.0, 0.0, 0.0, 0.0, 0.0, 0.0, 0.0, 
0.0, 0.0, 0.0, 0.0, 0.0, 0.0, 0.0, 0.0, 0.0, 0.0, 0.0, 0.0, 0.0, 0.0, 0.0, 
0.0, 0.0, 0.0, 0.0, 0.0, 0.0, 0.0, 0.0, 0.0, 0.0, 0.0, 0.0, 0.0, 0.0, 0.0, 
0.0, 0.0, 0.0, 0.0, 0.0, 0.0, 0.0, 0.0, 0.0, 0.0, 0.0, 0.0, 0.0, 0.0, 0.0, 
0.0, 0.0, 0.0, 0.0, 0.0, 0.0, 0.0, 0.0, 0.0, 0.0, 0.0, 0.0, 0.0, 0.0, 0.0, 
0.0, 0.0, 0.0, 0.0, 0.0, 0.0, 0.0, 0.0, 0.0, 0.0, 0.0, 0.0, 0.0, 0.0, 0.0, 
0.0, 0.0, 0.0, 0.0, 0.0, 0.0, 0.0, 0.0, 0.0, 0.0, 0.0, 0.0, 0.0, 0.0, 0.0, 
0.0, 0.0, 0.0, 0.0, 0.0, 0.0, 0.0, 0.0, 0.0, 0.0, 0.0, 0.0, 0.0, 0.0, 0.0, 
0.0, 0.0, 0.0, 0.0, 0.0, 0.0, 0.0, 0.0, 0.0, 0.0, 0.0, 0.0, 0.0, 0.0, 0.0, 
0.0, 0.0, 0.0, 0.0, 0.0, 0.0, 0.0, 0.0, 0.0, 0.0, 0.0, 0.0, 0.0, 0.0, 0.0, 
0.0, 0.0, 0.0, 0.0, 0.0, 0.0, 0.0, 0.0, 0.0, 0.0, 0.0, 0.0, 0.0, 0.0, 0.0, 
0.0, 0.0, 0.0, 0.0, 0.0, 0.0, 0.0, 0.0, 0.0, 0.0, 0.0, 0.0, 0.0, 0.0, 0.0, 
0.0, 0.0, 0.0, 0.0, 0.0, 0.0, 0.0, 0.0, 0.0, 0.0, 0.0, 0.0, 0.0, 0.0, 0.0, 
0.0, 0.0, 0.0, 0.0, 0.0, 0.0, 0.0, 0.0, 0.0, 0.0, 0.0, 0.0, 0.0, 0.0, 0.0, 
0.0, 0.0, 0.0, 0.0, 0.0, 0.0, 0.0, 0.0, 0.0, 0.0, 0.0, 0.0, 0.0, 0.0, 0.0, 
0.0, 0.0, 0.0, 0.0, 0.0, 0.0, 0.0, 0.0, 0.0, 0.0, 0.0, 0.0, 0.0, 0.0, 0.0, 
0.0, 0.0, 0.0, 0.0, 0.0, 0.0, 0.0, 0.0, 0.0, 0.0, 0.0, 0.0, 0.0, 0.0, 0.0, 
0.0, 0.0, 0.0, 0.0, 0.0, 0.0, 0.0, 0.0, 0.0, 0.0, 0.0, 0.0, 0.0, 0.0, 0.0, 
0.0, 0.0, 0.0, 0.0, 0.0, 0.0, 0.0, 0.0, 0.0, 0.0, 0.0, 0.0, 0.0, 0.0, 0.0, 
0.0, 0.0, 0.0, 0.0, 0.0, 0.0, 0.0, 0.0, 0.0, 0.0, 0.0, 0.0, 0.0, 0.0, 0.0, 
0.0, 0.0, 0.0, 0.0, 0.0, 0.0, 0.0, 0.0, 0.0, 0.0, 0.0, 0.0, 0.0, 0.0, 0.0, 
0.0, 0.0, 0.0, 0.0, 0.0, 0.0, 0.0, 0.0, 0.0, 0.0, 0.0, 0.0, 0.0, 0.0, 0.0, 
0.0, 0.0, 0.0, 0.0, 0.0, 0.0, 0.0, 0.0, 0.0, 0.0, 0.0]
(%i46) n_list:results_logistic[3]
(%o46) [1.47760074230199, 1.479993396012607, 1.482398029590874, 
1.48481470295198, 1.487243476310093, 1.489684410179847, 1.492137565377833, 
1.494603003024099, 1.497080784543656, 1.499570971667996, 1.50207362643661, 
1.504588811198519, 1.507116588613813, 1.509657021655194, 1.512210173609525, 
1.514776108079397, 1.517354888984691, 1.519946580564152, 1.522551247376981, 
1.525168954304412, 1.527799766551322, 1.530443749647835, 1.533100969450929, 
1.53577149214607, 1.538455384248831, 1.541152712606539, 1.543863544399915, 
1.546587947144732, 1.549325988693478, 1.552077737237019, 1.554843261306291, 
1.557622629773976, 1.560415911856202, 1.563223177114245, 1.566044495456242, 
1.568879937138913, 1.571729572769286, 1.574593473306438, 1.577471710063241, 
1.580364354708109, 1.583271479266772, 1.586193156124042, 1.589129458025593, 
1.592080458079752, 1.595046229759293, 1.598026846903251, 1.601022383718731, 
1.604032914782733, 1.607058515043991, 1.610099259824806, 1.613155224822908, 
1.616226486113308, 1.619313120150173, 1.622415203768701, 1.625532814187008, 
1.628666029008032, 1.631814926221434, 1.634979584205514, 1.638160081729136, 
1.641356497953663, 1.644568912434906, 1.647797405125069, 1.651042056374716, 
1.654302946934749, 1.657580157958379, 1.660873771003126, 1.664183868032823, 
1.667510531419619, 1.670853843946009, 1.674213888806858, 1.677590749611446, 
1.680984510385523, 1.684395255573361, 1.687823070039834, 1.691268039072492, 
1.694730248383659, 1.698209784112532, 1.701706732827292, 1.705221181527229, 
1.708753217644869, 1.712302929048127, 1.71587040404245, 1.719455731372988, 
1.723059000226768, 1.726680300234873, 1.730319721474647, 1.733977354471895, 
1.737653290203103, 1.741347620097668, 1.745060436040129, 1.748791830372426, 
1.752541895896161, 1.75631072587486, 1.760098414036268, 1.763905054574633, 
1.767730742153018, 1.771575571905615, 1.775439639440073, 1.779323040839837, 
1.783225872666499, 1.787148231962158, 1.791090216251796, 1.795051923545664, 
1.799033452341674, 1.803034901627806, 1.80705637088454, 1.811097960087273, 
1.81515976970877, 1.819241900721619, 1.823344454600696, 1.827467533325647, 
1.831611239383377, 1.835775675770555, 1.839960945996131, 1.844167154083856, 
1.848394404574833, 1.852642802530064, 1.856912453533013, 1.861203463692188, 
1.865515939643723, 1.86984998855399, 1.874205718122209, 1.878583236583074, 
1.882982652709396, 1.887404075814754, 1.891847615756164, 1.896313382936755, 
1.900801488308464, 1.905312043374738, 1.90984516019325, 1.914400951378636, 
1.918979530105238, 1.923581010109856, 1.928205505694529, 1.932853131729306, 
1.937524003655058, 1.942218237486281, 1.94693594981392, 1.951677257808219, 
1.956442279221554, 1.961231132391317, 1.96604393624279, 1.970880810292035, 
1.975741874648807, 1.980627250019472, 1.985537057709949, 1.990471419628653, 
1.995430458289465, 2.000414296814708, 2.00542305893814, 2.010456869007965, 
2.015515851989849, 2.020600133469964, 2.025709839658037, 2.030845097390405, 
2.036006034133116, 2.041192777985011, 2.046405457680834, 2.051644202594367, 
2.056909142741559, 2.062200408783691, 2.067518132030543, 2.072862444443577, 
2.07823347863915, 2.083631367891712, 2.089056246137054, 2.094508247975554, 
2.099987508675434, 2.105494164176044, 2.111028351091151, 2.11659020671226, 
2.122179869011933, 2.12779747664713, 2.133443168962577, 2.13911708599413, 
2.144819368472171, 2.150550157825017, 2.156309596182343, 2.162097826378618, 
2.167914991956559, 2.17376123717062, 2.179636706990462, 2.185541547104471, 
2.19147590392328, 2.197439924583301, 2.203433756950295, 2.209457549622936, 
2.215511451936404, 2.221595613966002, 2.22771018653076, 2.233855321197104, 
2.2400311702825, 2.246237886859136, 2.252475624757621, 2.258744538570684, 
2.265044783656926, 2.271376516144551, 2.277739892935142, 2.284135071707441, 
2.290562210921151, 2.297021469820761, 2.303513008439378, 2.310036987602594, 
2.316593568932353, 2.323182914850838, 2.329805188584408, 2.336460554167504, 
2.34314917644661, 2.349871221084223, 2.356626854562833, 2.363416244188936, 
2.370239558097059, 2.377096965253799, 2.383988635461898, 2.390914739364307, 
2.397875448448309, 2.404870935049632, 2.411901372356587, 2.418966934414237, 
2.426067796128568, 2.4332041332707, 2.440376122481102, 2.447583941273835, 
2.454827768040808, 2.462107782056068, 2.469424163480089, 2.476777093364104, 
2.484166753654445, 2.4915933271969, 2.499056997741101, 2.506557949944928, 
2.514096369378932, 2.52167244253078, 2.529286356809721, 2.536938300551082, 
2.544628463020762, 2.552357034419775, 2.560124205888798, 2.56793016951274, 
2.575775118325341, 2.583659246313783, 2.591582748423337, 2.599545820562017, 
2.607548659605255, 2.615591463400619, 2.623674430772528, 2.631797761527008, 
2.639961656456451, 2.648166317344422, 2.656411946970464, 2.664698749114939, 
2.673026928563888, 2.681396691113922, 2.689808243577114, 2.69826179378594, 
2.706757550598227, 2.715295723902132, 2.723876524621138, 2.73250016471907, 
2.741166857205161, 2.749876816139098, 2.758630256636131, 2.767427394872185, 
2.776268448089, 2.785153634599298, 2.794083173791969, 2.803057286137293, 
2.812076193192166, 2.821140117605369, 2.830249283122855, 2.83940391459306, 
2.848604237972234, 2.85785048032981, 2.867142869853784, 2.876481635856132, 
2.885867008778236, 2.895299220196355, 2.904778502827113, 2.914305090532999, 
2.923879218327919, 2.933501122382751, 2.943171040030939, 2.952889209774108, 
2.962655871287696, 2.972471265426645, 2.982335634231066, 2.992249220931979, 
3.002212269957053, 3.012225026936383, 3.022287738708284, 3.032400653325118, 
3.042564020059161, 3.052778089408468, 3.063043113102784, 3.073359344109486, 
3.083727036639543, 3.094146446153503, 3.104617829367512, 3.115141444259362, 
3.125717550074565, 3.136346407332445, 3.147028277832279, 3.157763424659454, 
3.168552112191639, 3.179394606105016, 3.190291173380514, 3.201242082310082, 
3.212247602502992, 3.223308004892157, 3.234423561740511, 3.245594546647372, 
3.256821234554873, 3.268103901754407, 3.279442825893096, 3.290838285980304, 
3.302290562394157, 3.313799936888131, 3.325366692597629, 3.336991114046604, 
3.348673487154225, 3.360414099241555, 3.372213239038271, 3.384071196689404, 
3.395988263762123, 3.407964733252531, 3.420000899592522, 3.432097058656629, 
3.444253507768953, 3.45647054571006, 3.468748472723967, 3.481087590525144, 
3.493488202305517, 3.505950612741549, 3.518475128001312, 3.531062055751627, 
3.543711705165205, 3.556424386927845, 3.569200413245646, 3.582040097852265, 
3.594943756016191, 3.607911704548077, 3.620944261808087, 3.634041747713276, 
3.647204483745001, 3.660432792956386, 3.673726999979799, 3.687087431034366, 
3.700514413933528, 3.714008278092626, 3.727569354536508, 3.741197975907204, 
3.754894476471592, 3.768659192129143, 3.782492460419648, 3.796394620531029, 
3.810366013307172, 3.824406981255765, 3.838517868556213, 3.852699021067554, 
3.86695078633644, 3.88127351360513, 3.895667553819528, 3.91013325963726, 
3.924670985435783, 3.939281087320517, 3.953963923133044, 3.968719852459326, 
3.983549236637941, 3.998452438768382, 4.013429823719391, 4.028481758137316, 
4.043608610454511, 4.058810750897779, 4.074088551496844, 4.089442386092856, 
4.104872630346957, 4.120379661748855, 4.135963859625462, 4.151625605149538, 
4.167365281348403, 4.183183273112691, 4.199079967205103, 4.215055752269239, 
4.231111018838438, 4.247246159344691, 4.263461568127561, 4.279757641443156, 
4.296134777473143, 4.312593376333795, 4.329133840085072, 4.345756572739768, 
4.362461980272673, 4.379250470629774, 4.396122453737501, 4.41307834151203, 
4.430118547868605, 4.447243488730903, 4.464453582040449, 4.481749247766065, 
4.499130907913356, 4.516598986534254, 4.534153909736578, 4.551796105693666, 
4.569526004654009, 4.587344038950954, 4.605250643012473, 4.623246253370898, 
4.641331308672776, 4.659506249688718, 4.677771519323319, 4.696127562625097, 
4.714574826796491, 4.733113761203896, 4.75174481738774, 4.770468449072597, 
4.789285112177362, 4.808195264825463, 4.827199367355093, 4.846297882329511, 
4.865491274547386, 4.884780011053179, 4.904164561147557, 4.923645396397872, 
4.94322299064868, 4.962897820032273, 4.982670362979317, 5.00254110022947, 
5.022510514842105, 5.042579092207009, 5.062747320055184, 5.083015688469692, 
5.103384689896498, 5.123854819155405, 5.144426573451007, 5.165100452383711, 
5.185876957960787, 5.206756594607466, 5.227739869178095, 5.248827290967327, 
5.270019371721356, 5.291316625649211, 5.312719569434102, 5.334228722244781, 
5.355844605746967, 5.377567744114844, 5.399398664042568, 5.421337894755841, 
5.443385968023527, 5.465543418169322, 5.48781078208345, 5.510188599234455, 
5.53267741168098, 5.555277764083654, 5.577990203716968, 5.600815280481235, 
5.62375354691463, 5.646805558205194, 5.669971872202966, 5.693253049432109, 
5.716649653103139, 5.740162249125149, 5.763791406118124, 5.787537695425278, 
5.811401691125461, 5.835383970045589, 5.859485111773167, 5.883705698668828, 
5.908046315878924, 5.932507551348168, 5.95708999583236, 5.981794242911117, 
6.006620889000675, 6.031570533366748, 6.056643778137433, 6.081841228316142, 
6.10716349179464, 6.132611179366076, 6.158184904738119, 6.183885284546081, 
6.20971293836615, 6.235668488728671, 6.261752561131436, 6.28796578405306, 
6.314308788966396, 6.340782210352028, 6.367386685711781, 6.3941228555823, 
6.420991363548686, 6.447992856258186, 6.475127983433906, 6.502397397888628, 
6.529801755538659, 6.5573417154177, 6.585017939690807, 6.612831093668405, 
6.640781845820349, 6.668870867790016, 6.697098834408492, 6.725466423708785, 
6.753974316940083, 6.782623198582115, 6.811413756359507, 6.840346681256248, 
6.86942266753014, 6.89864241272737, 6.928006617697138, 6.957515986606264, 
6.987171226953935, 7.016973049586445, 7.046922168712049, 7.077019301915819, 
7.107265170174579, 7.137660497871902, 7.168206012813155, 7.198902446240574, 
7.229750532848451, 7.26075101079835, 7.291904621734341, 7.323212110798337, 
7.354674226645492, 7.386291721459623, 7.4180653509687, 7.4499958744604, 
7.482084054797719, 7.514330658434612, 7.54673645543174, 7.579302219472225, 
7.61202872787751, 7.644916761623204, 7.677967105355048, 7.711180547404958, 
7.744557879807023, 7.778099898313667, 7.811807402411788, 7.845681195339027, 
7.879722084100036, 7.913930879482831, 7.948308396075194, 7.982855452281144, 
8.017572870337432, 8.052461476330145, 8.087522100211349, 8.122755575815753, 
8.158162740877458, 8.193744437046789, 8.229501509907168, 8.265434808992009, 
8.301545187801719, 8.337833503820722, 8.374300618534584, 8.410947397447155, 
8.447774710097779, 8.484783430078572, 8.521974435051768, 8.559348606767067, 
8.596906831079127, 8.634649997965065, 8.672579001541998, 8.710694740084663, 
8.74899811604313, 8.787490036060519, 8.826171410990803, 8.865043155916663, 
8.904106190167406, 8.943361437336915, 8.982809825301719, 9.022452286239048, 
9.062289756645028, 9.10232317735281, 9.142553493550887, 9.182981654801436, 
9.22360861505865, 9.264435332687207, 9.305462770480739, 9.346691895680428, 
9.388123679993594, 9.42975909961237, 9.47159913523244, 9.51364477207182, 
9.55589699988969, 9.59835681300533, 9.641025210317077, 9.683903195321325, 
9.726991776131595, 9.77029196549771, 9.813804780824965, 9.857531244193375, 
9.90147238237699, 9.945629226863274, 9.990002813872485, 10.03459418437721, 
10.07940438412188, 10.12443446364238, 10.16968547828565, 10.21515848822943, 
10.2608545585021, 10.30677475900236, 10.35292016451922, 10.39929185475187, 
10.44589091432975, 10.49271843283251, 10.53977550481019, 10.58706322980334, 
10.63458271236326, 10.68233506207225, 10.73032139356395, 10.77854282654378, 
10.8270004858093, 10.87569550127071, 10.92462900797147, 10.97380214610886, 
11.02321606105464, 11.0728719033758, 11.12277082885527, 11.1729139985128, 
11.22330257862582, 11.27393774075035, 11.32482066174208, 11.37595252377727, 
11.42733451437391, 11.47896782641294, 11.53085365815932, 11.58299321328339, 
11.63538770088207, 11.68803833550034, 11.74094633715255, 11.79411293134394, 
11.84753934909211, 11.90122682694864, 11.95517660702063, 12.00938993699242, 
12.06386807014733, 12.11861226538937, 12.17362378726504, 12.2289039059853, 
12.28445389744739, 12.34027504325682, 12.39636863074941, 12.45273595301335, 
12.50937830891125, 12.56629700310237, 12.62349334606482, 12.68096865411777, 
12.73872424944379, 12.79676146011117, 12.85508162009634, 12.91368606930631, 
12.9725761536011, 13.03175322481633, 13.09121864078582, 13.15097376536409, 
13.21101996844915, 13.27135862600513, 13.33199112008508, 13.39291883885372, 
13.45414317661026, 13.51566553381139, 13.57748731709405, 13.63960993929846, 
13.70203481949114, 13.76476338298792, 13.82779706137704, 13.89113729254219, 
13.95478552068582, 14.0187431963522, 14.08301177645069, 14.14759272427904, 
14.21248750954669, 14.27769760839808, 14.34322450343605, 14.40906968374528, 
14.4752346449157, 14.54172088906597, 14.60852992486701, 14.67566326756563, 
14.74312243900791, 14.81090896766303, 14.87902438864679, 14.9474702437453, 
15.01624808143873, 15.08535945692497, 15.15480593214349, 15.22458907579903, 
15.29471046338549, 15.36517167720972, 15.43597430641545, 15.50711994700715, 
15.5786102018739, 15.65044668081346, 15.72263100055614, 15.79516478478877, 
15.8680496641788, 15.94128727639829, 16.01487926614793, 16.08882728518117, 
16.16313299232826, 16.2377980535204, 16.31282414181381, 16.38821293741393, 
16.46396612769961, 16.54008540724711, 16.6165724778545, 16.69342904856569, 
16.7706568356948, 16.8482575628502, 16.92623296095889, 17.00458476829069, 
17.08331473048245, 17.16242460056237, 17.24191613897426, 17.32179111360174, 
17.40205129979261, 17.48269848038305, 17.56373444572195, 17.64516099369522, 
17.72697992974992, 17.80919306691878, 17.89180222584428, 17.97480923480303, 
18.05821592973005, 18.14202415424296, 18.22623575966638, 18.31085260505603, 
18.39587655722314, 18.48130949075859, 18.56715328805717, 18.65340983934181, 
18.74008104268779, 18.82716880404695, 18.91467503727184, 19.00260166413989, 
19.0909506143776, 19.1797238256846, 19.26892324375784, 19.35855082231565, 
19.44860852312177, 19.53909831600945, 19.6300221789054, 19.72138209785389, 
19.81318006704064, 19.90541808881673, 19.9980981737226, 20.09122234051185, 
20.1847926161751, 20.27881103596386, 20.37327964341416, 20.46820049037049, 
20.56357563700925, 20.65940715186265, 20.75569711184216, 20.85244760226213, 
20.94966071686336, 21.04733855783648, 21.14548323584552, 21.24409687005115, 
21.34318158813412, 21.44273952631849, 21.54277282939485, 21.6432836507435, 
21.74427415235762, 21.84574650486619, 21.94770288755712, 22.05014548840006, 
22.15307650406937, 22.25649813996688, 22.36041261024453, 22.46482213782719, 
22.56972895443512, 22.67513530060657, 22.78104342572013, 22.88745558801717, 
22.99437405462414, 23.10180110157464, 23.20973901383172, 23.31819008530975, 
23.42715661889648, 23.53664092647487, 23.64664532894479, 23.75717215624486, 
23.86822374737378, 23.9798024504121, 24.09191062254337, 24.20455063007554, 
24.31772484846214, 24.43143566232327, 24.54568546546669, 24.66047666090859, 
24.77581166089435, 24.8916928869192, 25.00812276974868, 25.12510374943909, 
25.24263827535777, 25.36072880620318, 25.47937781002503, 25.59858776424403, 
25.71836115567182, 25.83870048053055, 25.95960824447225, 26.08108696259843, 
26.20313915947907, 26.32576736917186, 26.44897413524106, 26.57276201077625, 
26.69713355841112, 26.82209135034171, 26.94763796834497, 27.07377600379682, 
27.20050805769011, 27.32783674065257, 27.4557646729644, 27.58429448457588, 
27.7134288151246, 27.84317031395265, 27.97352164012366, 28.10448546243955, 
28.23606445945715, 28.36826131950473, 28.50107874069809, 28.63451943095674, 
28.76858610801971, 28.90328149946123, 29.03860834270624, 29.17456938504547, 
29.31116738365078, 29.44840510558973, 29.58628532784037, 29.72481083730564, 
29.86398443082747, 30.00380891520092, 30.14428710718769, 30.28542183352992, 
30.42721593096328, 30.56967224623004, 30.712793636092, 30.85658296734291, 
31.00104311682093, 31.14617697142064, 31.29198742810483, 31.43847739391618, 
31.58564978598846, 31.73350753155765, 31.88205356797273, 32.03129084270611, 
32.18122231336399, 32.33185094769617, 32.48317972360592, 32.63521162915927, 
32.78794966259407, 32.94139683232897, 33.09555615697179, 33.25043066532786, 
33.40602339640788, 33.56233739943551, 33.71937573385486, 33.87714146933718, 
34.03563768578784, 34.1948674733525, 34.35483393242316, 34.51554017364396, 
34.67698931791636, 34.8391844964044, 35.00212885053921, 35.16582553202336, 
35.33027770283495, 35.49548853523113, 35.66146121175144, 35.82819892522077, 
35.99570487875174, 36.16398228574706, 36.33303436990116, 36.50286436520176, 
36.67347551593085, 36.84487107666522, 37.01705431227691, 37.19002849793291, 
37.36379691909468, 37.53836287151722, 37.71372966124756, 37.88990060462324, 
38.0668790282698, 38.24466826909841, 38.42327167430268, 38.60269260135517, 
38.78293441800356, 38.9640005022661, 39.14589424242703, 39.32861903703111, 
39.51217829487792, 39.69657543501576, 39.88181388673488, 40.06789708956038, 
40.25482849324472, 40.44261155775938, 40.63124975328649, 40.82074656020962, 
41.01110546910432, 41.20232998072801, 41.39442360600926, 41.58738986603699, 
41.78123229204852, 41.9759544254177, 42.17155981764213, 42.3680520303299, 
42.56543463518608, 42.7637112139981, 42.96288535862128, 43.1629606709632, 
43.36394076296782, 43.56582925659905, 43.76862978382348, 43.97234598659301, 
44.17698151682635, 44.38254003639028, 44.58902521708033, 44.79644074060058, 
45.00479029854321, 45.21407759236719, 45.42430633337642, 45.63548024269731, 
45.84760305125565, 46.06067849975291, 46.27471033864194, 46.48970232810171, 
46.70565823801208, 46.92258184792706, 47.14047694704814, 47.35934733419652, 
47.57919681778476, 47.800029215788, 48.02184835571391, 48.24465807457281, 
48.46846221884622, 48.69326464445523, 48.91906921672811, 49.14587981036692, 
49.37370030941391, 49.60253460721661, 49.83238660639256, 50.06326021879328, 
50.29515936546726, 50.52808797662258, 50.76204999158844, 50.99704935877591, 
51.23309003563834, 51.47017598863037, 51.70831119316676, 51.9474996335801, 
52.18774530307752, 52.42905220369731, 52.67142434626389, 52.91486575034259, 
53.15938044419333, 53.40497246472344, 53.65164585743995, 53.89940467640052, 
54.14825298416415, 54.39819485174055, 54.64923435853876, 54.90137559231518, 
55.15462264912029, 55.40897963324496, 55.66445065716545, 55.92103984148776, 
56.1787513148911, 56.4375892140703, 56.69755768367747, 56.95866087626271, 
57.22090295221371, 57.48428807969477, 57.74882043458452, 58.01450420041301, 
58.28134356829772, 58.54934273687832, 58.81850591225128, 59.08883730790244, 
59.36034114463955, 59.63302165052326, 59.90688306079729, 60.18192961781777, 
60.45816557098112, 60.73559517665164, 61.01422269808736, 61.29405240536521, 
61.57508857530533, 61.85733549139395, 62.14079744370564, 62.42547872882413, 
62.71138364976228, 62.99851651588118, 63.28688164280767, 63.57648335235129, 
63.86732597242007, 64.15941383693476, 64.45275128574272, 64.74734266453001, 
65.04319232473296, 65.34030462344828, 65.6386839233419, 65.9383345925574, 
66.23926100462239, 66.54146753835443, 66.8449585777656, 67.1497385119657, 
67.45581173506486, 67.76318264607414, 68.07185564880597, 68.38183515177257, 
68.69312556808355, 69.00573131534248, 69.31965681554184, 69.6349064949573, 
69.95148478404036, 70.26939611730986, 70.58864493324254, 70.90923567416208, 
71.23117278612706, 71.5544607188178, 71.87910392542145, 72.20510686251667, 
72.53247398995623, 72.86120977074892, 73.19131867094002, 73.52280515949022, 
73.85567370815402, 74.18992879135573, 74.52557488606549, 74.86261647167288, 
75.2010580298598, 75.54090404447206, 75.88215900138934, 76.22482738839436, 
76.56891369504015, 76.91442241251629, 77.26135803351403, 77.60972505208959, 
77.95952796352663, 78.31077126419709, 78.66345945142057, 79.01759702332278, 
79.37318847869219, 79.73023831683568, 80.08875103743273, 80.44873114038775, 
80.81018312568212, 81.17311149322366, 81.53752074269559, 81.90341537340366, 
82.27079988412196, 82.63967877293767, 83.01005653709363, 83.3819376728306, 
83.75532667522717, 84.13022803803864, 84.50664625353467, 84.88458581233506, 
85.26405120324475, 85.64504691308662, 86.02757742653346, 86.41164722593837, 
86.79726079116357, 87.18442259940795, 87.57313712503326, 87.96340883938834, 
88.35524221063273, 88.74864170355809, 89.14361177940866, 89.54015689570017, 
89.93828150603675, 90.33799005992766, 90.73928700260099, 91.14217677481713, 
91.54666381268031, 91.95275254744844, 92.36044740534224, 92.76975280735168, 
93.18067316904262, 93.59321290036037, 94.00737640543264, 94.42316808237112, 
94.84059232307097, 95.25965351300957, 95.68035603104323, 96.10270424920262, 
96.52670253248692, 96.95235523865617, 97.37966671802248, 97.80864131323964, 
98.23928335909095, 98.67159718227627, 99.10558710119685, 99.54125742573929, 
99.97861245705792, 100.417656487355, 100.858393799661, 101.3008286676116, 
101.7449653552244, 102.1908081166744, 102.6383611960666, 103.0876288272089, 
103.5386152333821, 103.9913246271096, 104.4457612099246, 104.9019291721367, 
105.359832692597, 105.8194759384607, 106.28086306495, 106.7439982151143, 
107.2088855195889, 107.6755290963536, 108.1439330504881, 108.6141014739278, 
109.0860384452165, 109.5597480292587, 110.0352342770708, 110.5125012255297, 
110.9915528971211, 111.4723932996863, 111.9550264261665, 112.4394562543477, 
112.9256867466021, 113.4137218496301, 113.9035654941996, 114.3952215948842, 
114.8886940498007, 115.3839867403445, 115.8811035309245, 116.3800482686956, 
116.8808247832909, 117.3834368865523, 117.8878883722593, 118.3941830158574, 
118.9023245741848, 119.4123167851972, 119.9241633676928, 120.4378680210349, 
120.9534344248734, 121.4708662388657, 121.9901671023957, 122.511340634292, 
123.0343904325447, 123.5593200740214, 124.0861331141816, 124.6148330867898, 
125.1454235036284, 125.6779078542082, 126.2122896054789, 126.748572201538, 
127.2867590633381, 127.8268535883944, 128.3688591504898, 128.9127790993797, 
129.458616760496, 130.006375434649, 130.5560583977296, 131.1076689004092, 
131.6612101678401, 132.2166853993537, 132.7740977681579, 133.3334504210345, 
133.8947464780347, 134.457989032174, 135.0231811491265, 135.5903258669178, 
136.1594261956176, 136.7304851170312, 137.30350558439, 137.8784905220419, 
138.4554428251396, 139.0343653593302, 139.6152609604413, 140.1981324341696, 
140.7829825557661, 141.3698140697214, 141.9586296894518, 142.5494320969821, 
143.1422239426306, 143.7370078446911, 144.3337863891157, 144.9325621291972, 
145.5333375852495, 146.1361152442893, 146.7408975597161, 147.3476869509922, 
147.9564858033221, 148.5672964673316, 149.1801212587464, 149.7949624580705, 
150.4118223102638, 151.0307030244204, 151.651606773445, 152.2745356937304, 
152.8994918848347, 153.5264774091569, 154.1554942916141, 154.786544519317, 
155.4196300412468, 156.0547527679304, 156.6919145711163, 157.3311172834508, 
157.9723626981531, 158.6156525686919, 159.2609886084602, 159.9083724904517, 
160.5578058469365, 161.2092902691367, 161.8628273069034, 162.5184184683921, 
163.1760652197394, 163.8357689847401, 164.4975311445233, 165.1613530372304, 
165.8272359576926, 166.495181157108, 167.1651898427207, 167.837263177499, 
168.511402279815, 169.1876082231234, 169.8658820356421, 170.5462247000333, 
171.2286371530831, 171.9131202853853, 172.5996749410226, 173.2883019172496, 
173.9790019641774, 174.6717757844574, 175.3666240329673, 176.0635473164968, 
176.7625461934342, 177.4636211734554, 178.1667727172113, 178.8720012360185, 
179.5793070915498, 180.2886905955252, 181.0001520094059, 181.7136915440867, 
182.4293093595926, 183.1470055647736, 183.8667802170025, 184.5886333218739, 
185.3125648329034, 186.0385746512294, 186.7666626253151, 187.4968285506526, 
188.2290721694688, 188.9633931704308, 189.6997911883562, 190.4382658039212, 
191.1788165433729, 191.9214428782424, 192.6661442250588, 193.4129199450669, 
194.161769343944, 194.9126916715205, 195.665686121502, 196.420751831192, 
197.1778878812179, 197.9370932952589, 198.6983670397743, 199.461708023736, 
200.2271150983613, 200.9945870568487, 201.764122634116, 202.5357205065391, 
203.3093792916954, 204.0850975481074, 204.8628737749894, 205.6427064119969, 
206.4245938389777, 207.2085343757255, 207.9945262817364, 208.782567755968, 
209.5726569366002, 210.364791900799, 211.1589706644837, 211.9551911820954, 
212.7534513463692, 213.5537489881089, 214.3560818759642, 215.1604477162115, 
215.9668441525358, 216.7752687658184, 217.5857190739246, 218.3981925314967, 
219.2126865297474, 220.0291983962599, 220.8477253947881, 221.6682647250608, 
222.4908135225897, 223.3153688584796, 224.1419277392435, 224.970487106619, 
225.8010438373896, 226.633594743209, 227.4681365704276, 228.3046659999249, 
229.1431796469437, 229.9836740609277, 230.8261457253639, 231.6705910576271, 
232.5170064088302, 233.3653880636758, 234.2157322403133, 235.0680350901993, 
235.9222926979607, 236.7785010812641, 237.6366561906868, 238.4967539095928, 
239.3587900540128, 240.2227603725273, 241.0886605461554, 241.9564861882463, 
242.8262328443753, 243.6978959922445, 244.5714710415859, 245.4469533340718, 
246.3243381432268, 247.2036206743448, 248.0847960644115, 248.9678593820287, 
249.8528056273465, 250.7396297319966, 251.6283265590324, 252.5188909028725, 
253.4113174892482, 254.3056009751577, 255.2017359488223, 256.0997169296493, 
256.9995383681983, 257.9011946461522, 258.8046800762939, 259.7099889024874, 
260.6171152996626, 261.5260533738067, 262.4367971619578, 263.3493406322074, 
264.2636776837035, 265.1798021466616, 266.0977077823793, 267.0173882832551, 
267.9388372728155, 268.8620483057428, 269.7870148679111, 270.7137303764261, 
271.642188179669, 272.5723815573487, 273.5043037205558, 274.4379478118232, 
275.3733069051922, 276.310374006282, 277.2491420523678, 278.1896039124605, 
279.1317523873938, 280.0755802099163, 281.0210800447873, 281.9682444888812, 
282.9170660712935, 283.8675372534549, 284.8196504292495, 285.7733979251376, 
286.7287720002867, 287.6857648467045, 288.6443685893797, 289.6045752864275, 
290.5663769292389, 291.5297654426394, 292.4947326850487, 293.4612704486491, 
294.4293704595575, 295.3990243780031, 296.3702237985124, 297.342960250097, 
298.317225196449, 299.2930100361403, 300.2703061028287, 301.2491046654688, 
302.2293969285291, 303.2111740322133, 304.1944270526888, 305.1791470023183, 
306.1653248299005, 307.1529514209127, 308.1420175977614, 309.1325141200371, 
310.124431684774, 311.1177609267181, 312.1124924185977, 313.1086166714005, 
314.106124134657, 315.1050051967268, 316.1052501850948, 317.1068493666683, 
318.1097929480819, 319.1140710760084, 320.1196738374718, 321.1265912601709, 
322.1348133128036, 323.144329905399, 324.1551308896545, 325.1672060592773, 
326.1805451503328, 327.1951378415977, 328.2109737549174, 329.2280424555703, 
330.2463334526357, 331.265836199369, 332.2865400935801, 333.3084344780185, 
334.3315086407628, 335.3557518156143, 336.3811531824992, 337.4077018678722, 
338.435386945127, 339.4641974350117, 340.4941223060483, 341.525150474959, 
342.5572708070959, 343.5904721168764, 344.6247431682233, 345.6600726750086, 
346.6964493015055, 347.7338616628415, 348.7722983254581, 349.8117478075755, 
350.8521985796603, 351.8936390649007, 352.9360576396837, 353.9794426340779, 
355.0237823323218, 356.0690649733135, 357.1152787511102, 358.1624118154268, 
359.2104522721421, 360.2593881838082, 361.3092075701637, 362.3598984086535, 
363.4114486349501, 364.4638461434804, 365.5170787879572, 366.5711343819121, 
367.6260006992373, 368.6816654747266, 369.7381164046227, 370.7953411471681, 
371.8533273231593, 372.9120625165062, 373.9715342747937, 375.0317301098474, 
376.092637498304, 377.1542438821829, 378.2165366694648, 379.2795032346705, 
380.3431309194452, 381.4074070331455, 382.4723188534287, 383.537853626848, 
384.6039985694484, 385.6707408673664, 386.738067677434, 387.8059661277831, 
388.8744233184567, 389.9434263220192, 391.0129621841719, 392.083017924371, 
393.1535805364465, 394.2246369892269, 395.296174227164, 396.3681791709608, 
397.4406387182032, 398.5135397439914, 399.5868691015772, 400.6606136230004, 
401.7347601197293, 402.8092953833029, 403.8842061859738, 404.9594792813567, 
406.0351014050746, 407.11105927541, 408.1873395939563, 409.2639290462712, 
410.3408143025327, 411.4179820181959, 412.4954188346512, 413.5731113798849, 
414.6510462691394, 415.7292101055774, 416.8075894809456, 417.8861709762392, 
418.9649411623696, 420.0438866008299, 421.1229938443654, 422.2022494376422, 
423.2816399179174, 424.3611518157101, 425.4407716554725, 426.520485956264, 
427.600281232423, 428.6801439942402, 429.7600607486334, 430.8400179998202, 
431.9200022499945, 433.0, 434.0799977500056, 435.1599820001802, 
436.239939251367, 437.3198560057599, 438.3997187675771, 439.479514043736, 
440.5592283445278, 441.6388481842903, 442.7183600820827, 443.7977505623578, 
444.8770061556346, 445.9561133991705, 447.0350588376307, 448.1138290237608, 
449.1924105190544, 450.2707898944226, 451.348953730861, 452.4268886201155, 
453.5045811653489, 454.5820179818042, 455.6591856974674, 456.7360709537292, 
457.8126604060439, 458.8889407245901, 459.9648985949254, 461.0405207186434, 
462.1157938140265, 463.1907046166974, 464.2652398802707, 465.3393863769996, 
466.4131308984228, 467.486460256009, 468.5593612817972, 469.6318208290393, 
470.7038257728361, 471.7753630107734, 472.8464194635538, 473.9169820756293, 
474.9870378158281, 476.056573677981, 477.1255766815437, 478.1940338722173, 
479.2619323225664, 480.3292591326336, 481.3960014305516, 482.4621463731523, 
483.5276811465717, 484.5925929668549, 485.6568690805549, 486.7204967653296, 
487.7834633305356, 488.8457561178174, 489.9073625016963, 490.9682698901527, 
492.0284657252064, 493.0879374834942, 494.1466726768411, 495.2046588528323, 
496.2618835953774, 497.3183345252734, 498.373999300763, 499.4288656180883, 
500.4829212120432, 501.5361538565196, 502.5885513650499, 503.6401015913468, 
504.6907924298366, 505.7406118161921, 506.7895477278579, 507.8375881845732, 
508.8847212488902, 509.9309350266868, 510.9762176676786, 512.0205573659221, 
513.0639423603162, 514.1063609350996, 515.14780142034, 516.1882521924248, 
517.227701674542, 518.2661383371585, 519.3035506984948, 520.3399273249917, 
521.375256831777, 522.4095278831236, 523.442729192904, 524.4748495250414, 
525.5058776939521, 526.5358025649886, 527.564613054873, 528.5922981321278, 
529.6188468175011, 530.644248184386, 531.6684913592376, 532.6915655219815, 
533.7134599064199, 534.7341638006313, 535.7536665473647, 536.77195754443, 
537.7890262450827, 538.8048621584023, 539.8194548496674, 540.832793940723, 
541.8448691103458, 542.855670094601, 543.8651866871965, 544.8734087398294, 
545.8803261625285, 546.885928923992, 547.890207051918, 548.8931506333319, 
549.8947498149056, 550.8949948032736, 551.8938758653434, 552.8913833285994, 
553.8875075814023, 554.8822390732822, 555.8755683152263, 556.8674858799633, 
557.8579824022386, 558.8470485790873, 559.8346751700998, 560.820852997682, 
561.8055729473115, 562.7888259677867, 563.7706030714709, 564.7508953345315, 
565.7296938971716, 566.7069899638599, 567.6827748035511, 568.657039749903, 
569.6297762014879, 570.6009756219972, 571.5706295404428, 572.538729551351, 
573.5052673149513, 574.470234557361, 575.4336230707613, 576.3954247135729, 
577.3556314106203, 578.3142351532955, 579.2712279997136, 580.2266020748626, 
581.1803495707508, 582.1324627465451, 583.0829339287066, 584.0317555111192, 
584.9789199552129, 585.924419790084, 586.8682476126062, 587.8103960875395, 
588.7508579476325, 589.6896259937183, 590.626693094808, 591.5620521881767, 
592.4956962794441, 593.4276184426515, 594.3578118203312, 595.2862696235742, 
596.2129851320889, 597.1379516942571, 598.0611627271848, 598.9826117167452, 
599.9022922176212, 600.8201978533384, 601.7363223162965, 602.6506593677929, 
603.5632028380425, 604.4739466261937, 605.3828847003374, 606.2900110975127, 
607.1953199237064, 608.0988053538482, 609.000461631802, 609.9002830703507, 
610.7982640511776, 611.6943990248426, 612.588682510752, 613.4811090971277, 
614.3716734409676, 615.2603702680034, 616.1471943726538, 617.0321406179716, 
617.9152039355887, 618.7963793256552, 619.6756618567732, 620.5530466659284, 
621.4285289584144, 622.3021040077558, 623.1737671556247, 624.0435138117537, 
624.9113394538448, 625.7772396274729, 626.6412099459875, 627.5032460904072, 
628.3633438093132, 629.2214989187362, 630.0777073020395, 630.9319649098009, 
631.7842677596867, 632.6346119363242, 633.48299359117, 634.3294089423731, 
635.1738542746363, 636.0163259390723, 636.8568203530564, 637.6953340000753, 
638.5318634295727, 639.3664052567913, 640.1989561626105, 641.0295128933811, 
641.8580722607568, 642.6846311415208, 643.5091864774106, 644.3317352749393, 
645.1522746052119, 645.9708016037403, 646.7873134702528, 647.6018074685036, 
648.4142809260753, 649.2247312341816, 650.0331558474644, 650.8395522837888, 
651.6439181240359, 652.4462510118912, 653.2465486536308, 654.0448088179049, 
654.8410293355165, 655.6352080992011, 656.4273430633999, 657.2174322440319, 
658.0054737182638, 658.7914656242747, 659.5754061610224, 660.3572935880033, 
661.1371262250107, 661.9149024518929, 662.6906207083048, 663.464279493461, 
664.2358773658841, 665.0054129431513, 665.7728849016388, 666.5382919762642, 
667.3016329602258, 668.0629067047412, 668.8221121187821, 669.5792481688084, 
670.3343138784982, 671.0873083284796, 671.8382306560561, 672.5870800549332, 
673.3338557749413, 674.0785571217579, 674.8211834566272, 675.561734196079, 
676.3002088116439, 677.0366068295695, 677.7709278305315, 678.5031714493475, 
679.2333373746851, 679.9614253487707, 680.6874351670967, 681.4113666781262, 
682.1332197829977, 682.8529944352266, 683.5706906404074, 684.2863084559135, 
684.9998479905943, 685.711309404475, 686.4206929084503, 687.1279987639815, 
687.833227282789, 688.5363788265448, 689.237453806566, 689.9364526835034, 
690.6333759670328, 691.3282242155428, 692.0209980358228, 692.7116980827506, 
693.4003250589774, 694.0868797146147, 694.7713628469171, 695.4537752999669, 
696.134117964358, 696.8123917768767, 697.4885977201851, 698.1627368225012, 
698.8348101572794, 699.5048188428922, 700.1727640423076, 700.8386469627697, 
701.502468855477, 702.1642310152602, 702.8239347802607, 703.481581531608, 
704.1371726930967, 704.7907097308635, 705.4421941530637, 706.0916275095484, 
706.7390113915399, 707.3843474313081, 708.0276373018471, 708.6688827165494, 
709.3080854288838, 709.9452472320697, 710.5803699587532, 711.2134554806831, 
711.8445057083861, 712.4735225908432, 713.1005081151653, 713.7254643062696, 
714.3483932265552, 714.9692969755798, 715.5881776897362, 716.2050375419296, 
716.8198787412537, 717.4327035326686, 718.0435141966781, 718.652313049008, 
719.259102440284, 719.8638847557107, 720.4666624147507, 721.067437870803, 
721.6662136108844, 722.262992155309, 722.8577760573695, 723.450567903018, 
724.0413703105484, 724.6301859302787, 725.2170174442341, 725.8018675658303, 
726.3847390395588, 726.96563464067, 727.5445571748604, 728.1215094779582, 
728.6964944156099, 729.269514882969, 729.8405738043825, 730.4096741330824, 
730.9768188508737, 731.542010967826, 732.1052535219654, 732.6665495789656, 
733.2259022318423, 733.7833146006464, 734.3387898321599, 734.8923310995909, 
735.4439416022706, 735.9936245653511, 736.541383239504, 737.0872209006203, 
737.6311408495104, 738.1731464116058, 738.7132409366619, 739.2514277984622, 
739.787710394521, 740.3220921457919, 740.8545764963717, 741.3851669132102, 
741.9138668858184, 742.4406799259787, 742.9656095674554, 743.4886593657082, 
744.0098328976044, 744.5291337611344, 745.0465655751266, 745.5621319789652, 
746.0758366323073, 746.587683214803, 747.0976754258154, 747.6058169841425, 
748.1121116277408, 748.6165631134478, 749.1191752167092, 749.6199517313045, 
750.1188964690755, 750.6160132596556, 751.1113059501995, 751.6047784051159, 
752.0964345058004, 752.5862781503698, 753.074313253398, 753.5605437456525, 
754.0449735738337, 754.5276067003138, 755.0084471028788, 755.4874987744704, 
755.9647657229294, 756.4402519707414, 756.9139615547836, 757.3858985260722, 
757.8560669495121, 758.3244709036466, 758.7911144804112, 759.2560017848858, 
759.7191369350501, 760.1805240615395, 760.6401673074032, 761.0980708278634, 
761.5542387900755, 762.0086753728904, 762.461384766618, 762.9123711727913, 
763.3616388039334, 763.8091918833256, 764.2550346447756, 764.6991713323885, 
765.1416062003391, 765.5823435126449, 766.0213875429422, 766.4587425742607, 
766.8944128988032, 767.3284028177238, 767.7607166409091, 768.1913586867604, 
768.6203332819774, 769.047644761344, 769.4732974675133, 769.8972957507974, 
770.3196439689568, 770.7403464869905, 771.1594076769292, 771.576831917629, 
771.9926235945675, 772.4067870996397, 772.8193268309574, 773.2302471926483, 
773.6395525946579, 774.0472474525516, 774.4533361873197, 774.8578232251829, 
775.2607129973991, 775.6620099400725, 776.0617184939633, 776.4598431042999, 
776.8563882205913, 777.251358296442, 777.6447577893674, 778.0365911606118, 
778.4268628749668, 778.815577400592, 779.2027392088367, 779.5883527740618, 
779.9724225734667, 780.3549530869135, 780.7359487967553, 781.115414187665, 
781.4933537464654, 781.8697719619614, 782.2446733247729, 782.6180623271695, 
782.9899434629066, 783.3603212270624, 783.729200115878, 784.0965846265965, 
784.4624792573044, 784.8268885067764, 785.1898168743179, 785.5512688596123, 
785.9112489625674, 786.2697616831642, 786.6268115213079, 786.9824029766774, 
787.3365405485795, 787.689228735803, 788.0404720364734, 788.3902749479106, 
788.7386419664861, 789.0855775874837, 789.43108630496, 789.7751726116056, 
790.1178409986108, 790.459095955528, 790.7989419701404, 791.1373835283272, 
791.4744251139346, 791.8100712086443, 792.1443262918461, 792.4771948405098, 
792.80868132906, 793.1387902292511, 793.4675260100439, 793.7948931374834, 
794.1208960745786, 794.4455392811823, 794.7688272138729, 795.0907643258381, 
795.4113550667576, 795.7306038826902, 796.0485152159596, 796.3650935050426, 
796.6803431844584, 796.9942686846576, 797.3068744319165, 797.6181648482276, 
797.928144351194, 798.2368173539259, 798.5441882649353, 798.8502614880343, 
799.1550414222344, 799.4585324616456, 799.7607389953777, 800.0616654074427, 
800.3613160766581, 800.6596953765518, 800.9568076752671, 801.25265733547, 
801.5472487142573, 801.8405861630653, 802.13267402758, 802.4235166476486, 
802.7131183571923, 803.0014834841189, 803.2886163502378, 803.574521271176, 
803.8592025562944, 804.1426645086061, 804.4249114246948, 804.7059475946348, 
804.9857773019127, 805.2644048233484, 805.541834429019, 805.8180703821823, 
806.0931169392027, 806.3669783494768, 806.6396588553605, 806.9111626920976, 
807.1814940877488, 807.4506572631217, 807.7186564317024, 807.985495799587, 
808.2511795654156, 808.5157119203054, 808.7790970477863, 809.0413391237373, 
809.3024423163225, 809.5624107859298, 809.821248685109, 810.0789601585123, 
810.3355493428346, 810.5910203667551, 810.8453773508798, 811.098624407685, 
811.3507656414613, 811.6018051482595, 811.8517470158359, 812.1005953235996, 
812.3483541425601, 812.5950275352766, 812.8406195558068, 813.0851342496575, 
813.3285756537362, 813.5709477963028, 813.8122546969225, 814.05250036642, 
814.2916888068331, 814.5298240113698, 814.7669099643617, 815.0029506412241, 
815.2379500084115, 815.4719120233774, 815.7048406345327, 815.9367397812067, 
816.1676133936076, 816.3974653927835, 816.626299690586, 816.854120189633, 
817.0809307832719, 817.3067353555448, 817.5315377811538, 817.7553419254272, 
817.9781516442862, 818.199970784212, 818.4208031822153, 818.6406526658035, 
818.8595230529518, 819.0774181520729, 819.2943417619881, 819.5102976718983, 
819.725289661358, 819.9393215002472, 820.1523969487444, 820.3645197573028, 
820.5756936666236, 820.7859224076328, 820.9952097014568, 821.2035592593995, 
821.4109747829197, 821.6174599636098, 821.8230184831738, 822.0276540134071, 
822.2313702161766, 822.4341707434011, 822.6360592370322, 822.8370393290368, 
823.0371146413787, 823.236288786002, 823.4345653648139, 823.63194796967, 
823.828440182358, 824.0240455745824, 824.2187677079515, 824.4126101339631, 
824.6055763939908, 824.797670019272, 824.9888945308957, 825.1792534397905, 
825.3687502467136, 825.5573884422407, 825.7451715067554, 825.9321029104395, 
826.1181861132653, 826.3034245649843, 826.4878217051222, 826.671380962969, 
826.854105757573, 827.035999497734, 827.2170655819965, 827.3973073986448, 
827.5767283256975, 827.7553317309016, 827.9331209717302, 828.1100993953769, 
828.2862703387524, 828.4616371284828, 828.6362030809053, 828.8099715020671, 
828.9829456877232, 829.1551289233348, 829.3265244840692, 829.4971356347983, 
829.6669656300989, 829.836017714253, 830.0042951212483, 830.1718010747793, 
830.3385387882486, 830.5045114647689, 830.6697222971651, 830.8341744679767, 
830.9978711494608, 831.1608155035956, 831.3230106820836, 831.484459826356, 
831.6451660675768, 831.8051325266475, 831.9643623142122, 832.1228585306629, 
832.2806242661452, 832.4376626005645, 832.5939766035922, 832.7495693346722, 
832.9044438430283, 833.058603167671, 833.2120503374059, 833.3647883708408, 
833.5168202763941, 833.6681490523039, 833.8187776866362, 833.9687091572939, 
834.1179464320273, 834.2664924684424, 834.4143502140116, 834.5615226060839, 
834.7080125718952, 834.8538230285793, 834.9989568831791, 835.1434170326571, 
835.287206363908, 835.4303277537699, 835.5727840690369, 835.7145781664701, 
835.8557128928122, 835.9961910847992, 836.1360155691726, 836.2751891626945, 
836.4137146721596, 836.5515948944103, 836.6888326163492, 836.8254306149545, 
836.9613916572939, 837.0967185005388, 837.2314138919804, 837.3654805690434, 
837.4989212593019, 837.6317386804954, 837.7639355405428, 837.8955145375605, 
838.0264783598764, 838.1568296860473, 838.2865711848754, 838.4157055154242, 
838.5442353270356, 838.6721632593475, 838.79949194231, 838.9262239962033, 
839.052362031655, 839.1779086496583, 839.3028664415889, 839.4272379892237, 
839.5510258647589, 839.6742326308281, 839.7968608405209, 839.9189130374016, 
840.0403917555277, 840.1612995194694, 840.2816388443282, 840.4014122357561, 
840.520622189975, 840.6392711937969, 840.7573617246422, 840.874896250561, 
840.9918772302515, 841.1083071130809, 841.2241883391057, 841.3395233390913, 
841.4543145345333, 841.5685643376767, 841.6822751515379, 841.7954493699245, 
841.9080893774567, 842.0201975495878, 842.1317762526262, 842.2428278437552, 
842.3533546710552, 842.4633590735251, 842.5728433811034, 842.6818099146902, 
842.7902609861683, 842.8981988984255, 843.0056259453759, 843.1125444119829, 
843.2189565742798, 843.3248646993935, 843.4302710455648, 843.5351778621729, 
843.6395873897554, 843.7435018600331, 843.8469234959306, 843.9498545115999, 
844.052297112443, 844.1542534951339, 844.2557258476425, 844.3567163492564, 
844.4572271706052, 844.5572604736815, 844.6568184118659, 844.7559031299488, 
844.8545167641545, 844.9526614421636, 845.0503392831366, 845.1475523977379, 
845.2443028881579, 845.3405928481375, 845.4364243629907, 845.5317995096295, 
845.6267203565859, 845.7211889640363, 845.8152073838249, 845.9087776594882, 
846.0019018262774, 846.0945819111832, 846.1868199329593, 846.2786179021462, 
846.3699778210947, 846.4609016839905, 846.5513914768783, 846.6414491776843, 
846.7310767562422, 846.8202761743154, 846.9090493856224, 846.9973983358601, 
847.0853249627282, 847.1728311959531, 847.2599189573122, 847.3465901606583, 
847.4328467119427, 847.5186905092414, 847.6041234427769, 847.6891473949439, 
847.7737642403337, 847.8579758457571, 847.94178407027, 848.025190765197, 
848.1081977741557, 848.1908069330812, 848.2730200702501, 848.3548390063048, 
848.4362655542781, 848.5173015196169, 848.5979487002073, 848.6782088863982, 
848.7580838610257, 848.8375753994377, 848.9166852695176, 848.9954152317093, 
849.0737670390411, 849.1517424371498, 849.2293431643052, 849.3065709514342, 
849.3834275221456, 849.4599145927529, 849.5360338723004, 849.6117870625861, 
849.6871758581863, 849.7622019464795, 849.8368670076718, 849.9111727148188, 
849.985120733852, 850.0587127236017, 850.1319503358213, 850.2048352152112, 
850.2773689994439, 850.3495533191865, 850.421389798126, 850.4928800529929, 
850.5640256935847, 850.6348283227902, 850.7052895366145, 850.7754109242011, 
850.8451940678565, 850.914640543075, 850.9837519185612, 851.0525297562547, 
851.1209756113533, 851.1890910323369, 851.256877560992, 851.3243367324344, 
851.3914700751329, 851.458279110934, 851.5247653550844, 851.5909303162547, 
851.6567754965639, 851.7223023916019, 851.7875124904533, 851.8524072757209, 
851.9169882235494, 851.9812568036477, 852.0452144793142, 852.1088627074578, 
852.1722029386231, 852.2352366170121, 852.2979651805089, 852.3603900607016, 
852.422512682906, 852.4843344661887, 852.5458568233898, 852.6070811611462, 
852.668008879915, 852.7286413739948, 852.7889800315509, 852.8490262346359, 
852.9087813592142, 852.9682467751836, 853.0274238463989, 853.0863139306938, 
853.1449183799036, 853.2032385398889, 853.2612757505563, 853.3190313458823, 
853.3765066539353, 853.4337029968975, 853.4906216910888, 853.5472640469867, 
853.6036313692506, 853.6597249567432, 853.7155461025525, 853.7710960940148, 
853.826376212735, 853.8813877346107, 853.9361319298527, 853.9906100630076, 
854.0448233929793, 854.0987731730514, 854.1524606509079, 854.2058870686561, 
854.2590536628474, 854.3119616644998, 854.3646122991179, 854.4170067867167, 
854.4691463418407, 854.5210321735871, 854.5726654856261, 854.6240474762227, 
854.6751793382579, 854.7260622592496, 854.7766974213741, 854.8270860014873, 
854.8772291711448, 854.9271280966243, 854.9767839389455, 855.0261978538912, 
855.0753709920285, 855.1243044987292, 855.1729995141908, 855.2214571734562, 
855.269678606436, 855.3176649379277, 855.3654172876368, 855.4129367701968, 
855.4602244951898, 855.5072815671675, 855.5541090856702, 855.6007081452482, 
855.6470798354807, 855.6932252409977, 855.7391454414978, 855.7848415117705, 
855.8303145217144, 855.8755655363576, 855.9205956158781, 855.9654058156227, 
856.0099971861275, 856.0543707731367, 856.0985276176231, 856.1424687558066, 
856.186195219175, 856.2297080345023, 856.2730082238685, 856.3160968046788, 
856.3589747896829, 856.4016431869948, 856.4441030001104, 856.4863552279282, 
856.5284008647675, 856.5702409003877, 856.6118763200065, 856.6533081043197, 
856.6945372295194, 856.7355646673128, 856.7763913849414, 856.8170183451986, 
856.857446506449, 856.8976768226473, 856.937710243355, 856.977547713761, 
857.0171901746984, 857.0566385626631, 857.0958938098326, 857.1349568440834, 
857.1738285890092, 857.2125099639394, 857.2510018839569, 857.2893052599154, 
857.327420998458, 857.3653500020349, 857.4030931689209, 857.4406513932329, 
857.4780255649482, 857.5152165699215, 857.5522252899021, 857.5890526025529, 
857.6256993814654, 857.6621664961793, 857.6984548121983, 857.734565191008, 
857.7704984900928, 857.8062555629532, 857.8418372591225, 857.8772444241843, 
857.9124778997885, 857.9475385236699, 857.9824271296627, 858.0171445477188, 
858.0516916039248, 858.0860691205172, 858.1202779158999, 858.1543188046609, 
858.1881925975882, 858.2219001016863, 858.2554421201929, 858.288819452595, 
858.322032894645, 858.3550832383769, 858.3879712721226, 858.4206977805277, 
858.4532635445684, 858.4856693415653, 858.5179159452023, 858.5500041255396, 
858.5819346490314, 858.6137082785405, 858.6453257733546, 858.6767878892017, 
858.7080953782656, 858.7392489892015, 858.7702494671517, 858.8010975537594, 
858.8317939871869, 858.8623395021282, 858.8927348298254, 858.9229806980842, 
858.9530778312879, 858.9830269504136, 859.0128287730461, 859.0424840133937, 
859.0719933823029, 859.1013575872726, 859.1305773324699, 859.1596533187437, 
859.1885862436404, 859.217376801418, 859.24602568306, 859.2745335762912, 
859.3029011655915, 859.3311291322099, 859.3592181541797, 859.3871689063316, 
859.4149820603092, 859.4426582845822, 859.4701982444614, 859.4976026021114, 
859.5248720165661, 859.5520071437418, 859.5790086364514, 859.6058771444177, 
859.6326133142882, 859.6592177896481, 859.6856912110336, 859.7120342159469, 
859.7382474388686, 859.7643315112713, 859.7902870616339, 859.816114715454, 
859.8418150952618, 859.867388820634, 859.8928365082053, 859.9181587716838, 
859.9433562218626, 859.9684294666333, 859.9933791109993, 860.0182057570888, 
860.0429100041675, 860.0674924486517, 860.0919536841212, 860.1162943013312, 
860.1405148882268, 860.1646160299544, 860.1885983088745, 860.2124623045746, 
860.2362085938818, 860.2598377508748, 860.2833503468969, 860.3067469505679, 
860.330028127797, 860.3531944417948, 860.3762464530855, 860.3991847195187, 
860.422009796283, 860.4447222359163, 860.467322588319, 860.4898114007656, 
860.5121892179167, 860.5344565818307, 860.5566140319764, 860.5786621052441, 
860.6006013359574, 860.6224322558852, 860.6441553942531, 860.6657712777552, 
860.6872804305659, 860.7086833743507, 860.7299806282787, 860.7511727090328, 
860.7722601308219, 860.7932434053926, 860.8141230420392, 860.8348995476163, 
860.855573426549, 860.8761451808446, 860.8966153101035, 860.9169843115304, 
860.9372526799448, 860.957420907793, 860.977489485158, 860.9974588997706, 
861.0173296370208, 861.0371021799678, 861.0567770093512, 861.0763546036021, 
861.0958354388525, 861.1152199889468, 861.1345087254525, 861.1537021176705, 
861.1728006326448, 861.1918047351746, 861.2107148878226, 861.2295315509275, 
861.2482551826122, 861.2668862387961, 861.2854251732034, 861.3038724373749, 
861.3222284806767, 861.3404937503113, 861.3586686913271, 861.3767537466291, 
861.3947493569875, 861.412655961049, 861.4304739953461, 861.4482038943064, 
861.4658460902635, 861.4834010134658, 861.5008690920865, 861.5182507522338, 
861.5355464179595, 861.5527565112692, 861.5698814521313, 861.586921658488, 
861.6038775462625, 861.6207495293703, 861.6375380197274, 861.6542434272602, 
861.670866159915, 861.6874066236662, 861.7038652225268, 861.7202423585569, 
861.7365384318724, 861.7527538406554, 861.7688889811617, 861.7849442477307, 
861.8009200327949, 861.8168167268874, 861.8326347186517, 861.8483743948505, 
861.8640361403745, 861.8796203382511, 861.895127369653, 861.9105576139072, 
861.9259114485032, 861.9411892491022, 861.9563913895455, 861.9715182418627, 
861.9865701762806, 862.0015475612315, 862.0164507633622, 862.0312801475407, 
862.0460360768669, 862.0607189126795, 862.0753290145642, 862.0898667403627, 
862.1043324461805, 862.1187264863949, 862.1330492136635, 862.1473009789323, 
862.1614821314437, 862.1755930187443, 862.1896339866929, 862.203605379469, 
862.2175075395804, 862.231340807871, 862.2451055235284, 862.2588020240928, 
862.2724306454635, 862.2859917219074, 862.2994855860666, 862.3129125689656, 
862.3262730000203, 862.3395672070435, 862.3527955162551, 862.3659582522867, 
862.3790557381919, 862.392088295452, 862.4050562439838, 862.4179599021477, 
862.4307995867544, 862.4435756130722, 862.4562882948349, 862.4689379442483, 
862.4815248719987, 862.4940493872584, 862.5065117976945, 862.5189124094749, 
862.531251527276, 862.54352945429, 862.555746492231, 862.5679029413433, 
862.5799991004074, 862.5920352667475, 862.6040117362379, 862.6159288033106, 
862.6277867609616, 862.6395859007585, 862.6513265128458, 862.6630088859533, 
862.6746333074024, 862.686200063112, 862.6977094376058, 862.7091617140197, 
862.7205571741068, 862.7318960982457, 862.743178765445, 862.7544054533527, 
862.7655764382595, 862.7766919951079, 862.7877523974971, 862.79875791769, 
862.8097088266194, 862.8206053938951, 862.8314478878084, 862.8422365753405, 
862.8529717221678, 862.8636535926677, 862.8742824499256, 862.8848585557407, 
862.8953821706324, 862.9058535538466, 862.9162729633604, 862.9266406558904, 
862.9369568868972, 862.9472219105915, 862.9574359799409, 862.967599346675, 
862.9777122612917, 862.9877749730636, 862.9977877300429, 863.0077507790682, 
863.017664365769, 863.0275287345734, 863.0373441287122, 863.0471107902258, 
863.0568289599692, 863.0664988776172, 863.076120781672, 863.085694909467, 
863.0952214971729, 863.1047007798036, 863.1141329912217, 863.1235183641439, 
863.1328571301461, 863.1421495196702, 863.1513957620277, 863.1605960854068, 
863.1697507168772, 863.1788598823946, 863.1879238068077, 863.1969427138627, 
863.2059168262081, 863.2148463654007, 863.223731551911, 863.2325726051278, 
863.241369743364, 863.2501231838609, 863.258833142795, 863.2674998352809, 
863.2761234753788, 863.2847042760978, 863.2932424494018, 863.301738206214, 
863.3101917564228, 863.318603308886, 863.3269730714361, 863.3353012508851, 
863.3435880530295, 863.3518336826556, 863.3600383435436, 863.368202238473, 
863.3763255692273, 863.3844085365994, 863.3924513403947, 863.400454179438, 
863.4084172515766, 863.4163407536862, 863.4242248816746, 863.4320698304872, 
863.4398757941112, 863.4476429655803, 863.4553715369792, 863.463061699449, 
863.4707136431903, 863.4783275574692, 863.4859036306211, 863.4934420500551, 
863.500943002259, 863.5084066728031, 863.5158332463456, 863.5232229066359, 
863.53057583652, 863.5378922179439, 863.5451722319592, 863.5524160587262, 
863.5596238775189, 863.5667958667293, 863.5739322038714, 863.5810330655859, 
863.5880986276434, 863.5951290649504, 863.6021245515517, 863.6090852606358, 
863.616011364538, 863.6229030347462, 863.629760441903, 863.6365837558111, 
863.6433731454372, 863.6501287789158, 863.6568508235533, 863.6635394458324, 
863.6701948114155, 863.6768170851491, 863.6834064310677, 863.6899630123975, 
863.6964869915607, 863.7029785301793, 863.7094377890788, 863.7158649282926, 
863.7222601070649, 863.7286234838555, 863.734955216343, 863.7412554614294, 
863.7475243752423, 863.7537621131409, 863.7599688297174, 863.7661446788029, 
863.7722898134692, 863.778404386034, 863.7844885480637, 863.790542450377, 
863.7965662430497, 863.8025600754168, 863.8085240960768, 863.8144584528955, 
863.8203632930096, 863.8262387628295, 863.8320850080434, 863.8379021736215, 
863.8436904038177, 863.8494498421749, 863.8551806315278, 863.8608829140059, 
863.8665568310374, 863.8722025233528, 863.8778201309881, 863.8834097932878, 
863.8889716489088, 863.894505835824, 863.9000124913245, 863.9054917520246, 
863.910943753863, 863.9163686321083, 863.921766521361, 863.9271375555564, 
863.9324818679694, 863.9377995912164, 863.9430908572584, 863.9483557974057, 
863.9535945423191, 863.9588072220149, 863.9639939658669, 863.9691549026097, 
863.9742901603419, 863.97939986653, 863.9844841480102, 863.989543130992, 
863.9945769410618, 863.9995857031853, 864.0045695417105, 864.0095285803714, 
864.01446294229, 864.0193727499806, 864.0242581253513, 864.029119189708, 
864.0339560637572, 864.0387688676087, 864.0435577207784, 864.0483227421917, 
864.053064050186, 864.0577817625136, 864.062475996345, 864.0671468682706, 
864.0717944943056, 864.0764189898902, 864.0810204698948, 864.0855990486214, 
864.0901548398068, 864.0946879566253, 864.0991985116916, 864.1036866170633, 
864.1081523842439, 864.1125959241853, 864.1170173472905, 864.121416763417, 
864.1257942818777, 864.1301500114461, 864.1344840603564, 864.1387965363077, 
864.1430875464671, 864.1473571974699, 864.1516055954252, 864.155832845916, 
864.1600390540039, 864.1642243242295, 864.1683887606167, 864.1725324666743, 
864.1766555453993, 864.1807580992784, 864.1848402302912, 864.1889020399127, 
864.1929436291155, 864.1969650983723, 864.2009665476583, 864.2049480764544, 
864.2089097837481, 864.2128517680379, 864.2167741273336, 864.2206769591601, 
864.22456036056, 864.2284244280943, 864.2322692578471, 864.2360949454253, 
864.2399015859638, 864.243689274125, 864.2474581041038, 864.2512081696275, 
864.25493956396, 864.2586523799023, 864.2623467097969, 864.2660226455282, 
864.2696802785252, 864.2733196997651, 864.2769409997733, 864.280544268627, 
864.2841295959576, 864.2876970709518, 864.2912467823552, 864.2947788184728, 
864.2982932671728, 864.3017902158875, 864.3052697516164, 864.3087319609274, 
864.3121769299603, 864.3156047444265, 864.3190154896145, 864.3224092503887, 
864.3257861111931, 864.3291461560541, 864.3324894685804, 864.3358161319671, 
864.3391262289968, 864.3424198420415, 864.3456970530651, 864.3489579436252, 
864.3522025948749, 864.3554310875652, 864.3586435020463, 864.3618399182708, 
864.3650204157945, 864.3681850737786, 864.371333970992, 864.3744671858129, 
864.3775847962312, 864.3806868798498, 864.3837735138866, 864.3868447751771, 
864.3899007401751, 864.3929414849559, 864.3959670852172, 864.3989776162813, 
864.4019731530967, 864.4049537702407, 864.4079195419203, 864.4108705419744, 
864.413806843876, 864.4167285207333, 864.4196356452919, 864.4225282899366, 
864.4254065266937, 864.4282704272308, 864.431120062861, 864.4339555045438, 
864.4367768228858, 864.4395840881438, 864.442377370226, 864.4451567386938, 
864.447922262763, 864.4506740113066, 864.4534120528554, 864.4561364556001, 
864.4588472873934, 864.4615446157512, 864.4642285078538, 864.466899030549, 
864.4695562503523, 864.4722002334487, 864.4748310456956, 864.477448752623, 
864.4800534194358, 864.4826451110153, 864.4852238919206, 864.4877898263904, 
864.4903429783448, 864.4928834113863, 864.4954111888015, 864.4979263735635, 
864.500429028332, 864.5029192154563, 864.5053969969758, 864.5078624346222, 
864.5103155898202, 864.51275652369, 864.515185297048, 864.5176019704093, 
864.5200066039873, 0.0]
(%i47) energy_dissipation:makelist(k*n_list[i]*v_list[i]^2,i,1,length(t_list))
(%o47) [0.0144819648753018, 0.01446257755150305, 0.01444322586693849, 
0.01442390953882164, 0.01440462828329028, 0.0143853818154025, 
0.01436616984913272, 0.01434699209736778, 0.01432784827190317, 
0.01430873808343915, 0.01428966124157708, 0.01427061745481571, 
0.01425160643054756, 0.01423262787505537, 0.01421368149350853, 
0.01419476698995969, 0.01417588406734135, 0.01415703242746252, 
0.01413821177100545, 0.01411942179752244, 0.0141006622054327, 
0.01408193269201927, 0.01406323295342602, 0.01404456268465472, 
0.01402592157956216, 0.0140073093308574, 0.01398872563009897, 
0.01397017016769234, 0.01395164263288724, 0.01393314271377521, 
0.01391467009728723, 0.01389622446919131, 0.0138778055140903, 
0.01385941291541968, 0.01384104635544548, 0.01382270551526232, 
0.01380439007479144, 0.0137860997127789, 0.0137678341067939, 
0.01374959293322701, 0.01373137586728875, 0.01371318258300808, 
0.013695012753231, 0.0136768660496194, 0.01365874214264976, 
0.01364064070161222, 0.01362256139460953, 0.01360450388855625, 
0.01358646784917797, 0.01356845294101066, 0.01355045882740022, 
0.01353248517050193, 0.01351453163128026, 0.01349659786950863, 
0.01347868354376927, 0.01346078831145338, 0.01344291182876121, 
0.01342505375070236, 0.01340721373109618, 0.01338939142257229, 
0.01337158647657129, 0.01335379854334543, 0.01333602727195964, 
0.01331827231029253, 0.01330053330503754, 0.01328280990170429, 
0.01326510174462004, 0.01324740847693127, 0.01322972974060539, 
0.01321206517643264, 0.01319441442402814, 0.01317677712183401, 
0.01315915290712174, 0.0131415414159946, 0.01312394228339032, 
0.01310635514308385, 0.0130887796276903, 0.01307121536866803, 
0.01305366199632192, 0.01303611913980675, 0.01301858642713089, 
0.01300106348515993, 0.01298354993962069, 0.0129660454151053, 
0.01294854953507545, 0.01293106192186685, 0.01291358219669386, 
0.01289610997965431, 0.01287864488973447, 0.01286118654481421, 
0.01284373456167241, 0.01282628855599248, 0.0128088481423681, 
0.01279141293430917, 0.01277398254424792, 0.01275655658354529, 
0.01273913466249741, 0.01272171639034237, 0.01270430137526714, 
0.01268688922441474, 0.01266947954389156, 0.01265207193877497, 
0.01263466601312111, 0.01261726136997284, 0.01259985761136799, 
0.01258245433834784, 0.01256505115096572, 0.01254764764829594, 
0.01253024342844292, 0.0125128380885505, 0.01249543122481157, 
0.01247802243247789, 0.01246061130587011, 0.01244319743838813, 
0.01242578042252156, 0.01240835984986059, 0.01239093531110702, 
0.01237350639608549, 0.01235607269375507, 0.01233863379222103, 
0.01232118927874693, 0.01230373873976691, 0.01228628176089823, 
0.0122688179269542, 0.0122513468219572, 0.01223386802915211, 
0.01221638113101996, 0.01219888570929184, 0.01218138134496312, 
0.0121638676183079, 0.01214634410889382, 0.0121288103955971, 
0.01211126605661788, 0.01209371066949581, 0.01207614381112602, 
0.01205856505777532, 0.01204097398509871, 0.01202337016815617, 
0.01200575318142984, 0.01198812259884134, 0.01197047799376958, 
0.01195281893906876, 0.01193514500708671, 0.01191745576968358, 
0.01189975079825075, 0.01188202966373021, 0.01186429193663413, 
0.0118465371870648, 0.0118287649847349, 0.01181097489898811, 
0.01179316649882001, 0.01177533935289936, 0.01175749302958968, 
0.0117396270969712, 0.01172174112286306, 0.01170383467484605, 
0.01168590732028544, 0.01166795862635437, 0.01164998816005746, 
0.01163199548825482, 0.01161398017768641, 0.01159594179499675, 
0.01157787990675999, 0.01155979407950537, 0.01154168387974291, 
0.01152354887398968, 0.01150538862879627, 0.01148720271077366, 
0.01146899068662051, 0.01145075212315075, 0.01143248658732162, 
0.01141419364626202, 0.01139587286730128, 0.01137752381799828, 
0.01135914606617097, 0.01134073917992625, 0.0113223027276903, 
0.01130383627823918, 0.01128533940072995, 0.01126681166473202, 
0.0112482526402591, 0.01122966189780134, 0.01121103900835799, 
0.01119238354347041, 0.01117369507525544, 0.01115497317643928, 
0.01113621742039168, 0.01111742738116047, 0.01109860263350671, 
0.01107974275293996, 0.01106084731575422, 0.01104191589906409, 
0.01102294808084138, 0.01100394343995222, 0.01098490155619442, 
0.01096582201033539, 0.01094670438415037, 0.0109275482604611, 
0.01090835322317492, 0.01088911885732426, 0.01086984474910652, 
0.01085053048592444, 0.01083117565642678, 0.01081177985054954, 
0.01079234265955737, 0.01077286367608574, 0.01075334249418317, 
0.01073377870935409, 0.01071417191860207, 0.01069452172047339, 
0.01067482771510114, 0.01065508950424961, 0.01063530669135924, 
0.01061547888159181, 0.01059560568187617, 0.01057568670095433, 
0.010555721549428, 0.01053570983980548, 0.01051565118654897, 
0.01049554520612234, 0.01047539151703928, 0.01045518973991179, 
0.01043493949749922, 0.01041464041475752, 0.01039429211888911, 
0.01037389423939292, 0.01035344640811501, 0.01033294825929955, 
0.01031239942964007, 0.01029179955833126, 0.01027114828712109, 
0.01025044526036331, 0.01022969012507036, 0.01020888253096662, 
0.01018802213054213, 0.01016710857910658, 0.01014614153484373, 
0.01012512065886625, 0.0101040456152708, 0.0100829160711936, 
0.01006173169686629, 0.0100404921656722, 0.01001919715420292, 
0.009997846342315244, 0.009976439413188515, 0.009954976053382215, 
0.009933455952893968, 0.009911878805217847, 0.009890244307403035, 
0.00986855216011278, 0.009846802067683692, 0.009824993738185354, 
0.009803126883480278, 0.009781201219284068, 0.009759216465226003, 
0.009737172344909846, 0.009715068585974955, 0.009692904920157696, 
0.009670681083353089, 0.009648396815676825, 0.009626051861527402, 
0.009603645969648653, 0.009581178893192469, 0.009558650389781756, 
0.009536060221573674, 0.009513408155323042, 0.00949069396244608, 
0.009467917419084234, 0.009445078306168283, 0.009422176409482673, 
0.009399211519729991, 0.009376183432595647, 0.009353091948812728, 
0.009329936874227028, 0.009306718019862253, 0.00928343520198532, 
0.00926008824217188, 0.009236676967371922, 0.009213201209975488, 
0.009189660807878543, 0.009166055604548945, 0.009142385449092466, 
0.009118650196318952, 0.009094849706808493, 0.009070983846977764, 
0.009047052489146262, 0.009023055511602737, 0.008998992798671552, 
0.008974864240779111, 0.008950669734520266, 0.00892640918272473, 
0.008902082494523503, 0.008877689585415213, 0.008853230377332433, 
0.008828704798707994, 0.008804112784541157, 0.008779454276463759, 
0.008754729222806235, 0.008729937578663552, 0.008705079305961011, 
0.00868015437351992, 0.008655162757123129, 0.008630104439580393, 
0.008604979410793528, 0.008579787667821451, 0.00855452921494494, 
0.008529204063731217, 0.008503812233098266, 0.008478353749378913, 
0.00845282864638467, 0.008427236965469208, 0.00840157875559164, 
0.008375854073379397, 0.008350062983190842, 0.00832420555717747, 
0.008298281875345787, 0.008272292025618817, 0.008246236103897157, 
0.008220114214119643, 0.008193926468323605, 0.008167672986704622, 
0.008141353897675849, 0.008114969337926817, 0.008088519452481758, 
0.008062004394757369, 0.008035424326620078, 0.00800877941844269, 
0.007982069849160518, 0.00795529580632682, 0.007928457486167691, 
0.007901555093636312, 0.007874588842466472, 0.007847558955225478, 
0.007820465663366304, 0.007793309207279091, 0.007766089836341825, 
0.00773880780897031, 0.007711463392667321, 0.007684056864070976, 
0.007656588509002256, 0.007629058622511709, 0.007601467508925277, 
0.007573815481889194, 0.007546102864414014, 0.007518329988917706, 
0.00749049719726777, 0.00746260484082238, 0.007434653280470541, 
0.007406642886671208, 0.007378574039491354, 0.007350447128643019, 
0.007322262553519188, 0.00729402072322865, 0.00726572205662962, 
0.00723736698236228, 0.007208955938880144, 0.007180489374480142, 
0.00715196774733155, 0.007123391525503635, 0.00709476118699205, 
0.007066077219743905, 0.007037340121681535, 0.00700855040072493, 
0.006979708574812786, 0.006950815171922162, 0.006921870730086746, 
0.006892875797413689, 0.006863830932098925, 0.006834736702441071, 
0.006805593686853792, 0.006776402473876655, 0.006747163662184394, 
0.006717877860594642, 0.006688545688074048, 0.006659167773742743, 
0.006629744756877228, 0.006600277286911531, 0.006570766023436718, 
0.00654121163619864, 0.006511614805093997, 0.006481976220164648, 
0.006452296581590072, 0.006422576599678109, 0.006392816994853803, 
0.006363018497646473, 0.006333181848674856, 0.006303307798630392, 
0.006273397108258584, 0.006243450548338437, 0.006213468899659921, 
0.0061834529529995, 0.006153403509093648, 0.006123321378610323, 
0.006093207382118434, 0.006063062350055273, 0.006032887122691837, 
0.006002682550096066, 0.005972449492093986, 0.005942188818228708, 
0.005911901407717264, 0.005881588149405326, 0.005851249941719681, 
0.005820887692618558, 0.00579050231953968, 0.005760094749346132, 
0.005729665918269986, 0.005699216771853581, 0.005668748264888622, 
0.005638261361352905, 0.005607757034344785, 0.005577236266015292, 
0.005546700047497909, 0.005516149378836018, 0.005485585268907965, 
0.00545500873534975, 0.005424420804475354, 0.005393822511194657, 
0.005363214898928925, 0.005332599019523908, 0.005301975933160517, 
0.005271346708263054, 0.005240712421404985, 0.0052100741572123, 
0.00517943300826439, 0.005148790074992453, 0.005118146465575478, 
0.005087503295833708, 0.005056861689119665, 0.005026222776206651, 
0.004995587695174803, 0.004964957591294692, 0.004934333616908348, 
0.004903716931307889, 0.004873108700611616, 0.004842510097637645, 
0.004811922301775053, 0.004781346498852539, 0.004750783881004629, 
0.004720235646535389, 0.00468970299977968, 0.00465918715096196, 
0.004628689316052655, 0.004598210716622028, 0.004567752579691666, 
0.004537316137583528, 0.004506902627766572, 0.004476513292700988, 
0.004446149379680028, 0.004415812140669477, 0.004385502832144739, 
0.004355222714925608, 0.004324973054008675, 0.004294755118397451, 
0.004264570180930161, 0.004234419518105294, 0.004204304409904902, 
0.004174226139615624, 0.004144185993647544, 0.004114185261350818, 
0.004084225234830198, 0.00405430720875735, 0.004024432480181114, 
0.003994602348335643, 0.00396481811444652, 0.003935081081534815, 
0.003905392554219188, 0.003875753838516001, 0.003846166241637509, 
0.003816631071788146, 0.003787149637958985, 0.003757723249720342, 
0.003728353217012597, 0.003699040849935293, 0.003669787458534503, 
0.003640594352588532, 0.003611462841392019, 0.003582394233538427, 
0.003553389836701022, 0.00352445095741233, 0.003495578900842175, 
0.003466774970574324, 0.003438040468381744, 0.003409376694000599, 
0.003380784944902972, 0.003352266516068411, 0.003323822699754314, 
0.003295454785265227, 0.003267164058721107, 0.003238951802824615, 
0.003210819296627466, 0.003182767815295939, 0.003154798629875572, 
0.003126913007055097, 0.003099112208929717, 0.003071397492763747, 
0.003043770110752706, 0.003016231309784902, 0.002988782331202603, 
0.002961424410562837, 0.002934158777397894, 0.002906986654975616, 
0.002879909260059509, 0.002852927802668786, 0.002826043485838362, 
0.002799257505378935, 0.002772571049637185, 0.002745985299256147, 
0.002719501426935889, 0.002693120597194509, 0.002666843966129583, 
0.002640672681180083, 0.002614607880888891, 0.002588650694665948, 
0.002562802242552153, 0.002537063634984048, 0.002511435972559409, 
0.002485920345803807, 0.002460517834938194, 0.002435229509647636, 
0.002410056428851261, 0.002384999640473482, 0.002360060181216604, 
0.002335239076334884, 0.002310537339410132, 0.002285955972128927, 
0.002261495964061547, 0.002237158292442684, 0.002212943921954027, 
0.002188853804508801, 0.00216488887903835, 0.002141050071280855, 
0.002117338293572224, 0.002093754444639316, 0.002070299409395508, 
0.002046974058738745, 0.002023779249352117, 0.002000715823507071, 
0.001977784608869333, 0.001954986418307617, 0.001932322049705215, 
0.001909792285774551, 0.001887397893874767, 0.00186513962583243, 
0.001843018217765444, 0.001821034389910254, 0.001799188846452409, 
0.001777482275360559, 0.001755915348223987, 0.001734488720093731, 
0.001713203029327389, 0.001692058897437683, 0.001671056928944832, 
0.00165019771123285, 0.001629481814409814, 0.001608909791172172, 
0.001588482176673189, 0.001568199488395579, 0.00154806222602839, 
0.001528070871348226, 0.00150822588810487, 0.001488527721911359, 
0.001468976800138591, 0.001449573531814521, 0.001430318307528003, 
0.001411211499337346, 0.001392253460683642, 0.001373444526308909, 
0.001354785012179131, 0.001336275215412205, 0.001317915414210904, 
0.00129970586780086, 0.001281646816373626, 0.00126373848103488, 
0.001245981063757793, 0.001228374747341621, 0.001210919695375548, 
0.001193616052207831, 0.001176463942920268, 0.001159463473308035, 
0.001142614729864925, 0.001125917779774011, 0.001109372670903762, 
0.00109297943180964, 0.001076738071741199, 0.001060648580654716, 
0.001044710929231353, 0.00102892506890088, 0.001013290931870971, 
9.978084311620859E-4, 9.824774606479292E-4, 9.672978951015201E-4, 
9.522695902468546E-4, 9.3739238281617E-4, 9.226660906128023E-4, 
9.080905125796441E-4, 8.936654288731927E-4, 8.793906009431613E-4, 
8.652657716176672E-4, 8.512906651939627E-4, 8.374649875347028E-4, 
8.237884261697167E-4, 8.102606504032723E-4, 7.96881311426798E-4, 
7.836500424370404E-4, 7.70566458759618E-4, 7.576301579779462E-4, 
7.448407200674891E-4, 7.321977075352993E-4, 7.197006655648032E-4, 
7.073491221657949E-4, 6.951425883295724E-4, 6.830805581891837E-4, 
6.711625091847169E-4, 6.593879022335843E-4, 6.477561819057361E-4, 
6.362667766037512E-4, 6.24919098747727E-4, 6.137125449649162E-4, 
6.02646496284023E-4, 5.917203183341067E-4, 5.809333615480049E-4, 
5.702849613701963E-4, 5.59774438469034E-4, 5.494010989532571E-4, 
5.391642345927046E-4, 5.290631230431325E-4, 5.190970280750567E-4, 
5.0926519980652E-4, 4.995668749396963E-4, 4.900012770012261E-4, 
4.805676165861972E-4, 4.712650916056576E-4, 4.620928875375626E-4, 
4.530501776810509E-4, 4.441361234139454E-4, 4.35349874453362E-4, 
4.266905691193219E-4, 4.181573346012528E-4, 4.097492872272636E-4, 
4.014655327360759E-4, 3.933051665514986E-4, 3.852672740593192E-4, 
3.773509308864969E-4, 3.695552031825319E-4, 3.618791479028891E-4, 
3.543218130943484E-4, 3.468822381821599E-4, 3.395594542588706E-4, 
3.32352484374702E-4, 3.252603438293418E-4, 3.182820404650219E-4, 
3.114165749607568E-4, 3.046629411276025E-4, 2.980201262048087E-4, 
2.914871111567308E-4, 2.850628709703656E-4, 2.787463749533833E-4, 
2.725365870325122E-4, 2.664324660521515E-4, 2.604329660730715E-4, 
2.545370366710698E-4, 2.487436232354485E-4, 2.430516672671764E-4, 
2.374601066766089E-4, 2.31967876080621E-4, 2.265739070990315E-4, 
2.212771286501797E-4, 2.160764672455232E-4, 2.109708472831275E-4, 
2.059591913399156E-4, 2.010404204625478E-4, 1.962134544568048E-4, 
1.914772121753449E-4, 1.868306118037095E-4, 1.822725711444536E-4, 
1.778020078992733E-4, 1.734178399490131E-4, 1.691189856314292E-4, 
1.6490436401659E-4, 1.607728951797968E-4, 1.567235004719081E-4, 
1.52755102786957E-4, 1.488666268269429E-4, 1.450569993636952E-4, 
1.413251494976966E-4, 1.376700089137607E-4, 1.340905121334626E-4, 
1.305855967642183E-4, 1.27154203744918E-4, 1.237952775880127E-4, 
1.205077666179632E-4, 1.172906232059606E-4, 1.14142804000827E-4, 
1.110632701560134E-4, 1.080509875526104E-4, 1.051049270182915E-4, 
1.022240645421117E-4, 9.940738148508719E-5, 9.665386478648466E-5, 
9.396250716575175E-5, 9.133230732002185E-5, 8.876227011713445E-5, 
8.625140678410762E-5, 8.379873509101054E-5, 8.140327953017991E-5, 
7.906407149073379E-5, 7.678014942833462E-5, 7.45505590301591E-5, 
7.237435337503554E-5, 7.02505930887124E-5, 6.817834649422415E-5, 
6.615668975732653E-5, 6.418470702697318E-5, 6.226149057081244E-5, 
6.038614090568363E-5, 5.855776692309684E-5, 5.677548600968485E-5, 
5.503842416261562E-5, 5.334571609996126E-5, 5.169650536601983E-5, 
5.008994443159056E-5, 4.85251947892073E-5, 4.700142704333613E-5, 
4.551782099554904E-5, 4.407356572468629E-5, 4.26678596620248E-5, 
4.129991066147298E-5, 3.996893606481444E-5, 3.867416276202779E-5, 
3.741482724671096E-5, 3.619017566664318E-5, 3.499946386951946E-5, 
3.384195744389581E-5, 3.271693175538651E-5, 3.162367197815698E-5, 
3.056147312175885E-5, 2.952964005335682E-5, 2.852748751539867E-5, 
2.755434013878326E-5, 2.660953245158325E-5, 2.569240888338156E-5, 
2.480232376528402E-5, 2.393864132567102E-5, 2.310073568175527E-5, 
2.228799082701331E-5, 2.149980061456112E-5, 2.073556873654637E-5, 
1.999470869963083E-5, 1.927664379663961E-5, 1.858080707445406E-5, 
1.790664129822815E-5, 1.725359891200886E-5, 1.662114199584285E-5, 
1.600874221945321E-5, 1.541588079257088E-5, 1.484204841200711E-5, 
1.428674520555414E-5, 1.374948067280212E-5, 1.322977362296173E-5, 
1.272715210978234E-5, 1.224115336365627E-5, 1.177132372100106E-5, 
1.131721855101114E-5, 1.087840217987188E-5, 1.045444781252855E-5, 
1.004493745210337E-5, 9.64946181705437E-6, 9.267620256169093E-6, 
8.899020661487086E-6, 8.543279379244517E-6, 8.20002111893442E-6, 
7.868878860575714E-6, 7.549493760283884E-6, 7.241515054236035E-6, 
6.944599961122185E-6, 6.658413583174587E-6, 6.382628805865973E-6, 
6.116926196366994E-6, 5.860993900852561E-6, 5.614527540745633E-6, 
5.377230107986551E-6, 5.148811859414606E-6, 4.928990210347898E-6, 
4.717489627446228E-6, 4.514041520940683E-6, 4.318384136312458E-6, 
4.130262445502028E-6, 3.949428037728654E-6, 3.775639009998723E-6, 
3.608659857380061E-6, 3.448261363117873E-6, 3.29422048866647E-6, 
3.146320263709396E-6, 3.004349676238975E-6, 2.868103562764653E-6, 
2.737382498717905E-6, 2.611992689119701E-6, 2.491745859574848E-6, 
2.376459147655815E-6, 2.265954994736734E-6, 2.160061038336646E-6, 
2.05861000502908E-6, 1.96143960397332E-6, 1.868392421120827E-6, 
1.779315814148366E-6, 1.69406180816764E-6, 1.612486992259171E-6, 
1.534452416876443E-6, 1.459823492164312E-6, 1.388469887233851E-6, 
1.320265430433885E-6, 1.255088010657577E-6, 1.19281947972054E-6, 
1.133345555845096E-6, 1.076555728283386E-6, 1.022343163110243E-6, 
9.706046102148344E-7, 9.212403115182905E-7, 8.741539104427379E-7, 
8.29252362655318E-7, 7.864458481090584E-7, 7.45647684400683E-7, 
7.067742414637339E-7, 6.697448576137047E-7, 6.344817569601741E-7, 
6.009099681993409E-7, 5.6895724479871E-7, 5.385539865841295E-7, 
5.096331627378285E-7, 4.821302362145802E-7, 4.559830895816707E-7, 
4.311319522868765E-7, 4.075193293572818E-7, 3.850899315303875E-7, 
3.637906068176325E-7, 3.435702734991737E-7, 3.243798545475062E-7, 
3.061722134763101E-7, 2.889020916097342E-7, 2.725260467661997E-7, 
2.570023933497265E-7, 2.422911438407333E-7, 2.283539516772625E-7, 
2.151540555166221E-7, 2.026562248665102E-7, 1.908267070738174E-7, 
1.796331756584612E-7, 1.69044679978811E-7, 1.590315962145158E-7, 
1.495655796518235E-7, 1.406195182558178E-7, 1.321674875133638E-7, 
1.241847065299608E-7, 1.166474953631513E-7, 1.095332335746186E-7, 
1.028203199826369E-7, 9.648813359609057E-8, 9.05169957108915E-8, 
8.488813314924928E-8, 7.958364262192793E-8, 7.458645619332776E-8, 
6.988030782897107E-8, 6.544970100474789E-8, 6.127987735708283E-8, 
5.73567863530233E-8, 5.366705595912041E-8, 5.019796428787098E-8, 
4.693741220041892E-8, 4.387389684417037E-8, 4.09964861039592E-8, 
3.829479394541026E-8, 3.575895662918055E-8, 3.337960977481767E-8, 
3.114786625305714E-8, 2.90552948854816E-8, 2.709389993059194E-8, 
2.525610133548355E-8, 2.353471573248525E-8, 2.192293816030102E-8, 
2.041432448939236E-8, 1.900277453155637E-8, 1.768251581388325E-8, 
1.644808799752309E-8, 1.529432792194944E-8, 1.421635525567743E-8, 
1.320955873467679E-8, 1.226958297001216E-8, 1.139231580654592E-8, 
1.057387621484961E-8, 9.81060269878926E-9, 9.09904220157668E-9, 
8.435939493411152E-9, 7.818227024174735E-9, 7.243015224987711E-9, 
6.707583242777987E-9, 6.20937009236947E-9, 5.745966210947914E-9, 
5.315105400118635E-9, 4.914657141127801E-9, 4.54261926917695E-9, 
4.197110993119045E-9, 3.876366247182252E-9, 3.578727361725131E-9, 
3.302639040382857E-9, 3.046642631318203E-9, 2.809370680643175E-9, 
2.589541756426181E-9, 2.385955532045989E-9, 2.197488117996333E-9, 
2.023087631583844E-9, 1.861769994296801E-9, 1.712614946952255E-9, 
1.574762273054681E-9, 1.447408221119644E-9, 1.329802117031179E-9, 
1.221243157811219E-9, 1.121077378483439E-9, 1.028694784011935E-9, 
9.435266385873202E-10, 8.650429048186761E-10, 7.927498256694781E-10, 
7.261876422488404E-10, 6.649284408361837E-10, 6.085741227776806E-10, 
5.567544911463995E-10, 5.091254483051037E-10, 4.653672987509333E-10, 
4.251831518548641E-10, 3.882974193358055E-10, 3.544544025295042E-10, 
3.234169647261347E-10, 2.949652840575265E-10, 2.68895682615569E-10, 
2.450195276773885E-10, 2.231622011005693E-10, 2.031621331330105E-10, 
1.848698970570767E-10, 1.681473612566155E-10, 1.528668954582446E-10, 
1.389106280551948E-10, 1.26169751573016E-10, 1.145438734817348E-10, 
1.039404096987168E-10, 9.427401826064604E-11, 8.546607077182159E-11, 
7.744415935951261E-11, 7.014163698553756E-11, 6.349718907667615E-11, 
5.745443454511604E-11, 5.196155437401328E-11, 4.697094604254967E-11, 
4.2438902159728E-11, 3.832531176670131E-11, 3.459338285381903E-11, 
3.120938472092375E-11, 2.814240888788895E-11, 2.536414733707492E-11, 
2.28486869404397E-11, 2.057231899159629E-11, 1.851336282729161E-11, 
1.665200258372098E-11, 1.497013619091037E-11, 1.345123576321988E-11, 
1.208021859596623E-11, 1.084332802734756E-11, 9.728023471395429E-12, 
8.722878971689747E-12, 7.817489667161263E-12, 7.00238560058132E-12, 
6.268952337402253E-12, 5.609357897566656E-12, 5.016485535846341E-12, 
4.483871937298149E-12, 4.005650423625273E-12, 3.576498793698124E-12, 
3.191591447304674E-12, 2.84655546544841E-12, 2.537430343273295E-12, 
2.260631093045769E-12, 2.012914454637946E-12, 1.791347969704953E-12, 
1.593281693300615E-12, 1.416322333095282E-12, 1.258309621709741E-12, 
1.117294742019995E-12, 9.915206386765437E-13, 8.794040615732666E-13, 
7.795191986474646E-13, 6.905827662437641E-13, 6.114404353778759E-13, 
5.410544816368028E-13, 4.784925551928512E-13, 4.22917475530514E-13, 
3.735779630266552E-13, 3.298002265220332E-13, 2.909803325108897E-13, 
2.565772875878954E-13, 2.261067713593258E-13, 1.991354621772958E-13, 
1.752759028199178E-13, 1.541818576425626E-13, 1.355441167905802E-13, 
1.190867068151187E-13, 1.045634704928718E-13, 9.175498183819457E-14, 
8.046576523133043E-14, 7.052179028754321E-14, 6.176821657570518E-14, 
5.406736457721293E-14, 4.729689137184462E-14, 4.134815146022243E-14, 
3.612472489587382E-14, 3.154109651561314E-14, 2.752147153638199E-14, 
2.399871414032595E-14, 2.091339690754919E-14, 1.821295008679715E-14, 
1.585090072675139E-14, 1.378619263255576E-14, 1.198257897093566E-14, 
1.040808012960343E-14, 9.034500148838077E-15, 7.836995691002367E-15, 
6.793692102689897E-15, 5.885341659147534E-15, 5.095019566184536E-15, 
4.407853735189914E-15, 3.810784746038535E-15, 3.292352774167534E-15, 
2.842508585256322E-15, 2.452445996788332E-15, 2.114453473104892E-15, 
1.821782761947905E-15, 1.568532698281379E-15, 1.349546497539528E-15, 
1.160321037346301E-15, 9.969267859949357E-16, 8.559371792185633E-16, 
7.343663755331246E-16, 6.29614436068861E-16, 5.394190785825066E-16, 
4.618132484029257E-16, 3.95087832450044E-16, 3.377589171277845E-16, 
2.885390576872632E-16, 2.463120863685305E-16, 2.101110399667928E-16, 
1.790988350752658E-16, 1.525513617138154E-16, 1.298427038872125E-16, 
1.104322293055861E-16, 9.385332047278382E-17, 7.970354599433056E-17, 
6.763609462574531E-17, 5.735231558977181E-17, 4.859522732173165E-17, 
4.114387331127758E-17, 3.480841832599827E-17, 2.942589123382013E-17, 
2.485649207198717E-17, 2.09803911064049E-17, 1.769495653482147E-17, 
1.491235534357409E-17, 1.255747874924454E-17, 1.056614974965159E-17, 
8.883575667851303E-18, 7.463013282641662E-18, 6.264618274687516E-18, 
5.254454345729442E-18, 4.403640548939749E-18, 3.687618154221993E-18, 
3.085520810055585E-18, 2.579633894993247E-18, 2.154930814009051E-18, 
1.798675620219587E-18, 1.500082759937979E-18, 1.250025974086481E-18, 
1.040789464215701E-18, 8.658553666257191E-19, 7.197223908657294E-19, 
5.977511846188719E-19, 4.960325992164044E-19, 4.112755606852677E-19, 
3.407117107763343E-19, 2.820143800229682E-19, 2.332297985819529E-19, 
1.927187474513014E-19, 1.591071087997743E-19, 1.312439949621609E-19, 
1.081663258504979E-19, 8.906888820204563E-20, 7.32790508006842E-20, 
6.023543067792727E-20, 4.946990902657753E-20, 4.059248449329887E-20, 
3.327852769532193E-20, 2.725806599961951E-20, 2.230678334243997E-20, 
1.823846747931848E-20, 1.489867768744174E-20, 1.215944058426939E-20, 
9.914811233657583E-21, 8.077161820618339E-21, 6.574081523284114E-21, 
5.34578934205932E-21, 4.342977031066326E-21, 3.525012319242775E-21, 
2.858443653927762E-21, 2.315757045131173E-21, 1.874343487913198E-21, 
1.515642110675409E-21, 1.224429824338526E-21, 9.882329898434857E-22, 
7.968406143194067E-22, 6.41901944759155E-22, 5.165941501259455E-22, 
4.153481517973491E-22, 3.336226488974435E-22, 2.677180494107042E-22, 
2.146234108985687E-22, 1.718906592365107E-22, 1.375313264980713E-22, 
1.099318607241962E-22, 8.778423682119879E-23, 7.002916114271294E-23, 
5.580963088805808E-23, 4.443299882203752E-23, 3.534001704299365E-23, 
2.807960155706562E-23, 2.228828144964137E-23, 1.767348018184178E-23, 
1.399992842652441E-23, 1.107863328387413E-23, 8.757932181827123E-24, 
6.91624502599409E-24, 5.456208346274056E-24, 4.299932897542853E-24, 
3.385173575408761E-24, 2.66223940394588E-24, 2.091503233088824E-24, 
1.641396886001413E-24, 1.286798845296042E-24, 1.007739008346702E-24, 
7.883592756501188E-25, 6.160803394496634E-25, 4.809344883728128E-25, 
3.750319292957887E-25, 2.921343721096163E-25, 2.27314691073638E-25, 
1.766855850671482E-25, 1.371834861805297E-25, 1.063966573504557E-25, 
8.242859421548346E-26, 6.378960130331612E-26, 4.931082739990457E-26, 
3.807618414522665E-26, 2.936848817238153E-26, 2.262690323540391E-26, 
1.741334949530439E-26, 1.338602062881447E-26, 1.027852851593129E-26, 
7.883498420644588E-27, 6.039679732038519E-27, 4.621830530997174E-27, 
3.532788207551587E-27, 2.697260900657534E-27, 2.056971960319837E-27, 
1.566866998545792E-27, 1.192154458675384E-27, 9.05999244672605E-28, 
6.877274166277051E-28, 5.214303577533048E-28, 3.948808139756366E-28, 
2.986921257627784E-28, 2.25666869362074E-28, 1.702928415478446E-28, 
1.283535261471496E-28, 9.662740206464735E-29, 7.26561114335785E-29, 
5.456593552693761E-29, 4.093048820244505E-29, 3.066523965058082E-29, 
2.294659090614561E-29, 1.714986103415143E-29, 1.280182565098128E-29, 
9.544437277477777E-30, 7.107127554084175E-30, 5.285687651813112E-30, 
3.926184698130994E-30, 2.912728731835487E-30, 2.158180049749653E-30, 
1.5970990906647E-30, 1.180404453571945E-30, 8.713303386641674E-31, 
6.423712295552954E-31, 4.729756735355989E-31, 3.478077303766696E-31, 
2.554380466157982E-31, 1.873596598808764E-31, 1.372489297717203E-31, 
1.004112644747229E-31, 7.336597885883382E-32, 5.353576637358351E-32, 
3.901472722241959E-32, 2.839530793170213E-32, 2.063936162838732E-32, 
1.49822079115855E-32, 1.086134152881617E-32, 7.863527697224409E-33, 
5.68559446331755E-33, 4.105414885374712E-33, 2.960459645676587E-33, 
2.131966432345926E-33, 1.533270947122623E-33, 1.101217184954669E-33, 
7.898430193281559E-34, 5.657447324865983E-34, 4.04678735235279E-34, 
2.890736975375969E-34, 2.062116975029409E-34, 1.469003194240629E-34, 
1.045045265691177E-34, 7.424181467780603E-35, 5.266976305522988E-35, 
3.731398683171891E-35, 2.639840212945809E-35, 1.864994332986934E-35, 
1.315738174007869E-35, 9.269401812394469E-36, 6.52112324072094E-36, 
4.581205407998411E-36, 3.213823114239842E-36, 2.251371759732776E-36, 
1.574902556188257E-36, 1.100118787015418E-36, 7.673669394329713E-37, 
5.344934499880713E-37, 3.71754025659453E-37, 2.581910313752876E-37, 
1.790593460921775E-37, 1.239999172954102E-37, 8.574573877656945E-38, 
5.920639763289731E-38, 4.082139662194304E-38, 2.81040171646991E-38, 
1.932005940006266E-38, 1.326191428092999E-38, 9.089916030846839E-39, 
6.221106187319858E-39, 4.251357611973215E-39, 2.900935923329248E-39, 
1.976502200724067E-39, 1.344631655180703E-39, 9.133861419464639E-40, 
6.195106250043199E-40, 4.195507977523373E-40, 2.837004285543396E-40, 
1.915460848901771E-40, 1.291286510413862E-40, 8.691729377789051E-41, 
5.841471017716408E-41, 3.919845124840959E-41, 2.626300674484516E-41, 
1.756899998448018E-41, 1.173477876066514E-41, 7.825754935197432E-42, 
5.210738326895238E-42, 3.464114018144792E-42, 2.299340011196239E-42, 
1.523808997025926E-42, 1.008259687191648E-42, 6.660809649519888E-43, 
4.393317695670318E-43, 2.893126239380318E-43, 1.902171050322638E-43, 
1.248640403894395E-43, 8.183311026061851E-44, 5.354548012267708E-44, 
3.497976526233872E-44, 2.281442408777541E-44, 1.48558979999245E-44, 
9.657913745227502E-45, 6.268461871066476E-45, 4.06190860557251E-45, 
2.627780232739097E-45, 1.697211302428184E-45, 1.094382188876956E-45, 
7.045090788722386E-46, 4.527796518122664E-46, 2.905147533004755E-46, 
1.860924376447203E-46, 1.190054248784689E-46, 7.59767231269153E-47, 
4.842486164635605E-47, 3.081261220883529E-47, 1.957308215669506E-47, 
1.24124858345379E-47, 7.858242677360772E-48, 4.966580875315881E-48, 
3.133670116362389E-48, 1.973835776283407E-48, 1.241163580480033E-48, 
7.791222222849719E-49, 4.882463640349201E-49, 3.054411900517594E-49, 
1.907522424072764E-49, 1.189223472382936E-49, 7.401289233845101E-50, 
4.598325165010215E-50, 2.851928930407391E-50, 1.76572375448831E-50, 
1.091315159883613E-50, 6.733165898403254E-51, 4.14694690952834E-51, 
2.549623232621033E-51, 1.564805109265831E-51, 9.586930201926597E-52, 
5.863167337926664E-52, 3.57945397725966E-52, 2.181380397477157E-52, 
1.32701100251244E-52, 8.058319911019119E-53, 4.884720542900021E-53, 
2.955687777521689E-53, 1.785251418591516E-53, 1.076367568242712E-53, 
6.477994852297699E-54, 3.891685791529782E-54, 2.333729502262389E-54, 
1.396938377647435E-54, 8.346730243132628E-55, 4.978131000105653E-55, 
2.963640359713983E-55, 1.761133767284023E-55, 1.044636713130465E-55, 
6.185043532045884E-56, 3.655301590475535E-56, 2.156279718907195E-56, 
1.269658321449642E-56, 7.462201491165379E-57, 4.377678748980461E-57, 
2.563398259098245E-57, 1.498242248057539E-57, 8.740579638578547E-58, 
5.089664536280762E-58, 2.958198465973593E-58, 1.716141848845654E-58, 
9.937228785629493E-59, 5.743308450605584E-59, 3.313158848447684E-59, 
1.90767402479861E-59, 1.096342869822409E-59, 6.288795712649692E-60, 
3.600526263233376E-60, 2.057502802523353E-60, 1.173517044468927E-60, 
6.680538119895532E-61, 3.795815898169672E-61, 2.152628378522593E-61, 
1.218433395037641E-61, 6.883382902673783E-62, 3.88121824932373E-62, 
2.18423220808173E-62, 1.226853672034646E-62, 6.877784514081079E-63, 
3.848263722353261E-63, 2.149018657140659E-63, 1.19776959238414E-63, 
6.6628919054454E-64, 3.699195582078949E-64, 2.049771851291738E-64, 
1.133590326972428E-64, 6.256879503872207E-65, 3.446745285990286E-65, 
1.894999158680085E-65, 1.039814779197807E-65, 5.69441077252021E-66, 
3.112333713221964E-66, 1.697722892789963E-66, 9.242500187240634E-67, 
5.021724546167157E-67, 2.723051217294178E-67, 1.473658976112772E-67, 
7.959306022999412E-68, 4.290315304420888E-68, 2.308010593226612E-68, 
1.239138224527434E-68, 6.63947710403372E-69, 3.550413812603302E-69, 
1.894758481074E-69, 1.009153792326752E-69, 5.363994171093226E-70, 
2.845414381962603E-70, 1.506356899983842E-70, 7.958555181276852E-71, 
4.196270166615045E-71, 2.208077872545068E-71, 1.159540572462252E-71, 
6.076829144553844E-72, 3.178238750192803E-72, 1.658873763514448E-72, 
8.640848823784242E-73, 4.491740459804707E-73, 2.330166847196534E-73, 
1.206347560479785E-73, 6.232609336598465E-74, 3.213500361535493E-74, 
1.653471709031942E-74, 8.49032154825213E-75, 4.350703208801706E-75, 
2.224855108128363E-75, 1.135402845481409E-75, 5.782334587761672E-76, 
2.938735412929402E-76, 1.490461723956002E-76, 7.54368065252084E-77, 
3.810192805233915E-77, 1.920484797249978E-77, 9.659933605112218E-78, 
4.848817623134405E-78, 2.42881871751339E-78, 1.214090357134306E-78, 
6.056234725039521E-79, 3.014736107957261E-79, 1.497579768478212E-79, 
7.42375854907906E-80, 3.672400934206656E-80, 1.812875131224252E-80, 
8.930513475691907E-81, 4.390104931840208E-81, 2.153587438535432E-81, 
1.054237528855308E-81, 5.14993818461651E-82, 2.510454639878771E-82, 
1.22120565842145E-82, 5.928032314857384E-83, 2.871553496411426E-83, 
1.388056471513762E-83, 6.695461612856549E-84, 3.222822452488408E-84, 
1.548010906072517E-84, 7.419809481491091E-85, 3.548885017565214E-85, 
1.693834150659311E-85, 8.067314321466222E-86, 3.834118898132773E-86, 
1.818360785330239E-86, 8.605414788045063E-87, 4.063873974530399E-87, 
1.915070370135858E-87, 9.005436061976065E-88, 4.22571006068796E-88, 
1.978650214678331E-88, 9.245112413823918E-89, 4.310510146036806E-89, 
2.005478134124645E-89, 9.310638493195929E-90, 4.313330860002476E-90, 
1.993964251265564E-90, 9.197986629390185E-91, 4.233879818274549E-91, 
1.94470697067042E-91, 8.91331523512333E-92, 4.076555713048362E-92, 
1.860441844551992E-92, 8.472410888041326E-93, 3.850044224959681E-93, 
1.745789352034866E-93, 7.899234436316697E-94, 3.566521493790737E-94, 
1.606834020736466E-94, 7.22375791161869E-95, 3.240567066591479E-95, 
1.45058838739858E-95, 6.479364730000974E-96, 2.887921714019207E-96, 
1.284407648361615E-96, 5.700127374011715E-97, 2.524237373516597E-97, 
1.115422845546951E-97, 4.918269881877654E-98, 2.163956045144889E-98, 
9.500524076398387E-99, 4.16207156073086E-99, 1.819425135883932E-99, 
7.936359490599723E-100, 3.454385529871153E-100, 1.500315040828812E-100, 
6.502137754334128E-101, 2.811847669809482E-101, 1.213358728615318E-101, 
5.224543534961893E-102, 2.244755790362555E-102, 9.62390627590315E-103, 
4.117135301525139E-103, 1.757520138064154E-103, 7.486293577393674E-104, 
3.181960187885701E-104, 1.349534382839849E-104, 5.711293572819447E-105, 
2.411828033588157E-105, 1.016294404393763E-105, 4.273208666240779E-106, 
1.792875276210358E-106, 7.505982043712199E-107, 3.135642152394986E-107, 
1.307094761437192E-107, 5.436875026982868E-108, 2.256593972095183E-108, 
9.34586292641119E-109, 3.862312637604841E-109, 1.592713329465351E-109, 
6.553753827214531E-110, 2.690946816866142E-110, 1.102510559808041E-110, 
4.507370296604762E-111, 1.838767218095702E-111, 7.485029358489414E-112, 
3.040351004838703E-112, 1.232303368797246E-112, 4.983970729906103E-113, 
2.011395725655114E-113, 8.099981413776735E-114, 3.25488208975933E-114, 
1.305123256207333E-114, 5.221955045636616E-115, 2.084876700292104E-115, 
8.306031924156663E-116, 3.301970029620313E-116, 1.309843227061446E-116, 
5.1848062568572E-117, 2.047920726396261E-117, 8.071635283380008E-118, 
3.17452020098549E-118, 1.245842793218859E-118, 4.878849231015261E-119, 
1.906518333636282E-119, 7.434203625728446E-120, 2.892665736053708E-120, 
1.123137294917832E-120, 4.351497334415403E-121, 1.68235002805588E-121, 
6.490322285750689E-122, 2.498555166983187E-122, 9.598092328388733E-123, 
3.679211369414367E-123, 1.407339686884076E-123, 5.37177816486017E-124, 
2.046033363648045E-124, 7.776486814701905E-125, 2.949380787923472E-125, 
1.11623473991229E-125, 4.215587584954402E-126, 1.588690206219176E-126, 
5.974471241643765E-127, 2.242020266813475E-127, 8.395760742624608E-128, 
3.137340843591385E-128, 1.169890362106098E-128, 4.353225097061774E-129, 
1.616442606215243E-129, 5.989538634661386E-130, 2.214680557218915E-130, 
8.171733429360939E-131, 3.008869905223721E-131, 1.105552848486423E-131, 
4.053622019491198E-132, 1.483185311997809E-132, 5.415477967899108E-133, 
1.973186709522111E-133, 7.174479363061401E-134, 2.603180252462655E-134, 
9.425633819195646E-135, 3.405729881625279E-135, 1.228015932629344E-135, 
4.418682846356065E-136, 1.586636938013821E-136, 5.685374455765355E-137, 
2.033004142742445E-137, 7.254642793667658E-138, 2.583409764973316E-138, 
9.180598144987527E-139, 3.255742210503408E-139, 1.152209198299372E-139, 
4.069264457711393E-140, 1.434183447305121E-140, 5.044274170453404E-141, 
1.770511828941808E-141, 6.201634205026704E-142, 2.167812061153717E-142, 
7.562167479453773E-143, 2.632577461710274E-143, 9.145917150576051E-144, 
3.170922633274653E-144, 1.097128152674036E-144, 3.788292153795771E-145, 
1.305404279144244E-145, 4.489139919328504E-146, 1.540631891285651E-146, 
5.276590069467527E-147, 1.803547839240919E-147, 6.152093579477876E-148, 
2.094306696194231E-148, 7.115097360487986E-149, 2.41238030979957E-149, 
8.162744788950072E-150, 2.756470440186696E-150, 9.289627718782762E-151, 
3.124440868941634E-151, 1.048760998154467E-151, 3.513275140132573E-152, 
1.174574098377501E-152, 3.919065428439239E-153, 1.305027518784758E-153, 
4.337036912489528E-154, 1.438480904336927E-154, 4.761610491724125E-155, 
1.573054146948659E-155, 5.186504788744591E-156, 1.706665754283483E-156, 
5.604876228729539E-157, 1.837082799722665E-157, 6.009493716474433E-158, 
1.961980994972835E-158, 6.392942194955565E-159, 2.079012744430009E-159, 
6.747847331775087E-160, 2.185880446878364E-160, 7.067111902021252E-161, 
2.280411853794189E-161, 7.344153260069921E-162, 2.360634014819965E-162, 
7.573130728753799E-163, 2.424842268242873E-163, 7.749151849096848E-164, 
2.471660880932418E-164, 7.868447243732274E-165, 2.50009230484088E-165, 
7.928505314748458E-166, 2.509552575637252E-166, 7.928160032754145E-167, 
2.499891097608451E-167, 7.86762754403722E-168, 2.47139388922405E-168, 
7.748490058305985E-169, 2.424770248672045E-169, 7.573628292161052E-170, 
2.361123677339624E-170, 7.34710644058246E-171, 2.281908712015892E-171, 
7.074016049748958E-172, 2.188876010107368E-172, 6.760287115495284E-173, 
2.084008563391207E-173, 6.412476117223738E-174, 1.969452255403114E-174, 
6.037541448180584E-175, 1.847444111529291E-175, 5.642616800776952E-176, 
1.720241521136101E-176, 5.234792540124384E-177, 1.590055454315339E-177, 
4.820914023859103E-178, 1.458990281266535E-178, 4.407404310202805E-179, 
1.32899226852732E-179, 4.000116871282681E-180, 1.20180821729963E-180, 
3.604221938562928E-181, 1.078955070717029E-181, 3.224128094422006E-182, 
9.617006926506607E-183, 2.863438819021618E-183, 8.510554488383433E-184, 
2.52494201426377E-184, 7.47773732291347E-185, 2.210629139226245E-185, 
6.523641903995579E-186, 1.921739555959674E-186, 5.651071424408515E-187, 
1.658825022109766E-187, 4.860775253656966E-188, 1.421828970199766E-188, 
4.151716664440692E-189, 1.210175251128982E-189, 3.521362405284676E-190, 
1.02286134165243E-190, 2.965979093798216E-191, 8.58551560435539E-192, 
2.480923400284744E-192, 7.156665372762889E-193, 2.060915370012131E-193, 
5.924659680971789E-194, 1.700286788508992E-194, 4.871225023656333E-195, 
1.39319904463549E-195, 3.977853965896995E-196, 1.133827339936557E-196, 
3.226332855129223E-197, 9.16510216395617E-198, 2.599160418425677E-198, 
7.358651533876562E-199, 2.079861980898009E-199, 5.868723803790341E-200, 
1.653207836857243E-200, 4.649300590491906E-201, 1.305346895739104E-201, 
3.658846275601025E-202, 1.023868208043404E-202, 2.860404105855772E-203, 
7.978035012332324E-204, 2.221526338078573E-204, 6.175835992961777E-205, 
1.714077993589208E-205, 4.749607503478564E-206, 1.313950382611779E-206, 
3.629076270251908E-207, 1.000716128614853E-207, 2.755022606990529E-208, 
7.572524553616722E-209, 2.078065648912921E-209, 5.693544019152972E-210, 
1.557445098733502E-210, 4.253547181227551E-211, 1.159845145328911E-211, 
3.157626905664268E-212, 8.582928108461935E-213, 2.329301996978176E-213, 
6.311514662663247E-214, 1.707499852540812E-214, 4.612207622967734E-215, 
1.243884145417919E-215, 3.349467276243496E-216, 9.005297944181232E-217, 
2.417401522394545E-217, 6.479323640898278E-218, 1.733973887077684E-218, 
4.633287518715669E-219, 1.236151188785929E-219, 3.292997458291188E-220, 
8.758918589395879E-221, 2.326219538952403E-221, 6.168702848003043E-222, 
1.633359453837011E-222, 4.31833457878771E-223, 1.13998524746211E-223, 
3.004916649736754E-224, 7.90892969056357E-225, 2.078532961567839E-225, 
5.454461305060179E-226, 1.4292374718044E-226, 3.739524086799244E-227, 
9.769886546204165E-228, 2.548741460160874E-228, 6.639371314285428E-229, 
1.727010095315511E-229, 4.485711857227924E-230, 1.163424704815664E-230, 
3.013126994009466E-231, 7.792389828470961E-232, 2.012332861307343E-232, 
5.189275350513284E-233, 1.336266847087532E-233, 3.436062755612034E-234, 
8.822917726714373E-235, 2.262290928354014E-235, 5.792574041799286E-236, 
1.481096928415371E-236, 3.781690207094264E-237, 9.642304196709279E-238, 
2.455104325892373E-238, 6.242451096529404E-239, 1.585032788443972E-239, 
4.019028507628412E-240, 1.017666518316405E-240, 2.573316932160445E-241, 
6.498098473837891E-242, 1.638650540988491E-242, 4.126627570301173E-243, 
1.037802954671921E-243, 2.606435920773591E-244, 6.537226719717994E-245, 
1.637405368049113E-245, 4.095782270780698E-246, 1.023145322674318E-246, 
2.552462753391882E-247, 6.359236114926034E-248, 1.58225235624522E-248, 
3.931638970179533E-249, 9.756642789681963E-250, 2.41800884673489E-250, 
5.984775786208518E-251, 1.479354348702442E-251, 3.652016059596698E-252, 
9.003908853017974E-253, 2.217018170775681E-253, 5.451913680589989E-254, 
1.338973704730977E-254, 3.28428083017555E-255, 8.045545258080631E-256, 
1.968427558153279E-256, 4.80987671441817E-257, 1.173818098408917E-257, 
2.861025963525783E-258, 6.964640895118865E-259, 1.693297936936118E-259, 
4.111757924029401E-260, 9.972016542306942E-261, 2.415469283891697E-261, 
5.843659549674458E-262, 1.412000759346962E-262, 3.40763734348305E-263, 
8.213759777990027E-264, 1.977436690766095E-264, 4.754851002708487E-265, 
1.141949080288686E-265, 2.739263648975277E-266, 6.562963098835965E-267, 
1.570532345745448E-267, 3.753845228836671E-268, 8.96169484894432E-269, 
2.136928581147675E-269, 5.089530050129745E-270, 1.210751253952534E-270, 
2.876891540555846E-271, 6.827867947818612E-272, 1.618607476738628E-272, 
3.832609010554452E-273, 9.064540071146371E-274, 2.141396299212689E-274, 
5.053009008888164E-275, 1.190985782675335E-275, 2.803937240217184E-276, 
6.593817633056106E-277, 1.548867358712466E-277, 3.634142018799425E-278, 
8.51729424189299E-279, 1.993954334309213E-279, 4.662773039757272E-280, 
1.089157195704883E-280, 2.541299071025966E-281, 5.922998416339678E-282, 
1.378954004880316E-282, 3.206874510026362E-283, 7.449718543410764E-284, 
1.728722039222797E-284, 4.007186577134521E-285, 9.27864875019603E-286, 
2.146161310848192E-286, 4.958771801158781E-287, 1.14451553875371E-287, 
2.638801636022262E-288, 6.077583654673106E-289, 1.39828584383173E-289, 
3.213686093160837E-290, 7.378279144463309E-291, 1.692203162575577E-291, 
3.877013981221349E-292, 8.873425873043537E-293, 2.028784993616769E-293, 
4.633755393442201E-294, 1.057265856112617E-294, 2.409855308626413E-295, 
5.487253433696239E-296, 1.248182215503302E-296, 2.836361017117073E-297, 
6.438833485990442E-298, 1.46021453819057E-298, 3.308198388280167E-299, 
7.487441449790577E-300, 1.692949321406092E-300, 3.824060073059739E-301, 
8.629334153176049E-302, 1.9453748507612E-302, 4.38131353196894E-303, 
9.857844996116102E-304, 2.215837160052033E-304, 4.975921104320945E-305, 
1.116324609883365E-305, 2.502018163311755E-306, 5.602410615975705E-307, 
1.253272479966009E-307, 2.800939480982657E-308, 6.253903341110336E-309, 
1.395048736524959E-309, 3.1089943076127E-310, 6.9222033999778E-311, 
1.539799648577E-311, 3.4220082358E-312, 7.59794944219E-313, 1.68543419E-313, 
3.7353283478E-314, 8.27082595E-315, 1.829673565E-315, 4.04393815E-316, 
8.9298286E-317, 1.9701117E-317, 4.34259E-318, 9.56365E-319, 2.1044E-319, 
4.627E-320, 1.0175E-320, 2.225E-321, 4.9E-322, 1.16E-322, 4.0E-323, 0.0, 0.0, 
0.0, 0.0, 0.0, 0.0, 0.0, 0.0, 0.0, 0.0, 0.0, 0.0, 0.0, 0.0, 0.0, 0.0, 0.0, 
0.0, 0.0, 0.0, 0.0, 0.0, 0.0, 0.0, 0.0, 0.0, 0.0, 0.0, 0.0, 0.0, 0.0, 0.0, 
0.0, 0.0, 0.0, 0.0, 0.0, 0.0, 0.0, 0.0, 0.0, 0.0, 0.0, 0.0, 0.0, 0.0, 0.0, 
0.0, 0.0, 0.0, 0.0, 0.0, 0.0, 0.0, 0.0, 0.0, 0.0, 0.0, 0.0, 0.0, 0.0, 0.0, 
0.0, 0.0, 0.0, 0.0, 0.0, 0.0, 0.0, 0.0, 0.0, 0.0, 0.0, 0.0, 0.0, 0.0, 0.0, 
0.0, 0.0, 0.0, 0.0, 0.0, 0.0, 0.0, 0.0, 0.0, 0.0, 0.0, 0.0, 0.0, 0.0, 0.0, 
0.0, 0.0, 0.0, 0.0, 0.0, 0.0, 0.0, 0.0, 0.0, 0.0, 0.0, 0.0, 0.0, 0.0, 0.0, 
0.0, 0.0, 0.0, 0.0, 0.0, 0.0, 0.0, 0.0, 0.0, 0.0, 0.0, 0.0, 0.0, 0.0, 0.0, 
0.0, 0.0, 0.0, 0.0, 0.0, 0.0, 0.0, 0.0, 0.0, 0.0, 0.0, 0.0, 0.0, 0.0, 0.0, 
0.0, 0.0, 0.0, 0.0, 0.0, 0.0, 0.0, 0.0, 0.0, 0.0, 0.0, 0.0, 0.0, 0.0, 0.0, 
0.0, 0.0, 0.0, 0.0, 0.0, 0.0, 0.0, 0.0, 0.0, 0.0, 0.0, 0.0, 0.0, 0.0, 0.0, 
0.0, 0.0, 0.0, 0.0, 0.0, 0.0, 0.0, 0.0, 0.0, 0.0, 0.0, 0.0, 0.0, 0.0, 0.0, 
0.0, 0.0, 0.0, 0.0, 0.0, 0.0, 0.0, 0.0, 0.0, 0.0, 0.0, 0.0, 0.0, 0.0, 0.0, 
0.0, 0.0, 0.0, 0.0, 0.0, 0.0, 0.0, 0.0, 0.0, 0.0, 0.0, 0.0, 0.0, 0.0, 0.0, 
0.0, 0.0, 0.0, 0.0, 0.0, 0.0, 0.0, 0.0, 0.0, 0.0, 0.0, 0.0, 0.0, 0.0, 0.0, 
0.0, 0.0, 0.0, 0.0, 0.0, 0.0, 0.0, 0.0, 0.0, 0.0, 0.0, 0.0, 0.0, 0.0, 0.0, 
0.0, 0.0, 0.0, 0.0, 0.0, 0.0, 0.0, 0.0, 0.0, 0.0, 0.0, 0.0, 0.0, 0.0, 0.0, 
0.0, 0.0, 0.0, 0.0, 0.0, 0.0, 0.0, 0.0, 0.0, 0.0, 0.0, 0.0, 0.0, 0.0, 0.0, 
0.0, 0.0, 0.0, 0.0, 0.0, 0.0, 0.0, 0.0, 0.0, 0.0, 0.0, 0.0, 0.0, 0.0, 0.0, 
0.0, 0.0, 0.0, 0.0, 0.0, 0.0, 0.0, 0.0, 0.0, 0.0, 0.0, 0.0, 0.0, 0.0, 0.0, 
0.0, 0.0, 0.0, 0.0, 0.0, 0.0, 0.0, 0.0, 0.0, 0.0, 0.0, 0.0, 0.0, 0.0, 0.0, 
0.0, 0.0, 0.0, 0.0, 0.0, 0.0, 0.0, 0.0, 0.0, 0.0, 0.0, 0.0, 0.0, 0.0, 0.0, 
0.0, 0.0, 0.0, 0.0, 0.0, 0.0, 0.0, 0.0, 0.0, 0.0, 0.0, 0.0, 0.0, 0.0, 0.0, 
0.0, 0.0, 0.0, 0.0, 0.0, 0.0, 0.0, 0.0, 0.0, 0.0, 0.0, 0.0, 0.0, 0.0, 0.0, 
0.0, 0.0, 0.0, 0.0, 0.0, 0.0, 0.0, 0.0, 0.0, 0.0, 0.0, 0.0, 0.0, 0.0, 0.0, 
0.0, 0.0, 0.0, 0.0, 0.0, 0.0, 0.0, 0.0, 0.0, 0.0, 0.0, 0.0, 0.0, 0.0, 0.0, 
0.0, 0.0, 0.0, 0.0, 0.0, 0.0, 0.0, 0.0, 0.0, 0.0, 0.0, 0.0, 0.0, 0.0, 0.0, 
0.0, 0.0, 0.0, 0.0, 0.0, 0.0, 0.0, 0.0, 0.0, 0.0, 0.0, 0.0, 0.0, 0.0, 0.0, 
0.0, 0.0, 0.0, 0.0, 0.0, 0.0, 0.0, 0.0, 0.0, 0.0, 0.0, 0.0, 0.0, 0.0, 0.0, 
0.0, 0.0, 0.0, 0.0, 0.0, 0.0, 0.0, 0.0, 0.0, 0.0, 0.0, 0.0, 0.0, 0.0, 0.0, 
0.0, 0.0, 0.0, 0.0, 0.0, 0.0, 0.0, 0.0, 0.0, 0.0, 0.0, 0.0, 0.0, 0.0, 0.0, 
0.0, 0.0, 0.0, 0.0, 0.0, 0.0, 0.0, 0.0, 0.0, 0.0, 0.0, 0.0, 0.0, 0.0, 0.0, 
0.0, 0.0, 0.0, 0.0, 0.0, 0.0, 0.0, 0.0, 0.0, 0.0, 0.0, 0.0, 0.0, 0.0, 0.0, 
0.0, 0.0, 0.0, 0.0, 0.0, 0.0, 0.0, 0.0, 0.0, 0.0, 0.0, 0.0, 0.0, 0.0, 0.0, 
0.0, 0.0, 0.0, 0.0, 0.0, 0.0, 0.0, 0.0, 0.0, 0.0, 0.0, 0.0, 0.0, 0.0, 0.0, 
0.0, 0.0, 0.0, 0.0, 0.0, 0.0, 0.0, 0.0, 0.0, 0.0, 0.0, 0.0, 0.0, 0.0, 0.0, 
0.0, 0.0, 0.0, 0.0, 0.0, 0.0, 0.0, 0.0, 0.0, 0.0, 0.0, 0.0, 0.0, 0.0, 0.0, 
0.0, 0.0, 0.0, 0.0, 0.0, 0.0, 0.0, 0.0, 0.0, 0.0, 0.0, 0.0, 0.0, 0.0, 0.0, 
0.0, 0.0, 0.0, 0.0, 0.0, 0.0, 0.0, 0.0, 0.0, 0.0, 0.0, 0.0, 0.0, 0.0, 0.0, 
0.0, 0.0, 0.0, 0.0, 0.0, 0.0, 0.0, 0.0, 0.0, 0.0, 0.0, 0.0, 0.0, 0.0, 0.0, 
0.0, 0.0, 0.0, 0.0, 0.0, 0.0, 0.0, 0.0, 0.0, 0.0, 0.0, 0.0, 0.0, 0.0, 0.0, 
0.0, 0.0, 0.0, 0.0, 0.0, 0.0, 0.0, 0.0, 0.0, 0.0, 0.0, 0.0, 0.0, 0.0, 0.0, 
0.0, 0.0, 0.0, 0.0, 0.0, 0.0, 0.0, 0.0, 0.0, 0.0, 0.0, 0.0, 0.0, 0.0, 0.0, 
0.0, 0.0, 0.0, 0.0, 0.0, 0.0, 0.0, 0.0, 0.0, 0.0, 0.0, 0.0, 0.0, 0.0, 0.0, 
0.0, 0.0, 0.0, 0.0, 0.0, 0.0, 0.0, 0.0, 0.0, 0.0, 0.0, 0.0, 0.0, 0.0, 0.0, 
0.0, 0.0, 0.0, 0.0, 0.0, 0.0, 0.0, 0.0, 0.0, 0.0, 0.0, 0.0, 0.0, 0.0, 0.0, 
0.0, 0.0, 0.0, 0.0, 0.0, 0.0, 0.0, 0.0, 0.0, 0.0, 0.0, 0.0, 0.0, 0.0, 0.0, 
0.0, 0.0, 0.0, 0.0, 0.0, 0.0, 0.0, 0.0, 0.0, 0.0, 0.0, 0.0, 0.0, 0.0, 0.0, 
0.0, 0.0, 0.0, 0.0, 0.0, 0.0, 0.0, 0.0, 0.0, 0.0, 0.0, 0.0, 0.0, 0.0, 0.0, 
0.0, 0.0, 0.0, 0.0, 0.0, 0.0, 0.0, 0.0, 0.0, 0.0, 0.0, 0.0, 0.0, 0.0, 0.0, 
0.0, 0.0, 0.0, 0.0, 0.0, 0.0, 0.0, 0.0, 0.0, 0.0, 0.0, 0.0, 0.0, 0.0, 0.0, 
0.0, 0.0, 0.0, 0.0, 0.0, 0.0, 0.0, 0.0, 0.0, 0.0, 0.0, 0.0, 0.0, 0.0, 0.0, 
0.0, 0.0, 0.0, 0.0, 0.0, 0.0, 0.0, 0.0, 0.0, 0.0, 0.0, 0.0, 0.0, 0.0, 0.0, 
0.0, 0.0, 0.0, 0.0, 0.0, 0.0, 0.0, 0.0, 0.0, 0.0, 0.0, 0.0, 0.0, 0.0, 0.0, 
0.0, 0.0, 0.0, 0.0, 0.0, 0.0, 0.0, 0.0, 0.0, 0.0, 0.0, 0.0, 0.0, 0.0, 0.0, 
0.0, 0.0, 0.0, 0.0, 0.0, 0.0, 0.0, 0.0, 0.0, 0.0, 0.0, 0.0, 0.0, 0.0, 0.0, 
0.0, 0.0, 0.0, 0.0, 0.0, 0.0, 0.0, 0.0, 0.0, 0.0, 0.0, 0.0, 0.0, 0.0, 0.0, 
0.0, 0.0, 0.0, 0.0, 0.0, 0.0, 0.0, 0.0, 0.0, 0.0, 0.0, 0.0, 0.0, 0.0, 0.0, 
0.0, 0.0, 0.0, 0.0, 0.0, 0.0, 0.0, 0.0, 0.0, 0.0, 0.0, 0.0, 0.0, 0.0, 0.0, 
0.0, 0.0, 0.0, 0.0, 0.0, 0.0, 0.0, 0.0, 0.0, 0.0, 0.0, 0.0, 0.0, 0.0, 0.0, 
0.0, 0.0, 0.0, 0.0, 0.0, 0.0, 0.0, 0.0, 0.0, 0.0, 0.0, 0.0, 0.0, 0.0, 0.0, 
0.0, 0.0, 0.0, 0.0, 0.0, 0.0, 0.0, 0.0, 0.0, 0.0, 0.0, 0.0, 0.0, 0.0, 0.0, 
0.0, 0.0, 0.0, 0.0, 0.0, 0.0, 0.0, 0.0, 0.0, 0.0, 0.0, 0.0, 0.0, 0.0, 0.0, 
0.0, 0.0, 0.0, 0.0, 0.0, 0.0, 0.0, 0.0, 0.0, 0.0, 0.0, 0.0, 0.0, 0.0, 0.0, 
0.0, 0.0, 0.0, 0.0, 0.0, 0.0, 0.0, 0.0, 0.0, 0.0, 0.0, 0.0, 0.0, 0.0, 0.0, 
0.0, 0.0, 0.0, 0.0, 0.0, 0.0, 0.0, 0.0, 0.0, 0.0, 0.0, 0.0, 0.0, 0.0, 0.0, 
0.0, 0.0, 0.0, 0.0, 0.0, 0.0, 0.0, 0.0, 0.0, 0.0, 0.0, 0.0, 0.0, 0.0, 0.0, 
0.0, 0.0, 0.0, 0.0, 0.0, 0.0, 0.0, 0.0, 0.0, 0.0, 0.0, 0.0, 0.0, 0.0, 0.0, 
0.0, 0.0, 0.0, 0.0, 0.0, 0.0, 0.0, 0.0, 0.0, 0.0, 0.0, 0.0, 0.0, 0.0, 0.0, 
0.0, 0.0, 0.0, 0.0, 0.0, 0.0, 0.0, 0.0, 0.0, 0.0, 0.0, 0.0, 0.0, 0.0, 0.0, 
0.0, 0.0, 0.0, 0.0, 0.0, 0.0, 0.0, 0.0, 0.0, 0.0, 0.0, 0.0, 0.0, 0.0, 0.0, 
0.0, 0.0, 0.0, 0.0, 0.0, 0.0, 0.0, 0.0, 0.0, 0.0, 0.0, 0.0, 0.0, 0.0, 0.0, 
0.0, 0.0, 0.0, 0.0, 0.0, 0.0, 0.0, 0.0, 0.0, 0.0, 0.0, 0.0, 0.0]
(%i48) cumulative_energy:0.0
(%o48)                                0.0
(%i49) for i from 2 thru length(t_list) do
           (dt:t_list[i]-t_list[i-1],
            avg_power:(energy_dissipation[i]+energy_dissipation[i-1])/2,
            cumulative_energy:cumulative_energy+avg_power*dt)
(%o49)                               done
(%i50) print("")
 
(%o50) 
(%i51) print("エネルギー解析（ロジスティックモデル）:")
エネルギー解析（ロジスティックモデル）: 
(%o51)    エネルギー解析（ロジスティックモデル）:
(%i52) printf(true,"  最大散逸率: ~e~%",lmax(energy_dissipation))
  最大散逸率: 1.4481964875301804E-2
(%o52)                               false
(%i53) printf(true,"  累積エネルギー: ~e~%",cumulative_energy)
  累積エネルギー: 4.9005016171254586E-1
(%o53)                               false
(%i54) print("")
 
(%o54) 
(%i55) print("================================================")
================================================ 
(%o55)         ================================================
(%i56) print("✅ VF-001 完了")
✅ VF-001 完了 
(%o56)                         ✅ VF-001 完了
(%i57) print("生成されたファイル:")
生成されたファイル: 
(%o57)                   生成されたファイル:
(%i58) print("  1. VF001_results.csv - シミュレーションデータ")
  1. VF001_results.csv - シミュレーションデータ 
(%o58)      1. VF001_results.csv - シミュレーションデータ
(%i59) print("  2. VF001_thresholds.txt - 閾値到達時間")
  2. VF001_thresholds.txt - 閾値到達時間 
(%o59)            2. VF001_thresholds.txt - 閾値到達時間
(%i60) print("  3. VF001_wind_speeds.png - 風速グラフ")
  3. VF001_wind_speeds.png - 風速グラフ 
(%o60)             3. VF001_wind_speeds.png - 風速グラフ
(%i61) print("  4. VF001_base_growth.png - 拠点数成長グラフ")
  4. VF001_base_growth.png - 拠点数成長グラフ 
(%o61)         4. VF001_base_growth.png - 拠点数成長グラフ
(%o62) /home/iwamura/ドキュメント/coupling/venusfusion/appendix/VF001.mac
