year,day,H2SO4_mass_ton,H2O_mass_ton,S_mass_ton,O2_mass_ton,water_depth_m,reduction_percentage,reaction_rate_kg_per_s,water_volume_m3
0.0,0,1200000000000.0,10000000.0,0.0,0.0,2.17296827466319e-08,0.0,0,10000000.0
0.0821917808219178,30,-1.6571425633626407e-29,440833817292.00604,392251223491.0275,783034257748.7769,0.0009579178993741982,100.0,462962962,440833817292.00604
0.1643835616438356,60,1.3099345283044408e-33,440833817292.00604,392251223491.0275,783034257748.7769,0.0009579178993741982,100.0,0,440833817292.00604
0.2465753424657534,90,1.729932697249425e-37,440833817292.00604,392251223491.0275,783034257748.7769,0.0009579178993741982,100.0,0,440833817292.00604
0.3287671232876712,120,1.5827181663860935e-37,440833817292.00604,392251223491.0275,783034257748.7769,0.0009579178993741982,100.0,0,440833817292.00604
0.410958904109589,150,1.435503635522762e-37,440833817292.00604,392251223491.0275,783034257748.7769,0.0009579178993741982,100.0,0,440833817292.00604
0.4931506849315068,180,1.2882891046594306e-37,440833817292.00604,392251223491.0275,783034257748.7769,0.0009579178993741982,100.0,0,440833817292.00604
0.5753424657534246,210,1.141074573796099e-37,440833817292.00604,392251223491.0275,783034257748.7769,0.0009579178993741982,100.0,0,440833817292.00604
0.6575342465753424,240,9.938600429327675e-38,440833817292.00604,392251223491.0275,783034257748.7769,0.0009579178993741982,100.0,0,440833817292.00604
0.7397260273972602,270,8.466455120694358e-38,440833817292.00604,392251223491.0275,783034257748.7769,0.0009579178993741982,100.0,0,440833817292.00604
0.821917808219178,300,6.994309812061044e-38,440833817292.00604,392251223491.0275,783034257748.7769,0.0009579178993741982,100.0,0,440833817292.00604
0.9041095890410958,330,5.52216450342773e-38,440833817292.00604,392251223491.0275,783034257748.7769,0.0009579178993741982,100.0,0,440833817292.00604
0.9863013698630136,360,4.0500191947944143e-38,440833817292.00604,392251223491.0275,783034257748.7769,0.0009579178993741982,100.0,0,440833817292.00604
1.0684931506849316,390,2.5778738861610994e-38,440833817292.00604,392251223491.0275,783034257748.7769,0.0009579178993741982,100.0,0,440833817292.00604
1.1506849315068493,420,1.1057285775277844e-38,440833817292.00604,392251223491.0275,783034257748.7769,0.0009579178993741982,100.0,0,440833817292.00604
1.2328767123287672,450,2.402788271565204e-42,440833817292.00604,392251223491.0275,783034257748.7769,0.0009579178993741982,100.0,0,440833817292.00604
1.3150684931506849,480,2.1994742501039648e-42,440833817292.00604,392251223491.0275,783034257748.7769,0.0009579178993741982,100.0,0,440833817292.00604
1.3972602739726028,510,1.9961602286427262e-42,440833817292.00604,392251223491.0275,783034257748.7769,0.0009579178993741982,100.0,0,440833817292.00604
1.4794520547945205,540,1.7928462071814872e-42,440833817292.00604,392251223491.0275,783034257748.7769,0.0009579178993741982,100.0,0,440833817292.00604
1.5616438356164384,570,1.589532185720248e-42,440833817292.00604,392251223491.0275,783034257748.7769,0.0009579178993741982,100.0,0,440833817292.00604
1.643835616438356,600,1.3862181642590093e-42,440833817292.00604,392251223491.0275,783034257748.7769,0.0009579178993741982,100.0,0,440833817292.00604
1.726027397260274,630,1.1829041427977703e-42,440833817292.00604,392251223491.0275,783034257748.7769,0.0009579178993741982,100.0,0,440833817292.00604
1.8082191780821917,660,9.795901213365315e-43,440833817292.00604,392251223491.0275,783034257748.7769,0.0009579178993741982,100.0,0,440833817292.00604
1.8904109589041096,690,7.762760998752925e-43,440833817292.00604,392251223491.0275,783034257748.7769,0.0009579178993741982,100.0,0,440833817292.00604
1.9726027397260273,720,5.7296207841405355e-43,440833817292.00604,392251223491.0275,783034257748.7769,0.0009579178993741982,100.0,0,440833817292.00604
2.0547945205479454,750,3.696480569528145e-43,440833817292.00604,392251223491.0275,783034257748.7769,0.0009579178993741982,100.0,0,440833817292.00604
2.136986301369863,780,1.663340354915756e-43,440833817292.00604,392251223491.0275,783034257748.7769,0.0009579178993741982,100.0,0,440833817292.00604
2.219178082191781,810,2.2302842011458525e-47,440833817292.00604,392251223491.0275,783034257748.7769,0.0009579178993741982,100.0,0,440833817292.00604
2.3013698630136985,840,2.2117739653274254e-47,440833817292.00604,392251223491.0275,783034257748.7769,0.0009579178993741982,100.0,0,440833817292.00604
2.3835616438356166,870,2.1932637295089983e-47,440833817292.00604,392251223491.0275,783034257748.7769,0.0009579178993741982,100.0,0,440833817292.00604
2.4657534246575343,900,2.174753493690571e-47,440833817292.00604,392251223491.0275,783034257748.7769,0.0009579178993741982,100.0,0,440833817292.00604
2.547945205479452,930,2.1562432578721439e-47,440833817292.00604,392251223491.0275,783034257748.7769,0.0009579178993741982,100.0,0,440833817292.00604
2.6301369863013697,960,2.1377330220537168e-47,440833817292.00604,392251223491.0275,783034257748.7769,0.0009579178993741982,100.0,0,440833817292.00604
2.712328767123288,990,2.1192227862352894e-47,440833817292.00604,392251223491.0275,783034257748.7769,0.0009579178993741982,100.0,0,440833817292.00604
2.7945205479452055,1020,2.1007125504168623e-47,440833817292.00604,392251223491.0275,783034257748.7769,0.0009579178993741982,100.0,0,440833817292.00604
2.8767123287671232,1050,2.0822023145984353e-47,440833817292.00604,392251223491.0275,783034257748.7769,0.0009579178993741982,100.0,0,440833817292.00604
2.958904109589041,1080,2.0636920787800082e-47,440833817292.00604,392251223491.0275,783034257748.7769,0.0009579178993741982,100.0,0,440833817292.00604
3.041095890410959,1110,2.0451818429615808e-47,440833817292.00604,392251223491.0275,783034257748.7769,0.0009579178993741982,100.0,0,440833817292.00604
3.1232876712328768,1140,2.0266716071431537e-47,440833817292.00604,392251223491.0275,783034257748.7769,0.0009579178993741982,100.0,0,440833817292.00604
3.2054794520547945,1170,2.0081613713247264e-47,440833817292.00604,392251223491.0275,783034257748.7769,0.0009579178993741982,100.0,0,440833817292.00604
3.287671232876712,1200,1.9896511355062993e-47,440833817292.00604,392251223491.0275,783034257748.7769,0.0009579178993741982,100.0,0,440833817292.00604
3.3698630136986303,1230,1.9711408996878722e-47,440833817292.00604,392251223491.0275,783034257748.7769,0.0009579178993741982,100.0,0,440833817292.00604
3.452054794520548,1260,1.9526306638694451e-47,440833817292.00604,392251223491.0275,783034257748.7769,0.0009579178993741982,100.0,0,440833817292.00604
3.5342465753424657,1290,1.934120428051018e-47,440833817292.00604,392251223491.0275,783034257748.7769,0.0009579178993741982,100.0,0,440833817292.00604
3.6164383561643834,1320,1.915610192232591e-47,440833817292.00604,392251223491.0275,783034257748.7769,0.0009579178993741982,100.0,0,440833817292.00604
3.6986301369863015,1350,1.8970999564141639e-47,440833817292.00604,392251223491.0275,783034257748.7769,0.0009579178993741982,100.0,0,440833817292.00604
3.780821917808219,1380,1.8785897205957365e-47,440833817292.00604,392251223491.0275,783034257748.7769,0.0009579178993741982,100.0,0,440833817292.00604
3.863013698630137,1410,1.8600794847773095e-47,440833817292.00604,392251223491.0275,783034257748.7769,0.0009579178993741982,100.0,0,440833817292.00604
3.9452054794520546,1440,1.8415692489588824e-47,440833817292.00604,392251223491.0275,783034257748.7769,0.0009579178993741982,100.0,0,440833817292.00604
4.027397260273973,1470,1.823059013140455e-47,440833817292.00604,392251223491.0275,783034257748.7769,0.0009579178993741982,100.0,0,440833817292.00604
4.109589041095891,1500,1.804548777322028e-47,440833817292.00604,392251223491.0275,783034257748.7769,0.0009579178993741982,100.0,0,440833817292.00604
4.191780821917808,1530,1.7860385415036008e-47,440833817292.00604,392251223491.0275,783034257748.7769,0.0009579178993741982,100.0,0,440833817292.00604
4.273972602739726,1560,1.7675283056851735e-47,440833817292.00604,392251223491.0275,783034257748.7769,0.0009579178993741982,100.0,0,440833817292.00604
4.3561643835616435,1590,1.7490180698667464e-47,440833817292.00604,392251223491.0275,783034257748.7769,0.0009579178993741982,100.0,0,440833817292.00604
4.438356164383562,1620,1.7305078340483193e-47,440833817292.00604,392251223491.0275,783034257748.7769,0.0009579178993741982,100.0,0,440833817292.00604
4.52054794520548,1650,1.7119975982298922e-47,440833817292.00604,392251223491.0275,783034257748.7769,0.0009579178993741982,100.0,0,440833817292.00604
4.602739726027397,1680,1.6934873624114652e-47,440833817292.00604,392251223491.0275,783034257748.7769,0.0009579178993741982,100.0,0,440833817292.00604
4.684931506849315,1710,1.674977126593038e-47,440833817292.00604,392251223491.0275,783034257748.7769,0.0009579178993741982,100.0,0,440833817292.00604
4.767123287671233,1740,1.6564668907746107e-47,440833817292.00604,392251223491.0275,783034257748.7769,0.0009579178993741982,100.0,0,440833817292.00604
4.8493150684931505,1770,1.6379566549561836e-47,440833817292.00604,392251223491.0275,783034257748.7769,0.0009579178993741982,100.0,0,440833817292.00604
4.931506849315069,1800,1.6194464191377566e-47,440833817292.00604,392251223491.0275,783034257748.7769,0.0009579178993741982,100.0,0,440833817292.00604
5.013698630136986,1830,1.6009361833193292e-47,440833817292.00604,392251223491.0275,783034257748.7769,0.0009579178993741982,100.0,0,440833817292.00604
5.095890410958904,1860,1.5824259475009021e-47,440833817292.00604,392251223491.0275,783034257748.7769,0.0009579178993741982,100.0,0,440833817292.00604
5.178082191780822,1890,1.563915711682475e-47,440833817292.00604,392251223491.0275,783034257748.7769,0.0009579178993741982,100.0,0,440833817292.00604
5.260273972602739,1920,1.5454054758640477e-47,440833817292.00604,392251223491.0275,783034257748.7769,0.0009579178993741982,100.0,0,440833817292.00604
5.342465753424658,1950,1.5268952400456206e-47,440833817292.00604,392251223491.0275,783034257748.7769,0.0009579178993741982,100.0,0,440833817292.00604
5.424657534246576,1980,1.5083850042271935e-47,440833817292.00604,392251223491.0275,783034257748.7769,0.0009579178993741982,100.0,0,440833817292.00604
5.506849315068493,2010,1.4898747684087664e-47,440833817292.00604,392251223491.0275,783034257748.7769,0.0009579178993741982,100.0,0,440833817292.00604
5.589041095890411,2040,1.4713645325903394e-47,440833817292.00604,392251223491.0275,783034257748.7769,0.0009579178993741982,100.0,0,440833817292.00604
5.671232876712328,2070,1.4528542967719123e-47,440833817292.00604,392251223491.0275,783034257748.7769,0.0009579178993741982,100.0,0,440833817292.00604
5.7534246575342465,2100,1.434344060953485e-47,440833817292.00604,392251223491.0275,783034257748.7769,0.0009579178993741982,100.0,0,440833817292.00604
5.835616438356165,2130,1.4158338251350578e-47,440833817292.00604,392251223491.0275,783034257748.7769,0.0009579178993741982,100.0,0,440833817292.00604
5.917808219178082,2160,1.3973235893166308e-47,440833817292.00604,392251223491.0275,783034257748.7769,0.0009579178993741982,100.0,0,440833817292.00604
6.0,2190,1.3788133534982034e-47,440833817292.00604,392251223491.0275,783034257748.7769,0.0009579178993741982,100.0,0,440833817292.00604
6.082191780821918,2220,1.3603031176797763e-47,440833817292.00604,392251223491.0275,783034257748.7769,0.0009579178993741982,100.0,0,440833817292.00604
6.164383561643835,2250,1.3417928818613492e-47,440833817292.00604,392251223491.0275,783034257748.7769,0.0009579178993741982,100.0,0,440833817292.00604
6.2465753424657535,2280,1.323282646042922e-47,440833817292.00604,392251223491.0275,783034257748.7769,0.0009579178993741982,100.0,0,440833817292.00604
6.328767123287672,2310,1.3047724102244948e-47,440833817292.00604,392251223491.0275,783034257748.7769,0.0009579178993741982,100.0,0,440833817292.00604
6.410958904109589,2340,1.2862621744060677e-47,440833817292.00604,392251223491.0275,783034257748.7769,0.0009579178993741982,100.0,0,440833817292.00604
6.493150684931507,2370,1.2677519385876406e-47,440833817292.00604,392251223491.0275,783034257748.7769,0.0009579178993741982,100.0,0,440833817292.00604
6.575342465753424,2400,1.2492417027692136e-47,440833817292.00604,392251223491.0275,783034257748.7769,0.0009579178993741982,100.0,0,440833817292.00604
6.657534246575342,2430,1.2307314669507865e-47,440833817292.00604,392251223491.0275,783034257748.7769,0.0009579178993741982,100.0,0,440833817292.00604
6.739726027397261,2460,1.2122212311323594e-47,440833817292.00604,392251223491.0275,783034257748.7769,0.0009579178993741982,100.0,0,440833817292.00604
6.821917808219178,2490,1.193710995313932e-47,440833817292.00604,392251223491.0275,783034257748.7769,0.0009579178993741982,100.0,0,440833817292.00604
6.904109589041096,2520,1.175200759495505e-47,440833817292.00604,392251223491.0275,783034257748.7769,0.0009579178993741982,100.0,0,440833817292.00604
6.986301369863014,2550,1.1566905236770776e-47,440833817292.00604,392251223491.0275,783034257748.7769,0.0009579178993741982,100.0,0,440833817292.00604
7.068493150684931,2580,1.1381802878586505e-47,440833817292.00604,392251223491.0275,783034257748.7769,0.0009579178993741982,100.0,0,440833817292.00604
7.1506849315068495,2610,1.1196700520402234e-47,440833817292.00604,392251223491.0275,783034257748.7769,0.0009579178993741982,100.0,0,440833817292.00604
7.232876712328767,2640,1.101159816221796e-47,440833817292.00604,392251223491.0275,783034257748.7769,0.0009579178993741982,100.0,0,440833817292.00604
7.315068493150685,2670,1.082649580403369e-47,440833817292.00604,392251223491.0275,783034257748.7769,0.0009579178993741982,100.0,0,440833817292.00604
7.397260273972603,2700,1.0641393445849418e-47,440833817292.00604,392251223491.0275,783034257748.7769,0.0009579178993741982,100.0,0,440833817292.00604
7.47945205479452,2730,1.0456291087665147e-47,440833817292.00604,392251223491.0275,783034257748.7769,0.0009579178993741982,100.0,0,440833817292.00604
7.561643835616438,2760,1.0271188729480876e-47,440833817292.00604,392251223491.0275,783034257748.7769,0.0009579178993741982,100.0,0,440833817292.00604
7.6438356164383565,2790,1.0086086371296604e-47,440833817292.00604,392251223491.0275,783034257748.7769,0.0009579178993741982,100.0,0,440833817292.00604
7.726027397260274,2820,9.900984013112332e-48,440833817292.00604,392251223491.0275,783034257748.7769,0.0009579178993741982,100.0,0,440833817292.00604
7.808219178082192,2850,9.715881654928061e-48,440833817292.00604,392251223491.0275,783034257748.7769,0.0009579178993741982,100.0,0,440833817292.00604
7.890410958904109,2880,9.530779296743789e-48,440833817292.00604,392251223491.0275,783034257748.7769,0.0009579178993741982,100.0,0,440833817292.00604
7.972602739726027,2910,9.345676938559518e-48,440833817292.00604,392251223491.0275,783034257748.7769,0.0009579178993741982,100.0,0,440833817292.00604
8.054794520547945,2940,9.160574580375247e-48,440833817292.00604,392251223491.0275,783034257748.7769,0.0009579178993741982,100.0,0,440833817292.00604
8.136986301369863,2970,8.975472222190976e-48,440833817292.00604,392251223491.0275,783034257748.7769,0.0009579178993741982,100.0,0,440833817292.00604
8.219178082191782,3000,8.790369864006703e-48,440833817292.00604,392251223491.0275,783034257748.7769,0.0009579178993741982,100.0,0,440833817292.00604
8.301369863013699,3030,8.605267505822432e-48,440833817292.00604,392251223491.0275,783034257748.7769,0.0009579178993741982,100.0,0,440833817292.00604
8.383561643835616,3060,8.420165147638161e-48,440833817292.00604,392251223491.0275,783034257748.7769,0.0009579178993741982,100.0,0,440833817292.00604
8.465753424657533,3090,8.235062789453889e-48,440833817292.00604,392251223491.0275,783034257748.7769,0.0009579178993741982,100.0,0,440833817292.00604
8.547945205479452,3120,8.049960431269618e-48,440833817292.00604,392251223491.0275,783034257748.7769,0.0009579178993741982,100.0,0,440833817292.00604
8.63013698630137,3150,7.864858073085347e-48,440833817292.00604,392251223491.0275,783034257748.7769,0.0009579178993741982,100.0,0,440833817292.00604
8.712328767123287,3180,7.679755714901074e-48,440833817292.00604,392251223491.0275,783034257748.7769,0.0009579178993741982,100.0,0,440833817292.00604
8.794520547945206,3210,7.494653356716803e-48,440833817292.00604,392251223491.0275,783034257748.7769,0.0009579178993741982,100.0,0,440833817292.00604
8.876712328767123,3240,7.309550998532532e-48,440833817292.00604,392251223491.0275,783034257748.7769,0.0009579178993741982,100.0,0,440833817292.00604
8.95890410958904,3270,7.12444864034826e-48,440833817292.00604,392251223491.0275,783034257748.7769,0.0009579178993741982,100.0,0,440833817292.00604
9.04109589041096,3300,6.939346282163989e-48,440833817292.00604,392251223491.0275,783034257748.7769,0.0009579178993741982,100.0,0,440833817292.00604
9.123287671232877,3330,6.754243923979718e-48,440833817292.00604,392251223491.0275,783034257748.7769,0.0009579178993741982,100.0,0,440833817292.00604
9.205479452054794,3360,6.569141565795445e-48,440833817292.00604,392251223491.0275,783034257748.7769,0.0009579178993741982,100.0,0,440833817292.00604
9.287671232876713,3390,6.384039207611174e-48,440833817292.00604,392251223491.0275,783034257748.7769,0.0009579178993741982,100.0,0,440833817292.00604
9.36986301369863,3420,6.198936849426903e-48,440833817292.00604,392251223491.0275,783034257748.7769,0.0009579178993741982,100.0,0,440833817292.00604
9.452054794520548,3450,6.013834491242631e-48,440833817292.00604,392251223491.0275,783034257748.7769,0.0009579178993741982,100.0,0,440833817292.00604
9.534246575342467,3480,5.82873213305836e-48,440833817292.00604,392251223491.0275,783034257748.7769,0.0009579178993741982,100.0,0,440833817292.00604
9.616438356164384,3510,5.643629774874089e-48,440833817292.00604,392251223491.0275,783034257748.7769,0.0009579178993741982,100.0,0,440833817292.00604
9.698630136986301,3540,5.458527416689818e-48,440833817292.00604,392251223491.0275,783034257748.7769,0.0009579178993741982,100.0,0,440833817292.00604
9.780821917808218,3570,5.273425058505546e-48,440833817292.00604,392251223491.0275,783034257748.7769,0.0009579178993741982,100.0,0,440833817292.00604
9.863013698630137,3600,5.088322700321274e-48,440833817292.00604,392251223491.0275,783034257748.7769,0.0009579178993741982,100.0,0,440833817292.00604
9.945205479452055,3630,4.903220342137003e-48,440833817292.00604,392251223491.0275,783034257748.7769,0.0009579178993741982,100.0,0,440833817292.00604
10.027397260273972,3660,4.718117983952732e-48,440833817292.00604,392251223491.0275,783034257748.7769,0.0009579178993741982,100.0,0,440833817292.00604
10.10958904109589,3690,4.5330156257684597e-48,440833817292.00604,392251223491.0275,783034257748.7769,0.0009579178993741982,100.0,0,440833817292.00604
10.191780821917808,3720,4.347913267584189e-48,440833817292.00604,392251223491.0275,783034257748.7769,0.0009579178993741982,100.0,0,440833817292.00604
10.273972602739725,3750,4.162810909399917e-48,440833817292.00604,392251223491.0275,783034257748.7769,0.0009579178993741982,100.0,0,440833817292.00604
10.356164383561644,3780,3.977708551215646e-48,440833817292.00604,392251223491.0275,783034257748.7769,0.0009579178993741982,100.0,0,440833817292.00604
10.438356164383562,3810,3.792606193031374e-48,440833817292.00604,392251223491.0275,783034257748.7769,0.0009579178993741982,100.0,0,440833817292.00604
10.520547945205479,3840,3.607503834847103e-48,440833817292.00604,392251223491.0275,783034257748.7769,0.0009579178993741982,100.0,0,440833817292.00604
10.602739726027398,3870,3.422401476662831e-48,440833817292.00604,392251223491.0275,783034257748.7769,0.0009579178993741982,100.0,0,440833817292.00604
10.684931506849315,3900,3.23729911847856e-48,440833817292.00604,392251223491.0275,783034257748.7769,0.0009579178993741982,100.0,0,440833817292.00604
10.767123287671232,3930,3.052196760294288e-48,440833817292.00604,392251223491.0275,783034257748.7769,0.0009579178993741982,100.0,0,440833817292.00604
10.849315068493151,3960,2.867094402110017e-48,440833817292.00604,392251223491.0275,783034257748.7769,0.0009579178993741982,100.0,0,440833817292.00604
10.931506849315069,3990,2.6819920439257452e-48,440833817292.00604,392251223491.0275,783034257748.7769,0.0009579178993741982,100.0,0,440833817292.00604
11.013698630136986,4020,2.4968896857414737e-48,440833817292.00604,392251223491.0275,783034257748.7769,0.0009579178993741982,100.0,0,440833817292.00604
11.095890410958905,4050,2.311787327557202e-48,440833817292.00604,392251223491.0275,783034257748.7769,0.0009579178993741982,100.0,0,440833817292.00604
11.178082191780822,4080,2.1266849693729307e-48,440833817292.00604,392251223491.0275,783034257748.7769,0.0009579178993741982,100.0,0,440833817292.00604
11.26027397260274,4110,1.9415826111886592e-48,440833817292.00604,392251223491.0275,783034257748.7769,0.0009579178993741982,100.0,0,440833817292.00604
11.342465753424657,4140,1.7564802530043877e-48,440833817292.00604,392251223491.0275,783034257748.7769,0.0009579178993741982,100.0,0,440833817292.00604
11.424657534246576,4170,1.5713778948201162e-48,440833817292.00604,392251223491.0275,783034257748.7769,0.0009579178993741982,100.0,0,440833817292.00604
11.506849315068493,4200,1.3862755366358447e-48,440833817292.00604,392251223491.0275,783034257748.7769,0.0009579178993741982,100.0,0,440833817292.00604
11.58904109589041,4230,1.2011731784515732e-48,440833817292.00604,392251223491.0275,783034257748.7769,0.0009579178993741982,100.0,0,440833817292.00604
11.67123287671233,4260,1.0160708202673019e-48,440833817292.00604,392251223491.0275,783034257748.7769,0.0009579178993741982,100.0,0,440833817292.00604
11.753424657534246,4290,8.309684620830302e-49,440833817292.00604,392251223491.0275,783034257748.7769,0.0009579178993741982,100.0,0,440833817292.00604
11.835616438356164,4320,6.458661038987588e-49,440833817292.00604,392251223491.0275,783034257748.7769,0.0009579178993741982,100.0,0,440833817292.00604
11.917808219178083,4350,4.607637457144873e-49,440833817292.00604,392251223491.0275,783034257748.7769,0.0009579178993741982,100.0,0,440833817292.00604
12.0,4380,2.7566138753021573e-49,440833817292.00604,392251223491.0275,783034257748.7769,0.0009579178993741982,100.0,0,440833817292.00604
12.082191780821917,4410,9.055902934594428e-50,440833817292.00604,392251223491.0275,783034257748.7769,0.0009579178993741982,100.0,0,440833817292.00604
12.164383561643836,4440,9.727251434857061e-53,440833817292.00604,392251223491.0275,783034257748.7769,0.0009579178993741982,100.0,0,440833817292.00604
12.246575342465754,4470,9.646298643762114e-53,440833817292.00604,392251223491.0275,783034257748.7769,0.0009579178993741982,100.0,0,440833817292.00604
12.32876712328767,4500,9.565345852667168e-53,440833817292.00604,392251223491.0275,783034257748.7769,0.0009579178993741982,100.0,0,440833817292.00604
12.41095890410959,4530,9.484393061572223e-53,440833817292.00604,392251223491.0275,783034257748.7769,0.0009579178993741982,100.0,0,440833817292.00604
12.493150684931507,4560,9.403440270477276e-53,440833817292.00604,392251223491.0275,783034257748.7769,0.0009579178993741982,100.0,0,440833817292.00604
12.575342465753424,4590,9.32248747938233e-53,440833817292.00604,392251223491.0275,783034257748.7769,0.0009579178993741982,100.0,0,440833817292.00604
12.657534246575343,4620,9.241534688287385e-53,440833817292.00604,392251223491.0275,783034257748.7769,0.0009579178993741982,100.0,0,440833817292.00604
12.73972602739726,4650,9.160581897192438e-53,440833817292.00604,392251223491.0275,783034257748.7769,0.0009579178993741982,100.0,0,440833817292.00604
12.821917808219178,4680,9.079629106097491e-53,440833817292.00604,392251223491.0275,783034257748.7769,0.0009579178993741982,100.0,0,440833817292.00604
12.904109589041095,4710,8.998676315002546e-53,440833817292.00604,392251223491.0275,783034257748.7769,0.0009579178993741982,100.0,0,440833817292.00604
12.986301369863014,4740,8.9177235239076e-53,440833817292.00604,392251223491.0275,783034257748.7769,0.0009579178993741982,100.0,0,440833817292.00604
13.068493150684931,4770,8.836770732812653e-53,440833817292.00604,392251223491.0275,783034257748.7769,0.0009579178993741982,100.0,0,440833817292.00604
13.150684931506849,4800,8.755817941717706e-53,440833817292.00604,392251223491.0275,783034257748.7769,0.0009579178993741982,100.0,0,440833817292.00604
13.232876712328768,4830,8.674865150622761e-53,440833817292.00604,392251223491.0275,783034257748.7769,0.0009579178993741982,100.0,0,440833817292.00604
13.315068493150685,4860,8.593912359527815e-53,440833817292.00604,392251223491.0275,783034257748.7769,0.0009579178993741982,100.0,0,440833817292.00604
13.397260273972602,4890,8.512959568432868e-53,440833817292.00604,392251223491.0275,783034257748.7769,0.0009579178993741982,100.0,0,440833817292.00604
13.479452054794521,4920,8.432006777337921e-53,440833817292.00604,392251223491.0275,783034257748.7769,0.0009579178993741982,100.0,0,440833817292.00604
13.561643835616438,4950,8.351053986242976e-53,440833817292.00604,392251223491.0275,783034257748.7769,0.0009579178993741982,100.0,0,440833817292.00604
13.643835616438356,4980,8.270101195148031e-53,440833817292.00604,392251223491.0275,783034257748.7769,0.0009579178993741982,100.0,0,440833817292.00604
13.726027397260275,5010,8.189148404053084e-53,440833817292.00604,392251223491.0275,783034257748.7769,0.0009579178993741982,100.0,0,440833817292.00604
13.808219178082192,5040,8.108195612958137e-53,440833817292.00604,392251223491.0275,783034257748.7769,0.0009579178993741982,100.0,0,440833817292.00604
13.89041095890411,5070,8.027242821863191e-53,440833817292.00604,392251223491.0275,783034257748.7769,0.0009579178993741982,100.0,0,440833817292.00604
13.972602739726028,5100,7.946290030768244e-53,440833817292.00604,392251223491.0275,783034257748.7769,0.0009579178993741982,100.0,0,440833817292.00604
14.054794520547945,5130,7.865337239673299e-53,440833817292.00604,392251223491.0275,783034257748.7769,0.0009579178993741982,100.0,0,440833817292.00604
14.136986301369863,5160,7.7843844485783525e-53,440833817292.00604,392251223491.0275,783034257748.7769,0.0009579178993741982,100.0,0,440833817292.00604
14.219178082191782,5190,7.703431657483406e-53,440833817292.00604,392251223491.0275,783034257748.7769,0.0009579178993741982,100.0,0,440833817292.00604
14.301369863013699,5220,7.622478866388461e-53,440833817292.00604,392251223491.0275,783034257748.7769,0.0009579178993741982,100.0,0,440833817292.00604
14.383561643835616,5250,7.541526075293514e-53,440833817292.00604,392251223491.0275,783034257748.7769,0.0009579178993741982,100.0,0,440833817292.00604
14.465753424657533,5280,7.4605732841985685e-53,440833817292.00604,392251223491.0275,783034257748.7769,0.0009579178993741982,100.0,0,440833817292.00604
14.547945205479452,5310,7.379620493103623e-53,440833817292.00604,392251223491.0275,783034257748.7769,0.0009579178993741982,100.0,0,440833817292.00604
14.63013698630137,5340,7.298667702008676e-53,440833817292.00604,392251223491.0275,783034257748.7769,0.0009579178993741982,100.0,0,440833817292.00604
14.712328767123287,5370,7.217714910913729e-53,440833817292.00604,392251223491.0275,783034257748.7769,0.0009579178993741982,100.0,0,440833817292.00604
14.794520547945206,5400,7.136762119818783e-53,440833817292.00604,392251223491.0275,783034257748.7769,0.0009579178993741982,100.0,0,440833817292.00604
14.876712328767123,5430,7.055809328723838e-53,440833817292.00604,392251223491.0275,783034257748.7769,0.0009579178993741982,100.0,0,440833817292.00604
14.95890410958904,5460,6.974856537628891e-53,440833817292.00604,392251223491.0275,783034257748.7769,0.0009579178993741982,100.0,0,440833817292.00604
15.04109589041096,5490,6.893903746533944e-53,440833817292.00604,392251223491.0275,783034257748.7769,0.0009579178993741982,100.0,0,440833817292.00604
15.123287671232877,5520,6.812950955438998e-53,440833817292.00604,392251223491.0275,783034257748.7769,0.0009579178993741982,100.0,0,440833817292.00604
15.205479452054794,5550,6.731998164344052e-53,440833817292.00604,392251223491.0275,783034257748.7769,0.0009579178993741982,100.0,0,440833817292.00604
15.287671232876713,5580,6.651045373249106e-53,440833817292.00604,392251223491.0275,783034257748.7769,0.0009579178993741982,100.0,0,440833817292.00604
15.36986301369863,5610,6.57009258215416e-53,440833817292.00604,392251223491.0275,783034257748.7769,0.0009579178993741982,100.0,0,440833817292.00604
15.452054794520548,5640,6.489139791059214e-53,440833817292.00604,392251223491.0275,783034257748.7769,0.0009579178993741982,100.0,0,440833817292.00604
15.534246575342467,5670,6.408186999964267e-53,440833817292.00604,392251223491.0275,783034257748.7769,0.0009579178993741982,100.0,0,440833817292.00604
15.616438356164384,5700,6.32723420886932e-53,440833817292.00604,392251223491.0275,783034257748.7769,0.0009579178993741982,100.0,0,440833817292.00604
15.698630136986301,5730,6.2462814177743765e-53,440833817292.00604,392251223491.0275,783034257748.7769,0.0009579178993741982,100.0,0,440833817292.00604
15.780821917808218,5760,6.16532862667943e-53,440833817292.00604,392251223491.0275,783034257748.7769,0.0009579178993741982,100.0,0,440833817292.00604
15.863013698630137,5790,6.084375835584483e-53,440833817292.00604,392251223491.0275,783034257748.7769,0.0009579178993741982,100.0,0,440833817292.00604
15.945205479452055,5820,6.003423044489536e-53,440833817292.00604,392251223491.0275,783034257748.7769,0.0009579178993741982,100.0,0,440833817292.00604
16.027397260273972,5850,5.922470253394591e-53,440833817292.00604,392251223491.0275,783034257748.7769,0.0009579178993741982,100.0,0,440833817292.00604
16.10958904109589,5880,5.841517462299644e-53,440833817292.00604,392251223491.0275,783034257748.7769,0.0009579178993741982,100.0,0,440833817292.00604
16.19178082191781,5910,5.760564671204698e-53,440833817292.00604,392251223491.0275,783034257748.7769,0.0009579178993741982,100.0,0,440833817292.00604
16.273972602739725,5940,5.6796118801097515e-53,440833817292.00604,392251223491.0275,783034257748.7769,0.0009579178993741982,100.0,0,440833817292.00604
16.356164383561644,5970,5.598659089014806e-53,440833817292.00604,392251223491.0275,783034257748.7769,0.0009579178993741982,100.0,0,440833817292.00604
16.438356164383563,6000,5.51770629791986e-53,440833817292.00604,392251223491.0275,783034257748.7769,0.0009579178993741982,100.0,0,440833817292.00604
16.52054794520548,6030,5.436753506824913e-53,440833817292.00604,392251223491.0275,783034257748.7769,0.0009579178993741982,100.0,0,440833817292.00604
16.602739726027398,6060,5.355800715729967e-53,440833817292.00604,392251223491.0275,783034257748.7769,0.0009579178993741982,100.0,0,440833817292.00604
16.684931506849313,6090,5.274847924635021e-53,440833817292.00604,392251223491.0275,783034257748.7769,0.0009579178993741982,100.0,0,440833817292.00604
16.767123287671232,6120,5.193895133540074e-53,440833817292.00604,392251223491.0275,783034257748.7769,0.0009579178993741982,100.0,0,440833817292.00604
16.84931506849315,6150,5.112942342445128e-53,440833817292.00604,392251223491.0275,783034257748.7769,0.0009579178993741982,100.0,0,440833817292.00604
16.931506849315067,6180,5.031989551350182e-53,440833817292.00604,392251223491.0275,783034257748.7769,0.0009579178993741982,100.0,0,440833817292.00604
17.013698630136986,6210,4.951036760255235e-53,440833817292.00604,392251223491.0275,783034257748.7769,0.0009579178993741982,100.0,0,440833817292.00604
17.095890410958905,6240,4.87008396916029e-53,440833817292.00604,392251223491.0275,783034257748.7769,0.0009579178993741982,100.0,0,440833817292.00604
17.17808219178082,6270,4.7891311780653435e-53,440833817292.00604,392251223491.0275,783034257748.7769,0.0009579178993741982,100.0,0,440833817292.00604
17.26027397260274,6300,4.708178386970398e-53,440833817292.00604,392251223491.0275,783034257748.7769,0.0009579178993741982,100.0,0,440833817292.00604
17.34246575342466,6330,4.627225595875451e-53,440833817292.00604,392251223491.0275,783034257748.7769,0.0009579178993741982,100.0,0,440833817292.00604
17.424657534246574,6360,4.546272804780505e-53,440833817292.00604,392251223491.0275,783034257748.7769,0.0009579178993741982,100.0,0,440833817292.00604
17.506849315068493,6390,4.4653200136855595e-53,440833817292.00604,392251223491.0275,783034257748.7769,0.0009579178993741982,100.0,0,440833817292.00604
17.589041095890412,6420,4.384367222590613e-53,440833817292.00604,392251223491.0275,783034257748.7769,0.0009579178993741982,100.0,0,440833817292.00604
17.671232876712327,6450,4.303414431495667e-53,440833817292.00604,392251223491.0275,783034257748.7769,0.0009579178993741982,100.0,0,440833817292.00604
17.753424657534246,6480,4.22246164040072e-53,440833817292.00604,392251223491.0275,783034257748.7769,0.0009579178993741982,100.0,0,440833817292.00604
17.835616438356166,6510,4.1415088493057737e-53,440833817292.00604,392251223491.0275,783034257748.7769,0.0009579178993741982,100.0,0,440833817292.00604
17.91780821917808,6540,4.060556058210828e-53,440833817292.00604,392251223491.0275,783034257748.7769,0.0009579178993741982,100.0,0,440833817292.00604
18.0,6570,3.9796032671158812e-53,440833817292.00604,392251223491.0275,783034257748.7769,0.0009579178993741982,100.0,0,440833817292.00604
18.08219178082192,6600,3.898650476020936e-53,440833817292.00604,392251223491.0275,783034257748.7769,0.0009579178993741982,100.0,0,440833817292.00604
18.164383561643834,6630,3.8176976849259897e-53,440833817292.00604,392251223491.0275,783034257748.7769,0.0009579178993741982,100.0,0,440833817292.00604
18.246575342465754,6660,3.736744893831043e-53,440833817292.00604,392251223491.0275,783034257748.7769,0.0009579178993741982,100.0,0,440833817292.00604
18.328767123287673,6690,3.6557921027360973e-53,440833817292.00604,392251223491.0275,783034257748.7769,0.0009579178993741982,100.0,0,440833817292.00604
18.410958904109588,6720,3.5748393116411506e-53,440833817292.00604,392251223491.0275,783034257748.7769,0.0009579178993741982,100.0,0,440833817292.00604
18.493150684931507,6750,3.493886520546205e-53,440833817292.00604,392251223491.0275,783034257748.7769,0.0009579178993741982,100.0,0,440833817292.00604
18.575342465753426,6780,3.412933729451258e-53,440833817292.00604,392251223491.0275,783034257748.7769,0.0009579178993741982,100.0,0,440833817292.00604
18.65753424657534,6810,3.331980938356312e-53,440833817292.00604,392251223491.0275,783034257748.7769,0.0009579178993741982,100.0,0,440833817292.00604
18.73972602739726,6840,3.251028147261366e-53,440833817292.00604,392251223491.0275,783034257748.7769,0.0009579178993741982,100.0,0,440833817292.00604
18.82191780821918,6870,3.17007535616642e-53,440833817292.00604,392251223491.0275,783034257748.7769,0.0009579178993741982,100.0,0,440833817292.00604
18.904109589041095,6900,3.089122565071474e-53,440833817292.00604,392251223491.0275,783034257748.7769,0.0009579178993741982,100.0,0,440833817292.00604
18.986301369863014,6930,3.0081697739765275e-53,440833817292.00604,392251223491.0275,783034257748.7769,0.0009579178993741982,100.0,0,440833817292.00604
19.068493150684933,6960,2.9272169828815812e-53,440833817292.00604,392251223491.0275,783034257748.7769,0.0009579178993741982,100.0,0,440833817292.00604
19.15068493150685,6990,2.846264191786635e-53,440833817292.00604,392251223491.0275,783034257748.7769,0.0009579178993741982,100.0,0,440833817292.00604
19.232876712328768,7020,2.765311400691689e-53,440833817292.00604,392251223491.0275,783034257748.7769,0.0009579178993741982,100.0,0,440833817292.00604
19.315068493150687,7050,2.6843586095967426e-53,440833817292.00604,392251223491.0275,783034257748.7769,0.0009579178993741982,100.0,0,440833817292.00604
19.397260273972602,7080,2.6034058185017963e-53,440833817292.00604,392251223491.0275,783034257748.7769,0.0009579178993741982,100.0,0,440833817292.00604
19.47945205479452,7110,2.5224530274068506e-53,440833817292.00604,392251223491.0275,783034257748.7769,0.0009579178993741982,100.0,0,440833817292.00604
19.561643835616437,7140,2.441500236311904e-53,440833817292.00604,392251223491.0275,783034257748.7769,0.0009579178993741982,100.0,0,440833817292.00604
19.643835616438356,7170,2.360547445216958e-53,440833817292.00604,392251223491.0275,783034257748.7769,0.0009579178993741982,100.0,0,440833817292.00604
19.726027397260275,7200,2.279594654122012e-53,440833817292.00604,392251223491.0275,783034257748.7769,0.0009579178993741982,100.0,0,440833817292.00604
19.80821917808219,7230,2.1986418630270657e-53,440833817292.00604,392251223491.0275,783034257748.7769,0.0009579178993741982,100.0,0,440833817292.00604
19.89041095890411,7260,2.1176890719321194e-53,440833817292.00604,392251223491.0275,783034257748.7769,0.0009579178993741982,100.0,0,440833817292.00604
19.972602739726028,7290,2.0367362808371728e-53,440833817292.00604,392251223491.0275,783034257748.7769,0.0009579178993741982,100.0,0,440833817292.00604
20.054794520547944,7320,1.955783489742227e-53,440833817292.00604,392251223491.0275,783034257748.7769,0.0009579178993741982,100.0,0,440833817292.00604
20.136986301369863,7350,1.8748306986472808e-53,440833817292.00604,392251223491.0275,783034257748.7769,0.0009579178993741982,100.0,0,440833817292.00604
20.21917808219178,7380,1.7938779075523345e-53,440833817292.00604,392251223491.0275,783034257748.7769,0.0009579178993741982,100.0,0,440833817292.00604
20.301369863013697,7410,1.7129251164573883e-53,440833817292.00604,392251223491.0275,783034257748.7769,0.0009579178993741982,100.0,0,440833817292.00604
20.383561643835616,7440,1.631972325362442e-53,440833817292.00604,392251223491.0275,783034257748.7769,0.0009579178993741982,100.0,0,440833817292.00604
20.465753424657535,7470,1.5510195342674959e-53,440833817292.00604,392251223491.0275,783034257748.7769,0.0009579178993741982,100.0,0,440833817292.00604
20.54794520547945,7500,1.4700667431725496e-53,440833817292.00604,392251223491.0275,783034257748.7769,0.0009579178993741982,100.0,0,440833817292.00604
20.63013698630137,7530,1.3891139520776034e-53,440833817292.00604,392251223491.0275,783034257748.7769,0.0009579178993741982,100.0,0,440833817292.00604
20.71232876712329,7560,1.3081611609826574e-53,440833817292.00604,392251223491.0275,783034257748.7769,0.0009579178993741982,100.0,0,440833817292.00604
20.794520547945204,7590,1.2272083698877112e-53,440833817292.00604,392251223491.0275,783034257748.7769,0.0009579178993741982,100.0,0,440833817292.00604
20.876712328767123,7620,1.146255578792765e-53,440833817292.00604,392251223491.0275,783034257748.7769,0.0009579178993741982,100.0,0,440833817292.00604
20.958904109589042,7650,1.0653027876978187e-53,440833817292.00604,392251223491.0275,783034257748.7769,0.0009579178993741982,100.0,0,440833817292.00604
21.041095890410958,7680,9.843499966028725e-54,440833817292.00604,392251223491.0275,783034257748.7769,0.0009579178993741982,100.0,0,440833817292.00604
21.123287671232877,7710,9.033972055079264e-54,440833817292.00604,392251223491.0275,783034257748.7769,0.0009579178993741982,100.0,0,440833817292.00604
21.205479452054796,7740,8.2244441441298e-54,440833817292.00604,392251223491.0275,783034257748.7769,0.0009579178993741982,100.0,0,440833817292.00604
21.28767123287671,7770,7.414916233180341e-54,440833817292.00604,392251223491.0275,783034257748.7769,0.0009579178993741982,100.0,0,440833817292.00604
21.36986301369863,7800,6.605388322230877e-54,440833817292.00604,392251223491.0275,783034257748.7769,0.0009579178993741982,100.0,0,440833817292.00604
21.45205479452055,7830,5.795860411281416e-54,440833817292.00604,392251223491.0275,783034257748.7769,0.0009579178993741982,100.0,0,440833817292.00604
21.534246575342465,7860,4.9863325003319544e-54,440833817292.00604,392251223491.0275,783034257748.7769,0.0009579178993741982,100.0,0,440833817292.00604
21.616438356164384,7890,4.176804589382492e-54,440833817292.00604,392251223491.0275,783034257748.7769,0.0009579178993741982,100.0,0,440833817292.00604
21.698630136986303,7920,3.3672766784330305e-54,440833817292.00604,392251223491.0275,783034257748.7769,0.0009579178993741982,100.0,0,440833817292.00604
21.78082191780822,7950,2.5577487674835685e-54,440833817292.00604,392251223491.0275,783034257748.7769,0.0009579178993741982,100.0,0,440833817292.00604
21.863013698630137,7980,1.7482208565341065e-54,440833817292.00604,392251223491.0275,783034257748.7769,0.0009579178993741982,100.0,0,440833817292.00604
21.945205479452056,8010,9.386929455846444e-55,440833817292.00604,392251223491.0275,783034257748.7769,0.0009579178993741982,100.0,0,440833817292.00604
22.027397260273972,8040,1.2916503463518254e-55,440833817292.00604,392251223491.0275,783034257748.7769,0.0009579178993741982,100.0,0,440833817292.00604
22.10958904109589,8070,1.1358544022031301e-58,440833817292.00604,392251223491.0275,783034257748.7769,0.0009579178993741982,100.0,0,440833817292.00604
22.19178082191781,8100,1.1349124571469382e-58,440833817292.00604,392251223491.0275,783034257748.7769,0.0009579178993741982,100.0,0,440833817292.00604
22.273972602739725,8130,1.1339705120907463e-58,440833817292.00604,392251223491.0275,783034257748.7769,0.0009579178993741982,100.0,0,440833817292.00604
22.356164383561644,8160,1.1330285670345547e-58,440833817292.00604,392251223491.0275,783034257748.7769,0.0009579178993741982,100.0,0,440833817292.00604
22.438356164383563,8190,1.1320866219783627e-58,440833817292.00604,392251223491.0275,783034257748.7769,0.0009579178993741982,100.0,0,440833817292.00604
22.52054794520548,8220,1.131144676922171e-58,440833817292.00604,392251223491.0275,783034257748.7769,0.0009579178993741982,100.0,0,440833817292.00604
22.602739726027398,8250,1.1302027318659793e-58,440833817292.00604,392251223491.0275,783034257748.7769,0.0009579178993741982,100.0,0,440833817292.00604
22.684931506849313,8280,1.1292607868097873e-58,440833817292.00604,392251223491.0275,783034257748.7769,0.0009579178993741982,100.0,0,440833817292.00604
22.767123287671232,8310,1.1283188417535957e-58,440833817292.00604,392251223491.0275,783034257748.7769,0.0009579178993741982,100.0,0,440833817292.00604
22.84931506849315,8340,1.1273768966974039e-58,440833817292.00604,392251223491.0275,783034257748.7769,0.0009579178993741982,100.0,0,440833817292.00604
22.931506849315067,8370,1.1264349516412121e-58,440833817292.00604,392251223491.0275,783034257748.7769,0.0009579178993741982,100.0,0,440833817292.00604
23.013698630136986,8400,1.1254930065850203e-58,440833817292.00604,392251223491.0275,783034257748.7769,0.0009579178993741982,100.0,0,440833817292.00604
23.095890410958905,8430,1.1245510615288285e-58,440833817292.00604,392251223491.0275,783034257748.7769,0.0009579178993741982,100.0,0,440833817292.00604
23.17808219178082,8460,1.1236091164726367e-58,440833817292.00604,392251223491.0275,783034257748.7769,0.0009579178993741982,100.0,0,440833817292.00604
23.26027397260274,8490,1.1226671714164449e-58,440833817292.00604,392251223491.0275,783034257748.7769,0.0009579178993741982,100.0,0,440833817292.00604
23.34246575342466,8520,1.121725226360253e-58,440833817292.00604,392251223491.0275,783034257748.7769,0.0009579178993741982,100.0,0,440833817292.00604
23.424657534246574,8550,1.1207832813040614e-58,440833817292.00604,392251223491.0275,783034257748.7769,0.0009579178993741982,100.0,0,440833817292.00604
23.506849315068493,8580,1.1198413362478695e-58,440833817292.00604,392251223491.0275,783034257748.7769,0.0009579178993741982,100.0,0,440833817292.00604
23.589041095890412,8610,1.1188993911916777e-58,440833817292.00604,392251223491.0275,783034257748.7769,0.0009579178993741982,100.0,0,440833817292.00604
23.671232876712327,8640,1.117957446135486e-58,440833817292.00604,392251223491.0275,783034257748.7769,0.0009579178993741982,100.0,0,440833817292.00604
23.753424657534246,8670,1.1170155010792942e-58,440833817292.00604,392251223491.0275,783034257748.7769,0.0009579178993741982,100.0,0,440833817292.00604
23.835616438356166,8700,1.1160735560231022e-58,440833817292.00604,392251223491.0275,783034257748.7769,0.0009579178993741982,100.0,0,440833817292.00604
23.91780821917808,8730,1.1151316109669106e-58,440833817292.00604,392251223491.0275,783034257748.7769,0.0009579178993741982,100.0,0,440833817292.00604
24.0,8760,1.1141896659107188e-58,440833817292.00604,392251223491.0275,783034257748.7769,0.0009579178993741982,100.0,0,440833817292.00604
24.08219178082192,8790,1.113247720854527e-58,440833817292.00604,392251223491.0275,783034257748.7769,0.0009579178993741982,100.0,0,440833817292.00604
24.164383561643834,8820,1.1123057757983352e-58,440833817292.00604,392251223491.0275,783034257748.7769,0.0009579178993741982,100.0,0,440833817292.00604
24.246575342465754,8850,1.1113638307421434e-58,440833817292.00604,392251223491.0275,783034257748.7769,0.0009579178993741982,100.0,0,440833817292.00604
24.328767123287673,8880,1.1104218856859516e-58,440833817292.00604,392251223491.0275,783034257748.7769,0.0009579178993741982,100.0,0,440833817292.00604
24.410958904109588,8910,1.1094799406297598e-58,440833817292.00604,392251223491.0275,783034257748.7769,0.0009579178993741982,100.0,0,440833817292.00604
24.493150684931507,8940,1.108537995573568e-58,440833817292.00604,392251223491.0275,783034257748.7769,0.0009579178993741982,100.0,0,440833817292.00604
24.575342465753426,8970,1.1075960505173764e-58,440833817292.00604,392251223491.0275,783034257748.7769,0.0009579178993741982,100.0,0,440833817292.00604
24.65753424657534,9000,1.1066541054611844e-58,440833817292.00604,392251223491.0275,783034257748.7769,0.0009579178993741982,100.0,0,440833817292.00604
24.73972602739726,9030,1.1057121604049927e-58,440833817292.00604,392251223491.0275,783034257748.7769,0.0009579178993741982,100.0,0,440833817292.00604
24.82191780821918,9060,1.104770215348801e-58,440833817292.00604,392251223491.0275,783034257748.7769,0.0009579178993741982,100.0,0,440833817292.00604
24.904109589041095,9090,1.103828270292609e-58,440833817292.00604,392251223491.0275,783034257748.7769,0.0009579178993741982,100.0,0,440833817292.00604
24.986301369863014,9120,1.1028863252364173e-58,440833817292.00604,392251223491.0275,783034257748.7769,0.0009579178993741982,100.0,0,440833817292.00604
25.068493150684933,9150,1.1019443801802255e-58,440833817292.00604,392251223491.0275,783034257748.7769,0.0009579178993741982,100.0,0,440833817292.00604
25.15068493150685,9180,1.1010024351240335e-58,440833817292.00604,392251223491.0275,783034257748.7769,0.0009579178993741982,100.0,0,440833817292.00604
25.232876712328768,9210,1.100060490067842e-58,440833817292.00604,392251223491.0275,783034257748.7769,0.0009579178993741982,100.0,0,440833817292.00604
25.315068493150687,9240,1.0991185450116501e-58,440833817292.00604,392251223491.0275,783034257748.7769,0.0009579178993741982,100.0,0,440833817292.00604
25.397260273972602,9270,1.0981765999554585e-58,440833817292.00604,392251223491.0275,783034257748.7769,0.0009579178993741982,100.0,0,440833817292.00604
25.47945205479452,9300,1.0972346548992665e-58,440833817292.00604,392251223491.0275,783034257748.7769,0.0009579178993741982,100.0,0,440833817292.00604
25.561643835616437,9330,1.0962927098430747e-58,440833817292.00604,392251223491.0275,783034257748.7769,0.0009579178993741982,100.0,0,440833817292.00604
25.643835616438356,9360,1.095350764786883e-58,440833817292.00604,392251223491.0275,783034257748.7769,0.0009579178993741982,100.0,0,440833817292.00604
25.726027397260275,9390,1.0944088197306911e-58,440833817292.00604,392251223491.0275,783034257748.7769,0.0009579178993741982,100.0,0,440833817292.00604
25.80821917808219,9420,1.0934668746744993e-58,440833817292.00604,392251223491.0275,783034257748.7769,0.0009579178993741982,100.0,0,440833817292.00604
25.89041095890411,9450,1.0925249296183077e-58,440833817292.00604,392251223491.0275,783034257748.7769,0.0009579178993741982,100.0,0,440833817292.00604
25.972602739726028,9480,1.0915829845621157e-58,440833817292.00604,392251223491.0275,783034257748.7769,0.0009579178993741982,100.0,0,440833817292.00604
26.054794520547944,9510,1.090641039505924e-58,440833817292.00604,392251223491.0275,783034257748.7769,0.0009579178993741982,100.0,0,440833817292.00604
26.136986301369863,9540,1.0896990944497322e-58,440833817292.00604,392251223491.0275,783034257748.7769,0.0009579178993741982,100.0,0,440833817292.00604
26.21917808219178,9570,1.0887571493935404e-58,440833817292.00604,392251223491.0275,783034257748.7769,0.0009579178993741982,100.0,0,440833817292.00604
26.301369863013697,9600,1.0878152043373488e-58,440833817292.00604,392251223491.0275,783034257748.7769,0.0009579178993741982,100.0,0,440833817292.00604
26.383561643835616,9630,1.0868732592811568e-58,440833817292.00604,392251223491.0275,783034257748.7769,0.0009579178993741982,100.0,0,440833817292.00604
26.465753424657535,9660,1.085931314224965e-58,440833817292.00604,392251223491.0275,783034257748.7769,0.0009579178993741982,100.0,0,440833817292.00604
26.54794520547945,9690,1.0849893691687732e-58,440833817292.00604,392251223491.0275,783034257748.7769,0.0009579178993741982,100.0,0,440833817292.00604
26.63013698630137,9720,1.0840474241125814e-58,440833817292.00604,392251223491.0275,783034257748.7769,0.0009579178993741982,100.0,0,440833817292.00604
26.71232876712329,9750,1.0831054790563898e-58,440833817292.00604,392251223491.0275,783034257748.7769,0.0009579178993741982,100.0,0,440833817292.00604
26.794520547945204,9780,1.0821635340001978e-58,440833817292.00604,392251223491.0275,783034257748.7769,0.0009579178993741982,100.0,0,440833817292.00604
26.876712328767123,9810,1.081221588944006e-58,440833817292.00604,392251223491.0275,783034257748.7769,0.0009579178993741982,100.0,0,440833817292.00604
26.958904109589042,9840,1.0802796438878144e-58,440833817292.00604,392251223491.0275,783034257748.7769,0.0009579178993741982,100.0,0,440833817292.00604
27.041095890410958,9870,1.0793376988316226e-58,440833817292.00604,392251223491.0275,783034257748.7769,0.0009579178993741982,100.0,0,440833817292.00604
27.123287671232877,9900,1.0783957537754308e-58,440833817292.00604,392251223491.0275,783034257748.7769,0.0009579178993741982,100.0,0,440833817292.00604
27.205479452054796,9930,1.077453808719239e-58,440833817292.00604,392251223491.0275,783034257748.7769,0.0009579178993741982,100.0,0,440833817292.00604
27.28767123287671,9960,1.0765118636630472e-58,440833817292.00604,392251223491.0275,783034257748.7769,0.0009579178993741982,100.0,0,440833817292.00604
27.36986301369863,9990,1.0755699186068554e-58,440833817292.00604,392251223491.0275,783034257748.7769,0.0009579178993741982,100.0,0,440833817292.00604
27.45205479452055,10020,1.0746279735506636e-58,440833817292.00604,392251223491.0275,783034257748.7769,0.0009579178993741982,100.0,0,440833817292.00604
27.534246575342465,10050,1.0736860284944717e-58,440833817292.00604,392251223491.0275,783034257748.7769,0.0009579178993741982,100.0,0,440833817292.00604
27.616438356164384,10080,1.07274408343828e-58,440833817292.00604,392251223491.0275,783034257748.7769,0.0009579178993741982,100.0,0,440833817292.00604
27.698630136986303,10110,1.0718021383820881e-58,440833817292.00604,392251223491.0275,783034257748.7769,0.0009579178993741982,100.0,0,440833817292.00604
27.78082191780822,10140,1.0708601933258963e-58,440833817292.00604,392251223491.0275,783034257748.7769,0.0009579178993741982,100.0,0,440833817292.00604
27.863013698630137,10170,1.0699182482697047e-58,440833817292.00604,392251223491.0275,783034257748.7769,0.0009579178993741982,100.0,0,440833817292.00604
27.945205479452056,10200,1.0689763032135129e-58,440833817292.00604,392251223491.0275,783034257748.7769,0.0009579178993741982,100.0,0,440833817292.00604
28.027397260273972,10230,1.0680343581573211e-58,440833817292.00604,392251223491.0275,783034257748.7769,0.0009579178993741982,100.0,0,440833817292.00604
28.10958904109589,10260,1.0670924131011293e-58,440833817292.00604,392251223491.0275,783034257748.7769,0.0009579178993741982,100.0,0,440833817292.00604
28.19178082191781,10290,1.0661504680449373e-58,440833817292.00604,392251223491.0275,783034257748.7769,0.0009579178993741982,100.0,0,440833817292.00604
28.273972602739725,10320,1.0652085229887457e-58,440833817292.00604,392251223491.0275,783034257748.7769,0.0009579178993741982,100.0,0,440833817292.00604
28.356164383561644,10350,1.0642665779325539e-58,440833817292.00604,392251223491.0275,783034257748.7769,0.0009579178993741982,100.0,0,440833817292.00604
28.438356164383563,10380,1.0633246328763619e-58,440833817292.00604,392251223491.0275,783034257748.7769,0.0009579178993741982,100.0,0,440833817292.00604
28.52054794520548,10410,1.0623826878201703e-58,440833817292.00604,392251223491.0275,783034257748.7769,0.0009579178993741982,100.0,0,440833817292.00604
28.602739726027398,10440,1.0614407427639785e-58,440833817292.00604,392251223491.0275,783034257748.7769,0.0009579178993741982,100.0,0,440833817292.00604
28.684931506849313,10470,1.0604987977077868e-58,440833817292.00604,392251223491.0275,783034257748.7769,0.0009579178993741982,100.0,0,440833817292.00604
28.767123287671232,10500,1.059556852651595e-58,440833817292.00604,392251223491.0275,783034257748.7769,0.0009579178993741982,100.0,0,440833817292.00604
28.84931506849315,10530,1.058614907595403e-58,440833817292.00604,392251223491.0275,783034257748.7769,0.0009579178993741982,100.0,0,440833817292.00604
28.931506849315067,10560,1.0576729625392114e-58,440833817292.00604,392251223491.0275,783034257748.7769,0.0009579178993741982,100.0,0,440833817292.00604
29.013698630136986,10590,1.0567310174830194e-58,440833817292.00604,392251223491.0275,783034257748.7769,0.0009579178993741982,100.0,0,440833817292.00604
29.095890410958905,10620,1.0557890724268278e-58,440833817292.00604,392251223491.0275,783034257748.7769,0.0009579178993741982,100.0,0,440833817292.00604
29.17808219178082,10650,1.054847127370636e-58,440833817292.00604,392251223491.0275,783034257748.7769,0.0009579178993741982,100.0,0,440833817292.00604
29.26027397260274,10680,1.053905182314444e-58,440833817292.00604,392251223491.0275,783034257748.7769,0.0009579178993741982,100.0,0,440833817292.00604
29.34246575342466,10710,1.0529632372582524e-58,440833817292.00604,392251223491.0275,783034257748.7769,0.0009579178993741982,100.0,0,440833817292.00604
29.424657534246574,10740,1.0520212922020606e-58,440833817292.00604,392251223491.0275,783034257748.7769,0.0009579178993741982,100.0,0,440833817292.00604
29.506849315068493,10770,1.0510793471458688e-58,440833817292.00604,392251223491.0275,783034257748.7769,0.0009579178993741982,100.0,0,440833817292.00604
29.589041095890412,10800,1.0501374020896772e-58,440833817292.00604,392251223491.0275,783034257748.7769,0.0009579178993741982,100.0,0,440833817292.00604
29.671232876712327,10830,1.0491954570334852e-58,440833817292.00604,392251223491.0275,783034257748.7769,0.0009579178993741982,100.0,0,440833817292.00604
29.753424657534246,10860,1.0482535119772936e-58,440833817292.00604,392251223491.0275,783034257748.7769,0.0009579178993741982,100.0,0,440833817292.00604
29.835616438356166,10890,1.0473115669211016e-58,440833817292.00604,392251223491.0275,783034257748.7769,0.0009579178993741982,100.0,0,440833817292.00604
29.91780821917808,10920,1.0463696218649098e-58,440833817292.00604,392251223491.0275,783034257748.7769,0.0009579178993741982,100.0,0,440833817292.00604
30.0,10950,1.0454276768087181e-58,440833817292.00604,392251223491.0275,783034257748.7769,0.0009579178993741982,100.0,0,440833817292.00604
30.08219178082192,10980,1.0444857317525262e-58,440833817292.00604,392251223491.0275,783034257748.7769,0.0009579178993741982,100.0,0,440833817292.00604
30.164383561643834,11010,1.0435437866963344e-58,440833817292.00604,392251223491.0275,783034257748.7769,0.0009579178993741982,100.0,0,440833817292.00604
30.246575342465754,11040,1.0426018416401427e-58,440833817292.00604,392251223491.0275,783034257748.7769,0.0009579178993741982,100.0,0,440833817292.00604
30.328767123287673,11070,1.041659896583951e-58,440833817292.00604,392251223491.0275,783034257748.7769,0.0009579178993741982,100.0,0,440833817292.00604
30.410958904109588,11100,1.0407179515277593e-58,440833817292.00604,392251223491.0275,783034257748.7769,0.0009579178993741982,100.0,0,440833817292.00604
30.493150684931507,11130,1.0397760064715673e-58,440833817292.00604,392251223491.0275,783034257748.7769,0.0009579178993741982,100.0,0,440833817292.00604
30.575342465753426,11160,1.0388340614153755e-58,440833817292.00604,392251223491.0275,783034257748.7769,0.0009579178993741982,100.0,0,440833817292.00604
30.65753424657534,11190,1.0378921163591837e-58,440833817292.00604,392251223491.0275,783034257748.7769,0.0009579178993741982,100.0,0,440833817292.00604
30.73972602739726,11220,1.0369501713029919e-58,440833817292.00604,392251223491.0275,783034257748.7769,0.0009579178993741982,100.0,0,440833817292.00604
30.82191780821918,11250,1.0360082262468001e-58,440833817292.00604,392251223491.0275,783034257748.7769,0.0009579178993741982,100.0,0,440833817292.00604
30.904109589041095,11280,1.0350662811906085e-58,440833817292.00604,392251223491.0275,783034257748.7769,0.0009579178993741982,100.0,0,440833817292.00604
30.986301369863014,11310,1.0341243361344165e-58,440833817292.00604,392251223491.0275,783034257748.7769,0.0009579178993741982,100.0,0,440833817292.00604
31.068493150684933,11340,1.0331823910782249e-58,440833817292.00604,392251223491.0275,783034257748.7769,0.0009579178993741982,100.0,0,440833817292.00604
31.15068493150685,11370,1.032240446022033e-58,440833817292.00604,392251223491.0275,783034257748.7769,0.0009579178993741982,100.0,0,440833817292.00604
31.232876712328768,11400,1.0312985009658413e-58,440833817292.00604,392251223491.0275,783034257748.7769,0.0009579178993741982,100.0,0,440833817292.00604
31.315068493150687,11430,1.0303565559096494e-58,440833817292.00604,392251223491.0275,783034257748.7769,0.0009579178993741982,100.0,0,440833817292.00604
31.397260273972602,11460,1.0294146108534576e-58,440833817292.00604,392251223491.0275,783034257748.7769,0.0009579178993741982,100.0,0,440833817292.00604
31.47945205479452,11490,1.0284726657972657e-58,440833817292.00604,392251223491.0275,783034257748.7769,0.0009579178993741982,100.0,0,440833817292.00604
31.561643835616437,11520,1.027530720741074e-58,440833817292.00604,392251223491.0275,783034257748.7769,0.0009579178993741982,100.0,0,440833817292.00604
31.643835616438356,11550,1.0265887756848822e-58,440833817292.00604,392251223491.0275,783034257748.7769,0.0009579178993741982,100.0,0,440833817292.00604
31.726027397260275,11580,1.0256468306286906e-58,440833817292.00604,392251223491.0275,783034257748.7769,0.0009579178993741982,100.0,0,440833817292.00604
31.80821917808219,11610,1.0247048855724986e-58,440833817292.00604,392251223491.0275,783034257748.7769,0.0009579178993741982,100.0,0,440833817292.00604
31.89041095890411,11640,1.0237629405163068e-58,440833817292.00604,392251223491.0275,783034257748.7769,0.0009579178993741982,100.0,0,440833817292.00604
31.972602739726028,11670,1.0228209954601152e-58,440833817292.00604,392251223491.0275,783034257748.7769,0.0009579178993741982,100.0,0,440833817292.00604
32.054794520547944,11700,1.0218790504039234e-58,440833817292.00604,392251223491.0275,783034257748.7769,0.0009579178993741982,100.0,0,440833817292.00604
32.136986301369866,11730,1.0209371053477314e-58,440833817292.00604,392251223491.0275,783034257748.7769,0.0009579178993741982,100.0,0,440833817292.00604
32.21917808219178,11760,1.0199951602915398e-58,440833817292.00604,392251223491.0275,783034257748.7769,0.0009579178993741982,100.0,0,440833817292.00604
32.3013698630137,11790,1.0190532152353478e-58,440833817292.00604,392251223491.0275,783034257748.7769,0.0009579178993741982,100.0,0,440833817292.00604
32.38356164383562,11820,1.0181112701791562e-58,440833817292.00604,392251223491.0275,783034257748.7769,0.0009579178993741982,100.0,0,440833817292.00604
32.465753424657535,11850,1.0171693251229644e-58,440833817292.00604,392251223491.0275,783034257748.7769,0.0009579178993741982,100.0,0,440833817292.00604
32.54794520547945,11880,1.0162273800667726e-58,440833817292.00604,392251223491.0275,783034257748.7769,0.0009579178993741982,100.0,0,440833817292.00604
32.63013698630137,11910,1.0152854350105808e-58,440833817292.00604,392251223491.0275,783034257748.7769,0.0009579178993741982,100.0,0,440833817292.00604
32.71232876712329,11940,1.014343489954389e-58,440833817292.00604,392251223491.0275,783034257748.7769,0.0009579178993741982,100.0,0,440833817292.00604
32.794520547945204,11970,1.0134015448981971e-58,440833817292.00604,392251223491.0275,783034257748.7769,0.0009579178993741982,100.0,0,440833817292.00604
32.87671232876713,12000,1.0124595998420055e-58,440833817292.00604,392251223491.0275,783034257748.7769,0.0009579178993741982,100.0,0,440833817292.00604
32.95890410958904,12030,1.0115176547858135e-58,440833817292.00604,392251223491.0275,783034257748.7769,0.0009579178993741982,100.0,0,440833817292.00604
33.04109589041096,12060,1.0105757097296219e-58,440833817292.00604,392251223491.0275,783034257748.7769,0.0009579178993741982,100.0,0,440833817292.00604
33.12328767123287,12090,1.00963376467343e-58,440833817292.00604,392251223491.0275,783034257748.7769,0.0009579178993741982,100.0,0,440833817292.00604
33.205479452054796,12120,1.0086918196172381e-58,440833817292.00604,392251223491.0275,783034257748.7769,0.0009579178993741982,100.0,0,440833817292.00604
33.28767123287671,12150,1.0077498745610465e-58,440833817292.00604,392251223491.0275,783034257748.7769,0.0009579178993741982,100.0,0,440833817292.00604
33.36986301369863,12180,1.0068079295048547e-58,440833817292.00604,392251223491.0275,783034257748.7769,0.0009579178993741982,100.0,0,440833817292.00604
33.45205479452055,12210,1.0058659844486627e-58,440833817292.00604,392251223491.0275,783034257748.7769,0.0009579178993741982,100.0,0,440833817292.00604
33.534246575342465,12240,1.004924039392471e-58,440833817292.00604,392251223491.0275,783034257748.7769,0.0009579178993741982,100.0,0,440833817292.00604
33.61643835616438,12270,1.0039820943362793e-58,440833817292.00604,392251223491.0275,783034257748.7769,0.0009579178993741982,100.0,0,440833817292.00604
33.6986301369863,12300,1.0030401492800877e-58,440833817292.00604,392251223491.0275,783034257748.7769,0.0009579178993741982,100.0,0,440833817292.00604
33.78082191780822,12330,1.0020982042238957e-58,440833817292.00604,392251223491.0275,783034257748.7769,0.0009579178993741982,100.0,0,440833817292.00604
33.863013698630134,12360,1.0011562591677039e-58,440833817292.00604,392251223491.0275,783034257748.7769,0.0009579178993741982,100.0,0,440833817292.00604
33.945205479452056,12390,1.000214314111512e-58,440833817292.00604,392251223491.0275,783034257748.7769,0.0009579178993741982,100.0,0,440833817292.00604
34.02739726027397,12420,9.992723690553203e-59,440833817292.00604,392251223491.0275,783034257748.7769,0.0009579178993741982,100.0,0,440833817292.00604
34.10958904109589,12450,9.983304239991286e-59,440833817292.00604,392251223491.0275,783034257748.7769,0.0009579178993741982,100.0,0,440833817292.00604
34.19178082191781,12480,9.973884789429368e-59,440833817292.00604,392251223491.0275,783034257748.7769,0.0009579178993741982,100.0,0,440833817292.00604
34.273972602739725,12510,9.964465338867448e-59,440833817292.00604,392251223491.0275,783034257748.7769,0.0009579178993741982,100.0,0,440833817292.00604
34.35616438356164,12540,9.955045888305532e-59,440833817292.00604,392251223491.0275,783034257748.7769,0.0009579178993741982,100.0,0,440833817292.00604
34.43835616438356,12570,9.945626437743614e-59,440833817292.00604,392251223491.0275,783034257748.7769,0.0009579178993741982,100.0,0,440833817292.00604
34.52054794520548,12600,9.936206987181696e-59,440833817292.00604,392251223491.0275,783034257748.7769,0.0009579178993741982,100.0,0,440833817292.00604
34.602739726027394,12630,9.926787536619778e-59,440833817292.00604,392251223491.0275,783034257748.7769,0.0009579178993741982,100.0,0,440833817292.00604
34.68493150684932,12660,9.91736808605786e-59,440833817292.00604,392251223491.0275,783034257748.7769,0.0009579178993741982,100.0,0,440833817292.00604
34.76712328767123,12690,9.907948635495942e-59,440833817292.00604,392251223491.0275,783034257748.7769,0.0009579178993741982,100.0,0,440833817292.00604
34.84931506849315,12720,9.898529184934024e-59,440833817292.00604,392251223491.0275,783034257748.7769,0.0009579178993741982,100.0,0,440833817292.00604
34.93150684931507,12750,9.889109734372106e-59,440833817292.00604,392251223491.0275,783034257748.7769,0.0009579178993741982,100.0,0,440833817292.00604
35.013698630136986,12780,9.87969028381019e-59,440833817292.00604,392251223491.0275,783034257748.7769,0.0009579178993741982,100.0,0,440833817292.00604
35.0958904109589,12810,9.87027083324827e-59,440833817292.00604,392251223491.0275,783034257748.7769,0.0009579178993741982,100.0,0,440833817292.00604
35.178082191780824,12840,9.860851382686352e-59,440833817292.00604,392251223491.0275,783034257748.7769,0.0009579178993741982,100.0,0,440833817292.00604
35.26027397260274,12870,9.851431932124435e-59,440833817292.00604,392251223491.0275,783034257748.7769,0.0009579178993741982,100.0,0,440833817292.00604
35.342465753424655,12900,9.842012481562517e-59,440833817292.00604,392251223491.0275,783034257748.7769,0.0009579178993741982,100.0,0,440833817292.00604
35.42465753424658,12930,9.8325930310006e-59,440833817292.00604,392251223491.0275,783034257748.7769,0.0009579178993741982,100.0,0,440833817292.00604
35.50684931506849,12960,9.823173580438681e-59,440833817292.00604,392251223491.0275,783034257748.7769,0.0009579178993741982,100.0,0,440833817292.00604
35.58904109589041,12990,9.813754129876761e-59,440833817292.00604,392251223491.0275,783034257748.7769,0.0009579178993741982,100.0,0,440833817292.00604
35.67123287671233,13020,9.804334679314845e-59,440833817292.00604,392251223491.0275,783034257748.7769,0.0009579178993741982,100.0,0,440833817292.00604
35.75342465753425,13050,9.794915228752927e-59,440833817292.00604,392251223491.0275,783034257748.7769,0.0009579178993741982,100.0,0,440833817292.00604
35.83561643835616,13080,9.785495778191009e-59,440833817292.00604,392251223491.0275,783034257748.7769,0.0009579178993741982,100.0,0,440833817292.00604
35.917808219178085,13110,9.776076327629091e-59,440833817292.00604,392251223491.0275,783034257748.7769,0.0009579178993741982,100.0,0,440833817292.00604
36.0,13140,9.766656877067173e-59,440833817292.00604,392251223491.0275,783034257748.7769,0.0009579178993741982,100.0,0,440833817292.00604
36.082191780821915,13170,9.757237426505257e-59,440833817292.00604,392251223491.0275,783034257748.7769,0.0009579178993741982,100.0,0,440833817292.00604
36.16438356164384,13200,9.747817975943339e-59,440833817292.00604,392251223491.0275,783034257748.7769,0.0009579178993741982,100.0,0,440833817292.00604
36.24657534246575,13230,9.738398525381419e-59,440833817292.00604,392251223491.0275,783034257748.7769,0.0009579178993741982,100.0,0,440833817292.00604
36.32876712328767,13260,9.728979074819503e-59,440833817292.00604,392251223491.0275,783034257748.7769,0.0009579178993741982,100.0,0,440833817292.00604
36.41095890410959,13290,9.719559624257583e-59,440833817292.00604,392251223491.0275,783034257748.7769,0.0009579178993741982,100.0,0,440833817292.00604
36.49315068493151,13320,9.710140173695665e-59,440833817292.00604,392251223491.0275,783034257748.7769,0.0009579178993741982,100.0,0,440833817292.00604
36.57534246575342,13350,9.700720723133748e-59,440833817292.00604,392251223491.0275,783034257748.7769,0.0009579178993741982,100.0,0,440833817292.00604
36.657534246575345,13380,9.69130127257183e-59,440833817292.00604,392251223491.0275,783034257748.7769,0.0009579178993741982,100.0,0,440833817292.00604
36.73972602739726,13410,9.681881822009912e-59,440833817292.00604,392251223491.0275,783034257748.7769,0.0009579178993741982,100.0,0,440833817292.00604
36.821917808219176,13440,9.672462371447994e-59,440833817292.00604,392251223491.0275,783034257748.7769,0.0009579178993741982,100.0,0,440833817292.00604
36.9041095890411,13470,9.663042920886076e-59,440833817292.00604,392251223491.0275,783034257748.7769,0.0009579178993741982,100.0,0,440833817292.00604
36.986301369863014,13500,9.65362347032416e-59,440833817292.00604,392251223491.0275,783034257748.7769,0.0009579178993741982,100.0,0,440833817292.00604
37.06849315068493,13530,9.64420401976224e-59,440833817292.00604,392251223491.0275,783034257748.7769,0.0009579178993741982,100.0,0,440833817292.00604
37.15068493150685,13560,9.634784569200322e-59,440833817292.00604,392251223491.0275,783034257748.7769,0.0009579178993741982,100.0,0,440833817292.00604
37.23287671232877,13590,9.625365118638404e-59,440833817292.00604,392251223491.0275,783034257748.7769,0.0009579178993741982,100.0,0,440833817292.00604
37.31506849315068,13620,9.615945668076486e-59,440833817292.00604,392251223491.0275,783034257748.7769,0.0009579178993741982,100.0,0,440833817292.00604
37.397260273972606,13650,9.60652621751457e-59,440833817292.00604,392251223491.0275,783034257748.7769,0.0009579178993741982,100.0,0,440833817292.00604
37.47945205479452,13680,9.597106766952652e-59,440833817292.00604,392251223491.0275,783034257748.7769,0.0009579178993741982,100.0,0,440833817292.00604
37.56164383561644,13710,9.587687316390732e-59,440833817292.00604,392251223491.0275,783034257748.7769,0.0009579178993741982,100.0,0,440833817292.00604
37.64383561643836,13740,9.578267865828816e-59,440833817292.00604,392251223491.0275,783034257748.7769,0.0009579178993741982,100.0,0,440833817292.00604
37.726027397260275,13770,9.568848415266898e-59,440833817292.00604,392251223491.0275,783034257748.7769,0.0009579178993741982,100.0,0,440833817292.00604
37.80821917808219,13800,9.55942896470498e-59,440833817292.00604,392251223491.0275,783034257748.7769,0.0009579178993741982,100.0,0,440833817292.00604
37.89041095890411,13830,9.550009514143062e-59,440833817292.00604,392251223491.0275,783034257748.7769,0.0009579178993741982,100.0,0,440833817292.00604
37.97260273972603,13860,9.540590063581143e-59,440833817292.00604,392251223491.0275,783034257748.7769,0.0009579178993741982,100.0,0,440833817292.00604
38.054794520547944,13890,9.531170613019225e-59,440833817292.00604,392251223491.0275,783034257748.7769,0.0009579178993741982,100.0,0,440833817292.00604
38.136986301369866,13920,9.521751162457307e-59,440833817292.00604,392251223491.0275,783034257748.7769,0.0009579178993741982,100.0,0,440833817292.00604
38.21917808219178,13950,9.51233171189539e-59,440833817292.00604,392251223491.0275,783034257748.7769,0.0009579178993741982,100.0,0,440833817292.00604
38.3013698630137,13980,9.502912261333473e-59,440833817292.00604,392251223491.0275,783034257748.7769,0.0009579178993741982,100.0,0,440833817292.00604
38.38356164383562,14010,9.493492810771553e-59,440833817292.00604,392251223491.0275,783034257748.7769,0.0009579178993741982,100.0,0,440833817292.00604
38.465753424657535,14040,9.484073360209635e-59,440833817292.00604,392251223491.0275,783034257748.7769,0.0009579178993741982,100.0,0,440833817292.00604
38.54794520547945,14070,9.474653909647719e-59,440833817292.00604,392251223491.0275,783034257748.7769,0.0009579178993741982,100.0,0,440833817292.00604
38.63013698630137,14100,9.465234459085801e-59,440833817292.00604,392251223491.0275,783034257748.7769,0.0009579178993741982,100.0,0,440833817292.00604
38.71232876712329,14130,9.455815008523883e-59,440833817292.00604,392251223491.0275,783034257748.7769,0.0009579178993741982,100.0,0,440833817292.00604
38.794520547945204,14160,9.446395557961965e-59,440833817292.00604,392251223491.0275,783034257748.7769,0.0009579178993741982,100.0,0,440833817292.00604
38.87671232876713,14190,9.436976107400045e-59,440833817292.00604,392251223491.0275,783034257748.7769,0.0009579178993741982,100.0,0,440833817292.00604
38.95890410958904,14220,9.427556656838129e-59,440833817292.00604,392251223491.0275,783034257748.7769,0.0009579178993741982,100.0,0,440833817292.00604
39.04109589041096,14250,9.41813720627621e-59,440833817292.00604,392251223491.0275,783034257748.7769,0.0009579178993741982,100.0,0,440833817292.00604
39.12328767123287,14280,9.408717755714294e-59,440833817292.00604,392251223491.0275,783034257748.7769,0.0009579178993741982,100.0,0,440833817292.00604
39.205479452054796,14310,9.399298305152375e-59,440833817292.00604,392251223491.0275,783034257748.7769,0.0009579178993741982,100.0,0,440833817292.00604
39.28767123287671,14340,9.389878854590457e-59,440833817292.00604,392251223491.0275,783034257748.7769,0.0009579178993741982,100.0,0,440833817292.00604
39.36986301369863,14370,9.38045940402854e-59,440833817292.00604,392251223491.0275,783034257748.7769,0.0009579178993741982,100.0,0,440833817292.00604
39.45205479452055,14400,9.371039953466622e-59,440833817292.00604,392251223491.0275,783034257748.7769,0.0009579178993741982,100.0,0,440833817292.00604
39.534246575342465,14430,9.361620502904704e-59,440833817292.00604,392251223491.0275,783034257748.7769,0.0009579178993741982,100.0,0,440833817292.00604
39.61643835616438,14460,9.352201052342786e-59,440833817292.00604,392251223491.0275,783034257748.7769,0.0009579178993741982,100.0,0,440833817292.00604
39.6986301369863,14490,9.342781601780866e-59,440833817292.00604,392251223491.0275,783034257748.7769,0.0009579178993741982,100.0,0,440833817292.00604
39.78082191780822,14520,9.33336215121895e-59,440833817292.00604,392251223491.0275,783034257748.7769,0.0009579178993741982,100.0,0,440833817292.00604
39.863013698630134,14550,9.323942700657032e-59,440833817292.00604,392251223491.0275,783034257748.7769,0.0009579178993741982,100.0,0,440833817292.00604
39.945205479452056,14580,9.314523250095114e-59,440833817292.00604,392251223491.0275,783034257748.7769,0.0009579178993741982,100.0,0,440833817292.00604
40.02739726027397,14610,9.305103799533196e-59,440833817292.00604,392251223491.0275,783034257748.7769,0.0009579178993741982,100.0,0,440833817292.00604
40.10958904109589,14640,9.295684348971278e-59,440833817292.00604,392251223491.0275,783034257748.7769,0.0009579178993741982,100.0,0,440833817292.00604
40.19178082191781,14670,9.28626489840936e-59,440833817292.00604,392251223491.0275,783034257748.7769,0.0009579178993741982,100.0,0,440833817292.00604
40.273972602739725,14700,9.276845447847444e-59,440833817292.00604,392251223491.0275,783034257748.7769,0.0009579178993741982,100.0,0,440833817292.00604
40.35616438356164,14730,9.267425997285526e-59,440833817292.00604,392251223491.0275,783034257748.7769,0.0009579178993741982,100.0,0,440833817292.00604
40.43835616438356,14760,9.258006546723607e-59,440833817292.00604,392251223491.0275,783034257748.7769,0.0009579178993741982,100.0,0,440833817292.00604
40.52054794520548,14790,9.248587096161688e-59,440833817292.00604,392251223491.0275,783034257748.7769,0.0009579178993741982,100.0,0,440833817292.00604
40.602739726027394,14820,9.23916764559977e-59,440833817292.00604,392251223491.0275,783034257748.7769,0.0009579178993741982,100.0,0,440833817292.00604
40.68493150684932,14850,9.229748195037853e-59,440833817292.00604,392251223491.0275,783034257748.7769,0.0009579178993741982,100.0,0,440833817292.00604
40.76712328767123,14880,9.220328744475935e-59,440833817292.00604,392251223491.0275,783034257748.7769,0.0009579178993741982,100.0,0,440833817292.00604
40.84931506849315,14910,9.210909293914015e-59,440833817292.00604,392251223491.0275,783034257748.7769,0.0009579178993741982,100.0,0,440833817292.00604
40.93150684931507,14940,9.2014898433521e-59,440833817292.00604,392251223491.0275,783034257748.7769,0.0009579178993741982,100.0,0,440833817292.00604
41.013698630136986,14970,9.192070392790181e-59,440833817292.00604,392251223491.0275,783034257748.7769,0.0009579178993741982,100.0,0,440833817292.00604
41.0958904109589,15000,9.182650942228265e-59,440833817292.00604,392251223491.0275,783034257748.7769,0.0009579178993741982,100.0,0,440833817292.00604
41.178082191780824,15030,9.173231491666347e-59,440833817292.00604,392251223491.0275,783034257748.7769,0.0009579178993741982,100.0,0,440833817292.00604
41.26027397260274,15060,9.163812041104427e-59,440833817292.00604,392251223491.0275,783034257748.7769,0.0009579178993741982,100.0,0,440833817292.00604
41.342465753424655,15090,9.154392590542509e-59,440833817292.00604,392251223491.0275,783034257748.7769,0.0009579178993741982,100.0,0,440833817292.00604
41.42465753424658,15120,9.144973139980591e-59,440833817292.00604,392251223491.0275,783034257748.7769,0.0009579178993741982,100.0,0,440833817292.00604
41.50684931506849,15150,9.135553689418673e-59,440833817292.00604,392251223491.0275,783034257748.7769,0.0009579178993741982,100.0,0,440833817292.00604
41.58904109589041,15180,9.126134238856757e-59,440833817292.00604,392251223491.0275,783034257748.7769,0.0009579178993741982,100.0,0,440833817292.00604
41.67123287671233,15210,9.116714788294837e-59,440833817292.00604,392251223491.0275,783034257748.7769,0.0009579178993741982,100.0,0,440833817292.00604
41.75342465753425,15240,9.10729533773292e-59,440833817292.00604,392251223491.0275,783034257748.7769,0.0009579178993741982,100.0,0,440833817292.00604
41.83561643835616,15270,9.097875887171002e-59,440833817292.00604,392251223491.0275,783034257748.7769,0.0009579178993741982,100.0,0,440833817292.00604
41.917808219178085,15300,9.088456436609084e-59,440833817292.00604,392251223491.0275,783034257748.7769,0.0009579178993741982,100.0,0,440833817292.00604
42.0,15330,9.079036986047168e-59,440833817292.00604,392251223491.0275,783034257748.7769,0.0009579178993741982,100.0,0,440833817292.00604
42.082191780821915,15360,9.069617535485248e-59,440833817292.00604,392251223491.0275,783034257748.7769,0.0009579178993741982,100.0,0,440833817292.00604
42.16438356164384,15390,9.060198084923329e-59,440833817292.00604,392251223491.0275,783034257748.7769,0.0009579178993741982,100.0,0,440833817292.00604
42.24657534246575,15420,9.050778634361412e-59,440833817292.00604,392251223491.0275,783034257748.7769,0.0009579178993741982,100.0,0,440833817292.00604
42.32876712328767,15450,9.041359183799494e-59,440833817292.00604,392251223491.0275,783034257748.7769,0.0009579178993741982,100.0,0,440833817292.00604
42.41095890410959,15480,9.031939733237578e-59,440833817292.00604,392251223491.0275,783034257748.7769,0.0009579178993741982,100.0,0,440833817292.00604
42.49315068493151,15510,9.022520282675658e-59,440833817292.00604,392251223491.0275,783034257748.7769,0.0009579178993741982,100.0,0,440833817292.00604
42.57534246575342,15540,9.01310083211374e-59,440833817292.00604,392251223491.0275,783034257748.7769,0.0009579178993741982,100.0,0,440833817292.00604
42.657534246575345,15570,9.003681381551824e-59,440833817292.00604,392251223491.0275,783034257748.7769,0.0009579178993741982,100.0,0,440833817292.00604
42.73972602739726,15600,8.994261930989906e-59,440833817292.00604,392251223491.0275,783034257748.7769,0.0009579178993741982,100.0,0,440833817292.00604
42.821917808219176,15630,8.984842480427988e-59,440833817292.00604,392251223491.0275,783034257748.7769,0.0009579178993741982,100.0,0,440833817292.00604
42.9041095890411,15660,8.97542302986607e-59,440833817292.00604,392251223491.0275,783034257748.7769,0.0009579178993741982,100.0,0,440833817292.00604
42.986301369863014,15690,8.96600357930415e-59,440833817292.00604,392251223491.0275,783034257748.7769,0.0009579178993741982,100.0,0,440833817292.00604
43.06849315068493,15720,8.956584128742234e-59,440833817292.00604,392251223491.0275,783034257748.7769,0.0009579178993741982,100.0,0,440833817292.00604
43.15068493150685,15750,8.947164678180316e-59,440833817292.00604,392251223491.0275,783034257748.7769,0.0009579178993741982,100.0,0,440833817292.00604
43.23287671232877,15780,8.937745227618397e-59,440833817292.00604,392251223491.0275,783034257748.7769,0.0009579178993741982,100.0,0,440833817292.00604
43.31506849315068,15810,8.928325777056481e-59,440833817292.00604,392251223491.0275,783034257748.7769,0.0009579178993741982,100.0,0,440833817292.00604
43.397260273972606,15840,8.918906326494561e-59,440833817292.00604,392251223491.0275,783034257748.7769,0.0009579178993741982,100.0,0,440833817292.00604
43.47945205479452,15870,8.909486875932643e-59,440833817292.00604,392251223491.0275,783034257748.7769,0.0009579178993741982,100.0,0,440833817292.00604
43.56164383561644,15900,8.900067425370727e-59,440833817292.00604,392251223491.0275,783034257748.7769,0.0009579178993741982,100.0,0,440833817292.00604
43.64383561643836,15930,8.890647974808809e-59,440833817292.00604,392251223491.0275,783034257748.7769,0.0009579178993741982,100.0,0,440833817292.00604
43.726027397260275,15960,8.881228524246891e-59,440833817292.00604,392251223491.0275,783034257748.7769,0.0009579178993741982,100.0,0,440833817292.00604
43.80821917808219,15990,8.871809073684971e-59,440833817292.00604,392251223491.0275,783034257748.7769,0.0009579178993741982,100.0,0,440833817292.00604
43.89041095890411,16020,8.862389623123053e-59,440833817292.00604,392251223491.0275,783034257748.7769,0.0009579178993741982,100.0,0,440833817292.00604
43.97260273972603,16050,8.852970172561137e-59,440833817292.00604,392251223491.0275,783034257748.7769,0.0009579178993741982,100.0,0,440833817292.00604
44.054794520547944,16080,8.843550721999219e-59,440833817292.00604,392251223491.0275,783034257748.7769,0.0009579178993741982,100.0,0,440833817292.00604
44.136986301369866,16110,8.8341312714373e-59,440833817292.00604,392251223491.0275,783034257748.7769,0.0009579178993741982,100.0,0,440833817292.00604
44.21917808219178,16140,8.824711820875383e-59,440833817292.00604,392251223491.0275,783034257748.7769,0.0009579178993741982,100.0,0,440833817292.00604
44.3013698630137,16170,8.815292370313465e-59,440833817292.00604,392251223491.0275,783034257748.7769,0.0009579178993741982,100.0,0,440833817292.00604
44.38356164383562,16200,8.805872919751548e-59,440833817292.00604,392251223491.0275,783034257748.7769,0.0009579178993741982,100.0,0,440833817292.00604
44.465753424657535,16230,8.79645346918963e-59,440833817292.00604,392251223491.0275,783034257748.7769,0.0009579178993741982,100.0,0,440833817292.00604
44.54794520547945,16260,8.78703401862771e-59,440833817292.00604,392251223491.0275,783034257748.7769,0.0009579178993741982,100.0,0,440833817292.00604
44.63013698630137,16290,8.777614568065792e-59,440833817292.00604,392251223491.0275,783034257748.7769,0.0009579178993741982,100.0,0,440833817292.00604
44.71232876712329,16320,8.768195117503874e-59,440833817292.00604,392251223491.0275,783034257748.7769,0.0009579178993741982,100.0,0,440833817292.00604
44.794520547945204,16350,8.758775666941956e-59,440833817292.00604,392251223491.0275,783034257748.7769,0.0009579178993741982,100.0,0,440833817292.00604
44.87671232876713,16380,8.74935621638004e-59,440833817292.00604,392251223491.0275,783034257748.7769,0.0009579178993741982,100.0,0,440833817292.00604
44.95890410958904,16410,8.739936765818122e-59,440833817292.00604,392251223491.0275,783034257748.7769,0.0009579178993741982,100.0,0,440833817292.00604
45.04109589041096,16440,8.730517315256204e-59,440833817292.00604,392251223491.0275,783034257748.7769,0.0009579178993741982,100.0,0,440833817292.00604
45.12328767123287,16470,8.721097864694286e-59,440833817292.00604,392251223491.0275,783034257748.7769,0.0009579178993741982,100.0,0,440833817292.00604
45.205479452054796,16500,8.711678414132368e-59,440833817292.00604,392251223491.0275,783034257748.7769,0.0009579178993741982,100.0,0,440833817292.00604
45.28767123287671,16530,8.702258963570452e-59,440833817292.00604,392251223491.0275,783034257748.7769,0.0009579178993741982,100.0,0,440833817292.00604
45.36986301369863,16560,8.692839513008532e-59,440833817292.00604,392251223491.0275,783034257748.7769,0.0009579178993741982,100.0,0,440833817292.00604
45.45205479452055,16590,8.683420062446612e-59,440833817292.00604,392251223491.0275,783034257748.7769,0.0009579178993741982,100.0,0,440833817292.00604
45.534246575342465,16620,8.674000611884696e-59,440833817292.00604,392251223491.0275,783034257748.7769,0.0009579178993741982,100.0,0,440833817292.00604
45.61643835616438,16650,8.664581161322778e-59,440833817292.00604,392251223491.0275,783034257748.7769,0.0009579178993741982,100.0,0,440833817292.00604
45.6986301369863,16680,8.655161710760861e-59,440833817292.00604,392251223491.0275,783034257748.7769,0.0009579178993741982,100.0,0,440833817292.00604
45.78082191780822,16710,8.645742260198943e-59,440833817292.00604,392251223491.0275,783034257748.7769,0.0009579178993741982,100.0,0,440833817292.00604
45.863013698630134,16740,8.636322809637024e-59,440833817292.00604,392251223491.0275,783034257748.7769,0.0009579178993741982,100.0,0,440833817292.00604
45.945205479452056,16770,8.626903359075107e-59,440833817292.00604,392251223491.0275,783034257748.7769,0.0009579178993741982,100.0,0,440833817292.00604
46.02739726027397,16800,8.61748390851319e-59,440833817292.00604,392251223491.0275,783034257748.7769,0.0009579178993741982,100.0,0,440833817292.00604
46.10958904109589,16830,8.608064457951273e-59,440833817292.00604,392251223491.0275,783034257748.7769,0.0009579178993741982,100.0,0,440833817292.00604
46.19178082191781,16860,8.598645007389353e-59,440833817292.00604,392251223491.0275,783034257748.7769,0.0009579178993741982,100.0,0,440833817292.00604
46.273972602739725,16890,8.589225556827433e-59,440833817292.00604,392251223491.0275,783034257748.7769,0.0009579178993741982,100.0,0,440833817292.00604
46.35616438356164,16920,8.579806106265517e-59,440833817292.00604,392251223491.0275,783034257748.7769,0.0009579178993741982,100.0,0,440833817292.00604
46.43835616438356,16950,8.570386655703599e-59,440833817292.00604,392251223491.0275,783034257748.7769,0.0009579178993741982,100.0,0,440833817292.00604
46.52054794520548,16980,8.560967205141681e-59,440833817292.00604,392251223491.0275,783034257748.7769,0.0009579178993741982,100.0,0,440833817292.00604
46.602739726027394,17010,8.551547754579765e-59,440833817292.00604,392251223491.0275,783034257748.7769,0.0009579178993741982,100.0,0,440833817292.00604
46.68493150684932,17040,8.542128304017845e-59,440833817292.00604,392251223491.0275,783034257748.7769,0.0009579178993741982,100.0,0,440833817292.00604
46.76712328767123,17070,8.532708853455929e-59,440833817292.00604,392251223491.0275,783034257748.7769,0.0009579178993741982,100.0,0,440833817292.00604
46.84931506849315,17100,8.52328940289401e-59,440833817292.00604,392251223491.0275,783034257748.7769,0.0009579178993741982,100.0,0,440833817292.00604
46.93150684931507,17130,8.513869952332093e-59,440833817292.00604,392251223491.0275,783034257748.7769,0.0009579178993741982,100.0,0,440833817292.00604
47.013698630136986,17160,8.504450501770175e-59,440833817292.00604,392251223491.0275,783034257748.7769,0.0009579178993741982,100.0,0,440833817292.00604
47.0958904109589,17190,8.495031051208255e-59,440833817292.00604,392251223491.0275,783034257748.7769,0.0009579178993741982,100.0,0,440833817292.00604
47.178082191780824,17220,8.485611600646337e-59,440833817292.00604,392251223491.0275,783034257748.7769,0.0009579178993741982,100.0,0,440833817292.00604
47.26027397260274,17250,8.47619215008442e-59,440833817292.00604,392251223491.0275,783034257748.7769,0.0009579178993741982,100.0,0,440833817292.00604
47.342465753424655,17280,8.466772699522502e-59,440833817292.00604,392251223491.0275,783034257748.7769,0.0009579178993741982,100.0,0,440833817292.00604
47.42465753424658,17310,8.457353248960586e-59,440833817292.00604,392251223491.0275,783034257748.7769,0.0009579178993741982,100.0,0,440833817292.00604
47.50684931506849,17340,8.447933798398666e-59,440833817292.00604,392251223491.0275,783034257748.7769,0.0009579178993741982,100.0,0,440833817292.00604
47.58904109589041,17370,8.438514347836748e-59,440833817292.00604,392251223491.0275,783034257748.7769,0.0009579178993741982,100.0,0,440833817292.00604
47.67123287671233,17400,8.429094897274832e-59,440833817292.00604,392251223491.0275,783034257748.7769,0.0009579178993741982,100.0,0,440833817292.00604
47.75342465753425,17430,8.419675446712914e-59,440833817292.00604,392251223491.0275,783034257748.7769,0.0009579178993741982,100.0,0,440833817292.00604
47.83561643835616,17460,8.410255996150994e-59,440833817292.00604,392251223491.0275,783034257748.7769,0.0009579178993741982,100.0,0,440833817292.00604
47.917808219178085,17490,8.400836545589078e-59,440833817292.00604,392251223491.0275,783034257748.7769,0.0009579178993741982,100.0,0,440833817292.00604
48.0,17520,8.391417095027158e-59,440833817292.00604,392251223491.0275,783034257748.7769,0.0009579178993741982,100.0,0,440833817292.00604
48.082191780821915,17550,8.381997644465242e-59,440833817292.00604,392251223491.0275,783034257748.7769,0.0009579178993741982,100.0,0,440833817292.00604
48.16438356164384,17580,8.372578193903324e-59,440833817292.00604,392251223491.0275,783034257748.7769,0.0009579178993741982,100.0,0,440833817292.00604
48.24657534246575,17610,8.363158743341406e-59,440833817292.00604,392251223491.0275,783034257748.7769,0.0009579178993741982,100.0,0,440833817292.00604
48.32876712328767,17640,8.353739292779488e-59,440833817292.00604,392251223491.0275,783034257748.7769,0.0009579178993741982,100.0,0,440833817292.00604
48.41095890410959,17670,8.34431984221757e-59,440833817292.00604,392251223491.0275,783034257748.7769,0.0009579178993741982,100.0,0,440833817292.00604
48.49315068493151,17700,8.334900391655651e-59,440833817292.00604,392251223491.0275,783034257748.7769,0.0009579178993741982,100.0,0,440833817292.00604
48.57534246575342,17730,8.325480941093735e-59,440833817292.00604,392251223491.0275,783034257748.7769,0.0009579178993741982,100.0,0,440833817292.00604
48.657534246575345,17760,8.316061490531815e-59,440833817292.00604,392251223491.0275,783034257748.7769,0.0009579178993741982,100.0,0,440833817292.00604
48.73972602739726,17790,8.306642039969899e-59,440833817292.00604,392251223491.0275,783034257748.7769,0.0009579178993741982,100.0,0,440833817292.00604
48.821917808219176,17820,8.29722258940798e-59,440833817292.00604,392251223491.0275,783034257748.7769,0.0009579178993741982,100.0,0,440833817292.00604
48.9041095890411,17850,8.287803138846061e-59,440833817292.00604,392251223491.0275,783034257748.7769,0.0009579178993741982,100.0,0,440833817292.00604
48.986301369863014,17880,8.278383688284145e-59,440833817292.00604,392251223491.0275,783034257748.7769,0.0009579178993741982,100.0,0,440833817292.00604
49.06849315068493,17910,8.268964237722227e-59,440833817292.00604,392251223491.0275,783034257748.7769,0.0009579178993741982,100.0,0,440833817292.00604
49.15068493150685,17940,8.259544787160307e-59,440833817292.00604,392251223491.0275,783034257748.7769,0.0009579178993741982,100.0,0,440833817292.00604
49.23287671232877,17970,8.25012533659839e-59,440833817292.00604,392251223491.0275,783034257748.7769,0.0009579178993741982,100.0,0,440833817292.00604
49.31506849315068,18000,8.240705886036473e-59,440833817292.00604,392251223491.0275,783034257748.7769,0.0009579178993741982,100.0,0,440833817292.00604
49.397260273972606,18030,8.231286435474557e-59,440833817292.00604,392251223491.0275,783034257748.7769,0.0009579178993741982,100.0,0,440833817292.00604
49.47945205479452,18060,8.221866984912637e-59,440833817292.00604,392251223491.0275,783034257748.7769,0.0009579178993741982,100.0,0,440833817292.00604
49.56164383561644,18090,8.212447534350719e-59,440833817292.00604,392251223491.0275,783034257748.7769,0.0009579178993741982,100.0,0,440833817292.00604
49.64383561643836,18120,8.2030280837888e-59,440833817292.00604,392251223491.0275,783034257748.7769,0.0009579178993741982,100.0,0,440833817292.00604
49.726027397260275,18150,8.193608633226883e-59,440833817292.00604,392251223491.0275,783034257748.7769,0.0009579178993741982,100.0,0,440833817292.00604
49.80821917808219,18180,8.184189182664965e-59,440833817292.00604,392251223491.0275,783034257748.7769,0.0009579178993741982,100.0,0,440833817292.00604
49.89041095890411,18210,8.174769732103048e-59,440833817292.00604,392251223491.0275,783034257748.7769,0.0009579178993741982,100.0,0,440833817292.00604
49.97260273972603,18240,8.165350281541128e-59,440833817292.00604,392251223491.0275,783034257748.7769,0.0009579178993741982,100.0,0,440833817292.00604
50.054794520547944,18270,8.155930830979212e-59,440833817292.00604,392251223491.0275,783034257748.7769,0.0009579178993741982,100.0,0,440833817292.00604
50.136986301369866,18300,8.146511380417294e-59,440833817292.00604,392251223491.0275,783034257748.7769,0.0009579178993741982,100.0,0,440833817292.00604
50.21917808219178,18330,8.137091929855376e-59,440833817292.00604,392251223491.0275,783034257748.7769,0.0009579178993741982,100.0,0,440833817292.00604
50.3013698630137,18360,8.127672479293458e-59,440833817292.00604,392251223491.0275,783034257748.7769,0.0009579178993741982,100.0,0,440833817292.00604
50.38356164383562,18390,8.11825302873154e-59,440833817292.00604,392251223491.0275,783034257748.7769,0.0009579178993741982,100.0,0,440833817292.00604
50.465753424657535,18420,8.108833578169622e-59,440833817292.00604,392251223491.0275,783034257748.7769,0.0009579178993741982,100.0,0,440833817292.00604
50.54794520547945,18450,8.099414127607704e-59,440833817292.00604,392251223491.0275,783034257748.7769,0.0009579178993741982,100.0,0,440833817292.00604
50.63013698630137,18480,8.089994677045786e-59,440833817292.00604,392251223491.0275,783034257748.7769,0.0009579178993741982,100.0,0,440833817292.00604
50.71232876712329,18510,8.080575226483868e-59,440833817292.00604,392251223491.0275,783034257748.7769,0.0009579178993741982,100.0,0,440833817292.00604
50.794520547945204,18540,8.071155775921952e-59,440833817292.00604,392251223491.0275,783034257748.7769,0.0009579178993741982,100.0,0,440833817292.00604
50.87671232876713,18570,8.061736325360032e-59,440833817292.00604,392251223491.0275,783034257748.7769,0.0009579178993741982,100.0,0,440833817292.00604
50.95890410958904,18600,8.052316874798115e-59,440833817292.00604,392251223491.0275,783034257748.7769,0.0009579178993741982,100.0,0,440833817292.00604
51.04109589041096,18630,8.042897424236197e-59,440833817292.00604,392251223491.0275,783034257748.7769,0.0009579178993741982,100.0,0,440833817292.00604
51.12328767123287,18660,8.03347797367428e-59,440833817292.00604,392251223491.0275,783034257748.7769,0.0009579178993741982,100.0,0,440833817292.00604
51.205479452054796,18690,8.02405852311236e-59,440833817292.00604,392251223491.0275,783034257748.7769,0.0009579178993741982,100.0,0,440833817292.00604
51.28767123287671,18720,8.014639072550443e-59,440833817292.00604,392251223491.0275,783034257748.7769,0.0009579178993741982,100.0,0,440833817292.00604
51.36986301369863,18750,8.005219621988525e-59,440833817292.00604,392251223491.0275,783034257748.7769,0.0009579178993741982,100.0,0,440833817292.00604
51.45205479452055,18780,7.995800171426607e-59,440833817292.00604,392251223491.0275,783034257748.7769,0.0009579178993741982,100.0,0,440833817292.00604
51.534246575342465,18810,7.98638072086469e-59,440833817292.00604,392251223491.0275,783034257748.7769,0.0009579178993741982,100.0,0,440833817292.00604
51.61643835616438,18840,7.976961270302771e-59,440833817292.00604,392251223491.0275,783034257748.7769,0.0009579178993741982,100.0,0,440833817292.00604
51.6986301369863,18870,7.967541819740853e-59,440833817292.00604,392251223491.0275,783034257748.7769,0.0009579178993741982,100.0,0,440833817292.00604
51.78082191780822,18900,7.958122369178936e-59,440833817292.00604,392251223491.0275,783034257748.7769,0.0009579178993741982,100.0,0,440833817292.00604
51.863013698630134,18930,7.948702918617018e-59,440833817292.00604,392251223491.0275,783034257748.7769,0.0009579178993741982,100.0,0,440833817292.00604
51.945205479452056,18960,7.9392834680551e-59,440833817292.00604,392251223491.0275,783034257748.7769,0.0009579178993741982,100.0,0,440833817292.00604
52.02739726027397,18990,7.929864017493181e-59,440833817292.00604,392251223491.0275,783034257748.7769,0.0009579178993741982,100.0,0,440833817292.00604
52.10958904109589,19020,7.920444566931264e-59,440833817292.00604,392251223491.0275,783034257748.7769,0.0009579178993741982,100.0,0,440833817292.00604
52.19178082191781,19050,7.911025116369346e-59,440833817292.00604,392251223491.0275,783034257748.7769,0.0009579178993741982,100.0,0,440833817292.00604
52.273972602739725,19080,7.9016056658074285e-59,440833817292.00604,392251223491.0275,783034257748.7769,0.0009579178993741982,100.0,0,440833817292.00604
52.35616438356164,19110,7.89218621524551e-59,440833817292.00604,392251223491.0275,783034257748.7769,0.0009579178993741982,100.0,0,440833817292.00604
52.43835616438356,19140,7.882766764683592e-59,440833817292.00604,392251223491.0275,783034257748.7769,0.0009579178993741982,100.0,0,440833817292.00604
52.52054794520548,19170,7.873347314121674e-59,440833817292.00604,392251223491.0275,783034257748.7769,0.0009579178993741982,100.0,0,440833817292.00604
52.602739726027394,19200,7.863927863559757e-59,440833817292.00604,392251223491.0275,783034257748.7769,0.0009579178993741982,100.0,0,440833817292.00604
52.68493150684932,19230,7.854508412997839e-59,440833817292.00604,392251223491.0275,783034257748.7769,0.0009579178993741982,100.0,0,440833817292.00604
52.76712328767123,19260,7.84508896243592e-59,440833817292.00604,392251223491.0275,783034257748.7769,0.0009579178993741982,100.0,0,440833817292.00604
52.84931506849315,19290,7.835669511874002e-59,440833817292.00604,392251223491.0275,783034257748.7769,0.0009579178993741982,100.0,0,440833817292.00604
52.93150684931507,19320,7.826250061312085e-59,440833817292.00604,392251223491.0275,783034257748.7769,0.0009579178993741982,100.0,0,440833817292.00604
53.013698630136986,19350,7.816830610750166e-59,440833817292.00604,392251223491.0275,783034257748.7769,0.0009579178993741982,100.0,0,440833817292.00604
53.0958904109589,19380,7.807411160188249e-59,440833817292.00604,392251223491.0275,783034257748.7769,0.0009579178993741982,100.0,0,440833817292.00604
53.178082191780824,19410,7.797991709626331e-59,440833817292.00604,392251223491.0275,783034257748.7769,0.0009579178993741982,100.0,0,440833817292.00604
53.26027397260274,19440,7.788572259064414e-59,440833817292.00604,392251223491.0275,783034257748.7769,0.0009579178993741982,100.0,0,440833817292.00604
53.342465753424655,19470,7.779152808502495e-59,440833817292.00604,392251223491.0275,783034257748.7769,0.0009579178993741982,100.0,0,440833817292.00604
53.42465753424658,19500,7.769733357940578e-59,440833817292.00604,392251223491.0275,783034257748.7769,0.0009579178993741982,100.0,0,440833817292.00604
53.50684931506849,19530,7.7603139073786605e-59,440833817292.00604,392251223491.0275,783034257748.7769,0.0009579178993741982,100.0,0,440833817292.00604
53.58904109589041,19560,7.7508944568167415e-59,440833817292.00604,392251223491.0275,783034257748.7769,0.0009579178993741982,100.0,0,440833817292.00604
53.67123287671233,19590,7.741475006254823e-59,440833817292.00604,392251223491.0275,783034257748.7769,0.0009579178993741982,100.0,0,440833817292.00604
53.75342465753425,19620,7.7320555556929055e-59,440833817292.00604,392251223491.0275,783034257748.7769,0.0009579178993741982,100.0,0,440833817292.00604
53.83561643835616,19650,7.722636105130987e-59,440833817292.00604,392251223491.0275,783034257748.7769,0.0009579178993741982,100.0,0,440833817292.00604
53.917808219178085,19680,7.71321665456907e-59,440833817292.00604,392251223491.0275,783034257748.7769,0.0009579178993741982,100.0,0,440833817292.00604
54.0,19710,7.703797204007151e-59,440833817292.00604,392251223491.0275,783034257748.7769,0.0009579178993741982,100.0,0,440833817292.00604
54.082191780821915,19740,7.694377753445234e-59,440833817292.00604,392251223491.0275,783034257748.7769,0.0009579178993741982,100.0,0,440833817292.00604
54.16438356164384,19770,7.684958302883316e-59,440833817292.00604,392251223491.0275,783034257748.7769,0.0009579178993741982,100.0,0,440833817292.00604
54.24657534246575,19800,7.675538852321399e-59,440833817292.00604,392251223491.0275,783034257748.7769,0.0009579178993741982,100.0,0,440833817292.00604
54.32876712328767,19830,7.666119401759481e-59,440833817292.00604,392251223491.0275,783034257748.7769,0.0009579178993741982,100.0,0,440833817292.00604
54.41095890410959,19860,7.656699951197562e-59,440833817292.00604,392251223491.0275,783034257748.7769,0.0009579178993741982,100.0,0,440833817292.00604
54.49315068493151,19890,7.647280500635644e-59,440833817292.00604,392251223491.0275,783034257748.7769,0.0009579178993741982,100.0,0,440833817292.00604
54.57534246575342,19920,7.637861050073727e-59,440833817292.00604,392251223491.0275,783034257748.7769,0.0009579178993741982,100.0,0,440833817292.00604
54.657534246575345,19950,7.628441599511808e-59,440833817292.00604,392251223491.0275,783034257748.7769,0.0009579178993741982,100.0,0,440833817292.00604
54.73972602739726,19980,7.619022148949891e-59,440833817292.00604,392251223491.0275,783034257748.7769,0.0009579178993741982,100.0,0,440833817292.00604
54.821917808219176,20010,7.609602698387973e-59,440833817292.00604,392251223491.0275,783034257748.7769,0.0009579178993741982,100.0,0,440833817292.00604
54.9041095890411,20040,7.6001832478260555e-59,440833817292.00604,392251223491.0275,783034257748.7769,0.0009579178993741982,100.0,0,440833817292.00604
54.986301369863014,20070,7.5907637972641374e-59,440833817292.00604,392251223491.0275,783034257748.7769,0.0009579178993741982,100.0,0,440833817292.00604
55.06849315068493,20100,7.581344346702219e-59,440833817292.00604,392251223491.0275,783034257748.7769,0.0009579178993741982,100.0,0,440833817292.00604
55.15068493150685,20130,7.571924896140302e-59,440833817292.00604,392251223491.0275,783034257748.7769,0.0009579178993741982,100.0,0,440833817292.00604
55.23287671232877,20160,7.562505445578383e-59,440833817292.00604,392251223491.0275,783034257748.7769,0.0009579178993741982,100.0,0,440833817292.00604
55.31506849315068,20190,7.553085995016464e-59,440833817292.00604,392251223491.0275,783034257748.7769,0.0009579178993741982,100.0,0,440833817292.00604
55.397260273972606,20220,7.543666544454547e-59,440833817292.00604,392251223491.0275,783034257748.7769,0.0009579178993741982,100.0,0,440833817292.00604
55.47945205479452,20250,7.534247093892629e-59,440833817292.00604,392251223491.0275,783034257748.7769,0.0009579178993741982,100.0,0,440833817292.00604
55.56164383561644,20280,7.524827643330712e-59,440833817292.00604,392251223491.0275,783034257748.7769,0.0009579178993741982,100.0,0,440833817292.00604
55.64383561643836,20310,7.515408192768793e-59,440833817292.00604,392251223491.0275,783034257748.7769,0.0009579178993741982,100.0,0,440833817292.00604
55.726027397260275,20340,7.505988742206876e-59,440833817292.00604,392251223491.0275,783034257748.7769,0.0009579178993741982,100.0,0,440833817292.00604
55.80821917808219,20370,7.496569291644959e-59,440833817292.00604,392251223491.0275,783034257748.7769,0.0009579178993741982,100.0,0,440833817292.00604
55.89041095890411,20400,7.487149841083041e-59,440833817292.00604,392251223491.0275,783034257748.7769,0.0009579178993741982,100.0,0,440833817292.00604
55.97260273972603,20430,7.477730390521124e-59,440833817292.00604,392251223491.0275,783034257748.7769,0.0009579178993741982,100.0,0,440833817292.00604
56.054794520547944,20460,7.468310939959204e-59,440833817292.00604,392251223491.0275,783034257748.7769,0.0009579178993741982,100.0,0,440833817292.00604
56.136986301369866,20490,7.458891489397286e-59,440833817292.00604,392251223491.0275,783034257748.7769,0.0009579178993741982,100.0,0,440833817292.00604
56.21917808219178,20520,7.4494720388353685e-59,440833817292.00604,392251223491.0275,783034257748.7769,0.0009579178993741982,100.0,0,440833817292.00604
56.3013698630137,20550,7.44005258827345e-59,440833817292.00604,392251223491.0275,783034257748.7769,0.0009579178993741982,100.0,0,440833817292.00604
56.38356164383562,20580,7.4306331377115325e-59,440833817292.00604,392251223491.0275,783034257748.7769,0.0009579178993741982,100.0,0,440833817292.00604
56.465753424657535,20610,7.421213687149614e-59,440833817292.00604,392251223491.0275,783034257748.7769,0.0009579178993741982,100.0,0,440833817292.00604
56.54794520547945,20640,7.411794236587697e-59,440833817292.00604,392251223491.0275,783034257748.7769,0.0009579178993741982,100.0,0,440833817292.00604
56.63013698630137,20670,7.40237478602578e-59,440833817292.00604,392251223491.0275,783034257748.7769,0.0009579178993741982,100.0,0,440833817292.00604
56.71232876712329,20700,7.392955335463861e-59,440833817292.00604,392251223491.0275,783034257748.7769,0.0009579178993741982,100.0,0,440833817292.00604
56.794520547945204,20730,7.383535884901944e-59,440833817292.00604,392251223491.0275,783034257748.7769,0.0009579178993741982,100.0,0,440833817292.00604
56.87671232876713,20760,7.374116434340025e-59,440833817292.00604,392251223491.0275,783034257748.7769,0.0009579178993741982,100.0,0,440833817292.00604
56.95890410958904,20790,7.364696983778107e-59,440833817292.00604,392251223491.0275,783034257748.7769,0.0009579178993741982,100.0,0,440833817292.00604
57.04109589041096,20820,7.355277533216189e-59,440833817292.00604,392251223491.0275,783034257748.7769,0.0009579178993741982,100.0,0,440833817292.00604
57.12328767123287,20850,7.345858082654271e-59,440833817292.00604,392251223491.0275,783034257748.7769,0.0009579178993741982,100.0,0,440833817292.00604
57.205479452054796,20880,7.336438632092354e-59,440833817292.00604,392251223491.0275,783034257748.7769,0.0009579178993741982,100.0,0,440833817292.00604
57.28767123287671,20910,7.327019181530437e-59,440833817292.00604,392251223491.0275,783034257748.7769,0.0009579178993741982,100.0,0,440833817292.00604
57.36986301369863,20940,7.317599730968518e-59,440833817292.00604,392251223491.0275,783034257748.7769,0.0009579178993741982,100.0,0,440833817292.00604
57.45205479452055,20970,7.3081802804066005e-59,440833817292.00604,392251223491.0275,783034257748.7769,0.0009579178993741982,100.0,0,440833817292.00604
57.534246575342465,21000,7.2987608298446825e-59,440833817292.00604,392251223491.0275,783034257748.7769,0.0009579178993741982,100.0,0,440833817292.00604
57.61643835616438,21030,7.289341379282765e-59,440833817292.00604,392251223491.0275,783034257748.7769,0.0009579178993741982,100.0,0,440833817292.00604
57.6986301369863,21060,7.2799219287208455e-59,440833817292.00604,392251223491.0275,783034257748.7769,0.0009579178993741982,100.0,0,440833817292.00604
57.78082191780822,21090,7.2705024781589275e-59,440833817292.00604,392251223491.0275,783034257748.7769,0.0009579178993741982,100.0,0,440833817292.00604
57.863013698630134,21120,7.26108302759701e-59,440833817292.00604,392251223491.0275,783034257748.7769,0.0009579178993741982,100.0,0,440833817292.00604
57.945205479452056,21150,7.251663577035092e-59,440833817292.00604,392251223491.0275,783034257748.7769,0.0009579178993741982,100.0,0,440833817292.00604
58.02739726027397,21180,7.242244126473174e-59,440833817292.00604,392251223491.0275,783034257748.7769,0.0009579178993741982,100.0,0,440833817292.00604
58.10958904109589,21210,7.232824675911257e-59,440833817292.00604,392251223491.0275,783034257748.7769,0.0009579178993741982,100.0,0,440833817292.00604
58.19178082191781,21240,7.223405225349339e-59,440833817292.00604,392251223491.0275,783034257748.7769,0.0009579178993741982,100.0,0,440833817292.00604
58.273972602739725,21270,7.213985774787422e-59,440833817292.00604,392251223491.0275,783034257748.7769,0.0009579178993741982,100.0,0,440833817292.00604
58.35616438356164,21300,7.204566324225503e-59,440833817292.00604,392251223491.0275,783034257748.7769,0.0009579178993741982,100.0,0,440833817292.00604
58.43835616438356,21330,7.195146873663586e-59,440833817292.00604,392251223491.0275,783034257748.7769,0.0009579178993741982,100.0,0,440833817292.00604
58.52054794520548,21360,7.185727423101667e-59,440833817292.00604,392251223491.0275,783034257748.7769,0.0009579178993741982,100.0,0,440833817292.00604
58.602739726027394,21390,7.176307972539749e-59,440833817292.00604,392251223491.0275,783034257748.7769,0.0009579178993741982,100.0,0,440833817292.00604
58.68493150684932,21420,7.166888521977831e-59,440833817292.00604,392251223491.0275,783034257748.7769,0.0009579178993741982,100.0,0,440833817292.00604
58.76712328767123,21450,7.157469071415913e-59,440833817292.00604,392251223491.0275,783034257748.7769,0.0009579178993741982,100.0,0,440833817292.00604
58.84931506849315,21480,7.1480496208539955e-59,440833817292.00604,392251223491.0275,783034257748.7769,0.0009579178993741982,100.0,0,440833817292.00604
58.93150684931507,21510,7.138630170292078e-59,440833817292.00604,392251223491.0275,783034257748.7769,0.0009579178993741982,100.0,0,440833817292.00604
59.013698630136986,21540,7.1292107197301594e-59,440833817292.00604,392251223491.0275,783034257748.7769,0.0009579178993741982,100.0,0,440833817292.00604
59.0958904109589,21570,7.119791269168242e-59,440833817292.00604,392251223491.0275,783034257748.7769,0.0009579178993741982,100.0,0,440833817292.00604
59.178082191780824,21600,7.110371818606324e-59,440833817292.00604,392251223491.0275,783034257748.7769,0.0009579178993741982,100.0,0,440833817292.00604
59.26027397260274,21630,7.100952368044407e-59,440833817292.00604,392251223491.0275,783034257748.7769,0.0009579178993741982,100.0,0,440833817292.00604
59.342465753424655,21660,7.091532917482487e-59,440833817292.00604,392251223491.0275,783034257748.7769,0.0009579178993741982,100.0,0,440833817292.00604
59.42465753424658,21690,7.082113466920569e-59,440833817292.00604,392251223491.0275,783034257748.7769,0.0009579178993741982,100.0,0,440833817292.00604
59.50684931506849,21720,7.072694016358652e-59,440833817292.00604,392251223491.0275,783034257748.7769,0.0009579178993741982,100.0,0,440833817292.00604
59.58904109589041,21750,7.063274565796735e-59,440833817292.00604,392251223491.0275,783034257748.7769,0.0009579178993741982,100.0,0,440833817292.00604
59.67123287671233,21780,7.053855115234816e-59,440833817292.00604,392251223491.0275,783034257748.7769,0.0009579178993741982,100.0,0,440833817292.00604
59.75342465753425,21810,7.044435664672899e-59,440833817292.00604,392251223491.0275,783034257748.7769,0.0009579178993741982,100.0,0,440833817292.00604
59.83561643835616,21840,7.035016214110981e-59,440833817292.00604,392251223491.0275,783034257748.7769,0.0009579178993741982,100.0,0,440833817292.00604
59.917808219178085,21870,7.025596763549064e-59,440833817292.00604,392251223491.0275,783034257748.7769,0.0009579178993741982,100.0,0,440833817292.00604
60.0,21900,7.016177312987145e-59,440833817292.00604,392251223491.0275,783034257748.7769,0.0009579178993741982,100.0,0,440833817292.00604
60.082191780821915,21930,7.0067578624252275e-59,440833817292.00604,392251223491.0275,783034257748.7769,0.0009579178993741982,100.0,0,440833817292.00604
60.16438356164384,21960,6.997338411863309e-59,440833817292.00604,392251223491.0275,783034257748.7769,0.0009579178993741982,100.0,0,440833817292.00604
60.24657534246575,21990,6.9879189613013905e-59,440833817292.00604,392251223491.0275,783034257748.7769,0.0009579178993741982,100.0,0,440833817292.00604
60.32876712328767,22020,6.9784995107394725e-59,440833817292.00604,392251223491.0275,783034257748.7769,0.0009579178993741982,100.0,0,440833817292.00604
60.41095890410959,22050,6.969080060177555e-59,440833817292.00604,392251223491.0275,783034257748.7769,0.0009579178993741982,100.0,0,440833817292.00604
60.49315068493151,22080,6.959660609615637e-59,440833817292.00604,392251223491.0275,783034257748.7769,0.0009579178993741982,100.0,0,440833817292.00604
60.57534246575342,22110,6.95024115905372e-59,440833817292.00604,392251223491.0275,783034257748.7769,0.0009579178993741982,100.0,0,440833817292.00604
60.657534246575345,22140,6.940821708491801e-59,440833817292.00604,392251223491.0275,783034257748.7769,0.0009579178993741982,100.0,0,440833817292.00604
60.73972602739726,22170,6.931402257929884e-59,440833817292.00604,392251223491.0275,783034257748.7769,0.0009579178993741982,100.0,0,440833817292.00604
60.821917808219176,22200,6.921982807367966e-59,440833817292.00604,392251223491.0275,783034257748.7769,0.0009579178993741982,100.0,0,440833817292.00604
60.9041095890411,22230,6.912563356806049e-59,440833817292.00604,392251223491.0275,783034257748.7769,0.0009579178993741982,100.0,0,440833817292.00604
60.986301369863014,22260,6.903143906244129e-59,440833817292.00604,392251223491.0275,783034257748.7769,0.0009579178993741982,100.0,0,440833817292.00604
61.06849315068493,22290,6.893724455682211e-59,440833817292.00604,392251223491.0275,783034257748.7769,0.0009579178993741982,100.0,0,440833817292.00604
61.15068493150685,22320,6.884305005120294e-59,440833817292.00604,392251223491.0275,783034257748.7769,0.0009579178993741982,100.0,0,440833817292.00604
61.23287671232877,22350,6.874885554558377e-59,440833817292.00604,392251223491.0275,783034257748.7769,0.0009579178993741982,100.0,0,440833817292.00604
61.31506849315068,22380,6.865466103996458e-59,440833817292.00604,392251223491.0275,783034257748.7769,0.0009579178993741982,100.0,0,440833817292.00604
61.397260273972606,22410,6.856046653434541e-59,440833817292.00604,392251223491.0275,783034257748.7769,0.0009579178993741982,100.0,0,440833817292.00604
61.47945205479452,22440,6.8466272028726225e-59,440833817292.00604,392251223491.0275,783034257748.7769,0.0009579178993741982,100.0,0,440833817292.00604
61.56164383561644,22470,6.837207752310705e-59,440833817292.00604,392251223491.0275,783034257748.7769,0.0009579178993741982,100.0,0,440833817292.00604
61.64383561643836,22500,6.827788301748787e-59,440833817292.00604,392251223491.0275,783034257748.7769,0.0009579178993741982,100.0,0,440833817292.00604
61.726027397260275,22530,6.818368851186869e-59,440833817292.00604,392251223491.0275,783034257748.7769,0.0009579178993741982,100.0,0,440833817292.00604
61.80821917808219,22560,6.80894940062495e-59,440833817292.00604,392251223491.0275,783034257748.7769,0.0009579178993741982,100.0,0,440833817292.00604
61.89041095890411,22590,6.799529950063033e-59,440833817292.00604,392251223491.0275,783034257748.7769,0.0009579178993741982,100.0,0,440833817292.00604
61.97260273972603,22620,6.790110499501115e-59,440833817292.00604,392251223491.0275,783034257748.7769,0.0009579178993741982,100.0,0,440833817292.00604
62.054794520547944,22650,6.780691048939197e-59,440833817292.00604,392251223491.0275,783034257748.7769,0.0009579178993741982,100.0,0,440833817292.00604
62.136986301369866,22680,6.771271598377279e-59,440833817292.00604,392251223491.0275,783034257748.7769,0.0009579178993741982,100.0,0,440833817292.00604
62.21917808219178,22710,6.761852147815362e-59,440833817292.00604,392251223491.0275,783034257748.7769,0.0009579178993741982,100.0,0,440833817292.00604
62.3013698630137,22740,6.752432697253444e-59,440833817292.00604,392251223491.0275,783034257748.7769,0.0009579178993741982,100.0,0,440833817292.00604
62.38356164383562,22770,6.743013246691526e-59,440833817292.00604,392251223491.0275,783034257748.7769,0.0009579178993741982,100.0,0,440833817292.00604
62.465753424657535,22800,6.733593796129608e-59,440833817292.00604,392251223491.0275,783034257748.7769,0.0009579178993741982,100.0,0,440833817292.00604
62.54794520547945,22830,6.724174345567691e-59,440833817292.00604,392251223491.0275,783034257748.7769,0.0009579178993741982,100.0,0,440833817292.00604
62.63013698630137,22860,6.714754895005772e-59,440833817292.00604,392251223491.0275,783034257748.7769,0.0009579178993741982,100.0,0,440833817292.00604
62.71232876712329,22890,6.705335444443854e-59,440833817292.00604,392251223491.0275,783034257748.7769,0.0009579178993741982,100.0,0,440833817292.00604
62.794520547945204,22920,6.695915993881936e-59,440833817292.00604,392251223491.0275,783034257748.7769,0.0009579178993741982,100.0,0,440833817292.00604
62.87671232876713,22950,6.686496543320018e-59,440833817292.00604,392251223491.0275,783034257748.7769,0.0009579178993741982,100.0,0,440833817292.00604
62.95890410958904,22980,6.6770770927581e-59,440833817292.00604,392251223491.0275,783034257748.7769,0.0009579178993741982,100.0,0,440833817292.00604
63.04109589041096,23010,6.667657642196182e-59,440833817292.00604,392251223491.0275,783034257748.7769,0.0009579178993741982,100.0,0,440833817292.00604
63.12328767123287,23040,6.658238191634264e-59,440833817292.00604,392251223491.0275,783034257748.7769,0.0009579178993741982,100.0,0,440833817292.00604
63.205479452054796,23070,6.648818741072347e-59,440833817292.00604,392251223491.0275,783034257748.7769,0.0009579178993741982,100.0,0,440833817292.00604
63.28767123287671,23100,6.639399290510429e-59,440833817292.00604,392251223491.0275,783034257748.7769,0.0009579178993741982,100.0,0,440833817292.00604
63.36986301369863,23130,6.629979839948511e-59,440833817292.00604,392251223491.0275,783034257748.7769,0.0009579178993741982,100.0,0,440833817292.00604
63.45205479452055,23160,6.620560389386592e-59,440833817292.00604,392251223491.0275,783034257748.7769,0.0009579178993741982,100.0,0,440833817292.00604
63.534246575342465,23190,6.611140938824675e-59,440833817292.00604,392251223491.0275,783034257748.7769,0.0009579178993741982,100.0,0,440833817292.00604
63.61643835616438,23220,6.601721488262757e-59,440833817292.00604,392251223491.0275,783034257748.7769,0.0009579178993741982,100.0,0,440833817292.00604
63.6986301369863,23250,6.592302037700839e-59,440833817292.00604,392251223491.0275,783034257748.7769,0.0009579178993741982,100.0,0,440833817292.00604
63.78082191780822,23280,6.582882587138921e-59,440833817292.00604,392251223491.0275,783034257748.7769,0.0009579178993741982,100.0,0,440833817292.00604
63.863013698630134,23310,6.573463136577004e-59,440833817292.00604,392251223491.0275,783034257748.7769,0.0009579178993741982,100.0,0,440833817292.00604
63.945205479452056,23340,6.564043686015086e-59,440833817292.00604,392251223491.0275,783034257748.7769,0.0009579178993741982,100.0,0,440833817292.00604
64.02739726027397,23370,6.554624235453168e-59,440833817292.00604,392251223491.0275,783034257748.7769,0.0009579178993741982,100.0,0,440833817292.00604
64.10958904109589,23400,6.5452047848912495e-59,440833817292.00604,392251223491.0275,783034257748.7769,0.0009579178993741982,100.0,0,440833817292.00604
64.1917808219178,23430,6.535785334329332e-59,440833817292.00604,392251223491.0275,783034257748.7769,0.0009579178993741982,100.0,0,440833817292.00604
64.27397260273973,23460,6.526365883767413e-59,440833817292.00604,392251223491.0275,783034257748.7769,0.0009579178993741982,100.0,0,440833817292.00604
64.35616438356165,23490,6.516946433205495e-59,440833817292.00604,392251223491.0275,783034257748.7769,0.0009579178993741982,100.0,0,440833817292.00604
64.43835616438356,23520,6.507526982643577e-59,440833817292.00604,392251223491.0275,783034257748.7769,0.0009579178993741982,100.0,0,440833817292.00604
64.52054794520548,23550,6.49810753208166e-59,440833817292.00604,392251223491.0275,783034257748.7769,0.0009579178993741982,100.0,0,440833817292.00604
64.6027397260274,23580,6.488688081519742e-59,440833817292.00604,392251223491.0275,783034257748.7769,0.0009579178993741982,100.0,0,440833817292.00604
64.68493150684931,23610,6.479268630957824e-59,440833817292.00604,392251223491.0275,783034257748.7769,0.0009579178993741982,100.0,0,440833817292.00604
64.76712328767124,23640,6.469849180395906e-59,440833817292.00604,392251223491.0275,783034257748.7769,0.0009579178993741982,100.0,0,440833817292.00604
64.84931506849315,23670,6.460429729833989e-59,440833817292.00604,392251223491.0275,783034257748.7769,0.0009579178993741982,100.0,0,440833817292.00604
64.93150684931507,23700,6.451010279272071e-59,440833817292.00604,392251223491.0275,783034257748.7769,0.0009579178993741982,100.0,0,440833817292.00604
65.01369863013699,23730,6.441590828710153e-59,440833817292.00604,392251223491.0275,783034257748.7769,0.0009579178993741982,100.0,0,440833817292.00604
65.0958904109589,23760,6.432171378148234e-59,440833817292.00604,392251223491.0275,783034257748.7769,0.0009579178993741982,100.0,0,440833817292.00604
65.17808219178082,23790,6.422751927586317e-59,440833817292.00604,392251223491.0275,783034257748.7769,0.0009579178993741982,100.0,0,440833817292.00604
65.26027397260275,23820,6.413332477024399e-59,440833817292.00604,392251223491.0275,783034257748.7769,0.0009579178993741982,100.0,0,440833817292.00604
65.34246575342466,23850,6.403913026462481e-59,440833817292.00604,392251223491.0275,783034257748.7769,0.0009579178993741982,100.0,0,440833817292.00604
65.42465753424658,23880,6.394493575900563e-59,440833817292.00604,392251223491.0275,783034257748.7769,0.0009579178993741982,100.0,0,440833817292.00604
65.5068493150685,23910,6.385074125338645e-59,440833817292.00604,392251223491.0275,783034257748.7769,0.0009579178993741982,100.0,0,440833817292.00604
65.58904109589041,23940,6.375654674776727e-59,440833817292.00604,392251223491.0275,783034257748.7769,0.0009579178993741982,100.0,0,440833817292.00604
65.67123287671232,23970,6.366235224214809e-59,440833817292.00604,392251223491.0275,783034257748.7769,0.0009579178993741982,100.0,0,440833817292.00604
65.75342465753425,24000,6.356815773652891e-59,440833817292.00604,392251223491.0275,783034257748.7769,0.0009579178993741982,100.0,0,440833817292.00604
65.83561643835617,24030,6.347396323090974e-59,440833817292.00604,392251223491.0275,783034257748.7769,0.0009579178993741982,100.0,0,440833817292.00604
65.91780821917808,24060,6.337976872529055e-59,440833817292.00604,392251223491.0275,783034257748.7769,0.0009579178993741982,100.0,0,440833817292.00604
66.0,24090,6.328557421967137e-59,440833817292.00604,392251223491.0275,783034257748.7769,0.0009579178993741982,100.0,0,440833817292.00604
66.08219178082192,24120,6.319137971405219e-59,440833817292.00604,392251223491.0275,783034257748.7769,0.0009579178993741982,100.0,0,440833817292.00604
66.16438356164383,24150,6.309718520843302e-59,440833817292.00604,392251223491.0275,783034257748.7769,0.0009579178993741982,100.0,0,440833817292.00604
66.24657534246575,24180,6.300299070281384e-59,440833817292.00604,392251223491.0275,783034257748.7769,0.0009579178993741982,100.0,0,440833817292.00604
66.32876712328768,24210,6.290879619719466e-59,440833817292.00604,392251223491.0275,783034257748.7769,0.0009579178993741982,100.0,0,440833817292.00604
66.41095890410959,24240,6.281460169157548e-59,440833817292.00604,392251223491.0275,783034257748.7769,0.0009579178993741982,100.0,0,440833817292.00604
66.4931506849315,24270,6.272040718595631e-59,440833817292.00604,392251223491.0275,783034257748.7769,0.0009579178993741982,100.0,0,440833817292.00604
66.57534246575342,24300,6.262621268033713e-59,440833817292.00604,392251223491.0275,783034257748.7769,0.0009579178993741982,100.0,0,440833817292.00604
66.65753424657534,24330,6.253201817471795e-59,440833817292.00604,392251223491.0275,783034257748.7769,0.0009579178993741982,100.0,0,440833817292.00604
66.73972602739725,24360,6.243782366909876e-59,440833817292.00604,392251223491.0275,783034257748.7769,0.0009579178993741982,100.0,0,440833817292.00604
66.82191780821918,24390,6.2343629163479585e-59,440833817292.00604,392251223491.0275,783034257748.7769,0.0009579178993741982,100.0,0,440833817292.00604
66.9041095890411,24420,6.22494346578604e-59,440833817292.00604,392251223491.0275,783034257748.7769,0.0009579178993741982,100.0,0,440833817292.00604
66.98630136986301,24450,6.215524015224122e-59,440833817292.00604,392251223491.0275,783034257748.7769,0.0009579178993741982,100.0,0,440833817292.00604
67.06849315068493,24480,6.206104564662204e-59,440833817292.00604,392251223491.0275,783034257748.7769,0.0009579178993741982,100.0,0,440833817292.00604
67.15068493150685,24510,6.196685114100287e-59,440833817292.00604,392251223491.0275,783034257748.7769,0.0009579178993741982,100.0,0,440833817292.00604
67.23287671232876,24540,6.187265663538369e-59,440833817292.00604,392251223491.0275,783034257748.7769,0.0009579178993741982,100.0,0,440833817292.00604
67.31506849315069,24570,6.177846212976452e-59,440833817292.00604,392251223491.0275,783034257748.7769,0.0009579178993741982,100.0,0,440833817292.00604
67.3972602739726,24600,6.168426762414534e-59,440833817292.00604,392251223491.0275,783034257748.7769,0.0009579178993741982,100.0,0,440833817292.00604
67.47945205479452,24630,6.159007311852616e-59,440833817292.00604,392251223491.0275,783034257748.7769,0.0009579178993741982,100.0,0,440833817292.00604
67.56164383561644,24660,6.149587861290697e-59,440833817292.00604,392251223491.0275,783034257748.7769,0.0009579178993741982,100.0,0,440833817292.00604
67.64383561643835,24690,6.14016841072878e-59,440833817292.00604,392251223491.0275,783034257748.7769,0.0009579178993741982,100.0,0,440833817292.00604
67.72602739726027,24720,6.130748960166861e-59,440833817292.00604,392251223491.0275,783034257748.7769,0.0009579178993741982,100.0,0,440833817292.00604
67.8082191780822,24750,6.121329509604944e-59,440833817292.00604,392251223491.0275,783034257748.7769,0.0009579178993741982,100.0,0,440833817292.00604
67.89041095890411,24780,6.111910059043026e-59,440833817292.00604,392251223491.0275,783034257748.7769,0.0009579178993741982,100.0,0,440833817292.00604
67.97260273972603,24810,6.1024906084811085e-59,440833817292.00604,392251223491.0275,783034257748.7769,0.0009579178993741982,100.0,0,440833817292.00604
68.05479452054794,24840,6.09307115791919e-59,440833817292.00604,392251223491.0275,783034257748.7769,0.0009579178993741982,100.0,0,440833817292.00604
68.13698630136986,24870,6.083651707357272e-59,440833817292.00604,392251223491.0275,783034257748.7769,0.0009579178993741982,100.0,0,440833817292.00604
68.21917808219177,24900,6.074232256795355e-59,440833817292.00604,392251223491.0275,783034257748.7769,0.0009579178993741982,100.0,0,440833817292.00604
68.3013698630137,24930,6.064812806233437e-59,440833817292.00604,392251223491.0275,783034257748.7769,0.0009579178993741982,100.0,0,440833817292.00604
68.38356164383562,24960,6.055393355671517e-59,440833817292.00604,392251223491.0275,783034257748.7769,0.0009579178993741982,100.0,0,440833817292.00604
68.46575342465754,24990,6.0459739051096e-59,440833817292.00604,392251223491.0275,783034257748.7769,0.0009579178993741982,100.0,0,440833817292.00604
68.54794520547945,25020,6.036554454547682e-59,440833817292.00604,392251223491.0275,783034257748.7769,0.0009579178993741982,100.0,0,440833817292.00604
68.63013698630137,25050,6.027135003985765e-59,440833817292.00604,392251223491.0275,783034257748.7769,0.0009579178993741982,100.0,0,440833817292.00604
68.71232876712328,25080,6.017715553423846e-59,440833817292.00604,392251223491.0275,783034257748.7769,0.0009579178993741982,100.0,0,440833817292.00604
68.79452054794521,25110,6.008296102861929e-59,440833817292.00604,392251223491.0275,783034257748.7769,0.0009579178993741982,100.0,0,440833817292.00604
68.87671232876713,25140,5.998876652300011e-59,440833817292.00604,392251223491.0275,783034257748.7769,0.0009579178993741982,100.0,0,440833817292.00604
68.95890410958904,25170,5.989457201738094e-59,440833817292.00604,392251223491.0275,783034257748.7769,0.0009579178993741982,100.0,0,440833817292.00604
69.04109589041096,25200,5.980037751176176e-59,440833817292.00604,392251223491.0275,783034257748.7769,0.0009579178993741982,100.0,0,440833817292.00604
69.12328767123287,25230,5.970618300614258e-59,440833817292.00604,392251223491.0275,783034257748.7769,0.0009579178993741982,100.0,0,440833817292.00604
69.20547945205479,25260,5.961198850052339e-59,440833817292.00604,392251223491.0275,783034257748.7769,0.0009579178993741982,100.0,0,440833817292.00604
69.28767123287672,25290,5.951779399490422e-59,440833817292.00604,392251223491.0275,783034257748.7769,0.0009579178993741982,100.0,0,440833817292.00604
69.36986301369863,25320,5.942359948928503e-59,440833817292.00604,392251223491.0275,783034257748.7769,0.0009579178993741982,100.0,0,440833817292.00604
69.45205479452055,25350,5.9329404983665855e-59,440833817292.00604,392251223491.0275,783034257748.7769,0.0009579178993741982,100.0,0,440833817292.00604
69.53424657534246,25380,5.923521047804667e-59,440833817292.00604,392251223491.0275,783034257748.7769,0.0009579178993741982,100.0,0,440833817292.00604
69.61643835616438,25410,5.91410159724275e-59,440833817292.00604,392251223491.0275,783034257748.7769,0.0009579178993741982,100.0,0,440833817292.00604
69.6986301369863,25440,5.904682146680832e-59,440833817292.00604,392251223491.0275,783034257748.7769,0.0009579178993741982,100.0,0,440833817292.00604
69.78082191780823,25470,5.895262696118914e-59,440833817292.00604,392251223491.0275,783034257748.7769,0.0009579178993741982,100.0,0,440833817292.00604
69.86301369863014,25500,5.885843245556997e-59,440833817292.00604,392251223491.0275,783034257748.7769,0.0009579178993741982,100.0,0,440833817292.00604
69.94520547945206,25530,5.876423794995079e-59,440833817292.00604,392251223491.0275,783034257748.7769,0.0009579178993741982,100.0,0,440833817292.00604
70.02739726027397,25560,5.867004344433159e-59,440833817292.00604,392251223491.0275,783034257748.7769,0.0009579178993741982,100.0,0,440833817292.00604
70.10958904109589,25590,5.857584893871242e-59,440833817292.00604,392251223491.0275,783034257748.7769,0.0009579178993741982,100.0,0,440833817292.00604
70.1917808219178,25620,5.848165443309324e-59,440833817292.00604,392251223491.0275,783034257748.7769,0.0009579178993741982,100.0,0,440833817292.00604
70.27397260273973,25650,5.838745992747407e-59,440833817292.00604,392251223491.0275,783034257748.7769,0.0009579178993741982,100.0,0,440833817292.00604
70.35616438356165,25680,5.829326542185488e-59,440833817292.00604,392251223491.0275,783034257748.7769,0.0009579178993741982,100.0,0,440833817292.00604
70.43835616438356,25710,5.819907091623571e-59,440833817292.00604,392251223491.0275,783034257748.7769,0.0009579178993741982,100.0,0,440833817292.00604
70.52054794520548,25740,5.8104876410616535e-59,440833817292.00604,392251223491.0275,783034257748.7769,0.0009579178993741982,100.0,0,440833817292.00604
70.6027397260274,25770,5.8010681904997355e-59,440833817292.00604,392251223491.0275,783034257748.7769,0.0009579178993741982,100.0,0,440833817292.00604
70.68493150684931,25800,5.7916487399378175e-59,440833817292.00604,392251223491.0275,783034257748.7769,0.0009579178993741982,100.0,0,440833817292.00604
70.76712328767124,25830,5.7822292893758985e-59,440833817292.00604,392251223491.0275,783034257748.7769,0.0009579178993741982,100.0,0,440833817292.00604
70.84931506849315,25860,5.7728098388139805e-59,440833817292.00604,392251223491.0275,783034257748.7769,0.0009579178993741982,100.0,0,440833817292.00604
70.93150684931507,25890,5.763390388252063e-59,440833817292.00604,392251223491.0275,783034257748.7769,0.0009579178993741982,100.0,0,440833817292.00604
71.01369863013699,25920,5.753970937690144e-59,440833817292.00604,392251223491.0275,783034257748.7769,0.0009579178993741982,100.0,0,440833817292.00604
71.0958904109589,25950,5.744551487128227e-59,440833817292.00604,392251223491.0275,783034257748.7769,0.0009579178993741982,100.0,0,440833817292.00604
71.17808219178082,25980,5.735132036566309e-59,440833817292.00604,392251223491.0275,783034257748.7769,0.0009579178993741982,100.0,0,440833817292.00604
71.26027397260275,26010,5.725712586004392e-59,440833817292.00604,392251223491.0275,783034257748.7769,0.0009579178993741982,100.0,0,440833817292.00604
71.34246575342466,26040,5.716293135442474e-59,440833817292.00604,392251223491.0275,783034257748.7769,0.0009579178993741982,100.0,0,440833817292.00604
71.42465753424658,26070,5.706873684880556e-59,440833817292.00604,392251223491.0275,783034257748.7769,0.0009579178993741982,100.0,0,440833817292.00604
71.5068493150685,26100,5.697454234318639e-59,440833817292.00604,392251223491.0275,783034257748.7769,0.0009579178993741982,100.0,0,440833817292.00604
71.58904109589041,26130,5.68803478375672e-59,440833817292.00604,392251223491.0275,783034257748.7769,0.0009579178993741982,100.0,0,440833817292.00604
71.67123287671232,26160,5.678615333194802e-59,440833817292.00604,392251223491.0275,783034257748.7769,0.0009579178993741982,100.0,0,440833817292.00604
71.75342465753425,26190,5.669195882632885e-59,440833817292.00604,392251223491.0275,783034257748.7769,0.0009579178993741982,100.0,0,440833817292.00604
71.83561643835617,26220,5.659776432070966e-59,440833817292.00604,392251223491.0275,783034257748.7769,0.0009579178993741982,100.0,0,440833817292.00604
71.91780821917808,26250,5.6503569815090486e-59,440833817292.00604,392251223491.0275,783034257748.7769,0.0009579178993741982,100.0,0,440833817292.00604
72.0,26280,5.6409375309471305e-59,440833817292.00604,392251223491.0275,783034257748.7769,0.0009579178993741982,100.0,0,440833817292.00604
72.08219178082192,26310,5.6315180803852125e-59,440833817292.00604,392251223491.0275,783034257748.7769,0.0009579178993741982,100.0,0,440833817292.00604
72.16438356164383,26340,5.622098629823295e-59,440833817292.00604,392251223491.0275,783034257748.7769,0.0009579178993741982,100.0,0,440833817292.00604
72.24657534246575,26370,5.612679179261376e-59,440833817292.00604,392251223491.0275,783034257748.7769,0.0009579178993741982,100.0,0,440833817292.00604
72.32876712328768,26400,5.603259728699458e-59,440833817292.00604,392251223491.0275,783034257748.7769,0.0009579178993741982,100.0,0,440833817292.00604
72.41095890410959,26430,5.593840278137541e-59,440833817292.00604,392251223491.0275,783034257748.7769,0.0009579178993741982,100.0,0,440833817292.00604
72.4931506849315,26460,5.584420827575623e-59,440833817292.00604,392251223491.0275,783034257748.7769,0.0009579178993741982,100.0,0,440833817292.00604
72.57534246575342,26490,5.575001377013706e-59,440833817292.00604,392251223491.0275,783034257748.7769,0.0009579178993741982,100.0,0,440833817292.00604
72.65753424657534,26520,5.565581926451786e-59,440833817292.00604,392251223491.0275,783034257748.7769,0.0009579178993741982,100.0,0,440833817292.00604
72.73972602739725,26550,5.556162475889869e-59,440833817292.00604,392251223491.0275,783034257748.7769,0.0009579178993741982,100.0,0,440833817292.00604
72.82191780821918,26580,5.546743025327952e-59,440833817292.00604,392251223491.0275,783034257748.7769,0.0009579178993741982,100.0,0,440833817292.00604
72.9041095890411,26610,5.537323574766034e-59,440833817292.00604,392251223491.0275,783034257748.7769,0.0009579178993741982,100.0,0,440833817292.00604
72.98630136986301,26640,5.527904124204117e-59,440833817292.00604,392251223491.0275,783034257748.7769,0.0009579178993741982,100.0,0,440833817292.00604
73.06849315068493,26670,5.518484673642197e-59,440833817292.00604,392251223491.0275,783034257748.7769,0.0009579178993741982,100.0,0,440833817292.00604
73.15068493150685,26700,5.50906522308028e-59,440833817292.00604,392251223491.0275,783034257748.7769,0.0009579178993741982,100.0,0,440833817292.00604
73.23287671232876,26730,5.4996457725183625e-59,440833817292.00604,392251223491.0275,783034257748.7769,0.0009579178993741982,100.0,0,440833817292.00604
73.31506849315069,26760,5.4902263219564445e-59,440833817292.00604,392251223491.0275,783034257748.7769,0.0009579178993741982,100.0,0,440833817292.00604
73.3972602739726,26790,5.480806871394526e-59,440833817292.00604,392251223491.0275,783034257748.7769,0.0009579178993741982,100.0,0,440833817292.00604
73.47945205479452,26820,5.4713874208326075e-59,440833817292.00604,392251223491.0275,783034257748.7769,0.0009579178993741982,100.0,0,440833817292.00604
73.56164383561644,26850,5.46196797027069e-59,440833817292.00604,392251223491.0275,783034257748.7769,0.0009579178993741982,100.0,0,440833817292.00604
73.64383561643835,26880,5.452548519708773e-59,440833817292.00604,392251223491.0275,783034257748.7769,0.0009579178993741982,100.0,0,440833817292.00604
73.72602739726027,26910,5.443129069146854e-59,440833817292.00604,392251223491.0275,783034257748.7769,0.0009579178993741982,100.0,0,440833817292.00604
73.8082191780822,26940,5.433709618584937e-59,440833817292.00604,392251223491.0275,783034257748.7769,0.0009579178993741982,100.0,0,440833817292.00604
73.89041095890411,26970,5.424290168023019e-59,440833817292.00604,392251223491.0275,783034257748.7769,0.0009579178993741982,100.0,0,440833817292.00604
73.97260273972603,27000,5.414870717461101e-59,440833817292.00604,392251223491.0275,783034257748.7769,0.0009579178993741982,100.0,0,440833817292.00604
74.05479452054794,27030,5.405451266899183e-59,440833817292.00604,392251223491.0275,783034257748.7769,0.0009579178993741982,100.0,0,440833817292.00604
74.13698630136986,27060,5.396031816337265e-59,440833817292.00604,392251223491.0275,783034257748.7769,0.0009579178993741982,100.0,0,440833817292.00604
74.21917808219177,27090,5.386612365775348e-59,440833817292.00604,392251223491.0275,783034257748.7769,0.0009579178993741982,100.0,0,440833817292.00604
74.3013698630137,27120,5.37719291521343e-59,440833817292.00604,392251223491.0275,783034257748.7769,0.0009579178993741982,100.0,0,440833817292.00604
74.38356164383562,27150,5.367773464651511e-59,440833817292.00604,392251223491.0275,783034257748.7769,0.0009579178993741982,100.0,0,440833817292.00604
74.46575342465754,27180,5.358354014089594e-59,440833817292.00604,392251223491.0275,783034257748.7769,0.0009579178993741982,100.0,0,440833817292.00604
74.54794520547945,27210,5.3489345635276756e-59,440833817292.00604,392251223491.0275,783034257748.7769,0.0009579178993741982,100.0,0,440833817292.00604
74.63013698630137,27240,5.339515112965758e-59,440833817292.00604,392251223491.0275,783034257748.7769,0.0009579178993741982,100.0,0,440833817292.00604
74.71232876712328,27270,5.3300956624038395e-59,440833817292.00604,392251223491.0275,783034257748.7769,0.0009579178993741982,100.0,0,440833817292.00604
74.79452054794521,27300,5.320676211841921e-59,440833817292.00604,392251223491.0275,783034257748.7769,0.0009579178993741982,100.0,0,440833817292.00604
74.87671232876713,27330,5.311256761280004e-59,440833817292.00604,392251223491.0275,783034257748.7769,0.0009579178993741982,100.0,0,440833817292.00604
74.95890410958904,27360,5.301837310718086e-59,440833817292.00604,392251223491.0275,783034257748.7769,0.0009579178993741982,100.0,0,440833817292.00604
75.04109589041096,27390,5.292417860156168e-59,440833817292.00604,392251223491.0275,783034257748.7769,0.0009579178993741982,100.0,0,440833817292.00604
75.12328767123287,27420,5.28299840959425e-59,440833817292.00604,392251223491.0275,783034257748.7769,0.0009579178993741982,100.0,0,440833817292.00604
75.20547945205479,27450,5.273578959032332e-59,440833817292.00604,392251223491.0275,783034257748.7769,0.0009579178993741982,100.0,0,440833817292.00604
75.28767123287672,27480,5.264159508470415e-59,440833817292.00604,392251223491.0275,783034257748.7769,0.0009579178993741982,100.0,0,440833817292.00604
75.36986301369863,27510,5.254740057908496e-59,440833817292.00604,392251223491.0275,783034257748.7769,0.0009579178993741982,100.0,0,440833817292.00604
75.45205479452055,27540,5.245320607346579e-59,440833817292.00604,392251223491.0275,783034257748.7769,0.0009579178993741982,100.0,0,440833817292.00604
75.53424657534246,27570,5.235901156784661e-59,440833817292.00604,392251223491.0275,783034257748.7769,0.0009579178993741982,100.0,0,440833817292.00604
75.61643835616438,27600,5.226481706222743e-59,440833817292.00604,392251223491.0275,783034257748.7769,0.0009579178993741982,100.0,0,440833817292.00604
75.6986301369863,27630,5.217062255660825e-59,440833817292.00604,392251223491.0275,783034257748.7769,0.0009579178993741982,100.0,0,440833817292.00604
75.78082191780823,27660,5.207642805098907e-59,440833817292.00604,392251223491.0275,783034257748.7769,0.0009579178993741982,100.0,0,440833817292.00604
75.86301369863014,27690,5.1982233545369895e-59,440833817292.00604,392251223491.0275,783034257748.7769,0.0009579178993741982,100.0,0,440833817292.00604
75.94520547945206,27720,5.1888039039750714e-59,440833817292.00604,392251223491.0275,783034257748.7769,0.0009579178993741982,100.0,0,440833817292.00604
76.02739726027397,27750,5.1793844534131525e-59,440833817292.00604,392251223491.0275,783034257748.7769,0.0009579178993741982,100.0,0,440833817292.00604
76.10958904109589,27780,5.169965002851235e-59,440833817292.00604,392251223491.0275,783034257748.7769,0.0009579178993741982,100.0,0,440833817292.00604
76.1917808219178,27810,5.160545552289317e-59,440833817292.00604,392251223491.0275,783034257748.7769,0.0009579178993741982,100.0,0,440833817292.00604
76.27397260273973,27840,5.1511261017274e-59,440833817292.00604,392251223491.0275,783034257748.7769,0.0009579178993741982,100.0,0,440833817292.00604
76.35616438356165,27870,5.141706651165481e-59,440833817292.00604,392251223491.0275,783034257748.7769,0.0009579178993741982,100.0,0,440833817292.00604
76.43835616438356,27900,5.132287200603563e-59,440833817292.00604,392251223491.0275,783034257748.7769,0.0009579178993741982,100.0,0,440833817292.00604
76.52054794520548,27930,5.122867750041646e-59,440833817292.00604,392251223491.0275,783034257748.7769,0.0009579178993741982,100.0,0,440833817292.00604
76.6027397260274,27960,5.113448299479728e-59,440833817292.00604,392251223491.0275,783034257748.7769,0.0009579178993741982,100.0,0,440833817292.00604
76.68493150684931,27990,5.10402884891781e-59,440833817292.00604,392251223491.0275,783034257748.7769,0.0009579178993741982,100.0,0,440833817292.00604
76.76712328767124,28020,5.094609398355892e-59,440833817292.00604,392251223491.0275,783034257748.7769,0.0009579178993741982,100.0,0,440833817292.00604
76.84931506849315,28050,5.085189947793974e-59,440833817292.00604,392251223491.0275,783034257748.7769,0.0009579178993741982,100.0,0,440833817292.00604
76.93150684931507,28080,5.075770497232057e-59,440833817292.00604,392251223491.0275,783034257748.7769,0.0009579178993741982,100.0,0,440833817292.00604
77.01369863013699,28110,5.066351046670138e-59,440833817292.00604,392251223491.0275,783034257748.7769,0.0009579178993741982,100.0,0,440833817292.00604
77.0958904109589,28140,5.056931596108221e-59,440833817292.00604,392251223491.0275,783034257748.7769,0.0009579178993741982,100.0,0,440833817292.00604
77.17808219178082,28170,5.0475121455463025e-59,440833817292.00604,392251223491.0275,783034257748.7769,0.0009579178993741982,100.0,0,440833817292.00604
77.26027397260275,28200,5.0380926949843845e-59,440833817292.00604,392251223491.0275,783034257748.7769,0.0009579178993741982,100.0,0,440833817292.00604
77.34246575342466,28230,5.0286732444224665e-59,440833817292.00604,392251223491.0275,783034257748.7769,0.0009579178993741982,100.0,0,440833817292.00604
77.42465753424658,28260,5.019253793860548e-59,440833817292.00604,392251223491.0275,783034257748.7769,0.0009579178993741982,100.0,0,440833817292.00604
77.5068493150685,28290,5.009834343298631e-59,440833817292.00604,392251223491.0275,783034257748.7769,0.0009579178993741982,100.0,0,440833817292.00604
77.58904109589041,28320,5.000414892736713e-59,440833817292.00604,392251223491.0275,783034257748.7769,0.0009579178993741982,100.0,0,440833817292.00604
77.67123287671232,28350,4.990995442174794e-59,440833817292.00604,392251223491.0275,783034257748.7769,0.0009579178993741982,100.0,0,440833817292.00604
77.75342465753425,28380,4.981575991612877e-59,440833817292.00604,392251223491.0275,783034257748.7769,0.0009579178993741982,100.0,0,440833817292.00604
77.83561643835617,28410,4.972156541050959e-59,440833817292.00604,392251223491.0275,783034257748.7769,0.0009579178993741982,100.0,0,440833817292.00604
77.91780821917808,28440,4.962737090489042e-59,440833817292.00604,392251223491.0275,783034257748.7769,0.0009579178993741982,100.0,0,440833817292.00604
78.0,28470,4.953317639927123e-59,440833817292.00604,392251223491.0275,783034257748.7769,0.0009579178993741982,100.0,0,440833817292.00604
78.08219178082192,28500,4.943898189365205e-59,440833817292.00604,392251223491.0275,783034257748.7769,0.0009579178993741982,100.0,0,440833817292.00604
78.16438356164383,28530,4.934478738803288e-59,440833817292.00604,392251223491.0275,783034257748.7769,0.0009579178993741982,100.0,0,440833817292.00604
78.24657534246575,28560,4.92505928824137e-59,440833817292.00604,392251223491.0275,783034257748.7769,0.0009579178993741982,100.0,0,440833817292.00604
78.32876712328768,28590,4.915639837679453e-59,440833817292.00604,392251223491.0275,783034257748.7769,0.0009579178993741982,100.0,0,440833817292.00604
78.41095890410959,28620,4.906220387117534e-59,440833817292.00604,392251223491.0275,783034257748.7769,0.0009579178993741982,100.0,0,440833817292.00604
78.4931506849315,28650,4.896800936555616e-59,440833817292.00604,392251223491.0275,783034257748.7769,0.0009579178993741982,100.0,0,440833817292.00604
78.57534246575342,28680,4.887381485993698e-59,440833817292.00604,392251223491.0275,783034257748.7769,0.0009579178993741982,100.0,0,440833817292.00604
78.65753424657534,28710,4.87796203543178e-59,440833817292.00604,392251223491.0275,783034257748.7769,0.0009579178993741982,100.0,0,440833817292.00604
78.73972602739725,28740,4.868542584869862e-59,440833817292.00604,392251223491.0275,783034257748.7769,0.0009579178993741982,100.0,0,440833817292.00604
78.82191780821918,28770,4.859123134307944e-59,440833817292.00604,392251223491.0275,783034257748.7769,0.0009579178993741982,100.0,0,440833817292.00604
78.9041095890411,28800,4.849703683746026e-59,440833817292.00604,392251223491.0275,783034257748.7769,0.0009579178993741982,100.0,0,440833817292.00604
78.98630136986301,28830,4.840284233184109e-59,440833817292.00604,392251223491.0275,783034257748.7769,0.0009579178993741982,100.0,0,440833817292.00604
79.06849315068493,28860,4.83086478262219e-59,440833817292.00604,392251223491.0275,783034257748.7769,0.0009579178993741982,100.0,0,440833817292.00604
79.15068493150685,28890,4.821445332060273e-59,440833817292.00604,392251223491.0275,783034257748.7769,0.0009579178993741982,100.0,0,440833817292.00604
79.23287671232876,28920,4.812025881498355e-59,440833817292.00604,392251223491.0275,783034257748.7769,0.0009579178993741982,100.0,0,440833817292.00604
79.31506849315069,28950,4.802606430936437e-59,440833817292.00604,392251223491.0275,783034257748.7769,0.0009579178993741982,100.0,0,440833817292.00604
79.3972602739726,28980,4.793186980374519e-59,440833817292.00604,392251223491.0275,783034257748.7769,0.0009579178993741982,100.0,0,440833817292.00604
79.47945205479452,29010,4.783767529812601e-59,440833817292.00604,392251223491.0275,783034257748.7769,0.0009579178993741982,100.0,0,440833817292.00604
79.56164383561644,29040,4.774348079250684e-59,440833817292.00604,392251223491.0275,783034257748.7769,0.0009579178993741982,100.0,0,440833817292.00604
79.64383561643835,29070,4.764928628688766e-59,440833817292.00604,392251223491.0275,783034257748.7769,0.0009579178993741982,100.0,0,440833817292.00604
79.72602739726027,29100,4.755509178126847e-59,440833817292.00604,392251223491.0275,783034257748.7769,0.0009579178993741982,100.0,0,440833817292.00604
79.8082191780822,29130,4.7460897275649295e-59,440833817292.00604,392251223491.0275,783034257748.7769,0.0009579178993741982,100.0,0,440833817292.00604
79.89041095890411,29160,4.7366702770030115e-59,440833817292.00604,392251223491.0275,783034257748.7769,0.0009579178993741982,100.0,0,440833817292.00604
79.97260273972603,29190,4.727250826441094e-59,440833817292.00604,392251223491.0275,783034257748.7769,0.0009579178993741982,100.0,0,440833817292.00604
80.05479452054794,29220,4.717831375879175e-59,440833817292.00604,392251223491.0275,783034257748.7769,0.0009579178993741982,100.0,0,440833817292.00604
80.13698630136986,29250,4.708411925317257e-59,440833817292.00604,392251223491.0275,783034257748.7769,0.0009579178993741982,100.0,0,440833817292.00604
80.21917808219177,29280,4.69899247475534e-59,440833817292.00604,392251223491.0275,783034257748.7769,0.0009579178993741982,100.0,0,440833817292.00604
80.3013698630137,29310,4.689573024193422e-59,440833817292.00604,392251223491.0275,783034257748.7769,0.0009579178993741982,100.0,0,440833817292.00604
80.38356164383562,29340,4.680153573631504e-59,440833817292.00604,392251223491.0275,783034257748.7769,0.0009579178993741982,100.0,0,440833817292.00604
80.46575342465754,29370,4.670734123069586e-59,440833817292.00604,392251223491.0275,783034257748.7769,0.0009579178993741982,100.0,0,440833817292.00604
80.54794520547945,29400,4.661314672507668e-59,440833817292.00604,392251223491.0275,783034257748.7769,0.0009579178993741982,100.0,0,440833817292.00604
80.63013698630137,29430,4.651895221945751e-59,440833817292.00604,392251223491.0275,783034257748.7769,0.0009579178993741982,100.0,0,440833817292.00604
80.71232876712328,29460,4.642475771383832e-59,440833817292.00604,392251223491.0275,783034257748.7769,0.0009579178993741982,100.0,0,440833817292.00604
80.79452054794521,29490,4.633056320821915e-59,440833817292.00604,392251223491.0275,783034257748.7769,0.0009579178993741982,100.0,0,440833817292.00604
80.87671232876713,29520,4.623636870259997e-59,440833817292.00604,392251223491.0275,783034257748.7769,0.0009579178993741982,100.0,0,440833817292.00604
80.95890410958904,29550,4.614217419698079e-59,440833817292.00604,392251223491.0275,783034257748.7769,0.0009579178993741982,100.0,0,440833817292.00604
81.04109589041096,29580,4.604797969136161e-59,440833817292.00604,392251223491.0275,783034257748.7769,0.0009579178993741982,100.0,0,440833817292.00604
81.12328767123287,29610,4.595378518574243e-59,440833817292.00604,392251223491.0275,783034257748.7769,0.0009579178993741982,100.0,0,440833817292.00604
81.20547945205479,29640,4.585959068012325e-59,440833817292.00604,392251223491.0275,783034257748.7769,0.0009579178993741982,100.0,0,440833817292.00604
81.28767123287672,29670,4.576539617450407e-59,440833817292.00604,392251223491.0275,783034257748.7769,0.0009579178993741982,100.0,0,440833817292.00604
81.36986301369863,29700,4.5671201668884885e-59,440833817292.00604,392251223491.0275,783034257748.7769,0.0009579178993741982,100.0,0,440833817292.00604
81.45205479452055,29730,4.557700716326571e-59,440833817292.00604,392251223491.0275,783034257748.7769,0.0009579178993741982,100.0,0,440833817292.00604
81.53424657534246,29760,4.548281265764653e-59,440833817292.00604,392251223491.0275,783034257748.7769,0.0009579178993741982,100.0,0,440833817292.00604
81.61643835616438,29790,4.538861815202736e-59,440833817292.00604,392251223491.0275,783034257748.7769,0.0009579178993741982,100.0,0,440833817292.00604
81.6986301369863,29820,4.529442364640817e-59,440833817292.00604,392251223491.0275,783034257748.7769,0.0009579178993741982,100.0,0,440833817292.00604
81.78082191780823,29850,4.520022914078899e-59,440833817292.00604,392251223491.0275,783034257748.7769,0.0009579178993741982,100.0,0,440833817292.00604
81.86301369863014,29880,4.510603463516982e-59,440833817292.00604,392251223491.0275,783034257748.7769,0.0009579178993741982,100.0,0,440833817292.00604
81.94520547945206,29910,4.501184012955064e-59,440833817292.00604,392251223491.0275,783034257748.7769,0.0009579178993741982,100.0,0,440833817292.00604
82.02739726027397,29940,4.491764562393146e-59,440833817292.00604,392251223491.0275,783034257748.7769,0.0009579178993741982,100.0,0,440833817292.00604
82.10958904109589,29970,4.482345111831228e-59,440833817292.00604,392251223491.0275,783034257748.7769,0.0009579178993741982,100.0,0,440833817292.00604
82.1917808219178,30000,4.47292566126931e-59,440833817292.00604,392251223491.0275,783034257748.7769,0.0009579178993741982,100.0,0,440833817292.00604
82.27397260273973,30030,4.463506210707393e-59,440833817292.00604,392251223491.0275,783034257748.7769,0.0009579178993741982,100.0,0,440833817292.00604
82.35616438356165,30060,4.454086760145474e-59,440833817292.00604,392251223491.0275,783034257748.7769,0.0009579178993741982,100.0,0,440833817292.00604
82.43835616438356,30090,4.4446673095835565e-59,440833817292.00604,392251223491.0275,783034257748.7769,0.0009579178993741982,100.0,0,440833817292.00604
82.52054794520548,30120,4.4352478590216385e-59,440833817292.00604,392251223491.0275,783034257748.7769,0.0009579178993741982,100.0,0,440833817292.00604
82.6027397260274,30150,4.4258284084597204e-59,440833817292.00604,392251223491.0275,783034257748.7769,0.0009579178993741982,100.0,0,440833817292.00604
82.68493150684931,30180,4.416408957897802e-59,440833817292.00604,392251223491.0275,783034257748.7769,0.0009579178993741982,100.0,0,440833817292.00604
82.76712328767124,30210,4.406989507335884e-59,440833817292.00604,392251223491.0275,783034257748.7769,0.0009579178993741982,100.0,0,440833817292.00604
82.84931506849315,30240,4.397570056773967e-59,440833817292.00604,392251223491.0275,783034257748.7769,0.0009579178993741982,100.0,0,440833817292.00604
82.93150684931507,30270,4.388150606212049e-59,440833817292.00604,392251223491.0275,783034257748.7769,0.0009579178993741982,100.0,0,440833817292.00604
83.01369863013699,30300,4.37873115565013e-59,440833817292.00604,392251223491.0275,783034257748.7769,0.0009579178993741982,100.0,0,440833817292.00604
83.0958904109589,30330,4.369311705088213e-59,440833817292.00604,392251223491.0275,783034257748.7769,0.0009579178993741982,100.0,0,440833817292.00604
83.17808219178082,30360,4.359892254526295e-59,440833817292.00604,392251223491.0275,783034257748.7769,0.0009579178993741982,100.0,0,440833817292.00604
83.26027397260275,30390,4.350472803964378e-59,440833817292.00604,392251223491.0275,783034257748.7769,0.0009579178993741982,100.0,0,440833817292.00604
83.34246575342466,30420,4.341053353402459e-59,440833817292.00604,392251223491.0275,783034257748.7769,0.0009579178993741982,100.0,0,440833817292.00604
83.42465753424658,30450,4.331633902840541e-59,440833817292.00604,392251223491.0275,783034257748.7769,0.0009579178993741982,100.0,0,440833817292.00604
83.5068493150685,30480,4.322214452278624e-59,440833817292.00604,392251223491.0275,783034257748.7769,0.0009579178993741982,100.0,0,440833817292.00604
83.58904109589041,30510,4.312795001716706e-59,440833817292.00604,392251223491.0275,783034257748.7769,0.0009579178993741982,100.0,0,440833817292.00604
83.67123287671232,30540,4.303375551154788e-59,440833817292.00604,392251223491.0275,783034257748.7769,0.0009579178993741982,100.0,0,440833817292.00604
83.75342465753425,30570,4.29395610059287e-59,440833817292.00604,392251223491.0275,783034257748.7769,0.0009579178993741982,100.0,0,440833817292.00604
83.83561643835617,30600,4.2845366500309515e-59,440833817292.00604,392251223491.0275,783034257748.7769,0.0009579178993741982,100.0,0,440833817292.00604
83.91780821917808,30630,4.275117199469034e-59,440833817292.00604,392251223491.0275,783034257748.7769,0.0009579178993741982,100.0,0,440833817292.00604
84.0,30660,4.2656977489071155e-59,440833817292.00604,392251223491.0275,783034257748.7769,0.0009579178993741982,100.0,0,440833817292.00604
84.08219178082192,30690,4.256278298345198e-59,440833817292.00604,392251223491.0275,783034257748.7769,0.0009579178993741982,100.0,0,440833817292.00604
84.16438356164383,30720,4.24685884778328e-59,440833817292.00604,392251223491.0275,783034257748.7769,0.0009579178993741982,100.0,0,440833817292.00604
84.24657534246575,30750,4.237439397221362e-59,440833817292.00604,392251223491.0275,783034257748.7769,0.0009579178993741982,100.0,0,440833817292.00604
84.32876712328768,30780,4.228019946659445e-59,440833817292.00604,392251223491.0275,783034257748.7769,0.0009579178993741982,100.0,0,440833817292.00604
84.41095890410959,30810,4.218600496097527e-59,440833817292.00604,392251223491.0275,783034257748.7769,0.0009579178993741982,100.0,0,440833817292.00604
84.4931506849315,30840,4.209181045535609e-59,440833817292.00604,392251223491.0275,783034257748.7769,0.0009579178993741982,100.0,0,440833817292.00604
84.57534246575342,30870,4.199761594973691e-59,440833817292.00604,392251223491.0275,783034257748.7769,0.0009579178993741982,100.0,0,440833817292.00604
84.65753424657534,30900,4.190342144411773e-59,440833817292.00604,392251223491.0275,783034257748.7769,0.0009579178993741982,100.0,0,440833817292.00604
84.73972602739725,30930,4.180922693849855e-59,440833817292.00604,392251223491.0275,783034257748.7769,0.0009579178993741982,100.0,0,440833817292.00604
84.82191780821918,30960,4.171503243287938e-59,440833817292.00604,392251223491.0275,783034257748.7769,0.0009579178993741982,100.0,0,440833817292.00604
84.9041095890411,30990,4.162083792726019e-59,440833817292.00604,392251223491.0275,783034257748.7769,0.0009579178993741982,100.0,0,440833817292.00604
84.98630136986301,31020,4.152664342164102e-59,440833817292.00604,392251223491.0275,783034257748.7769,0.0009579178993741982,100.0,0,440833817292.00604
85.06849315068493,31050,4.143244891602183e-59,440833817292.00604,392251223491.0275,783034257748.7769,0.0009579178993741982,100.0,0,440833817292.00604
85.15068493150685,31080,4.1338254410402655e-59,440833817292.00604,392251223491.0275,783034257748.7769,0.0009579178993741982,100.0,0,440833817292.00604
85.23287671232876,31110,4.124405990478348e-59,440833817292.00604,392251223491.0275,783034257748.7769,0.0009579178993741982,100.0,0,440833817292.00604
85.31506849315069,31140,4.114986539916429e-59,440833817292.00604,392251223491.0275,783034257748.7769,0.0009579178993741982,100.0,0,440833817292.00604
85.3972602739726,31170,4.105567089354511e-59,440833817292.00604,392251223491.0275,783034257748.7769,0.0009579178993741982,100.0,0,440833817292.00604
85.47945205479452,31200,4.096147638792593e-59,440833817292.00604,392251223491.0275,783034257748.7769,0.0009579178993741982,100.0,0,440833817292.00604
85.56164383561644,31230,4.086728188230676e-59,440833817292.00604,392251223491.0275,783034257748.7769,0.0009579178993741982,100.0,0,440833817292.00604
85.64383561643835,31260,4.077308737668758e-59,440833817292.00604,392251223491.0275,783034257748.7769,0.0009579178993741982,100.0,0,440833817292.00604
85.72602739726027,31290,4.06788928710684e-59,440833817292.00604,392251223491.0275,783034257748.7769,0.0009579178993741982,100.0,0,440833817292.00604
85.8082191780822,31320,4.058469836544922e-59,440833817292.00604,392251223491.0275,783034257748.7769,0.0009579178993741982,100.0,0,440833817292.00604
85.89041095890411,31350,4.049050385983004e-59,440833817292.00604,392251223491.0275,783034257748.7769,0.0009579178993741982,100.0,0,440833817292.00604
85.97260273972603,31380,4.039630935421087e-59,440833817292.00604,392251223491.0275,783034257748.7769,0.0009579178993741982,100.0,0,440833817292.00604
86.05479452054794,31410,4.030211484859169e-59,440833817292.00604,392251223491.0275,783034257748.7769,0.0009579178993741982,100.0,0,440833817292.00604
86.13698630136986,31440,4.020792034297251e-59,440833817292.00604,392251223491.0275,783034257748.7769,0.0009579178993741982,100.0,0,440833817292.00604
86.21917808219177,31470,4.011372583735333e-59,440833817292.00604,392251223491.0275,783034257748.7769,0.0009579178993741982,100.0,0,440833817292.00604
86.3013698630137,31500,4.001953133173415e-59,440833817292.00604,392251223491.0275,783034257748.7769,0.0009579178993741982,100.0,0,440833817292.00604
86.38356164383562,31530,3.992533682611497e-59,440833817292.00604,392251223491.0275,783034257748.7769,0.0009579178993741982,100.0,0,440833817292.00604
86.46575342465754,31560,3.983114232049579e-59,440833817292.00604,392251223491.0275,783034257748.7769,0.0009579178993741982,100.0,0,440833817292.00604
86.54794520547945,31590,3.973694781487661e-59,440833817292.00604,392251223491.0275,783034257748.7769,0.0009579178993741982,100.0,0,440833817292.00604
86.63013698630137,31620,3.964275330925743e-59,440833817292.00604,392251223491.0275,783034257748.7769,0.0009579178993741982,100.0,0,440833817292.00604
86.71232876712328,31650,3.9548558803638253e-59,440833817292.00604,392251223491.0275,783034257748.7769,0.0009579178993741982,100.0,0,440833817292.00604
86.79452054794521,31680,3.9454364298019072e-59,440833817292.00604,392251223491.0275,783034257748.7769,0.0009579178993741982,100.0,0,440833817292.00604
86.87671232876713,31710,3.9360169792399896e-59,440833817292.00604,392251223491.0275,783034257748.7769,0.0009579178993741982,100.0,0,440833817292.00604
86.95890410958904,31740,3.926597528678071e-59,440833817292.00604,392251223491.0275,783034257748.7769,0.0009579178993741982,100.0,0,440833817292.00604
87.04109589041096,31770,3.9171780781161536e-59,440833817292.00604,392251223491.0275,783034257748.7769,0.0009579178993741982,100.0,0,440833817292.00604
87.12328767123287,31800,3.9077586275542355e-59,440833817292.00604,392251223491.0275,783034257748.7769,0.0009579178993741982,100.0,0,440833817292.00604
87.20547945205479,31830,3.898339176992318e-59,440833817292.00604,392251223491.0275,783034257748.7769,0.0009579178993741982,100.0,0,440833817292.00604
87.28767123287672,31860,3.8889197264304e-59,440833817292.00604,392251223491.0275,783034257748.7769,0.0009579178993741982,100.0,0,440833817292.00604
87.36986301369863,31890,3.879500275868482e-59,440833817292.00604,392251223491.0275,783034257748.7769,0.0009579178993741982,100.0,0,440833817292.00604
87.45205479452055,31920,3.8700808253065638e-59,440833817292.00604,392251223491.0275,783034257748.7769,0.0009579178993741982,100.0,0,440833817292.00604
87.53424657534246,31950,3.860661374744646e-59,440833817292.00604,392251223491.0275,783034257748.7769,0.0009579178993741982,100.0,0,440833817292.00604
87.61643835616438,31980,3.851241924182728e-59,440833817292.00604,392251223491.0275,783034257748.7769,0.0009579178993741982,100.0,0,440833817292.00604
87.6986301369863,32010,3.8418224736208105e-59,440833817292.00604,392251223491.0275,783034257748.7769,0.0009579178993741982,100.0,0,440833817292.00604
87.78082191780823,32040,3.832403023058892e-59,440833817292.00604,392251223491.0275,783034257748.7769,0.0009579178993741982,100.0,0,440833817292.00604
87.86301369863014,32070,3.8229835724969744e-59,440833817292.00604,392251223491.0275,783034257748.7769,0.0009579178993741982,100.0,0,440833817292.00604
87.94520547945206,32100,3.8135641219350564e-59,440833817292.00604,392251223491.0275,783034257748.7769,0.0009579178993741982,100.0,0,440833817292.00604
88.02739726027397,32130,3.804144671373139e-59,440833817292.00604,392251223491.0275,783034257748.7769,0.0009579178993741982,100.0,0,440833817292.00604
88.10958904109589,32160,3.7947252208112207e-59,440833817292.00604,392251223491.0275,783034257748.7769,0.0009579178993741982,100.0,0,440833817292.00604
88.1917808219178,32190,3.7853057702493027e-59,440833817292.00604,392251223491.0275,783034257748.7769,0.0009579178993741982,100.0,0,440833817292.00604
88.27397260273973,32220,3.7758863196873847e-59,440833817292.00604,392251223491.0275,783034257748.7769,0.0009579178993741982,100.0,0,440833817292.00604
88.35616438356165,32250,3.766466869125467e-59,440833817292.00604,392251223491.0275,783034257748.7769,0.0009579178993741982,100.0,0,440833817292.00604
88.43835616438356,32280,3.757047418563549e-59,440833817292.00604,392251223491.0275,783034257748.7769,0.0009579178993741982,100.0,0,440833817292.00604
88.52054794520548,32310,3.7476279680016314e-59,440833817292.00604,392251223491.0275,783034257748.7769,0.0009579178993741982,100.0,0,440833817292.00604
88.6027397260274,32340,3.738208517439713e-59,440833817292.00604,392251223491.0275,783034257748.7769,0.0009579178993741982,100.0,0,440833817292.00604
88.68493150684931,32370,3.7287890668777953e-59,440833817292.00604,392251223491.0275,783034257748.7769,0.0009579178993741982,100.0,0,440833817292.00604
88.76712328767124,32400,3.7193696163158773e-59,440833817292.00604,392251223491.0275,783034257748.7769,0.0009579178993741982,100.0,0,440833817292.00604
88.84931506849315,32430,3.7099501657539597e-59,440833817292.00604,392251223491.0275,783034257748.7769,0.0009579178993741982,100.0,0,440833817292.00604
88.93150684931507,32460,3.7005307151920416e-59,440833817292.00604,392251223491.0275,783034257748.7769,0.0009579178993741982,100.0,0,440833817292.00604
89.01369863013699,32490,3.6911112646301236e-59,440833817292.00604,392251223491.0275,783034257748.7769,0.0009579178993741982,100.0,0,440833817292.00604
89.0958904109589,32520,3.6816918140682055e-59,440833817292.00604,392251223491.0275,783034257748.7769,0.0009579178993741982,100.0,0,440833817292.00604
89.17808219178082,32550,3.672272363506288e-59,440833817292.00604,392251223491.0275,783034257748.7769,0.0009579178993741982,100.0,0,440833817292.00604
89.26027397260275,32580,3.66285291294437e-59,440833817292.00604,392251223491.0275,783034257748.7769,0.0009579178993741982,100.0,0,440833817292.00604
89.34246575342466,32610,3.6534334623824523e-59,440833817292.00604,392251223491.0275,783034257748.7769,0.0009579178993741982,100.0,0,440833817292.00604
89.42465753424658,32640,3.644014011820534e-59,440833817292.00604,392251223491.0275,783034257748.7769,0.0009579178993741982,100.0,0,440833817292.00604
89.5068493150685,32670,3.634594561258616e-59,440833817292.00604,392251223491.0275,783034257748.7769,0.0009579178993741982,100.0,0,440833817292.00604
89.58904109589041,32700,3.625175110696698e-59,440833817292.00604,392251223491.0275,783034257748.7769,0.0009579178993741982,100.0,0,440833817292.00604
89.67123287671232,32730,3.6157556601347806e-59,440833817292.00604,392251223491.0275,783034257748.7769,0.0009579178993741982,100.0,0,440833817292.00604
89.75342465753425,32760,3.606336209572863e-59,440833817292.00604,392251223491.0275,783034257748.7769,0.0009579178993741982,100.0,0,440833817292.00604
89.83561643835617,32790,3.5969167590109445e-59,440833817292.00604,392251223491.0275,783034257748.7769,0.0009579178993741982,100.0,0,440833817292.00604
89.91780821917808,32820,3.587497308449027e-59,440833817292.00604,392251223491.0275,783034257748.7769,0.0009579178993741982,100.0,0,440833817292.00604
90.0,32850,3.578077857887109e-59,440833817292.00604,392251223491.0275,783034257748.7769,0.0009579178993741982,100.0,0,440833817292.00604
90.08219178082192,32880,3.568658407325191e-59,440833817292.00604,392251223491.0275,783034257748.7769,0.0009579178993741982,100.0,0,440833817292.00604
90.16438356164383,32910,3.559238956763273e-59,440833817292.00604,392251223491.0275,783034257748.7769,0.0009579178993741982,100.0,0,440833817292.00604
90.24657534246575,32940,3.549819506201355e-59,440833817292.00604,392251223491.0275,783034257748.7769,0.0009579178993741982,100.0,0,440833817292.00604
90.32876712328768,32970,3.540400055639437e-59,440833817292.00604,392251223491.0275,783034257748.7769,0.0009579178993741982,100.0,0,440833817292.00604
90.41095890410959,33000,3.5309806050775195e-59,440833817292.00604,392251223491.0275,783034257748.7769,0.0009579178993741982,100.0,0,440833817292.00604
90.4931506849315,33030,3.5215611545156014e-59,440833817292.00604,392251223491.0275,783034257748.7769,0.0009579178993741982,100.0,0,440833817292.00604
90.57534246575342,33060,3.512141703953684e-59,440833817292.00604,392251223491.0275,783034257748.7769,0.0009579178993741982,100.0,0,440833817292.00604
90.65753424657534,33090,3.5027222533917653e-59,440833817292.00604,392251223491.0275,783034257748.7769,0.0009579178993741982,100.0,0,440833817292.00604
90.73972602739725,33120,3.4933028028298477e-59,440833817292.00604,392251223491.0275,783034257748.7769,0.0009579178993741982,100.0,0,440833817292.00604
90.82191780821918,33150,3.4838833522679297e-59,440833817292.00604,392251223491.0275,783034257748.7769,0.0009579178993741982,100.0,0,440833817292.00604
90.9041095890411,33180,3.474463901706012e-59,440833817292.00604,392251223491.0275,783034257748.7769,0.0009579178993741982,100.0,0,440833817292.00604
90.98630136986301,33210,3.4650444511440945e-59,440833817292.00604,392251223491.0275,783034257748.7769,0.0009579178993741982,100.0,0,440833817292.00604
91.06849315068493,33240,3.455625000582176e-59,440833817292.00604,392251223491.0275,783034257748.7769,0.0009579178993741982,100.0,0,440833817292.00604
91.15068493150685,33270,3.446205550020258e-59,440833817292.00604,392251223491.0275,783034257748.7769,0.0009579178993741982,100.0,0,440833817292.00604
91.23287671232876,33300,3.4367860994583404e-59,440833817292.00604,392251223491.0275,783034257748.7769,0.0009579178993741982,100.0,0,440833817292.00604
91.31506849315069,33330,3.4273666488964223e-59,440833817292.00604,392251223491.0275,783034257748.7769,0.0009579178993741982,100.0,0,440833817292.00604
91.3972602739726,33360,3.417947198334505e-59,440833817292.00604,392251223491.0275,783034257748.7769,0.0009579178993741982,100.0,0,440833817292.00604
91.47945205479452,33390,3.4085277477725862e-59,440833817292.00604,392251223491.0275,783034257748.7769,0.0009579178993741982,100.0,0,440833817292.00604
91.56164383561644,33420,3.3991082972106686e-59,440833817292.00604,392251223491.0275,783034257748.7769,0.0009579178993741982,100.0,0,440833817292.00604
91.64383561643835,33450,3.3896888466487506e-59,440833817292.00604,392251223491.0275,783034257748.7769,0.0009579178993741982,100.0,0,440833817292.00604
91.72602739726027,33480,3.380269396086833e-59,440833817292.00604,392251223491.0275,783034257748.7769,0.0009579178993741982,100.0,0,440833817292.00604
91.8082191780822,33510,3.3708499455249154e-59,440833817292.00604,392251223491.0275,783034257748.7769,0.0009579178993741982,100.0,0,440833817292.00604
91.89041095890411,33540,3.361430494962997e-59,440833817292.00604,392251223491.0275,783034257748.7769,0.0009579178993741982,100.0,0,440833817292.00604
91.97260273972603,33570,3.352011044401079e-59,440833817292.00604,392251223491.0275,783034257748.7769,0.0009579178993741982,100.0,0,440833817292.00604
92.05479452054794,33600,3.3425915938391612e-59,440833817292.00604,392251223491.0275,783034257748.7769,0.0009579178993741982,100.0,0,440833817292.00604
92.13698630136986,33630,3.3331721432772436e-59,440833817292.00604,392251223491.0275,783034257748.7769,0.0009579178993741982,100.0,0,440833817292.00604
92.21917808219177,33660,3.323752692715326e-59,440833817292.00604,392251223491.0275,783034257748.7769,0.0009579178993741982,100.0,0,440833817292.00604
92.3013698630137,33690,3.314333242153407e-59,440833817292.00604,392251223491.0275,783034257748.7769,0.0009579178993741982,100.0,0,440833817292.00604
92.38356164383562,33720,3.3049137915914895e-59,440833817292.00604,392251223491.0275,783034257748.7769,0.0009579178993741982,100.0,0,440833817292.00604
92.46575342465754,33750,3.2954943410295715e-59,440833817292.00604,392251223491.0275,783034257748.7769,0.0009579178993741982,100.0,0,440833817292.00604
92.54794520547945,33780,3.2860748904676543e-59,440833817292.00604,392251223491.0275,783034257748.7769,0.0009579178993741982,100.0,0,440833817292.00604
92.63013698630137,33810,3.2766554399057363e-59,440833817292.00604,392251223491.0275,783034257748.7769,0.0009579178993741982,100.0,0,440833817292.00604
92.71232876712328,33840,3.2672359893438178e-59,440833817292.00604,392251223491.0275,783034257748.7769,0.0009579178993741982,100.0,0,440833817292.00604
92.79452054794521,33870,3.2578165387818997e-59,440833817292.00604,392251223491.0275,783034257748.7769,0.0009579178993741982,100.0,0,440833817292.00604
92.87671232876713,33900,3.248397088219982e-59,440833817292.00604,392251223491.0275,783034257748.7769,0.0009579178993741982,100.0,0,440833817292.00604
92.95890410958904,33930,3.2389776376580645e-59,440833817292.00604,392251223491.0275,783034257748.7769,0.0009579178993741982,100.0,0,440833817292.00604
93.04109589041096,33960,3.229558187096147e-59,440833817292.00604,392251223491.0275,783034257748.7769,0.0009579178993741982,100.0,0,440833817292.00604
93.12328767123287,33990,3.220138736534228e-59,440833817292.00604,392251223491.0275,783034257748.7769,0.0009579178993741982,100.0,0,440833817292.00604
93.20547945205479,34020,3.2107192859723104e-59,440833817292.00604,392251223491.0275,783034257748.7769,0.0009579178993741982,100.0,0,440833817292.00604
93.28767123287672,34050,3.201299835410393e-59,440833817292.00604,392251223491.0275,783034257748.7769,0.0009579178993741982,100.0,0,440833817292.00604
93.36986301369863,34080,3.191880384848475e-59,440833817292.00604,392251223491.0275,783034257748.7769,0.0009579178993741982,100.0,0,440833817292.00604
93.45205479452055,34110,3.182460934286557e-59,440833817292.00604,392251223491.0275,783034257748.7769,0.0009579178993741982,100.0,0,440833817292.00604
93.53424657534246,34140,3.1730414837246386e-59,440833817292.00604,392251223491.0275,783034257748.7769,0.0009579178993741982,100.0,0,440833817292.00604
93.61643835616438,34170,3.1636220331627206e-59,440833817292.00604,392251223491.0275,783034257748.7769,0.0009579178993741982,100.0,0,440833817292.00604
93.6986301369863,34200,3.1542025826008034e-59,440833817292.00604,392251223491.0275,783034257748.7769,0.0009579178993741982,100.0,0,440833817292.00604
93.78082191780823,34230,3.1447831320388854e-59,440833817292.00604,392251223491.0275,783034257748.7769,0.0009579178993741982,100.0,0,440833817292.00604
93.86301369863014,34260,3.135363681476968e-59,440833817292.00604,392251223491.0275,783034257748.7769,0.0009579178993741982,100.0,0,440833817292.00604
93.94520547945206,34290,3.125944230915049e-59,440833817292.00604,392251223491.0275,783034257748.7769,0.0009579178993741982,100.0,0,440833817292.00604
94.02739726027397,34320,3.1165247803531313e-59,440833817292.00604,392251223491.0275,783034257748.7769,0.0009579178993741982,100.0,0,440833817292.00604
94.10958904109589,34350,3.1071053297912137e-59,440833817292.00604,392251223491.0275,783034257748.7769,0.0009579178993741982,100.0,0,440833817292.00604
94.1917808219178,34380,3.097685879229296e-59,440833817292.00604,392251223491.0275,783034257748.7769,0.0009579178993741982,100.0,0,440833817292.00604
94.27397260273973,34410,3.088266428667378e-59,440833817292.00604,392251223491.0275,783034257748.7769,0.0009579178993741982,100.0,0,440833817292.00604
94.35616438356165,34440,3.0788469781054595e-59,440833817292.00604,392251223491.0275,783034257748.7769,0.0009579178993741982,100.0,0,440833817292.00604
94.43835616438356,34470,3.069427527543542e-59,440833817292.00604,392251223491.0275,783034257748.7769,0.0009579178993741982,100.0,0,440833817292.00604
94.52054794520548,34500,3.0600080769816243e-59,440833817292.00604,392251223491.0275,783034257748.7769,0.0009579178993741982,100.0,0,440833817292.00604
94.6027397260274,34530,3.0505886264197063e-59,440833817292.00604,392251223491.0275,783034257748.7769,0.0009579178993741982,100.0,0,440833817292.00604
94.68493150684931,34560,3.0411691758577887e-59,440833817292.00604,392251223491.0275,783034257748.7769,0.0009579178993741982,100.0,0,440833817292.00604
94.76712328767124,34590,3.0317497252958697e-59,440833817292.00604,392251223491.0275,783034257748.7769,0.0009579178993741982,100.0,0,440833817292.00604
94.84931506849315,34620,3.0223302747339526e-59,440833817292.00604,392251223491.0275,783034257748.7769,0.0009579178993741982,100.0,0,440833817292.00604
94.93150684931507,34650,3.0129108241720345e-59,440833817292.00604,392251223491.0275,783034257748.7769,0.0009579178993741982,100.0,0,440833817292.00604
95.01369863013699,34680,3.003491373610117e-59,440833817292.00604,392251223491.0275,783034257748.7769,0.0009579178993741982,100.0,0,440833817292.00604
95.0958904109589,34710,2.994071923048199e-59,440833817292.00604,392251223491.0275,783034257748.7769,0.0009579178993741982,100.0,0,440833817292.00604
95.17808219178082,34740,2.9846524724862804e-59,440833817292.00604,392251223491.0275,783034257748.7769,0.0009579178993741982,100.0,0,440833817292.00604
95.26027397260275,34770,2.975233021924363e-59,440833817292.00604,392251223491.0275,783034257748.7769,0.0009579178993741982,100.0,0,440833817292.00604
95.34246575342466,34800,2.965813571362445e-59,440833817292.00604,392251223491.0275,783034257748.7769,0.0009579178993741982,100.0,0,440833817292.00604
95.42465753424658,34830,2.9563941208005276e-59,440833817292.00604,392251223491.0275,783034257748.7769,0.0009579178993741982,100.0,0,440833817292.00604
95.5068493150685,34860,2.9469746702386096e-59,440833817292.00604,392251223491.0275,783034257748.7769,0.0009579178993741982,100.0,0,440833817292.00604
95.58904109589041,34890,2.9375552196766915e-59,440833817292.00604,392251223491.0275,783034257748.7769,0.0009579178993741982,100.0,0,440833817292.00604
95.67123287671232,34920,2.9281357691147735e-59,440833817292.00604,392251223491.0275,783034257748.7769,0.0009579178993741982,100.0,0,440833817292.00604
95.75342465753425,34950,2.918716318552856e-59,440833817292.00604,392251223491.0275,783034257748.7769,0.0009579178993741982,100.0,0,440833817292.00604
95.83561643835617,34980,2.909296867990938e-59,440833817292.00604,392251223491.0275,783034257748.7769,0.0009579178993741982,100.0,0,440833817292.00604
95.91780821917808,35010,2.89987741742902e-59,440833817292.00604,392251223491.0275,783034257748.7769,0.0009579178993741982,100.0,0,440833817292.00604
96.0,35040,2.8904579668671017e-59,440833817292.00604,392251223491.0275,783034257748.7769,0.0009579178993741982,100.0,0,440833817292.00604
96.08219178082192,35070,2.881038516305184e-59,440833817292.00604,392251223491.0275,783034257748.7769,0.0009579178993741982,100.0,0,440833817292.00604
96.16438356164383,35100,2.871619065743266e-59,440833817292.00604,392251223491.0275,783034257748.7769,0.0009579178993741982,100.0,0,440833817292.00604
96.24657534246575,35130,2.8621996151813485e-59,440833817292.00604,392251223491.0275,783034257748.7769,0.0009579178993741982,100.0,0,440833817292.00604
96.32876712328768,35160,2.8527801646194304e-59,440833817292.00604,392251223491.0275,783034257748.7769,0.0009579178993741982,100.0,0,440833817292.00604
96.41095890410959,35190,2.8433607140575124e-59,440833817292.00604,392251223491.0275,783034257748.7769,0.0009579178993741982,100.0,0,440833817292.00604
96.4931506849315,35220,2.8339412634955943e-59,440833817292.00604,392251223491.0275,783034257748.7769,0.0009579178993741982,100.0,0,440833817292.00604
96.57534246575342,35250,2.8245218129336767e-59,440833817292.00604,392251223491.0275,783034257748.7769,0.0009579178993741982,100.0,0,440833817292.00604
96.65753424657534,35280,2.8151023623717587e-59,440833817292.00604,392251223491.0275,783034257748.7769,0.0009579178993741982,100.0,0,440833817292.00604
96.73972602739725,35310,2.8056829118098407e-59,440833817292.00604,392251223491.0275,783034257748.7769,0.0009579178993741982,100.0,0,440833817292.00604
96.82191780821918,35340,2.7962634612479226e-59,440833817292.00604,392251223491.0275,783034257748.7769,0.0009579178993741982,100.0,0,440833817292.00604
96.9041095890411,35370,2.786844010686005e-59,440833817292.00604,392251223491.0275,783034257748.7769,0.0009579178993741982,100.0,0,440833817292.00604
96.98630136986301,35400,2.777424560124087e-59,440833817292.00604,392251223491.0275,783034257748.7769,0.0009579178993741982,100.0,0,440833817292.00604
97.06849315068493,35430,2.7680051095621694e-59,440833817292.00604,392251223491.0275,783034257748.7769,0.0009579178993741982,100.0,0,440833817292.00604
97.15068493150685,35460,2.758585659000251e-59,440833817292.00604,392251223491.0275,783034257748.7769,0.0009579178993741982,100.0,0,440833817292.00604
97.23287671232876,35490,2.7491662084383333e-59,440833817292.00604,392251223491.0275,783034257748.7769,0.0009579178993741982,100.0,0,440833817292.00604
97.31506849315069,35520,2.7397467578764152e-59,440833817292.00604,392251223491.0275,783034257748.7769,0.0009579178993741982,100.0,0,440833817292.00604
97.3972602739726,35550,2.7303273073144976e-59,440833817292.00604,392251223491.0275,783034257748.7769,0.0009579178993741982,100.0,0,440833817292.00604
97.47945205479452,35580,2.7209078567525796e-59,440833817292.00604,392251223491.0275,783034257748.7769,0.0009579178993741982,100.0,0,440833817292.00604
97.56164383561644,35610,2.7114884061906615e-59,440833817292.00604,392251223491.0275,783034257748.7769,0.0009579178993741982,100.0,0,440833817292.00604
97.64383561643835,35640,2.7020689556287435e-59,440833817292.00604,392251223491.0275,783034257748.7769,0.0009579178993741982,100.0,0,440833817292.00604
97.72602739726027,35670,2.692649505066826e-59,440833817292.00604,392251223491.0275,783034257748.7769,0.0009579178993741982,100.0,0,440833817292.00604
97.8082191780822,35700,2.683230054504908e-59,440833817292.00604,392251223491.0275,783034257748.7769,0.0009579178993741982,100.0,0,440833817292.00604
97.89041095890411,35730,2.6738106039429902e-59,440833817292.00604,392251223491.0275,783034257748.7769,0.0009579178993741982,100.0,0,440833817292.00604
97.97260273972603,35760,2.6643911533810718e-59,440833817292.00604,392251223491.0275,783034257748.7769,0.0009579178993741982,100.0,0,440833817292.00604
98.05479452054794,35790,2.654971702819154e-59,440833817292.00604,392251223491.0275,783034257748.7769,0.0009579178993741982,100.0,0,440833817292.00604
98.13698630136986,35820,2.645552252257236e-59,440833817292.00604,392251223491.0275,783034257748.7769,0.0009579178993741982,100.0,0,440833817292.00604
98.21917808219177,35850,2.6361328016953185e-59,440833817292.00604,392251223491.0275,783034257748.7769,0.0009579178993741982,100.0,0,440833817292.00604
98.3013698630137,35880,2.6267133511334005e-59,440833817292.00604,392251223491.0275,783034257748.7769,0.0009579178993741982,100.0,0,440833817292.00604
98.38356164383562,35910,2.6172939005714824e-59,440833817292.00604,392251223491.0275,783034257748.7769,0.0009579178993741982,100.0,0,440833817292.00604
98.46575342465754,35940,2.6078744500095644e-59,440833817292.00604,392251223491.0275,783034257748.7769,0.0009579178993741982,100.0,0,440833817292.00604
98.54794520547945,35970,2.5984549994476468e-59,440833817292.00604,392251223491.0275,783034257748.7769,0.0009579178993741982,100.0,0,440833817292.00604
98.63013698630137,36000,2.5890355488857287e-59,440833817292.00604,392251223491.0275,783034257748.7769,0.0009579178993741982,100.0,0,440833817292.00604
98.71232876712328,36030,2.579616098323811e-59,440833817292.00604,392251223491.0275,783034257748.7769,0.0009579178993741982,100.0,0,440833817292.00604
98.79452054794521,36060,2.5701966477618926e-59,440833817292.00604,392251223491.0275,783034257748.7769,0.0009579178993741982,100.0,0,440833817292.00604
98.87671232876713,36090,2.560777197199975e-59,440833817292.00604,392251223491.0275,783034257748.7769,0.0009579178993741982,100.0,0,440833817292.00604
98.95890410958904,36120,2.551357746638057e-59,440833817292.00604,392251223491.0275,783034257748.7769,0.0009579178993741982,100.0,0,440833817292.00604
99.04109589041096,36150,2.5419382960761394e-59,440833817292.00604,392251223491.0275,783034257748.7769,0.0009579178993741982,100.0,0,440833817292.00604
99.12328767123287,36180,2.5325188455142213e-59,440833817292.00604,392251223491.0275,783034257748.7769,0.0009579178993741982,100.0,0,440833817292.00604
99.20547945205479,36210,2.5230993949523033e-59,440833817292.00604,392251223491.0275,783034257748.7769,0.0009579178993741982,100.0,0,440833817292.00604
99.28767123287672,36240,2.5136799443903853e-59,440833817292.00604,392251223491.0275,783034257748.7769,0.0009579178993741982,100.0,0,440833817292.00604
99.36986301369863,36270,2.5042604938284676e-59,440833817292.00604,392251223491.0275,783034257748.7769,0.0009579178993741982,100.0,0,440833817292.00604
99.45205479452055,36300,2.4948410432665496e-59,440833817292.00604,392251223491.0275,783034257748.7769,0.0009579178993741982,100.0,0,440833817292.00604
99.53424657534246,36330,2.485421592704632e-59,440833817292.00604,392251223491.0275,783034257748.7769,0.0009579178993741982,100.0,0,440833817292.00604
99.61643835616438,36360,2.4760021421427135e-59,440833817292.00604,392251223491.0275,783034257748.7769,0.0009579178993741982,100.0,0,440833817292.00604
99.6986301369863,36390,2.4665826915807964e-59,440833817292.00604,392251223491.0275,783034257748.7769,0.0009579178993741982,100.0,0,440833817292.00604
99.78082191780823,36420,2.457163241018878e-59,440833817292.00604,392251223491.0275,783034257748.7769,0.0009579178993741982,100.0,0,440833817292.00604
99.86301369863014,36450,2.4477437904569603e-59,440833817292.00604,392251223491.0275,783034257748.7769,0.0009579178993741982,100.0,0,440833817292.00604
99.94520547945206,36480,2.4383243398950422e-59,440833817292.00604,392251223491.0275,783034257748.7769,0.0009579178993741982,100.0,0,440833817292.00604
100.02739726027397,36510,2.428904889333124e-59,440833817292.00604,392251223491.0275,783034257748.7769,0.0009579178993741982,100.0,0,440833817292.00604
100.10958904109589,36540,2.4194854387712066e-59,440833817292.00604,392251223491.0275,783034257748.7769,0.0009579178993741982,100.0,0,440833817292.00604
100.1917808219178,36570,2.4100659882092885e-59,440833817292.00604,392251223491.0275,783034257748.7769,0.0009579178993741982,100.0,0,440833817292.00604
100.27397260273973,36600,2.4006465376473705e-59,440833817292.00604,392251223491.0275,783034257748.7769,0.0009579178993741982,100.0,0,440833817292.00604
100.35616438356165,36630,2.391227087085453e-59,440833817292.00604,392251223491.0275,783034257748.7769,0.0009579178993741982,100.0,0,440833817292.00604
100.43835616438356,36660,2.3818076365235344e-59,440833817292.00604,392251223491.0275,783034257748.7769,0.0009579178993741982,100.0,0,440833817292.00604
100.52054794520548,36690,2.3723881859616172e-59,440833817292.00604,392251223491.0275,783034257748.7769,0.0009579178993741982,100.0,0,440833817292.00604
100.6027397260274,36720,2.3629687353996987e-59,440833817292.00604,392251223491.0275,783034257748.7769,0.0009579178993741982,100.0,0,440833817292.00604
100.68493150684931,36750,2.353549284837781e-59,440833817292.00604,392251223491.0275,783034257748.7769,0.0009579178993741982,100.0,0,440833817292.00604
100.76712328767124,36780,2.344129834275863e-59,440833817292.00604,392251223491.0275,783034257748.7769,0.0009579178993741982,100.0,0,440833817292.00604
100.84931506849315,36810,2.3347103837139455e-59,440833817292.00604,392251223491.0275,783034257748.7769,0.0009579178993741982,100.0,0,440833817292.00604
100.93150684931507,36840,2.325290933152028e-59,440833817292.00604,392251223491.0275,783034257748.7769,0.0009579178993741982,100.0,0,440833817292.00604
101.01369863013699,36870,2.3158714825901094e-59,440833817292.00604,392251223491.0275,783034257748.7769,0.0009579178993741982,100.0,0,440833817292.00604
101.0958904109589,36900,2.306452032028192e-59,440833817292.00604,392251223491.0275,783034257748.7769,0.0009579178993741982,100.0,0,440833817292.00604
101.17808219178082,36930,2.2970325814662738e-59,440833817292.00604,392251223491.0275,783034257748.7769,0.0009579178993741982,100.0,0,440833817292.00604
101.26027397260275,36960,2.287613130904356e-59,440833817292.00604,392251223491.0275,783034257748.7769,0.0009579178993741982,100.0,0,440833817292.00604
101.34246575342466,36990,2.278193680342438e-59,440833817292.00604,392251223491.0275,783034257748.7769,0.0009579178993741982,100.0,0,440833817292.00604
101.42465753424658,37020,2.26877422978052e-59,440833817292.00604,392251223491.0275,783034257748.7769,0.0009579178993741982,100.0,0,440833817292.00604
101.5068493150685,37050,2.259354779218602e-59,440833817292.00604,392251223491.0275,783034257748.7769,0.0009579178993741982,100.0,0,440833817292.00604
101.58904109589041,37080,2.2499353286566844e-59,440833817292.00604,392251223491.0275,783034257748.7769,0.0009579178993741982,100.0,0,440833817292.00604
101.67123287671232,37110,2.2405158780947664e-59,440833817292.00604,392251223491.0275,783034257748.7769,0.0009579178993741982,100.0,0,440833817292.00604
101.75342465753425,37140,2.2310964275328488e-59,440833817292.00604,392251223491.0275,783034257748.7769,0.0009579178993741982,100.0,0,440833817292.00604
101.83561643835617,37170,2.2216769769709303e-59,440833817292.00604,392251223491.0275,783034257748.7769,0.0009579178993741982,100.0,0,440833817292.00604
101.91780821917808,37200,2.2122575264090127e-59,440833817292.00604,392251223491.0275,783034257748.7769,0.0009579178993741982,100.0,0,440833817292.00604
102.0,37230,2.2028380758470946e-59,440833817292.00604,392251223491.0275,783034257748.7769,0.0009579178993741982,100.0,0,440833817292.00604
102.08219178082192,37260,2.193418625285177e-59,440833817292.00604,392251223491.0275,783034257748.7769,0.0009579178993741982,100.0,0,440833817292.00604
102.16438356164383,37290,2.183999174723259e-59,440833817292.00604,392251223491.0275,783034257748.7769,0.0009579178993741982,100.0,0,440833817292.00604
102.24657534246575,37320,2.174579724161341e-59,440833817292.00604,392251223491.0275,783034257748.7769,0.0009579178993741982,100.0,0,440833817292.00604
102.32876712328768,37350,2.165160273599423e-59,440833817292.00604,392251223491.0275,783034257748.7769,0.0009579178993741982,100.0,0,440833817292.00604
102.41095890410959,37380,2.1557408230375053e-59,440833817292.00604,392251223491.0275,783034257748.7769,0.0009579178993741982,100.0,0,440833817292.00604
102.4931506849315,37410,2.1463213724755873e-59,440833817292.00604,392251223491.0275,783034257748.7769,0.0009579178993741982,100.0,0,440833817292.00604
102.57534246575342,37440,2.1369019219136697e-59,440833817292.00604,392251223491.0275,783034257748.7769,0.0009579178993741982,100.0,0,440833817292.00604
102.65753424657534,37470,2.127482471351751e-59,440833817292.00604,392251223491.0275,783034257748.7769,0.0009579178993741982,100.0,0,440833817292.00604
102.73972602739725,37500,2.1180630207898336e-59,440833817292.00604,392251223491.0275,783034257748.7769,0.0009579178993741982,100.0,0,440833817292.00604
102.82191780821918,37530,2.1086435702279155e-59,440833817292.00604,392251223491.0275,783034257748.7769,0.0009579178993741982,100.0,0,440833817292.00604
102.9041095890411,37560,2.099224119665998e-59,440833817292.00604,392251223491.0275,783034257748.7769,0.0009579178993741982,100.0,0,440833817292.00604
102.98630136986301,37590,2.08980466910408e-59,440833817292.00604,392251223491.0275,783034257748.7769,0.0009579178993741982,100.0,0,440833817292.00604
103.06849315068493,37620,2.080385218542162e-59,440833817292.00604,392251223491.0275,783034257748.7769,0.0009579178993741982,100.0,0,440833817292.00604
103.15068493150685,37650,2.070965767980244e-59,440833817292.00604,392251223491.0275,783034257748.7769,0.0009579178993741982,100.0,0,440833817292.00604
103.23287671232876,37680,2.061546317418326e-59,440833817292.00604,392251223491.0275,783034257748.7769,0.0009579178993741982,100.0,0,440833817292.00604
103.31506849315069,37710,2.052126866856408e-59,440833817292.00604,392251223491.0275,783034257748.7769,0.0009579178993741982,100.0,0,440833817292.00604
103.3972602739726,37740,2.0427074162944905e-59,440833817292.00604,392251223491.0275,783034257748.7769,0.0009579178993741982,100.0,0,440833817292.00604
103.47945205479452,37770,2.033287965732572e-59,440833817292.00604,392251223491.0275,783034257748.7769,0.0009579178993741982,100.0,0,440833817292.00604
103.56164383561644,37800,2.0238685151706545e-59,440833817292.00604,392251223491.0275,783034257748.7769,0.0009579178993741982,100.0,0,440833817292.00604
103.64383561643835,37830,2.014449064608737e-59,440833817292.00604,392251223491.0275,783034257748.7769,0.0009579178993741982,100.0,0,440833817292.00604
103.72602739726027,37860,2.0050296140468184e-59,440833817292.00604,392251223491.0275,783034257748.7769,0.0009579178993741982,100.0,0,440833817292.00604
103.8082191780822,37890,1.9956101634849008e-59,440833817292.00604,392251223491.0275,783034257748.7769,0.0009579178993741982,100.0,0,440833817292.00604
103.89041095890411,37920,1.9861907129229827e-59,440833817292.00604,392251223491.0275,783034257748.7769,0.0009579178993741982,100.0,0,440833817292.00604
103.97260273972603,37950,1.9767712623610651e-59,440833817292.00604,392251223491.0275,783034257748.7769,0.0009579178993741982,100.0,0,440833817292.00604
104.05479452054794,37980,1.9673518117991473e-59,440833817292.00604,392251223491.0275,783034257748.7769,0.0009579178993741982,100.0,0,440833817292.00604
104.13698630136986,38010,1.9579323612372292e-59,440833817292.00604,392251223491.0275,783034257748.7769,0.0009579178993741982,100.0,0,440833817292.00604
104.21917808219177,38040,1.9485129106753114e-59,440833817292.00604,392251223491.0275,783034257748.7769,0.0009579178993741982,100.0,0,440833817292.00604
104.3013698630137,38070,1.9390934601133932e-59,440833817292.00604,392251223491.0275,783034257748.7769,0.0009579178993741982,100.0,0,440833817292.00604
104.38356164383562,38100,1.9296740095514756e-59,440833817292.00604,392251223491.0275,783034257748.7769,0.0009579178993741982,100.0,0,440833817292.00604
104.46575342465754,38130,1.9202545589895577e-59,440833817292.00604,392251223491.0275,783034257748.7769,0.0009579178993741982,100.0,0,440833817292.00604
104.54794520547945,38160,1.9108351084276397e-59,440833817292.00604,392251223491.0275,783034257748.7769,0.0009579178993741982,100.0,0,440833817292.00604
104.63013698630137,38190,1.9014156578657219e-59,440833817292.00604,392251223491.0275,783034257748.7769,0.0009579178993741982,100.0,0,440833817292.00604
104.71232876712328,38220,1.8919962073038038e-59,440833817292.00604,392251223491.0275,783034257748.7769,0.0009579178993741982,100.0,0,440833817292.00604
104.79452054794521,38250,1.882576756741886e-59,440833817292.00604,392251223491.0275,783034257748.7769,0.0009579178993741982,100.0,0,440833817292.00604
104.87671232876713,38280,1.8731573061799682e-59,440833817292.00604,392251223491.0275,783034257748.7769,0.0009579178993741982,100.0,0,440833817292.00604
104.95890410958904,38310,1.8637378556180501e-59,440833817292.00604,392251223491.0275,783034257748.7769,0.0009579178993741982,100.0,0,440833817292.00604
105.04109589041096,38340,1.8543184050561323e-59,440833817292.00604,392251223491.0275,783034257748.7769,0.0009579178993741982,100.0,0,440833817292.00604
105.12328767123287,38370,1.8448989544942143e-59,440833817292.00604,392251223491.0275,783034257748.7769,0.0009579178993741982,100.0,0,440833817292.00604
105.20547945205479,38400,1.8354795039322964e-59,440833817292.00604,392251223491.0275,783034257748.7769,0.0009579178993741982,100.0,0,440833817292.00604
105.28767123287672,38430,1.8260600533703786e-59,440833817292.00604,392251223491.0275,783034257748.7769,0.0009579178993741982,100.0,0,440833817292.00604
105.36986301369863,38460,1.8166406028084606e-59,440833817292.00604,392251223491.0275,783034257748.7769,0.0009579178993741982,100.0,0,440833817292.00604
105.45205479452055,38490,1.8072211522465427e-59,440833817292.00604,392251223491.0275,783034257748.7769,0.0009579178993741982,100.0,0,440833817292.00604
105.53424657534246,38520,1.7978017016846247e-59,440833817292.00604,392251223491.0275,783034257748.7769,0.0009579178993741982,100.0,0,440833817292.00604
105.61643835616438,38550,1.7883822511227069e-59,440833817292.00604,392251223491.0275,783034257748.7769,0.0009579178993741982,100.0,0,440833817292.00604
105.6986301369863,38580,1.7789628005607888e-59,440833817292.00604,392251223491.0275,783034257748.7769,0.0009579178993741982,100.0,0,440833817292.00604
105.78082191780823,38610,1.769543349998871e-59,440833817292.00604,392251223491.0275,783034257748.7769,0.0009579178993741982,100.0,0,440833817292.00604
105.86301369863014,38640,1.7601238994369532e-59,440833817292.00604,392251223491.0275,783034257748.7769,0.0009579178993741982,100.0,0,440833817292.00604
105.94520547945206,38670,1.7507044488750351e-59,440833817292.00604,392251223491.0275,783034257748.7769,0.0009579178993741982,100.0,0,440833817292.00604
106.02739726027397,38700,1.7412849983131173e-59,440833817292.00604,392251223491.0275,783034257748.7769,0.0009579178993741982,100.0,0,440833817292.00604
106.10958904109589,38730,1.7318655477511993e-59,440833817292.00604,392251223491.0275,783034257748.7769,0.0009579178993741982,100.0,0,440833817292.00604
106.1917808219178,38760,1.7224460971892814e-59,440833817292.00604,392251223491.0275,783034257748.7769,0.0009579178993741982,100.0,0,440833817292.00604
106.27397260273973,38790,1.7130266466273636e-59,440833817292.00604,392251223491.0275,783034257748.7769,0.0009579178993741982,100.0,0,440833817292.00604
106.35616438356165,38820,1.7036071960654456e-59,440833817292.00604,392251223491.0275,783034257748.7769,0.0009579178993741982,100.0,0,440833817292.00604
106.43835616438356,38850,1.6941877455035278e-59,440833817292.00604,392251223491.0275,783034257748.7769,0.0009579178993741982,100.0,0,440833817292.00604
106.52054794520548,38880,1.6847682949416097e-59,440833817292.00604,392251223491.0275,783034257748.7769,0.0009579178993741982,100.0,0,440833817292.00604
106.6027397260274,38910,1.6753488443796919e-59,440833817292.00604,392251223491.0275,783034257748.7769,0.0009579178993741982,100.0,0,440833817292.00604
106.68493150684931,38940,1.665929393817774e-59,440833817292.00604,392251223491.0275,783034257748.7769,0.0009579178993741982,100.0,0,440833817292.00604
106.76712328767124,38970,1.656509943255856e-59,440833817292.00604,392251223491.0275,783034257748.7769,0.0009579178993741982,100.0,0,440833817292.00604
106.84931506849315,39000,1.6470904926939382e-59,440833817292.00604,392251223491.0275,783034257748.7769,0.0009579178993741982,100.0,0,440833817292.00604
106.93150684931507,39030,1.6376710421320201e-59,440833817292.00604,392251223491.0275,783034257748.7769,0.0009579178993741982,100.0,0,440833817292.00604
107.01369863013699,39060,1.6282515915701023e-59,440833817292.00604,392251223491.0275,783034257748.7769,0.0009579178993741982,100.0,0,440833817292.00604
107.0958904109589,39090,1.6188321410081845e-59,440833817292.00604,392251223491.0275,783034257748.7769,0.0009579178993741982,100.0,0,440833817292.00604
107.17808219178082,39120,1.6094126904462665e-59,440833817292.00604,392251223491.0275,783034257748.7769,0.0009579178993741982,100.0,0,440833817292.00604
107.26027397260275,39150,1.5999932398843486e-59,440833817292.00604,392251223491.0275,783034257748.7769,0.0009579178993741982,100.0,0,440833817292.00604
107.34246575342466,39180,1.5905737893224306e-59,440833817292.00604,392251223491.0275,783034257748.7769,0.0009579178993741982,100.0,0,440833817292.00604
107.42465753424658,39210,1.5811543387605128e-59,440833817292.00604,392251223491.0275,783034257748.7769,0.0009579178993741982,100.0,0,440833817292.00604
107.5068493150685,39240,1.571734888198595e-59,440833817292.00604,392251223491.0275,783034257748.7769,0.0009579178993741982,100.0,0,440833817292.00604
107.58904109589041,39270,1.562315437636677e-59,440833817292.00604,392251223491.0275,783034257748.7769,0.0009579178993741982,100.0,0,440833817292.00604
107.67123287671232,39300,1.552895987074759e-59,440833817292.00604,392251223491.0275,783034257748.7769,0.0009579178993741982,100.0,0,440833817292.00604
107.75342465753425,39330,1.543476536512841e-59,440833817292.00604,392251223491.0275,783034257748.7769,0.0009579178993741982,100.0,0,440833817292.00604
107.83561643835617,39360,1.5340570859509232e-59,440833817292.00604,392251223491.0275,783034257748.7769,0.0009579178993741982,100.0,0,440833817292.00604
107.91780821917808,39390,1.5246376353890054e-59,440833817292.00604,392251223491.0275,783034257748.7769,0.0009579178993741982,100.0,0,440833817292.00604
108.0,39420,1.5152181848270873e-59,440833817292.00604,392251223491.0275,783034257748.7769,0.0009579178993741982,100.0,0,440833817292.00604
108.08219178082192,39450,1.5057987342651695e-59,440833817292.00604,392251223491.0275,783034257748.7769,0.0009579178993741982,100.0,0,440833817292.00604
108.16438356164383,39480,1.4963792837032515e-59,440833817292.00604,392251223491.0275,783034257748.7769,0.0009579178993741982,100.0,0,440833817292.00604
108.24657534246575,39510,1.4869598331413336e-59,440833817292.00604,392251223491.0275,783034257748.7769,0.0009579178993741982,100.0,0,440833817292.00604
108.32876712328768,39540,1.4775403825794158e-59,440833817292.00604,392251223491.0275,783034257748.7769,0.0009579178993741982,100.0,0,440833817292.00604
108.41095890410959,39570,1.4681209320174978e-59,440833817292.00604,392251223491.0275,783034257748.7769,0.0009579178993741982,100.0,0,440833817292.00604
108.4931506849315,39600,1.45870148145558e-59,440833817292.00604,392251223491.0275,783034257748.7769,0.0009579178993741982,100.0,0,440833817292.00604
108.57534246575342,39630,1.449282030893662e-59,440833817292.00604,392251223491.0275,783034257748.7769,0.0009579178993741982,100.0,0,440833817292.00604
108.65753424657534,39660,1.439862580331744e-59,440833817292.00604,392251223491.0275,783034257748.7769,0.0009579178993741982,100.0,0,440833817292.00604
108.73972602739725,39690,1.4304431297698263e-59,440833817292.00604,392251223491.0275,783034257748.7769,0.0009579178993741982,100.0,0,440833817292.00604
108.82191780821918,39720,1.4210236792079082e-59,440833817292.00604,392251223491.0275,783034257748.7769,0.0009579178993741982,100.0,0,440833817292.00604
108.9041095890411,39750,1.4116042286459904e-59,440833817292.00604,392251223491.0275,783034257748.7769,0.0009579178993741982,100.0,0,440833817292.00604
108.98630136986301,39780,1.4021847780840726e-59,440833817292.00604,392251223491.0275,783034257748.7769,0.0009579178993741982,100.0,0,440833817292.00604
109.06849315068493,39810,1.3927653275221545e-59,440833817292.00604,392251223491.0275,783034257748.7769,0.0009579178993741982,100.0,0,440833817292.00604
109.15068493150685,39840,1.3833458769602367e-59,440833817292.00604,392251223491.0275,783034257748.7769,0.0009579178993741982,100.0,0,440833817292.00604
109.23287671232876,39870,1.3739264263983187e-59,440833817292.00604,392251223491.0275,783034257748.7769,0.0009579178993741982,100.0,0,440833817292.00604
109.31506849315069,39900,1.3645069758364008e-59,440833817292.00604,392251223491.0275,783034257748.7769,0.0009579178993741982,100.0,0,440833817292.00604
109.3972602739726,39930,1.3550875252744832e-59,440833817292.00604,392251223491.0275,783034257748.7769,0.0009579178993741982,100.0,0,440833817292.00604
109.47945205479452,39960,1.3456680747125652e-59,440833817292.00604,392251223491.0275,783034257748.7769,0.0009579178993741982,100.0,0,440833817292.00604
109.56164383561644,39990,1.3362486241506474e-59,440833817292.00604,392251223491.0275,783034257748.7769,0.0009579178993741982,100.0,0,440833817292.00604
109.64383561643835,40020,1.3268291735887293e-59,440833817292.00604,392251223491.0275,783034257748.7769,0.0009579178993741982,100.0,0,440833817292.00604
109.72602739726027,40050,1.3174097230268115e-59,440833817292.00604,392251223491.0275,783034257748.7769,0.0009579178993741982,100.0,0,440833817292.00604
109.8082191780822,40080,1.3079902724648937e-59,440833817292.00604,392251223491.0275,783034257748.7769,0.0009579178993741982,100.0,0,440833817292.00604
109.89041095890411,40110,1.2985708219029756e-59,440833817292.00604,392251223491.0275,783034257748.7769,0.0009579178993741982,100.0,0,440833817292.00604
109.97260273972603,40140,1.2891513713410578e-59,440833817292.00604,392251223491.0275,783034257748.7769,0.0009579178993741982,100.0,0,440833817292.00604
110.05479452054794,40170,1.2797319207791398e-59,440833817292.00604,392251223491.0275,783034257748.7769,0.0009579178993741982,100.0,0,440833817292.00604
110.13698630136986,40200,1.270312470217222e-59,440833817292.00604,392251223491.0275,783034257748.7769,0.0009579178993741982,100.0,0,440833817292.00604
110.21917808219177,40230,1.2608930196553041e-59,440833817292.00604,392251223491.0275,783034257748.7769,0.0009579178993741982,100.0,0,440833817292.00604
110.3013698630137,40260,1.251473569093386e-59,440833817292.00604,392251223491.0275,783034257748.7769,0.0009579178993741982,100.0,0,440833817292.00604
110.38356164383562,40290,1.2420541185314682e-59,440833817292.00604,392251223491.0275,783034257748.7769,0.0009579178993741982,100.0,0,440833817292.00604
110.46575342465754,40320,1.2326346679695502e-59,440833817292.00604,392251223491.0275,783034257748.7769,0.0009579178993741982,100.0,0,440833817292.00604
110.54794520547945,40350,1.2232152174076326e-59,440833817292.00604,392251223491.0275,783034257748.7769,0.0009579178993741982,100.0,0,440833817292.00604
110.63013698630137,40380,1.2137957668457146e-59,440833817292.00604,392251223491.0275,783034257748.7769,0.0009579178993741982,100.0,0,440833817292.00604
110.71232876712328,40410,1.2043763162837965e-59,440833817292.00604,392251223491.0275,783034257748.7769,0.0009579178993741982,100.0,0,440833817292.00604
110.79452054794521,40440,1.1949568657218787e-59,440833817292.00604,392251223491.0275,783034257748.7769,0.0009579178993741982,100.0,0,440833817292.00604
110.87671232876713,40470,1.1855374151599606e-59,440833817292.00604,392251223491.0275,783034257748.7769,0.0009579178993741982,100.0,0,440833817292.00604
110.95890410958904,40500,1.176117964598043e-59,440833817292.00604,392251223491.0275,783034257748.7769,0.0009579178993741982,100.0,0,440833817292.00604
111.04109589041096,40530,1.166698514036125e-59,440833817292.00604,392251223491.0275,783034257748.7769,0.0009579178993741982,100.0,0,440833817292.00604
111.12328767123287,40560,1.1572790634742072e-59,440833817292.00604,392251223491.0275,783034257748.7769,0.0009579178993741982,100.0,0,440833817292.00604
111.20547945205479,40590,1.1478596129122891e-59,440833817292.00604,392251223491.0275,783034257748.7769,0.0009579178993741982,100.0,0,440833817292.00604
111.28767123287672,40620,1.1384401623503713e-59,440833817292.00604,392251223491.0275,783034257748.7769,0.0009579178993741982,100.0,0,440833817292.00604
111.36986301369863,40650,1.1290207117884535e-59,440833817292.00604,392251223491.0275,783034257748.7769,0.0009579178993741982,100.0,0,440833817292.00604
111.45205479452055,40680,1.1196012612265354e-59,440833817292.00604,392251223491.0275,783034257748.7769,0.0009579178993741982,100.0,0,440833817292.00604
111.53424657534246,40710,1.1101818106646176e-59,440833817292.00604,392251223491.0275,783034257748.7769,0.0009579178993741982,100.0,0,440833817292.00604
111.61643835616438,40740,1.1007623601026996e-59,440833817292.00604,392251223491.0275,783034257748.7769,0.0009579178993741982,100.0,0,440833817292.00604
111.6986301369863,40770,1.0913429095407817e-59,440833817292.00604,392251223491.0275,783034257748.7769,0.0009579178993741982,100.0,0,440833817292.00604
111.78082191780823,40800,1.081923458978864e-59,440833817292.00604,392251223491.0275,783034257748.7769,0.0009579178993741982,100.0,0,440833817292.00604
111.86301369863014,40830,1.0725040084169459e-59,440833817292.00604,392251223491.0275,783034257748.7769,0.0009579178993741982,100.0,0,440833817292.00604
111.94520547945206,40860,1.063084557855028e-59,440833817292.00604,392251223491.0275,783034257748.7769,0.0009579178993741982,100.0,0,440833817292.00604
112.02739726027397,40890,1.05366510729311e-59,440833817292.00604,392251223491.0275,783034257748.7769,0.0009579178993741982,100.0,0,440833817292.00604
112.10958904109589,40920,1.0442456567311922e-59,440833817292.00604,392251223491.0275,783034257748.7769,0.0009579178993741982,100.0,0,440833817292.00604
112.1917808219178,40950,1.0348262061692744e-59,440833817292.00604,392251223491.0275,783034257748.7769,0.0009579178993741982,100.0,0,440833817292.00604
112.27397260273973,40980,1.0254067556073563e-59,440833817292.00604,392251223491.0275,783034257748.7769,0.0009579178993741982,100.0,0,440833817292.00604
112.35616438356165,41010,1.0159873050454385e-59,440833817292.00604,392251223491.0275,783034257748.7769,0.0009579178993741982,100.0,0,440833817292.00604
112.43835616438356,41040,1.0065678544835204e-59,440833817292.00604,392251223491.0275,783034257748.7769,0.0009579178993741982,100.0,0,440833817292.00604
112.52054794520548,41070,9.971484039216026e-60,440833817292.00604,392251223491.0275,783034257748.7769,0.0009579178993741982,100.0,0,440833817292.00604
112.6027397260274,41100,9.877289533596848e-60,440833817292.00604,392251223491.0275,783034257748.7769,0.0009579178993741982,100.0,0,440833817292.00604
112.68493150684931,41130,9.783095027977669e-60,440833817292.00604,392251223491.0275,783034257748.7769,0.0009579178993741982,100.0,0,440833817292.00604
112.76712328767124,41160,9.688900522358489e-60,440833817292.00604,392251223491.0275,783034257748.7769,0.0009579178993741982,100.0,0,440833817292.00604
112.84931506849315,41190,9.59470601673931e-60,440833817292.00604,392251223491.0275,783034257748.7769,0.0009579178993741982,100.0,0,440833817292.00604
112.93150684931507,41220,9.50051151112013e-60,440833817292.00604,392251223491.0275,783034257748.7769,0.0009579178993741982,100.0,0,440833817292.00604
113.01369863013699,41250,9.406317005500952e-60,440833817292.00604,392251223491.0275,783034257748.7769,0.0009579178993741982,100.0,0,440833817292.00604
113.0958904109589,41280,9.312122499881773e-60,440833817292.00604,392251223491.0275,783034257748.7769,0.0009579178993741982,100.0,0,440833817292.00604
113.17808219178082,41310,9.217927994262594e-60,440833817292.00604,392251223491.0275,783034257748.7769,0.0009579178993741982,100.0,0,440833817292.00604
113.26027397260275,41340,9.123733488643414e-60,440833817292.00604,392251223491.0275,783034257748.7769,0.0009579178993741982,100.0,0,440833817292.00604
113.34246575342466,41370,9.029538983024235e-60,440833817292.00604,392251223491.0275,783034257748.7769,0.0009579178993741982,100.0,0,440833817292.00604
113.42465753424658,41400,8.935344477405057e-60,440833817292.00604,392251223491.0275,783034257748.7769,0.0009579178993741982,100.0,0,440833817292.00604
113.5068493150685,41430,8.841149971785877e-60,440833817292.00604,392251223491.0275,783034257748.7769,0.0009579178993741982,100.0,0,440833817292.00604
113.58904109589041,41460,8.746955466166699e-60,440833817292.00604,392251223491.0275,783034257748.7769,0.0009579178993741982,100.0,0,440833817292.00604
113.67123287671232,41490,8.65276096054752e-60,440833817292.00604,392251223491.0275,783034257748.7769,0.0009579178993741982,100.0,0,440833817292.00604
113.75342465753425,41520,8.558566454928341e-60,440833817292.00604,392251223491.0275,783034257748.7769,0.0009579178993741982,100.0,0,440833817292.00604
113.83561643835617,41550,8.464371949309162e-60,440833817292.00604,392251223491.0275,783034257748.7769,0.0009579178993741982,100.0,0,440833817292.00604
113.91780821917808,41580,8.370177443689983e-60,440833817292.00604,392251223491.0275,783034257748.7769,0.0009579178993741982,100.0,0,440833817292.00604
114.0,41610,8.275982938070804e-60,440833817292.00604,392251223491.0275,783034257748.7769,0.0009579178993741982,100.0,0,440833817292.00604
114.08219178082192,41640,8.181788432451624e-60,440833817292.00604,392251223491.0275,783034257748.7769,0.0009579178993741982,100.0,0,440833817292.00604
114.16438356164383,41670,8.087593926832445e-60,440833817292.00604,392251223491.0275,783034257748.7769,0.0009579178993741982,100.0,0,440833817292.00604
114.24657534246575,41700,7.993399421213267e-60,440833817292.00604,392251223491.0275,783034257748.7769,0.0009579178993741982,100.0,0,440833817292.00604
114.32876712328768,41730,7.899204915594087e-60,440833817292.00604,392251223491.0275,783034257748.7769,0.0009579178993741982,100.0,0,440833817292.00604
114.41095890410959,41760,7.805010409974908e-60,440833817292.00604,392251223491.0275,783034257748.7769,0.0009579178993741982,100.0,0,440833817292.00604
114.4931506849315,41790,7.710815904355729e-60,440833817292.00604,392251223491.0275,783034257748.7769,0.0009579178993741982,100.0,0,440833817292.00604
114.57534246575342,41820,7.616621398736549e-60,440833817292.00604,392251223491.0275,783034257748.7769,0.0009579178993741982,100.0,0,440833817292.00604
114.65753424657534,41850,7.522426893117371e-60,440833817292.00604,392251223491.0275,783034257748.7769,0.0009579178993741982,100.0,0,440833817292.00604
114.73972602739725,41880,7.428232387498192e-60,440833817292.00604,392251223491.0275,783034257748.7769,0.0009579178993741982,100.0,0,440833817292.00604
114.82191780821918,41910,7.334037881879012e-60,440833817292.00604,392251223491.0275,783034257748.7769,0.0009579178993741982,100.0,0,440833817292.00604
114.9041095890411,41940,7.239843376259833e-60,440833817292.00604,392251223491.0275,783034257748.7769,0.0009579178993741982,100.0,0,440833817292.00604
114.98630136986301,41970,7.145648870640654e-60,440833817292.00604,392251223491.0275,783034257748.7769,0.0009579178993741982,100.0,0,440833817292.00604
115.06849315068493,42000,7.051454365021476e-60,440833817292.00604,392251223491.0275,783034257748.7769,0.0009579178993741982,100.0,0,440833817292.00604
115.15068493150685,42030,6.957259859402296e-60,440833817292.00604,392251223491.0275,783034257748.7769,0.0009579178993741982,100.0,0,440833817292.00604
115.23287671232876,42060,6.863065353783117e-60,440833817292.00604,392251223491.0275,783034257748.7769,0.0009579178993741982,100.0,0,440833817292.00604
115.31506849315069,42090,6.768870848163938e-60,440833817292.00604,392251223491.0275,783034257748.7769,0.0009579178993741982,100.0,0,440833817292.00604
115.3972602739726,42120,6.674676342544759e-60,440833817292.00604,392251223491.0275,783034257748.7769,0.0009579178993741982,100.0,0,440833817292.00604
115.47945205479452,42150,6.58048183692558e-60,440833817292.00604,392251223491.0275,783034257748.7769,0.0009579178993741982,100.0,0,440833817292.00604
115.56164383561644,42180,6.486287331306401e-60,440833817292.00604,392251223491.0275,783034257748.7769,0.0009579178993741982,100.0,0,440833817292.00604
115.64383561643835,42210,6.392092825687221e-60,440833817292.00604,392251223491.0275,783034257748.7769,0.0009579178993741982,100.0,0,440833817292.00604
115.72602739726027,42240,6.297898320068042e-60,440833817292.00604,392251223491.0275,783034257748.7769,0.0009579178993741982,100.0,0,440833817292.00604
115.8082191780822,42270,6.203703814448864e-60,440833817292.00604,392251223491.0275,783034257748.7769,0.0009579178993741982,100.0,0,440833817292.00604
115.89041095890411,42300,6.109509308829684e-60,440833817292.00604,392251223491.0275,783034257748.7769,0.0009579178993741982,100.0,0,440833817292.00604
115.97260273972603,42330,6.015314803210505e-60,440833817292.00604,392251223491.0275,783034257748.7769,0.0009579178993741982,100.0,0,440833817292.00604
116.05479452054794,42360,5.921120297591327e-60,440833817292.00604,392251223491.0275,783034257748.7769,0.0009579178993741982,100.0,0,440833817292.00604
116.13698630136986,42390,5.826925791972146e-60,440833817292.00604,392251223491.0275,783034257748.7769,0.0009579178993741982,100.0,0,440833817292.00604
116.21917808219177,42420,5.732731286352968e-60,440833817292.00604,392251223491.0275,783034257748.7769,0.0009579178993741982,100.0,0,440833817292.00604
116.3013698630137,42450,5.638536780733789e-60,440833817292.00604,392251223491.0275,783034257748.7769,0.0009579178993741982,100.0,0,440833817292.00604
116.38356164383562,42480,5.544342275114609e-60,440833817292.00604,392251223491.0275,783034257748.7769,0.0009579178993741982,100.0,0,440833817292.00604
116.46575342465754,42510,5.450147769495432e-60,440833817292.00604,392251223491.0275,783034257748.7769,0.0009579178993741982,100.0,0,440833817292.00604
116.54794520547945,42540,5.355953263876253e-60,440833817292.00604,392251223491.0275,783034257748.7769,0.0009579178993741982,100.0,0,440833817292.00604
116.63013698630137,42570,5.261758758257074e-60,440833817292.00604,392251223491.0275,783034257748.7769,0.0009579178993741982,100.0,0,440833817292.00604
116.71232876712328,42600,5.167564252637894e-60,440833817292.00604,392251223491.0275,783034257748.7769,0.0009579178993741982,100.0,0,440833817292.00604
116.79452054794521,42630,5.073369747018715e-60,440833817292.00604,392251223491.0275,783034257748.7769,0.0009579178993741982,100.0,0,440833817292.00604
116.87671232876713,42660,4.979175241399537e-60,440833817292.00604,392251223491.0275,783034257748.7769,0.0009579178993741982,100.0,0,440833817292.00604
116.95890410958904,42690,4.884980735780356e-60,440833817292.00604,392251223491.0275,783034257748.7769,0.0009579178993741982,100.0,0,440833817292.00604
117.04109589041096,42720,4.790786230161178e-60,440833817292.00604,392251223491.0275,783034257748.7769,0.0009579178993741982,100.0,0,440833817292.00604
117.12328767123287,42750,4.696591724541999e-60,440833817292.00604,392251223491.0275,783034257748.7769,0.0009579178993741982,100.0,0,440833817292.00604
117.20547945205479,42780,4.60239721892282e-60,440833817292.00604,392251223491.0275,783034257748.7769,0.0009579178993741982,100.0,0,440833817292.00604
117.28767123287672,42810,4.508202713303641e-60,440833817292.00604,392251223491.0275,783034257748.7769,0.0009579178993741982,100.0,0,440833817292.00604
117.36986301369863,42840,4.414008207684462e-60,440833817292.00604,392251223491.0275,783034257748.7769,0.0009579178993741982,100.0,0,440833817292.00604
117.45205479452055,42870,4.319813702065283e-60,440833817292.00604,392251223491.0275,783034257748.7769,0.0009579178993741982,100.0,0,440833817292.00604
117.53424657534246,42900,4.2256191964461036e-60,440833817292.00604,392251223491.0275,783034257748.7769,0.0009579178993741982,100.0,0,440833817292.00604
117.61643835616438,42930,4.131424690826924e-60,440833817292.00604,392251223491.0275,783034257748.7769,0.0009579178993741982,100.0,0,440833817292.00604
117.6986301369863,42960,4.0372301852077455e-60,440833817292.00604,392251223491.0275,783034257748.7769,0.0009579178993741982,100.0,0,440833817292.00604
117.78082191780823,42990,3.943035679588566e-60,440833817292.00604,392251223491.0275,783034257748.7769,0.0009579178993741982,100.0,0,440833817292.00604
117.86301369863014,43020,3.8488411739693874e-60,440833817292.00604,392251223491.0275,783034257748.7769,0.0009579178993741982,100.0,0,440833817292.00604
117.94520547945206,43050,3.754646668350208e-60,440833817292.00604,392251223491.0275,783034257748.7769,0.0009579178993741982,100.0,0,440833817292.00604
118.02739726027397,43080,3.6604521627310287e-60,440833817292.00604,392251223491.0275,783034257748.7769,0.0009579178993741982,100.0,0,440833817292.00604
118.10958904109589,43110,3.56625765711185e-60,440833817292.00604,392251223491.0275,783034257748.7769,0.0009579178993741982,100.0,0,440833817292.00604
118.1917808219178,43140,3.4720631514926705e-60,440833817292.00604,392251223491.0275,783034257748.7769,0.0009579178993741982,100.0,0,440833817292.00604
118.27397260273973,43170,3.377868645873492e-60,440833817292.00604,392251223491.0275,783034257748.7769,0.0009579178993741982,100.0,0,440833817292.00604
118.35616438356165,43200,3.2836741402543124e-60,440833817292.00604,392251223491.0275,783034257748.7769,0.0009579178993741982,100.0,0,440833817292.00604
118.43835616438356,43230,3.1894796346351336e-60,440833817292.00604,392251223491.0275,783034257748.7769,0.0009579178993741982,100.0,0,440833817292.00604
118.52054794520548,43260,3.095285129015955e-60,440833817292.00604,392251223491.0275,783034257748.7769,0.0009579178993741982,100.0,0,440833817292.00604
118.6027397260274,43290,3.0010906233967755e-60,440833817292.00604,392251223491.0275,783034257748.7769,0.0009579178993741982,100.0,0,440833817292.00604
118.68493150684931,43320,2.9068961177775967e-60,440833817292.00604,392251223491.0275,783034257748.7769,0.0009579178993741982,100.0,0,440833817292.00604
118.76712328767124,43350,2.812701612158418e-60,440833817292.00604,392251223491.0275,783034257748.7769,0.0009579178993741982,100.0,0,440833817292.00604
118.84931506849315,43380,2.7185071065392386e-60,440833817292.00604,392251223491.0275,783034257748.7769,0.0009579178993741982,100.0,0,440833817292.00604
118.93150684931507,43410,2.624312600920059e-60,440833817292.00604,392251223491.0275,783034257748.7769,0.0009579178993741982,100.0,0,440833817292.00604
119.01369863013699,43440,2.53011809530088e-60,440833817292.00604,392251223491.0275,783034257748.7769,0.0009579178993741982,100.0,0,440833817292.00604
119.0958904109589,43470,2.4359235896817014e-60,440833817292.00604,392251223491.0275,783034257748.7769,0.0009579178993741982,100.0,0,440833817292.00604
119.17808219178082,43500,2.3417290840625223e-60,440833817292.00604,392251223491.0275,783034257748.7769,0.0009579178993741982,100.0,0,440833817292.00604
119.26027397260275,43530,2.2475345784433427e-60,440833817292.00604,392251223491.0275,783034257748.7769,0.0009579178993741982,100.0,0,440833817292.00604
119.34246575342466,43560,2.153340072824164e-60,440833817292.00604,392251223491.0275,783034257748.7769,0.0009579178993741982,100.0,0,440833817292.00604
119.42465753424658,43590,2.0591455672049849e-60,440833817292.00604,392251223491.0275,783034257748.7769,0.0009579178993741982,100.0,0,440833817292.00604
119.5068493150685,43620,1.9649510615858058e-60,440833817292.00604,392251223491.0275,783034257748.7769,0.0009579178993741982,100.0,0,440833817292.00604
119.58904109589041,43650,1.870756555966627e-60,440833817292.00604,392251223491.0275,783034257748.7769,0.0009579178993741982,100.0,0,440833817292.00604
119.67123287671232,43680,1.7765620503474477e-60,440833817292.00604,392251223491.0275,783034257748.7769,0.0009579178993741982,100.0,0,440833817292.00604
119.75342465753425,43710,1.6823675447282686e-60,440833817292.00604,392251223491.0275,783034257748.7769,0.0009579178993741982,100.0,0,440833817292.00604
119.83561643835617,43740,1.5881730391090895e-60,440833817292.00604,392251223491.0275,783034257748.7769,0.0009579178993741982,100.0,0,440833817292.00604
119.91780821917808,43770,1.4939785334899105e-60,440833817292.00604,392251223491.0275,783034257748.7769,0.0009579178993741982,100.0,0,440833817292.00604
120.0,43800,1.3997840278707314e-60,440833817292.00604,392251223491.0275,783034257748.7769,0.0009579178993741982,100.0,0,440833817292.00604
120.08219178082192,43830,1.3055895222515523e-60,440833817292.00604,392251223491.0275,783034257748.7769,0.0009579178993741982,100.0,0,440833817292.00604
120.16438356164383,43860,1.2113950166323733e-60,440833817292.00604,392251223491.0275,783034257748.7769,0.0009579178993741982,100.0,0,440833817292.00604
120.24657534246575,43890,1.1172005110131944e-60,440833817292.00604,392251223491.0275,783034257748.7769,0.0009579178993741982,100.0,0,440833817292.00604
120.32876712328768,43920,1.0230060053940152e-60,440833817292.00604,392251223491.0275,783034257748.7769,0.0009579178993741982,100.0,0,440833817292.00604
120.41095890410959,43950,9.288114997748362e-61,440833817292.00604,392251223491.0275,783034257748.7769,0.0009579178993741982,100.0,0,440833817292.00604
120.4931506849315,43980,8.346169941556572e-61,440833817292.00604,392251223491.0275,783034257748.7769,0.0009579178993741982,100.0,0,440833817292.00604
120.57534246575342,44010,7.40422488536478e-61,440833817292.00604,392251223491.0275,783034257748.7769,0.0009579178993741982,100.0,0,440833817292.00604
120.65753424657534,44040,6.46227982917299e-61,440833817292.00604,392251223491.0275,783034257748.7769,0.0009579178993741982,100.0,0,440833817292.00604
120.73972602739725,44070,5.520334772981199e-61,440833817292.00604,392251223491.0275,783034257748.7769,0.0009579178993741982,100.0,0,440833817292.00604
120.82191780821918,44100,4.5783897167894084e-61,440833817292.00604,392251223491.0275,783034257748.7769,0.0009579178993741982,100.0,0,440833817292.00604
120.9041095890411,44130,3.636444660597618e-61,440833817292.00604,392251223491.0275,783034257748.7769,0.0009579178993741982,100.0,0,440833817292.00604
120.98630136986301,44160,2.694499604405827e-61,440833817292.00604,392251223491.0275,783034257748.7769,0.0009579178993741982,100.0,0,440833817292.00604
121.06849315068493,44190,1.7525545482140365e-61,440833817292.00604,392251223491.0275,783034257748.7769,0.0009579178993741982,100.0,0,440833817292.00604
121.15068493150685,44220,8.106094920222458e-62,440833817292.00604,392251223491.0275,783034257748.7769,0.0009579178993741982,100.0,0,440833817292.00604
121.23287671232876,44250,-5.5599891693840155e-64,440833817292.00604,392251223491.0275,783034257748.7769,0.0009579178993741982,100.0,0,440833817292.00604
121.31506849315069,44280,-5.555381088567747e-64,440833817292.00604,392251223491.0275,783034257748.7769,0.0009579178993741982,100.0,0,440833817292.00604
121.3972602739726,44310,-5.550773007751477e-64,440833817292.00604,392251223491.0275,783034257748.7769,0.0009579178993741982,100.0,0,440833817292.00604
121.47945205479452,44340,-5.5461649269352085e-64,440833817292.00604,392251223491.0275,783034257748.7769,0.0009579178993741982,100.0,0,440833817292.00604
121.56164383561644,44370,-5.54155684611894e-64,440833817292.00604,392251223491.0275,783034257748.7769,0.0009579178993741982,100.0,0,440833817292.00604
121.64383561643835,44400,-5.5369487653026703e-64,440833817292.00604,392251223491.0275,783034257748.7769,0.0009579178993741982,100.0,0,440833817292.00604
121.72602739726027,44430,-5.5323406844864016e-64,440833817292.00604,392251223491.0275,783034257748.7769,0.0009579178993741982,100.0,0,440833817292.00604
121.8082191780822,44460,-5.527732603670132e-64,440833817292.00604,392251223491.0275,783034257748.7769,0.0009579178993741982,100.0,0,440833817292.00604
121.89041095890411,44490,-5.5231245228538634e-64,440833817292.00604,392251223491.0275,783034257748.7769,0.0009579178993741982,100.0,0,440833817292.00604
121.97260273972603,44520,-5.518516442037594e-64,440833817292.00604,392251223491.0275,783034257748.7769,0.0009579178993741982,100.0,0,440833817292.00604
122.05479452054794,44550,-5.513908361221325e-64,440833817292.00604,392251223491.0275,783034257748.7769,0.0009579178993741982,100.0,0,440833817292.00604
122.13698630136986,44580,-5.509300280405057e-64,440833817292.00604,392251223491.0275,783034257748.7769,0.0009579178993741982,100.0,0,440833817292.00604
122.21917808219177,44610,-5.504692199588788e-64,440833817292.00604,392251223491.0275,783034257748.7769,0.0009579178993741982,100.0,0,440833817292.00604
122.3013698630137,44640,-5.500084118772519e-64,440833817292.00604,392251223491.0275,783034257748.7769,0.0009579178993741982,100.0,0,440833817292.00604
122.38356164383562,44670,-5.4954760379562495e-64,440833817292.00604,392251223491.0275,783034257748.7769,0.0009579178993741982,100.0,0,440833817292.00604
122.46575342465754,44700,-5.490867957139981e-64,440833817292.00604,392251223491.0275,783034257748.7769,0.0009579178993741982,100.0,0,440833817292.00604
122.54794520547945,44730,-5.486259876323712e-64,440833817292.00604,392251223491.0275,783034257748.7769,0.0009579178993741982,100.0,0,440833817292.00604
122.63013698630137,44760,-5.4816517955074426e-64,440833817292.00604,392251223491.0275,783034257748.7769,0.0009579178993741982,100.0,0,440833817292.00604
122.71232876712328,44790,-5.477043714691174e-64,440833817292.00604,392251223491.0275,783034257748.7769,0.0009579178993741982,100.0,0,440833817292.00604
122.79452054794521,44820,-5.472435633874905e-64,440833817292.00604,392251223491.0275,783034257748.7769,0.0009579178993741982,100.0,0,440833817292.00604
122.87671232876713,44850,-5.4678275530586364e-64,440833817292.00604,392251223491.0275,783034257748.7769,0.0009579178993741982,100.0,0,440833817292.00604
122.95890410958904,44880,-5.4632194722423676e-64,440833817292.00604,392251223491.0275,783034257748.7769,0.0009579178993741982,100.0,0,440833817292.00604
123.04109589041096,44910,-5.4586113914260975e-64,440833817292.00604,392251223491.0275,783034257748.7769,0.0009579178993741982,100.0,0,440833817292.00604
123.12328767123287,44940,-5.454003310609829e-64,440833817292.00604,392251223491.0275,783034257748.7769,0.0009579178993741982,100.0,0,440833817292.00604
123.20547945205479,44970,-5.449395229793559e-64,440833817292.00604,392251223491.0275,783034257748.7769,0.0009579178993741982,100.0,0,440833817292.00604
123.28767123287672,45000,-5.4447871489772906e-64,440833817292.00604,392251223491.0275,783034257748.7769,0.0009579178993741982,100.0,0,440833817292.00604
123.36986301369863,45030,-5.440179068161022e-64,440833817292.00604,392251223491.0275,783034257748.7769,0.0009579178993741982,100.0,0,440833817292.00604
123.45205479452055,45060,-5.4355709873447524e-64,440833817292.00604,392251223491.0275,783034257748.7769,0.0009579178993741982,100.0,0,440833817292.00604
123.53424657534246,45090,-5.430962906528484e-64,440833817292.00604,392251223491.0275,783034257748.7769,0.0009579178993741982,100.0,0,440833817292.00604
123.61643835616438,45120,-5.426354825712215e-64,440833817292.00604,392251223491.0275,783034257748.7769,0.0009579178993741982,100.0,0,440833817292.00604
123.6986301369863,45150,-5.421746744895946e-64,440833817292.00604,392251223491.0275,783034257748.7769,0.0009579178993741982,100.0,0,440833817292.00604
123.78082191780823,45180,-5.4171386640796774e-64,440833817292.00604,392251223491.0275,783034257748.7769,0.0009579178993741982,100.0,0,440833817292.00604
123.86301369863014,45210,-5.412530583263408e-64,440833817292.00604,392251223491.0275,783034257748.7769,0.0009579178993741982,100.0,0,440833817292.00604
123.94520547945206,45240,-5.407922502447139e-64,440833817292.00604,392251223491.0275,783034257748.7769,0.0009579178993741982,100.0,0,440833817292.00604
124.02739726027397,45270,-5.40331442163087e-64,440833817292.00604,392251223491.0275,783034257748.7769,0.0009579178993741982,100.0,0,440833817292.00604
124.10958904109589,45300,-5.398706340814601e-64,440833817292.00604,392251223491.0275,783034257748.7769,0.0009579178993741982,100.0,0,440833817292.00604
124.1917808219178,45330,-5.394098259998333e-64,440833817292.00604,392251223491.0275,783034257748.7769,0.0009579178993741982,100.0,0,440833817292.00604
124.27397260273973,45360,-5.3894901791820635e-64,440833817292.00604,392251223491.0275,783034257748.7769,0.0009579178993741982,100.0,0,440833817292.00604
124.35616438356165,45390,-5.384882098365795e-64,440833817292.00604,392251223491.0275,783034257748.7769,0.0009579178993741982,100.0,0,440833817292.00604
124.43835616438356,45420,-5.3802740175495247e-64,440833817292.00604,392251223491.0275,783034257748.7769,0.0009579178993741982,100.0,0,440833817292.00604
124.52054794520548,45450,-5.375665936733256e-64,440833817292.00604,392251223491.0275,783034257748.7769,0.0009579178993741982,100.0,0,440833817292.00604
124.6027397260274,45480,-5.371057855916987e-64,440833817292.00604,392251223491.0275,783034257748.7769,0.0009579178993741982,100.0,0,440833817292.00604
124.68493150684931,45510,-5.366449775100718e-64,440833817292.00604,392251223491.0275,783034257748.7769,0.0009579178993741982,100.0,0,440833817292.00604
124.76712328767124,45540,-5.361841694284449e-64,440833817292.00604,392251223491.0275,783034257748.7769,0.0009579178993741982,100.0,0,440833817292.00604
124.84931506849315,45570,-5.35723361346818e-64,440833817292.00604,392251223491.0275,783034257748.7769,0.0009579178993741982,100.0,0,440833817292.00604
124.93150684931507,45600,-5.3526255326519115e-64,440833817292.00604,392251223491.0275,783034257748.7769,0.0009579178993741982,100.0,0,440833817292.00604
125.01369863013699,45630,-5.348017451835643e-64,440833817292.00604,392251223491.0275,783034257748.7769,0.0009579178993741982,100.0,0,440833817292.00604
125.0958904109589,45660,-5.343409371019373e-64,440833817292.00604,392251223491.0275,783034257748.7769,0.0009579178993741982,100.0,0,440833817292.00604
125.17808219178082,45690,-5.3388012902031045e-64,440833817292.00604,392251223491.0275,783034257748.7769,0.0009579178993741982,100.0,0,440833817292.00604
125.26027397260275,45720,-5.334193209386835e-64,440833817292.00604,392251223491.0275,783034257748.7769,0.0009579178993741982,100.0,0,440833817292.00604
125.34246575342466,45750,-5.3295851285705664e-64,440833817292.00604,392251223491.0275,783034257748.7769,0.0009579178993741982,100.0,0,440833817292.00604
125.42465753424658,45780,-5.324977047754297e-64,440833817292.00604,392251223491.0275,783034257748.7769,0.0009579178993741982,100.0,0,440833817292.00604
125.5068493150685,45810,-5.320368966938028e-64,440833817292.00604,392251223491.0275,783034257748.7769,0.0009579178993741982,100.0,0,440833817292.00604
125.58904109589041,45840,-5.31576088612176e-64,440833817292.00604,392251223491.0275,783034257748.7769,0.0009579178993741982,100.0,0,440833817292.00604
125.67123287671232,45870,-5.311152805305491e-64,440833817292.00604,392251223491.0275,783034257748.7769,0.0009579178993741982,100.0,0,440833817292.00604
125.75342465753425,45900,-5.306544724489222e-64,440833817292.00604,392251223491.0275,783034257748.7769,0.0009579178993741982,100.0,0,440833817292.00604
125.83561643835617,45930,-5.301936643672953e-64,440833817292.00604,392251223491.0275,783034257748.7769,0.0009579178993741982,100.0,0,440833817292.00604
125.91780821917808,45960,-5.297328562856684e-64,440833817292.00604,392251223491.0275,783034257748.7769,0.0009579178993741982,100.0,0,440833817292.00604
126.0,45990,-5.292720482040414e-64,440833817292.00604,392251223491.0275,783034257748.7769,0.0009579178993741982,100.0,0,440833817292.00604
126.08219178082192,46020,-5.288112401224145e-64,440833817292.00604,392251223491.0275,783034257748.7769,0.0009579178993741982,100.0,0,440833817292.00604
126.16438356164383,46050,-5.283504320407876e-64,440833817292.00604,392251223491.0275,783034257748.7769,0.0009579178993741982,100.0,0,440833817292.00604
126.24657534246575,46080,-5.278896239591608e-64,440833817292.00604,392251223491.0275,783034257748.7769,0.0009579178993741982,100.0,0,440833817292.00604
126.32876712328768,46110,-5.2742881587753386e-64,440833817292.00604,392251223491.0275,783034257748.7769,0.0009579178993741982,100.0,0,440833817292.00604
126.41095890410959,46140,-5.26968007795907e-64,440833817292.00604,392251223491.0275,783034257748.7769,0.0009579178993741982,100.0,0,440833817292.00604
126.4931506849315,46170,-5.2650719971428004e-64,440833817292.00604,392251223491.0275,783034257748.7769,0.0009579178993741982,100.0,0,440833817292.00604
126.57534246575342,46200,-5.260463916326532e-64,440833817292.00604,392251223491.0275,783034257748.7769,0.0009579178993741982,100.0,0,440833817292.00604
126.65753424657534,46230,-5.255855835510262e-64,440833817292.00604,392251223491.0275,783034257748.7769,0.0009579178993741982,100.0,0,440833817292.00604
126.73972602739725,46260,-5.2512477546939935e-64,440833817292.00604,392251223491.0275,783034257748.7769,0.0009579178993741982,100.0,0,440833817292.00604
126.82191780821918,46290,-5.246639673877725e-64,440833817292.00604,392251223491.0275,783034257748.7769,0.0009579178993741982,100.0,0,440833817292.00604
126.9041095890411,46320,-5.242031593061455e-64,440833817292.00604,392251223491.0275,783034257748.7769,0.0009579178993741982,100.0,0,440833817292.00604
126.98630136986301,46350,-5.237423512245187e-64,440833817292.00604,392251223491.0275,783034257748.7769,0.0009579178993741982,100.0,0,440833817292.00604
127.06849315068493,46380,-5.232815431428918e-64,440833817292.00604,392251223491.0275,783034257748.7769,0.0009579178993741982,100.0,0,440833817292.00604
127.15068493150685,46410,-5.228207350612649e-64,440833817292.00604,392251223491.0275,783034257748.7769,0.0009579178993741982,100.0,0,440833817292.00604
127.23287671232876,46440,-5.22359926979638e-64,440833817292.00604,392251223491.0275,783034257748.7769,0.0009579178993741982,100.0,0,440833817292.00604
127.31506849315069,46470,-5.218991188980111e-64,440833817292.00604,392251223491.0275,783034257748.7769,0.0009579178993741982,100.0,0,440833817292.00604
127.3972602739726,46500,-5.214383108163842e-64,440833817292.00604,392251223491.0275,783034257748.7769,0.0009579178993741982,100.0,0,440833817292.00604
127.47945205479452,46530,-5.209775027347572e-64,440833817292.00604,392251223491.0275,783034257748.7769,0.0009579178993741982,100.0,0,440833817292.00604
127.56164383561644,46560,-5.205166946531303e-64,440833817292.00604,392251223491.0275,783034257748.7769,0.0009579178993741982,100.0,0,440833817292.00604
127.64383561643835,46590,-5.200558865715035e-64,440833817292.00604,392251223491.0275,783034257748.7769,0.0009579178993741982,100.0,0,440833817292.00604
127.72602739726027,46620,-5.195950784898766e-64,440833817292.00604,392251223491.0275,783034257748.7769,0.0009579178993741982,100.0,0,440833817292.00604
127.8082191780822,46650,-5.191342704082497e-64,440833817292.00604,392251223491.0275,783034257748.7769,0.0009579178993741982,100.0,0,440833817292.00604
127.89041095890411,46680,-5.1867346232662276e-64,440833817292.00604,392251223491.0275,783034257748.7769,0.0009579178993741982,100.0,0,440833817292.00604
127.97260273972603,46710,-5.182126542449959e-64,440833817292.00604,392251223491.0275,783034257748.7769,0.0009579178993741982,100.0,0,440833817292.00604
128.05479452054794,46740,-5.17751846163369e-64,440833817292.00604,392251223491.0275,783034257748.7769,0.0009579178993741982,100.0,0,440833817292.00604
128.13698630136986,46770,-5.172910380817421e-64,440833817292.00604,392251223491.0275,783034257748.7769,0.0009579178993741982,100.0,0,440833817292.00604
128.21917808219177,46800,-5.168302300001152e-64,440833817292.00604,392251223491.0275,783034257748.7769,0.0009579178993741982,100.0,0,440833817292.00604
128.3013698630137,46830,-5.163694219184883e-64,440833817292.00604,392251223491.0275,783034257748.7769,0.0009579178993741982,100.0,0,440833817292.00604
128.3835616438356,46860,-5.1590861383686144e-64,440833817292.00604,392251223491.0275,783034257748.7769,0.0009579178993741982,100.0,0,440833817292.00604
128.46575342465752,46890,-5.1544780575523457e-64,440833817292.00604,392251223491.0275,783034257748.7769,0.0009579178993741982,100.0,0,440833817292.00604
128.54794520547946,46920,-5.149869976736076e-64,440833817292.00604,392251223491.0275,783034257748.7769,0.0009579178993741982,100.0,0,440833817292.00604
128.63013698630138,46950,-5.1452618959198075e-64,440833817292.00604,392251223491.0275,783034257748.7769,0.0009579178993741982,100.0,0,440833817292.00604
128.7123287671233,46980,-5.140653815103538e-64,440833817292.00604,392251223491.0275,783034257748.7769,0.0009579178993741982,100.0,0,440833817292.00604
128.7945205479452,47010,-5.136045734287269e-64,440833817292.00604,392251223491.0275,783034257748.7769,0.0009579178993741982,100.0,0,440833817292.00604
128.87671232876713,47040,-5.1314376534710006e-64,440833817292.00604,392251223491.0275,783034257748.7769,0.0009579178993741982,100.0,0,440833817292.00604
128.95890410958904,47070,-5.1268295726547304e-64,440833817292.00604,392251223491.0275,783034257748.7769,0.0009579178993741982,100.0,0,440833817292.00604
129.04109589041096,47100,-5.1222214918384624e-64,440833817292.00604,392251223491.0275,783034257748.7769,0.0009579178993741982,100.0,0,440833817292.00604
129.12328767123287,47130,-5.117613411022193e-64,440833817292.00604,392251223491.0275,783034257748.7769,0.0009579178993741982,100.0,0,440833817292.00604
129.2054794520548,47160,-5.113005330205924e-64,440833817292.00604,392251223491.0275,783034257748.7769,0.0009579178993741982,100.0,0,440833817292.00604
129.2876712328767,47190,-5.1083972493896554e-64,440833817292.00604,392251223491.0275,783034257748.7769,0.0009579178993741982,100.0,0,440833817292.00604
129.36986301369862,47220,-5.103789168573386e-64,440833817292.00604,392251223491.0275,783034257748.7769,0.0009579178993741982,100.0,0,440833817292.00604
129.45205479452054,47250,-5.099181087757117e-64,440833817292.00604,392251223491.0275,783034257748.7769,0.0009579178993741982,100.0,0,440833817292.00604
129.53424657534248,47280,-5.094573006940848e-64,440833817292.00604,392251223491.0275,783034257748.7769,0.0009579178993741982,100.0,0,440833817292.00604
129.6164383561644,47310,-5.089964926124579e-64,440833817292.00604,392251223491.0275,783034257748.7769,0.0009579178993741982,100.0,0,440833817292.00604
129.6986301369863,47340,-5.085356845308311e-64,440833817292.00604,392251223491.0275,783034257748.7769,0.0009579178993741982,100.0,0,440833817292.00604
129.78082191780823,47370,-5.0807487644920416e-64,440833817292.00604,392251223491.0275,783034257748.7769,0.0009579178993741982,100.0,0,440833817292.00604
129.86301369863014,47400,-5.076140683675773e-64,440833817292.00604,392251223491.0275,783034257748.7769,0.0009579178993741982,100.0,0,440833817292.00604
129.94520547945206,47430,-5.0715326028595034e-64,440833817292.00604,392251223491.0275,783034257748.7769,0.0009579178993741982,100.0,0,440833817292.00604
130.02739726027397,47460,-5.0669245220432346e-64,440833817292.00604,392251223491.0275,783034257748.7769,0.0009579178993741982,100.0,0,440833817292.00604
130.1095890410959,47490,-5.062316441226966e-64,440833817292.00604,392251223491.0275,783034257748.7769,0.0009579178993741982,100.0,0,440833817292.00604
130.1917808219178,47520,-5.0577083604106965e-64,440833817292.00604,392251223491.0275,783034257748.7769,0.0009579178993741982,100.0,0,440833817292.00604
130.27397260273972,47550,-5.053100279594428e-64,440833817292.00604,392251223491.0275,783034257748.7769,0.0009579178993741982,100.0,0,440833817292.00604
130.35616438356163,47580,-5.048492198778159e-64,440833817292.00604,392251223491.0275,783034257748.7769,0.0009579178993741982,100.0,0,440833817292.00604
130.43835616438355,47610,-5.04388411796189e-64,440833817292.00604,392251223491.0275,783034257748.7769,0.0009579178993741982,100.0,0,440833817292.00604
130.5205479452055,47640,-5.039276037145621e-64,440833817292.00604,392251223491.0275,783034257748.7769,0.0009579178993741982,100.0,0,440833817292.00604
130.6027397260274,47670,-5.0346679563293513e-64,440833817292.00604,392251223491.0275,783034257748.7769,0.0009579178993741982,100.0,0,440833817292.00604
130.68493150684932,47700,-5.0300598755130826e-64,440833817292.00604,392251223491.0275,783034257748.7769,0.0009579178993741982,100.0,0,440833817292.00604
130.76712328767124,47730,-5.025451794696813e-64,440833817292.00604,392251223491.0275,783034257748.7769,0.0009579178993741982,100.0,0,440833817292.00604
130.84931506849315,47760,-5.0208437138805444e-64,440833817292.00604,392251223491.0275,783034257748.7769,0.0009579178993741982,100.0,0,440833817292.00604
130.93150684931507,47790,-5.016235633064275e-64,440833817292.00604,392251223491.0275,783034257748.7769,0.0009579178993741982,100.0,0,440833817292.00604
131.013698630137,47820,-5.011627552248006e-64,440833817292.00604,392251223491.0275,783034257748.7769,0.0009579178993741982,100.0,0,440833817292.00604
131.0958904109589,47850,-5.007019471431738e-64,440833817292.00604,392251223491.0275,783034257748.7769,0.0009579178993741982,100.0,0,440833817292.00604
131.17808219178082,47880,-5.002411390615469e-64,440833817292.00604,392251223491.0275,783034257748.7769,0.0009579178993741982,100.0,0,440833817292.00604
131.26027397260273,47910,-4.9978033097992e-64,440833817292.00604,392251223491.0275,783034257748.7769,0.0009579178993741982,100.0,0,440833817292.00604
131.34246575342465,47940,-4.9931952289829306e-64,440833817292.00604,392251223491.0275,783034257748.7769,0.0009579178993741982,100.0,0,440833817292.00604
131.42465753424656,47970,-4.988587148166662e-64,440833817292.00604,392251223491.0275,783034257748.7769,0.0009579178993741982,100.0,0,440833817292.00604
131.5068493150685,48000,-4.983979067350393e-64,440833817292.00604,392251223491.0275,783034257748.7769,0.0009579178993741982,100.0,0,440833817292.00604
131.58904109589042,48030,-4.9793709865341236e-64,440833817292.00604,392251223491.0275,783034257748.7769,0.0009579178993741982,100.0,0,440833817292.00604
131.67123287671234,48060,-4.974762905717855e-64,440833817292.00604,392251223491.0275,783034257748.7769,0.0009579178993741982,100.0,0,440833817292.00604
131.75342465753425,48090,-4.970154824901587e-64,440833817292.00604,392251223491.0275,783034257748.7769,0.0009579178993741982,100.0,0,440833817292.00604
131.83561643835617,48120,-4.9655467440853174e-64,440833817292.00604,392251223491.0275,783034257748.7769,0.0009579178993741982,100.0,0,440833817292.00604
131.91780821917808,48150,-4.9609386632690486e-64,440833817292.00604,392251223491.0275,783034257748.7769,0.0009579178993741982,100.0,0,440833817292.00604
132.0,48180,-4.9563305824527785e-64,440833817292.00604,392251223491.0275,783034257748.7769,0.0009579178993741982,100.0,0,440833817292.00604
132.08219178082192,48210,-4.95172250163651e-64,440833817292.00604,392251223491.0275,783034257748.7769,0.0009579178993741982,100.0,0,440833817292.00604
132.16438356164383,48240,-4.94711442082024e-64,440833817292.00604,392251223491.0275,783034257748.7769,0.0009579178993741982,100.0,0,440833817292.00604
132.24657534246575,48270,-4.9425063400039716e-64,440833817292.00604,392251223491.0275,783034257748.7769,0.0009579178993741982,100.0,0,440833817292.00604
132.32876712328766,48300,-4.937898259187703e-64,440833817292.00604,392251223491.0275,783034257748.7769,0.0009579178993741982,100.0,0,440833817292.00604
132.41095890410958,48330,-4.933290178371434e-64,440833817292.00604,392251223491.0275,783034257748.7769,0.0009579178993741982,100.0,0,440833817292.00604
132.4931506849315,48360,-4.928682097555165e-64,440833817292.00604,392251223491.0275,783034257748.7769,0.0009579178993741982,100.0,0,440833817292.00604
132.57534246575344,48390,-4.924074016738896e-64,440833817292.00604,392251223491.0275,783034257748.7769,0.0009579178993741982,100.0,0,440833817292.00604
132.65753424657535,48420,-4.919465935922627e-64,440833817292.00604,392251223491.0275,783034257748.7769,0.0009579178993741982,100.0,0,440833817292.00604
132.73972602739727,48450,-4.9148578551063584e-64,440833817292.00604,392251223491.0275,783034257748.7769,0.0009579178993741982,100.0,0,440833817292.00604
132.82191780821918,48480,-4.910249774290089e-64,440833817292.00604,392251223491.0275,783034257748.7769,0.0009579178993741982,100.0,0,440833817292.00604
132.9041095890411,48510,-4.90564169347382e-64,440833817292.00604,392251223491.0275,783034257748.7769,0.0009579178993741982,100.0,0,440833817292.00604
132.986301369863,48540,-4.901033612657551e-64,440833817292.00604,392251223491.0275,783034257748.7769,0.0009579178993741982,100.0,0,440833817292.00604
133.06849315068493,48570,-4.896425531841282e-64,440833817292.00604,392251223491.0275,783034257748.7769,0.0009579178993741982,100.0,0,440833817292.00604
133.15068493150685,48600,-4.891817451025014e-64,440833817292.00604,392251223491.0275,783034257748.7769,0.0009579178993741982,100.0,0,440833817292.00604
133.23287671232876,48630,-4.8872093702087445e-64,440833817292.00604,392251223491.0275,783034257748.7769,0.0009579178993741982,100.0,0,440833817292.00604
133.31506849315068,48660,-4.882601289392476e-64,440833817292.00604,392251223491.0275,783034257748.7769,0.0009579178993741982,100.0,0,440833817292.00604
133.3972602739726,48690,-4.8779932085762063e-64,440833817292.00604,392251223491.0275,783034257748.7769,0.0009579178993741982,100.0,0,440833817292.00604
133.4794520547945,48720,-4.873385127759937e-64,440833817292.00604,392251223491.0275,783034257748.7769,0.0009579178993741982,100.0,0,440833817292.00604
133.56164383561645,48750,-4.868777046943668e-64,440833817292.00604,392251223491.0275,783034257748.7769,0.0009579178993741982,100.0,0,440833817292.00604
133.64383561643837,48780,-4.864168966127399e-64,440833817292.00604,392251223491.0275,783034257748.7769,0.0009579178993741982,100.0,0,440833817292.00604
133.72602739726028,48810,-4.85956088531113e-64,440833817292.00604,392251223491.0275,783034257748.7769,0.0009579178993741982,100.0,0,440833817292.00604
133.8082191780822,48840,-4.854952804494861e-64,440833817292.00604,392251223491.0275,783034257748.7769,0.0009579178993741982,100.0,0,440833817292.00604
133.8904109589041,48870,-4.8503447236785925e-64,440833817292.00604,392251223491.0275,783034257748.7769,0.0009579178993741982,100.0,0,440833817292.00604
133.97260273972603,48900,-4.845736642862324e-64,440833817292.00604,392251223491.0275,783034257748.7769,0.0009579178993741982,100.0,0,440833817292.00604
134.05479452054794,48930,-4.841128562046054e-64,440833817292.00604,392251223491.0275,783034257748.7769,0.0009579178993741982,100.0,0,440833817292.00604
134.13698630136986,48960,-4.8365204812297855e-64,440833817292.00604,392251223491.0275,783034257748.7769,0.0009579178993741982,100.0,0,440833817292.00604
134.21917808219177,48990,-4.831912400413516e-64,440833817292.00604,392251223491.0275,783034257748.7769,0.0009579178993741982,100.0,0,440833817292.00604
134.3013698630137,49020,-4.8273043195972474e-64,440833817292.00604,392251223491.0275,783034257748.7769,0.0009579178993741982,100.0,0,440833817292.00604
134.3835616438356,49050,-4.8226962387809786e-64,440833817292.00604,392251223491.0275,783034257748.7769,0.0009579178993741982,100.0,0,440833817292.00604
134.46575342465752,49080,-4.81808815796471e-64,440833817292.00604,392251223491.0275,783034257748.7769,0.0009579178993741982,100.0,0,440833817292.00604
134.54794520547946,49110,-4.813480077148441e-64,440833817292.00604,392251223491.0275,783034257748.7769,0.0009579178993741982,100.0,0,440833817292.00604
134.63013698630138,49140,-4.808871996332172e-64,440833817292.00604,392251223491.0275,783034257748.7769,0.0009579178993741982,100.0,0,440833817292.00604
134.7123287671233,49170,-4.804263915515903e-64,440833817292.00604,392251223491.0275,783034257748.7769,0.0009579178993741982,100.0,0,440833817292.00604
134.7945205479452,49200,-4.799655834699634e-64,440833817292.00604,392251223491.0275,783034257748.7769,0.0009579178993741982,100.0,0,440833817292.00604
134.87671232876713,49230,-4.795047753883365e-64,440833817292.00604,392251223491.0275,783034257748.7769,0.0009579178993741982,100.0,0,440833817292.00604
134.95890410958904,49260,-4.790439673067095e-64,440833817292.00604,392251223491.0275,783034257748.7769,0.0009579178993741982,100.0,0,440833817292.00604
135.04109589041096,49290,-4.785831592250826e-64,440833817292.00604,392251223491.0275,783034257748.7769,0.0009579178993741982,100.0,0,440833817292.00604
135.12328767123287,49320,-4.781223511434557e-64,440833817292.00604,392251223491.0275,783034257748.7769,0.0009579178993741982,100.0,0,440833817292.00604
135.2054794520548,49350,-4.776615430618289e-64,440833817292.00604,392251223491.0275,783034257748.7769,0.0009579178993741982,100.0,0,440833817292.00604
135.2876712328767,49380,-4.7720073498020196e-64,440833817292.00604,392251223491.0275,783034257748.7769,0.0009579178993741982,100.0,0,440833817292.00604
135.36986301369862,49410,-4.767399268985751e-64,440833817292.00604,392251223491.0275,783034257748.7769,0.0009579178993741982,100.0,0,440833817292.00604
135.45205479452054,49440,-4.7627911881694815e-64,440833817292.00604,392251223491.0275,783034257748.7769,0.0009579178993741982,100.0,0,440833817292.00604
135.53424657534248,49470,-4.758183107353213e-64,440833817292.00604,392251223491.0275,783034257748.7769,0.0009579178993741982,100.0,0,440833817292.00604
135.6164383561644,49500,-4.753575026536943e-64,440833817292.00604,392251223491.0275,783034257748.7769,0.0009579178993741982,100.0,0,440833817292.00604
135.6986301369863,49530,-4.7489669457206745e-64,440833817292.00604,392251223491.0275,783034257748.7769,0.0009579178993741982,100.0,0,440833817292.00604
135.78082191780823,49560,-4.744358864904406e-64,440833817292.00604,392251223491.0275,783034257748.7769,0.0009579178993741982,100.0,0,440833817292.00604
135.86301369863014,49590,-4.739750784088137e-64,440833817292.00604,392251223491.0275,783034257748.7769,0.0009579178993741982,100.0,0,440833817292.00604
135.94520547945206,49620,-4.735142703271868e-64,440833817292.00604,392251223491.0275,783034257748.7769,0.0009579178993741982,100.0,0,440833817292.00604
136.02739726027397,49650,-4.7305346224555995e-64,440833817292.00604,392251223491.0275,783034257748.7769,0.0009579178993741982,100.0,0,440833817292.00604
136.1095890410959,49680,-4.72592654163933e-64,440833817292.00604,392251223491.0275,783034257748.7769,0.0009579178993741982,100.0,0,440833817292.00604
136.1917808219178,49710,-4.721318460823061e-64,440833817292.00604,392251223491.0275,783034257748.7769,0.0009579178993741982,100.0,0,440833817292.00604
136.27397260273972,49740,-4.716710380006792e-64,440833817292.00604,392251223491.0275,783034257748.7769,0.0009579178993741982,100.0,0,440833817292.00604
136.35616438356163,49770,-4.712102299190523e-64,440833817292.00604,392251223491.0275,783034257748.7769,0.0009579178993741982,100.0,0,440833817292.00604
136.43835616438355,49800,-4.707494218374253e-64,440833817292.00604,392251223491.0275,783034257748.7769,0.0009579178993741982,100.0,0,440833817292.00604
136.5205479452055,49830,-4.702886137557985e-64,440833817292.00604,392251223491.0275,783034257748.7769,0.0009579178993741982,100.0,0,440833817292.00604
136.6027397260274,49860,-4.698278056741716e-64,440833817292.00604,392251223491.0275,783034257748.7769,0.0009579178993741982,100.0,0,440833817292.00604
136.68493150684932,49890,-4.693669975925447e-64,440833817292.00604,392251223491.0275,783034257748.7769,0.0009579178993741982,100.0,0,440833817292.00604
136.76712328767124,49920,-4.689061895109178e-64,440833817292.00604,392251223491.0275,783034257748.7769,0.0009579178993741982,100.0,0,440833817292.00604
136.84931506849315,49950,-4.6844538142929086e-64,440833817292.00604,392251223491.0275,783034257748.7769,0.0009579178993741982,100.0,0,440833817292.00604
136.93150684931507,49980,-4.67984573347664e-64,440833817292.00604,392251223491.0275,783034257748.7769,0.0009579178993741982,100.0,0,440833817292.00604
137.013698630137,50010,-4.675237652660371e-64,440833817292.00604,392251223491.0275,783034257748.7769,0.0009579178993741982,100.0,0,440833817292.00604
137.0958904109589,50040,-4.670629571844102e-64,440833817292.00604,392251223491.0275,783034257748.7769,0.0009579178993741982,100.0,0,440833817292.00604
137.17808219178082,50070,-4.666021491027833e-64,440833817292.00604,392251223491.0275,783034257748.7769,0.0009579178993741982,100.0,0,440833817292.00604
137.26027397260273,50100,-4.661413410211564e-64,440833817292.00604,392251223491.0275,783034257748.7769,0.0009579178993741982,100.0,0,440833817292.00604
137.34246575342465,50130,-4.6568053293952954e-64,440833817292.00604,392251223491.0275,783034257748.7769,0.0009579178993741982,100.0,0,440833817292.00604
137.42465753424656,50160,-4.652197248579027e-64,440833817292.00604,392251223491.0275,783034257748.7769,0.0009579178993741982,100.0,0,440833817292.00604
137.5068493150685,50190,-4.647589167762757e-64,440833817292.00604,392251223491.0275,783034257748.7769,0.0009579178993741982,100.0,0,440833817292.00604
137.58904109589042,50220,-4.6429810869464885e-64,440833817292.00604,392251223491.0275,783034257748.7769,0.0009579178993741982,100.0,0,440833817292.00604
137.67123287671234,50250,-4.638373006130219e-64,440833817292.00604,392251223491.0275,783034257748.7769,0.0009579178993741982,100.0,0,440833817292.00604
137.75342465753425,50280,-4.63376492531395e-64,440833817292.00604,392251223491.0275,783034257748.7769,0.0009579178993741982,100.0,0,440833817292.00604
137.83561643835617,50310,-4.6291568444976816e-64,440833817292.00604,392251223491.0275,783034257748.7769,0.0009579178993741982,100.0,0,440833817292.00604
137.91780821917808,50340,-4.624548763681413e-64,440833817292.00604,392251223491.0275,783034257748.7769,0.0009579178993741982,100.0,0,440833817292.00604
138.0,50370,-4.6199406828651434e-64,440833817292.00604,392251223491.0275,783034257748.7769,0.0009579178993741982,100.0,0,440833817292.00604
138.08219178082192,50400,-4.615332602048874e-64,440833817292.00604,392251223491.0275,783034257748.7769,0.0009579178993741982,100.0,0,440833817292.00604
138.16438356164383,50430,-4.610724521232605e-64,440833817292.00604,392251223491.0275,783034257748.7769,0.0009579178993741982,100.0,0,440833817292.00604
138.24657534246575,50460,-4.6061164404163364e-64,440833817292.00604,392251223491.0275,783034257748.7769,0.0009579178993741982,100.0,0,440833817292.00604
138.32876712328766,50490,-4.601508359600067e-64,440833817292.00604,392251223491.0275,783034257748.7769,0.0009579178993741982,100.0,0,440833817292.00604
138.41095890410958,50520,-4.596900278783798e-64,440833817292.00604,392251223491.0275,783034257748.7769,0.0009579178993741982,100.0,0,440833817292.00604
138.4931506849315,50550,-4.592292197967529e-64,440833817292.00604,392251223491.0275,783034257748.7769,0.0009579178993741982,100.0,0,440833817292.00604
138.57534246575344,50580,-4.587684117151261e-64,440833817292.00604,392251223491.0275,783034257748.7769,0.0009579178993741982,100.0,0,440833817292.00604
138.65753424657535,50610,-4.583076036334992e-64,440833817292.00604,392251223491.0275,783034257748.7769,0.0009579178993741982,100.0,0,440833817292.00604
138.73972602739727,50640,-4.5784679555187226e-64,440833817292.00604,392251223491.0275,783034257748.7769,0.0009579178993741982,100.0,0,440833817292.00604
138.82191780821918,50670,-4.573859874702454e-64,440833817292.00604,392251223491.0275,783034257748.7769,0.0009579178993741982,100.0,0,440833817292.00604
138.9041095890411,50700,-4.5692517938861844e-64,440833817292.00604,392251223491.0275,783034257748.7769,0.0009579178993741982,100.0,0,440833817292.00604
138.986301369863,50730,-4.5646437130699157e-64,440833817292.00604,392251223491.0275,783034257748.7769,0.0009579178993741982,100.0,0,440833817292.00604
139.06849315068493,50760,-4.560035632253647e-64,440833817292.00604,392251223491.0275,783034257748.7769,0.0009579178993741982,100.0,0,440833817292.00604
139.15068493150685,50790,-4.5554275514373775e-64,440833817292.00604,392251223491.0275,783034257748.7769,0.0009579178993741982,100.0,0,440833817292.00604
139.23287671232876,50820,-4.550819470621109e-64,440833817292.00604,392251223491.0275,783034257748.7769,0.0009579178993741982,100.0,0,440833817292.00604
139.31506849315068,50850,-4.54621138980484e-64,440833817292.00604,392251223491.0275,783034257748.7769,0.0009579178993741982,100.0,0,440833817292.00604
139.3972602739726,50880,-4.541603308988571e-64,440833817292.00604,392251223491.0275,783034257748.7769,0.0009579178993741982,100.0,0,440833817292.00604
139.4794520547945,50910,-4.536995228172302e-64,440833817292.00604,392251223491.0275,783034257748.7769,0.0009579178993741982,100.0,0,440833817292.00604
139.56164383561645,50940,-4.5323871473560324e-64,440833817292.00604,392251223491.0275,783034257748.7769,0.0009579178993741982,100.0,0,440833817292.00604
139.64383561643837,50970,-4.5277790665397636e-64,440833817292.00604,392251223491.0275,783034257748.7769,0.0009579178993741982,100.0,0,440833817292.00604
139.72602739726028,51000,-4.523170985723494e-64,440833817292.00604,392251223491.0275,783034257748.7769,0.0009579178993741982,100.0,0,440833817292.00604
139.8082191780822,51030,-4.5185629049072254e-64,440833817292.00604,392251223491.0275,783034257748.7769,0.0009579178993741982,100.0,0,440833817292.00604
139.8904109589041,51060,-4.513954824090956e-64,440833817292.00604,392251223491.0275,783034257748.7769,0.0009579178993741982,100.0,0,440833817292.00604
139.97260273972603,51090,-4.509346743274688e-64,440833817292.00604,392251223491.0275,783034257748.7769,0.0009579178993741982,100.0,0,440833817292.00604
140.05479452054794,51120,-4.504738662458419e-64,440833817292.00604,392251223491.0275,783034257748.7769,0.0009579178993741982,100.0,0,440833817292.00604
140.13698630136986,51150,-4.50013058164215e-64,440833817292.00604,392251223491.0275,783034257748.7769,0.0009579178993741982,100.0,0,440833817292.00604
140.21917808219177,51180,-4.495522500825881e-64,440833817292.00604,392251223491.0275,783034257748.7769,0.0009579178993741982,100.0,0,440833817292.00604
140.3013698630137,51210,-4.490914420009612e-64,440833817292.00604,392251223491.0275,783034257748.7769,0.0009579178993741982,100.0,0,440833817292.00604
140.3835616438356,51240,-4.486306339193343e-64,440833817292.00604,392251223491.0275,783034257748.7769,0.0009579178993741982,100.0,0,440833817292.00604
140.46575342465752,51270,-4.481698258377074e-64,440833817292.00604,392251223491.0275,783034257748.7769,0.0009579178993741982,100.0,0,440833817292.00604
140.54794520547946,51300,-4.4770901775608046e-64,440833817292.00604,392251223491.0275,783034257748.7769,0.0009579178993741982,100.0,0,440833817292.00604
140.63013698630138,51330,-4.472482096744536e-64,440833817292.00604,392251223491.0275,783034257748.7769,0.0009579178993741982,100.0,0,440833817292.00604
140.7123287671233,51360,-4.467874015928268e-64,440833817292.00604,392251223491.0275,783034257748.7769,0.0009579178993741982,100.0,0,440833817292.00604
140.7945205479452,51390,-4.4632659351119984e-64,440833817292.00604,392251223491.0275,783034257748.7769,0.0009579178993741982,100.0,0,440833817292.00604
140.87671232876713,51420,-4.4586578542957296e-64,440833817292.00604,392251223491.0275,783034257748.7769,0.0009579178993741982,100.0,0,440833817292.00604
140.95890410958904,51450,-4.4540497734794595e-64,440833817292.00604,392251223491.0275,783034257748.7769,0.0009579178993741982,100.0,0,440833817292.00604
141.04109589041096,51480,-4.449441692663191e-64,440833817292.00604,392251223491.0275,783034257748.7769,0.0009579178993741982,100.0,0,440833817292.00604
141.12328767123287,51510,-4.444833611846921e-64,440833817292.00604,392251223491.0275,783034257748.7769,0.0009579178993741982,100.0,0,440833817292.00604
141.2054794520548,51540,-4.4402255310306526e-64,440833817292.00604,392251223491.0275,783034257748.7769,0.0009579178993741982,100.0,0,440833817292.00604
141.2876712328767,51570,-4.435617450214384e-64,440833817292.00604,392251223491.0275,783034257748.7769,0.0009579178993741982,100.0,0,440833817292.00604
141.36986301369862,51600,-4.431009369398115e-64,440833817292.00604,392251223491.0275,783034257748.7769,0.0009579178993741982,100.0,0,440833817292.00604
141.45205479452054,51630,-4.426401288581846e-64,440833817292.00604,392251223491.0275,783034257748.7769,0.0009579178993741982,100.0,0,440833817292.00604
141.53424657534248,51660,-4.421793207765577e-64,440833817292.00604,392251223491.0275,783034257748.7769,0.0009579178993741982,100.0,0,440833817292.00604
141.6164383561644,51690,-4.417185126949308e-64,440833817292.00604,392251223491.0275,783034257748.7769,0.0009579178993741982,100.0,0,440833817292.00604
141.6986301369863,51720,-4.4125770461330394e-64,440833817292.00604,392251223491.0275,783034257748.7769,0.0009579178993741982,100.0,0,440833817292.00604
141.78082191780823,51750,-4.40796896531677e-64,440833817292.00604,392251223491.0275,783034257748.7769,0.0009579178993741982,100.0,0,440833817292.00604
141.86301369863014,51780,-4.403360884500501e-64,440833817292.00604,392251223491.0275,783034257748.7769,0.0009579178993741982,100.0,0,440833817292.00604
141.94520547945206,51810,-4.398752803684232e-64,440833817292.00604,392251223491.0275,783034257748.7769,0.0009579178993741982,100.0,0,440833817292.00604
142.02739726027397,51840,-4.394144722867964e-64,440833817292.00604,392251223491.0275,783034257748.7769,0.0009579178993741982,100.0,0,440833817292.00604
142.1095890410959,51870,-4.389536642051695e-64,440833817292.00604,392251223491.0275,783034257748.7769,0.0009579178993741982,100.0,0,440833817292.00604
142.1917808219178,51900,-4.3849285612354255e-64,440833817292.00604,392251223491.0275,783034257748.7769,0.0009579178993741982,100.0,0,440833817292.00604
142.27397260273972,51930,-4.380320480419157e-64,440833817292.00604,392251223491.0275,783034257748.7769,0.0009579178993741982,100.0,0,440833817292.00604
142.35616438356163,51960,-4.3757123996028873e-64,440833817292.00604,392251223491.0275,783034257748.7769,0.0009579178993741982,100.0,0,440833817292.00604
142.43835616438355,51990,-4.371104318786618e-64,440833817292.00604,392251223491.0275,783034257748.7769,0.0009579178993741982,100.0,0,440833817292.00604
142.5205479452055,52020,-4.366496237970349e-64,440833817292.00604,392251223491.0275,783034257748.7769,0.0009579178993741982,100.0,0,440833817292.00604
142.6027397260274,52050,-4.36188815715408e-64,440833817292.00604,392251223491.0275,783034257748.7769,0.0009579178993741982,100.0,0,440833817292.00604
142.68493150684932,52080,-4.357280076337811e-64,440833817292.00604,392251223491.0275,783034257748.7769,0.0009579178993741982,100.0,0,440833817292.00604
142.76712328767124,52110,-4.352671995521542e-64,440833817292.00604,392251223491.0275,783034257748.7769,0.0009579178993741982,100.0,0,440833817292.00604
142.84931506849315,52140,-4.3480639147052735e-64,440833817292.00604,392251223491.0275,783034257748.7769,0.0009579178993741982,100.0,0,440833817292.00604
142.93150684931507,52170,-4.343455833889005e-64,440833817292.00604,392251223491.0275,783034257748.7769,0.0009579178993741982,100.0,0,440833817292.00604
143.013698630137,52200,-4.338847753072735e-64,440833817292.00604,392251223491.0275,783034257748.7769,0.0009579178993741982,100.0,0,440833817292.00604
143.0958904109589,52230,-4.3342396722564666e-64,440833817292.00604,392251223491.0275,783034257748.7769,0.0009579178993741982,100.0,0,440833817292.00604
143.17808219178082,52260,-4.329631591440197e-64,440833817292.00604,392251223491.0275,783034257748.7769,0.0009579178993741982,100.0,0,440833817292.00604
143.26027397260273,52290,-4.3250235106239284e-64,440833817292.00604,392251223491.0275,783034257748.7769,0.0009579178993741982,100.0,0,440833817292.00604
143.34246575342465,52320,-4.3204154298076596e-64,440833817292.00604,392251223491.0275,783034257748.7769,0.0009579178993741982,100.0,0,440833817292.00604
143.42465753424656,52350,-4.315807348991391e-64,440833817292.00604,392251223491.0275,783034257748.7769,0.0009579178993741982,100.0,0,440833817292.00604
143.5068493150685,52380,-4.311199268175122e-64,440833817292.00604,392251223491.0275,783034257748.7769,0.0009579178993741982,100.0,0,440833817292.00604
143.58904109589042,52410,-4.306591187358853e-64,440833817292.00604,392251223491.0275,783034257748.7769,0.0009579178993741982,100.0,0,440833817292.00604
143.67123287671234,52440,-4.301983106542584e-64,440833817292.00604,392251223491.0275,783034257748.7769,0.0009579178993741982,100.0,0,440833817292.00604
143.75342465753425,52470,-4.297375025726315e-64,440833817292.00604,392251223491.0275,783034257748.7769,0.0009579178993741982,100.0,0,440833817292.00604
143.83561643835617,52500,-4.292766944910046e-64,440833817292.00604,392251223491.0275,783034257748.7769,0.0009579178993741982,100.0,0,440833817292.00604
143.91780821917808,52530,-4.288158864093777e-64,440833817292.00604,392251223491.0275,783034257748.7769,0.0009579178993741982,100.0,0,440833817292.00604
144.0,52560,-4.283550783277507e-64,440833817292.00604,392251223491.0275,783034257748.7769,0.0009579178993741982,100.0,0,440833817292.00604
144.08219178082192,52590,-4.278942702461239e-64,440833817292.00604,392251223491.0275,783034257748.7769,0.0009579178993741982,100.0,0,440833817292.00604
144.16438356164383,52620,-4.27433462164497e-64,440833817292.00604,392251223491.0275,783034257748.7769,0.0009579178993741982,100.0,0,440833817292.00604
144.24657534246575,52650,-4.2697265408287006e-64,440833817292.00604,392251223491.0275,783034257748.7769,0.0009579178993741982,100.0,0,440833817292.00604
144.32876712328766,52680,-4.265118460012432e-64,440833817292.00604,392251223491.0275,783034257748.7769,0.0009579178993741982,100.0,0,440833817292.00604
144.41095890410958,52710,-4.2605103791961625e-64,440833817292.00604,392251223491.0275,783034257748.7769,0.0009579178993741982,100.0,0,440833817292.00604
144.4931506849315,52740,-4.255902298379894e-64,440833817292.00604,392251223491.0275,783034257748.7769,0.0009579178993741982,100.0,0,440833817292.00604
144.57534246575344,52770,-4.251294217563625e-64,440833817292.00604,392251223491.0275,783034257748.7769,0.0009579178993741982,100.0,0,440833817292.00604
144.65753424657535,52800,-4.2466861367473555e-64,440833817292.00604,392251223491.0275,783034257748.7769,0.0009579178993741982,100.0,0,440833817292.00604
144.73972602739727,52830,-4.242078055931087e-64,440833817292.00604,392251223491.0275,783034257748.7769,0.0009579178993741982,100.0,0,440833817292.00604
144.82191780821918,52860,-4.237469975114818e-64,440833817292.00604,392251223491.0275,783034257748.7769,0.0009579178993741982,100.0,0,440833817292.00604
144.9041095890411,52890,-4.232861894298549e-64,440833817292.00604,392251223491.0275,783034257748.7769,0.0009579178993741982,100.0,0,440833817292.00604
144.986301369863,52920,-4.2282538134822805e-64,440833817292.00604,392251223491.0275,783034257748.7769,0.0009579178993741982,100.0,0,440833817292.00604
145.06849315068493,52950,-4.223645732666011e-64,440833817292.00604,392251223491.0275,783034257748.7769,0.0009579178993741982,100.0,0,440833817292.00604
145.15068493150685,52980,-4.2190376518497423e-64,440833817292.00604,392251223491.0275,783034257748.7769,0.0009579178993741982,100.0,0,440833817292.00604
145.23287671232876,53010,-4.214429571033473e-64,440833817292.00604,392251223491.0275,783034257748.7769,0.0009579178993741982,100.0,0,440833817292.00604
145.31506849315068,53040,-4.209821490217204e-64,440833817292.00604,392251223491.0275,783034257748.7769,0.0009579178993741982,100.0,0,440833817292.00604
145.3972602739726,53070,-4.205213409400935e-64,440833817292.00604,392251223491.0275,783034257748.7769,0.0009579178993741982,100.0,0,440833817292.00604
145.4794520547945,53100,-4.200605328584666e-64,440833817292.00604,392251223491.0275,783034257748.7769,0.0009579178993741982,100.0,0,440833817292.00604
145.56164383561645,53130,-4.195997247768397e-64,440833817292.00604,392251223491.0275,783034257748.7769,0.0009579178993741982,100.0,0,440833817292.00604
145.64383561643837,53160,-4.191389166952128e-64,440833817292.00604,392251223491.0275,783034257748.7769,0.0009579178993741982,100.0,0,440833817292.00604
145.72602739726028,53190,-4.186781086135859e-64,440833817292.00604,392251223491.0275,783034257748.7769,0.0009579178993741982,100.0,0,440833817292.00604
145.8082191780822,53220,-4.1821730053195896e-64,440833817292.00604,392251223491.0275,783034257748.7769,0.0009579178993741982,100.0,0,440833817292.00604
145.8904109589041,53250,-4.177564924503321e-64,440833817292.00604,392251223491.0275,783034257748.7769,0.0009579178993741982,100.0,0,440833817292.00604
145.97260273972603,53280,-4.172956843687052e-64,440833817292.00604,392251223491.0275,783034257748.7769,0.0009579178993741982,100.0,0,440833817292.00604
146.05479452054794,53310,-4.168348762870783e-64,440833817292.00604,392251223491.0275,783034257748.7769,0.0009579178993741982,100.0,0,440833817292.00604
146.13698630136986,53340,-4.1637406820545146e-64,440833817292.00604,392251223491.0275,783034257748.7769,0.0009579178993741982,100.0,0,440833817292.00604
146.21917808219177,53370,-4.159132601238246e-64,440833817292.00604,392251223491.0275,783034257748.7769,0.0009579178993741982,100.0,0,440833817292.00604
146.3013698630137,53400,-4.1545245204219764e-64,440833817292.00604,392251223491.0275,783034257748.7769,0.0009579178993741982,100.0,0,440833817292.00604
146.3835616438356,53430,-4.149916439605708e-64,440833817292.00604,392251223491.0275,783034257748.7769,0.0009579178993741982,100.0,0,440833817292.00604
146.46575342465752,53460,-4.145308358789438e-64,440833817292.00604,392251223491.0275,783034257748.7769,0.0009579178993741982,100.0,0,440833817292.00604
146.54794520547946,53490,-4.1407002779731695e-64,440833817292.00604,392251223491.0275,783034257748.7769,0.0009579178993741982,100.0,0,440833817292.00604
146.63013698630138,53520,-4.1360921971569e-64,440833817292.00604,392251223491.0275,783034257748.7769,0.0009579178993741982,100.0,0,440833817292.00604
146.7123287671233,53550,-4.131484116340631e-64,440833817292.00604,392251223491.0275,783034257748.7769,0.0009579178993741982,100.0,0,440833817292.00604
146.7945205479452,53580,-4.1268760355243626e-64,440833817292.00604,392251223491.0275,783034257748.7769,0.0009579178993741982,100.0,0,440833817292.00604
146.87671232876713,53610,-4.122267954708094e-64,440833817292.00604,392251223491.0275,783034257748.7769,0.0009579178993741982,100.0,0,440833817292.00604
146.95890410958904,53640,-4.1176598738918244e-64,440833817292.00604,392251223491.0275,783034257748.7769,0.0009579178993741982,100.0,0,440833817292.00604
147.04109589041096,53670,-4.113051793075555e-64,440833817292.00604,392251223491.0275,783034257748.7769,0.0009579178993741982,100.0,0,440833817292.00604
147.12328767123287,53700,-4.108443712259286e-64,440833817292.00604,392251223491.0275,783034257748.7769,0.0009579178993741982,100.0,0,440833817292.00604
147.2054794520548,53730,-4.1038356314430175e-64,440833817292.00604,392251223491.0275,783034257748.7769,0.0009579178993741982,100.0,0,440833817292.00604
147.2876712328767,53760,-4.099227550626748e-64,440833817292.00604,392251223491.0275,783034257748.7769,0.0009579178993741982,100.0,0,440833817292.00604
147.36986301369862,53790,-4.094619469810479e-64,440833817292.00604,392251223491.0275,783034257748.7769,0.0009579178993741982,100.0,0,440833817292.00604
147.45205479452054,53820,-4.09001138899421e-64,440833817292.00604,392251223491.0275,783034257748.7769,0.0009579178993741982,100.0,0,440833817292.00604
147.53424657534248,53850,-4.085403308177942e-64,440833817292.00604,392251223491.0275,783034257748.7769,0.0009579178993741982,100.0,0,440833817292.00604
147.6164383561644,53880,-4.080795227361673e-64,440833817292.00604,392251223491.0275,783034257748.7769,0.0009579178993741982,100.0,0,440833817292.00604
147.6986301369863,53910,-4.0761871465454036e-64,440833817292.00604,392251223491.0275,783034257748.7769,0.0009579178993741982,100.0,0,440833817292.00604
147.78082191780823,53940,-4.071579065729135e-64,440833817292.00604,392251223491.0275,783034257748.7769,0.0009579178993741982,100.0,0,440833817292.00604
147.86301369863014,53970,-4.0669709849128654e-64,440833817292.00604,392251223491.0275,783034257748.7769,0.0009579178993741982,100.0,0,440833817292.00604
147.94520547945206,54000,-4.0623629040965967e-64,440833817292.00604,392251223491.0275,783034257748.7769,0.0009579178993741982,100.0,0,440833817292.00604
148.02739726027397,54030,-4.057754823280328e-64,440833817292.00604,392251223491.0275,783034257748.7769,0.0009579178993741982,100.0,0,440833817292.00604
148.1095890410959,54060,-4.0531467424640585e-64,440833817292.00604,392251223491.0275,783034257748.7769,0.0009579178993741982,100.0,0,440833817292.00604
148.1917808219178,54090,-4.0485386616477904e-64,440833817292.00604,392251223491.0275,783034257748.7769,0.0009579178993741982,100.0,0,440833817292.00604
148.27397260273972,54120,-4.043930580831521e-64,440833817292.00604,392251223491.0275,783034257748.7769,0.0009579178993741982,100.0,0,440833817292.00604
148.35616438356163,54150,-4.039322500015252e-64,440833817292.00604,392251223491.0275,783034257748.7769,0.0009579178993741982,100.0,0,440833817292.00604
148.43835616438355,54180,-4.0347144191989835e-64,440833817292.00604,392251223491.0275,783034257748.7769,0.0009579178993741982,100.0,0,440833817292.00604
148.5205479452055,54210,-4.0301063383827134e-64,440833817292.00604,392251223491.0275,783034257748.7769,0.0009579178993741982,100.0,0,440833817292.00604
148.6027397260274,54240,-4.0254982575664446e-64,440833817292.00604,392251223491.0275,783034257748.7769,0.0009579178993741982,100.0,0,440833817292.00604
148.68493150684932,54270,-4.020890176750175e-64,440833817292.00604,392251223491.0275,783034257748.7769,0.0009579178993741982,100.0,0,440833817292.00604
148.76712328767124,54300,-4.0162820959339064e-64,440833817292.00604,392251223491.0275,783034257748.7769,0.0009579178993741982,100.0,0,440833817292.00604
148.84931506849315,54330,-4.011674015117638e-64,440833817292.00604,392251223491.0275,783034257748.7769,0.0009579178993741982,100.0,0,440833817292.00604
148.93150684931507,54360,-4.007065934301369e-64,440833817292.00604,392251223491.0275,783034257748.7769,0.0009579178993741982,100.0,0,440833817292.00604
149.013698630137,54390,-4.0024578534851e-64,440833817292.00604,392251223491.0275,783034257748.7769,0.0009579178993741982,100.0,0,440833817292.00604
149.0958904109589,54420,-3.997849772668831e-64,440833817292.00604,392251223491.0275,783034257748.7769,0.0009579178993741982,100.0,0,440833817292.00604
149.17808219178082,54450,-3.993241691852562e-64,440833817292.00604,392251223491.0275,783034257748.7769,0.0009579178993741982,100.0,0,440833817292.00604
149.26027397260273,54480,-3.988633611036293e-64,440833817292.00604,392251223491.0275,783034257748.7769,0.0009579178993741982,100.0,0,440833817292.00604
149.34246575342465,54510,-3.984025530220024e-64,440833817292.00604,392251223491.0275,783034257748.7769,0.0009579178993741982,100.0,0,440833817292.00604
149.42465753424656,54540,-3.979417449403755e-64,440833817292.00604,392251223491.0275,783034257748.7769,0.0009579178993741982,100.0,0,440833817292.00604
149.5068493150685,54570,-3.9748093685874856e-64,440833817292.00604,392251223491.0275,783034257748.7769,0.0009579178993741982,100.0,0,440833817292.00604
149.58904109589042,54600,-3.9702012877712176e-64,440833817292.00604,392251223491.0275,783034257748.7769,0.0009579178993741982,100.0,0,440833817292.00604
149.67123287671234,54630,-3.965593206954949e-64,440833817292.00604,392251223491.0275,783034257748.7769,0.0009579178993741982,100.0,0,440833817292.00604
149.75342465753425,54660,-3.9609851261386794e-64,440833817292.00604,392251223491.0275,783034257748.7769,0.0009579178993741982,100.0,0,440833817292.00604
149.83561643835617,54690,-3.9563770453224106e-64,440833817292.00604,392251223491.0275,783034257748.7769,0.0009579178993741982,100.0,0,440833817292.00604
149.91780821917808,54720,-3.951768964506141e-64,440833817292.00604,392251223491.0275,783034257748.7769,0.0009579178993741982,100.0,0,440833817292.00604
150.0,54750,-3.947160883689872e-64,440833817292.00604,392251223491.0275,783034257748.7769,0.0009579178993741982,100.0,0,440833817292.00604
150.08219178082192,54780,-3.9425528028736023e-64,440833817292.00604,392251223491.0275,783034257748.7769,0.0009579178993741982,100.0,0,440833817292.00604
150.16438356164383,54810,-3.9379447220573336e-64,440833817292.00604,392251223491.0275,783034257748.7769,0.0009579178993741982,100.0,0,440833817292.00604
150.24657534246575,54840,-3.9333366412410655e-64,440833817292.00604,392251223491.0275,783034257748.7769,0.0009579178993741982,100.0,0,440833817292.00604
150.32876712328766,54870,-3.928728560424796e-64,440833817292.00604,392251223491.0275,783034257748.7769,0.0009579178993741982,100.0,0,440833817292.00604
150.41095890410958,54900,-3.924120479608527e-64,440833817292.00604,392251223491.0275,783034257748.7769,0.0009579178993741982,100.0,0,440833817292.00604
150.4931506849315,54930,-3.9195123987922586e-64,440833817292.00604,392251223491.0275,783034257748.7769,0.0009579178993741982,100.0,0,440833817292.00604
150.57534246575344,54960,-3.914904317975989e-64,440833817292.00604,392251223491.0275,783034257748.7769,0.0009579178993741982,100.0,0,440833817292.00604
150.65753424657535,54990,-3.9102962371597204e-64,440833817292.00604,392251223491.0275,783034257748.7769,0.0009579178993741982,100.0,0,440833817292.00604
150.73972602739727,55020,-3.905688156343451e-64,440833817292.00604,392251223491.0275,783034257748.7769,0.0009579178993741982,100.0,0,440833817292.00604
150.82191780821918,55050,-3.901080075527182e-64,440833817292.00604,392251223491.0275,783034257748.7769,0.0009579178993741982,100.0,0,440833817292.00604
150.9041095890411,55080,-3.896471994710913e-64,440833817292.00604,392251223491.0275,783034257748.7769,0.0009579178993741982,100.0,0,440833817292.00604
150.986301369863,55110,-3.891863913894645e-64,440833817292.00604,392251223491.0275,783034257748.7769,0.0009579178993741982,100.0,0,440833817292.00604
151.06849315068493,55140,-3.887255833078376e-64,440833817292.00604,392251223491.0275,783034257748.7769,0.0009579178993741982,100.0,0,440833817292.00604
151.15068493150685,55170,-3.8826477522621065e-64,440833817292.00604,392251223491.0275,783034257748.7769,0.0009579178993741982,100.0,0,440833817292.00604
151.23287671232876,55200,-3.878039671445838e-64,440833817292.00604,392251223491.0275,783034257748.7769,0.0009579178993741982,100.0,0,440833817292.00604
151.31506849315068,55230,-3.8734315906295684e-64,440833817292.00604,392251223491.0275,783034257748.7769,0.0009579178993741982,100.0,0,440833817292.00604
151.3972602739726,55260,-3.8688235098132996e-64,440833817292.00604,392251223491.0275,783034257748.7769,0.0009579178993741982,100.0,0,440833817292.00604
151.4794520547945,55290,-3.86421542899703e-64,440833817292.00604,392251223491.0275,783034257748.7769,0.0009579178993741982,100.0,0,440833817292.00604
151.56164383561645,55320,-3.859607348180761e-64,440833817292.00604,392251223491.0275,783034257748.7769,0.0009579178993741982,100.0,0,440833817292.00604
151.64383561643837,55350,-3.854999267364493e-64,440833817292.00604,392251223491.0275,783034257748.7769,0.0009579178993741982,100.0,0,440833817292.00604
151.72602739726028,55380,-3.850391186548224e-64,440833817292.00604,392251223491.0275,783034257748.7769,0.0009579178993741982,100.0,0,440833817292.00604
151.8082191780822,55410,-3.8457831057319545e-64,440833817292.00604,392251223491.0275,783034257748.7769,0.0009579178993741982,100.0,0,440833817292.00604
151.8904109589041,55440,-3.841175024915686e-64,440833817292.00604,392251223491.0275,783034257748.7769,0.0009579178993741982,100.0,0,440833817292.00604
151.97260273972603,55470,-3.836566944099416e-64,440833817292.00604,392251223491.0275,783034257748.7769,0.0009579178993741982,100.0,0,440833817292.00604
152.05479452054794,55500,-3.8319588632831476e-64,440833817292.00604,392251223491.0275,783034257748.7769,0.0009579178993741982,100.0,0,440833817292.00604
152.13698630136986,55530,-3.827350782466878e-64,440833817292.00604,392251223491.0275,783034257748.7769,0.0009579178993741982,100.0,0,440833817292.00604
152.21917808219177,55560,-3.8227427016506094e-64,440833817292.00604,392251223491.0275,783034257748.7769,0.0009579178993741982,100.0,0,440833817292.00604
152.3013698630137,55590,-3.818134620834341e-64,440833817292.00604,392251223491.0275,783034257748.7769,0.0009579178993741982,100.0,0,440833817292.00604
152.3835616438356,55620,-3.813526540018072e-64,440833817292.00604,392251223491.0275,783034257748.7769,0.0009579178993741982,100.0,0,440833817292.00604
152.46575342465752,55650,-3.808918459201803e-64,440833817292.00604,392251223491.0275,783034257748.7769,0.0009579178993741982,100.0,0,440833817292.00604
152.54794520547946,55680,-3.804310378385534e-64,440833817292.00604,392251223491.0275,783034257748.7769,0.0009579178993741982,100.0,0,440833817292.00604
152.63013698630138,55710,-3.799702297569265e-64,440833817292.00604,392251223491.0275,783034257748.7769,0.0009579178993741982,100.0,0,440833817292.00604
152.7123287671233,55740,-3.795094216752996e-64,440833817292.00604,392251223491.0275,783034257748.7769,0.0009579178993741982,100.0,0,440833817292.00604
152.7945205479452,55770,-3.790486135936727e-64,440833817292.00604,392251223491.0275,783034257748.7769,0.0009579178993741982,100.0,0,440833817292.00604
152.87671232876713,55800,-3.785878055120458e-64,440833817292.00604,392251223491.0275,783034257748.7769,0.0009579178993741982,100.0,0,440833817292.00604
152.95890410958904,55830,-3.781269974304188e-64,440833817292.00604,392251223491.0275,783034257748.7769,0.0009579178993741982,100.0,0,440833817292.00604
153.04109589041096,55860,-3.77666189348792e-64,440833817292.00604,392251223491.0275,783034257748.7769,0.0009579178993741982,100.0,0,440833817292.00604
153.12328767123287,55890,-3.772053812671651e-64,440833817292.00604,392251223491.0275,783034257748.7769,0.0009579178993741982,100.0,0,440833817292.00604
153.2054794520548,55920,-3.7674457318553817e-64,440833817292.00604,392251223491.0275,783034257748.7769,0.0009579178993741982,100.0,0,440833817292.00604
153.2876712328767,55950,-3.762837651039113e-64,440833817292.00604,392251223491.0275,783034257748.7769,0.0009579178993741982,100.0,0,440833817292.00604
153.36986301369862,55980,-3.7582295702228435e-64,440833817292.00604,392251223491.0275,783034257748.7769,0.0009579178993741982,100.0,0,440833817292.00604
153.45205479452054,56010,-3.753621489406575e-64,440833817292.00604,392251223491.0275,783034257748.7769,0.0009579178993741982,100.0,0,440833817292.00604
153.53424657534248,56040,-3.749013408590306e-64,440833817292.00604,392251223491.0275,783034257748.7769,0.0009579178993741982,100.0,0,440833817292.00604
153.6164383561644,56070,-3.7444053277740365e-64,440833817292.00604,392251223491.0275,783034257748.7769,0.0009579178993741982,100.0,0,440833817292.00604
153.6986301369863,56100,-3.7397972469577685e-64,440833817292.00604,392251223491.0275,783034257748.7769,0.0009579178993741982,100.0,0,440833817292.00604
153.78082191780823,56130,-3.735189166141499e-64,440833817292.00604,392251223491.0275,783034257748.7769,0.0009579178993741982,100.0,0,440833817292.00604
153.86301369863014,56160,-3.73058108532523e-64,440833817292.00604,392251223491.0275,783034257748.7769,0.0009579178993741982,100.0,0,440833817292.00604
153.94520547945206,56190,-3.7259730045089615e-64,440833817292.00604,392251223491.0275,783034257748.7769,0.0009579178993741982,100.0,0,440833817292.00604
154.02739726027397,56220,-3.721364923692692e-64,440833817292.00604,392251223491.0275,783034257748.7769,0.0009579178993741982,100.0,0,440833817292.00604
154.1095890410959,56250,-3.7167568428764234e-64,440833817292.00604,392251223491.0275,783034257748.7769,0.0009579178993741982,100.0,0,440833817292.00604
154.1917808219178,56280,-3.712148762060154e-64,440833817292.00604,392251223491.0275,783034257748.7769,0.0009579178993741982,100.0,0,440833817292.00604
154.27397260273972,56310,-3.707540681243885e-64,440833817292.00604,392251223491.0275,783034257748.7769,0.0009579178993741982,100.0,0,440833817292.00604
154.35616438356163,56340,-3.7029326004276164e-64,440833817292.00604,392251223491.0275,783034257748.7769,0.0009579178993741982,100.0,0,440833817292.00604
154.43835616438355,56370,-3.698324519611348e-64,440833817292.00604,392251223491.0275,783034257748.7769,0.0009579178993741982,100.0,0,440833817292.00604
154.5205479452055,56400,-3.693716438795078e-64,440833817292.00604,392251223491.0275,783034257748.7769,0.0009579178993741982,100.0,0,440833817292.00604
154.6027397260274,56430,-3.689108357978809e-64,440833817292.00604,392251223491.0275,783034257748.7769,0.0009579178993741982,100.0,0,440833817292.00604
154.68493150684932,56460,-3.68450027716254e-64,440833817292.00604,392251223491.0275,783034257748.7769,0.0009579178993741982,100.0,0,440833817292.00604
154.76712328767124,56490,-3.679892196346271e-64,440833817292.00604,392251223491.0275,783034257748.7769,0.0009579178993741982,100.0,0,440833817292.00604
154.84931506849315,56520,-3.675284115530002e-64,440833817292.00604,392251223491.0275,783034257748.7769,0.0009579178993741982,100.0,0,440833817292.00604
154.93150684931507,56550,-3.670676034713733e-64,440833817292.00604,392251223491.0275,783034257748.7769,0.0009579178993741982,100.0,0,440833817292.00604
155.013698630137,56580,-3.666067953897464e-64,440833817292.00604,392251223491.0275,783034257748.7769,0.0009579178993741982,100.0,0,440833817292.00604
155.0958904109589,56610,-3.6614598730811956e-64,440833817292.00604,392251223491.0275,783034257748.7769,0.0009579178993741982,100.0,0,440833817292.00604
155.17808219178082,56640,-3.656851792264927e-64,440833817292.00604,392251223491.0275,783034257748.7769,0.0009579178993741982,100.0,0,440833817292.00604
155.26027397260273,56670,-3.6522437114486574e-64,440833817292.00604,392251223491.0275,783034257748.7769,0.0009579178993741982,100.0,0,440833817292.00604
155.34246575342465,56700,-3.647635630632389e-64,440833817292.00604,392251223491.0275,783034257748.7769,0.0009579178993741982,100.0,0,440833817292.00604
155.42465753424656,56730,-3.643027549816119e-64,440833817292.00604,392251223491.0275,783034257748.7769,0.0009579178993741982,100.0,0,440833817292.00604
155.5068493150685,56760,-3.6384194689998505e-64,440833817292.00604,392251223491.0275,783034257748.7769,0.0009579178993741982,100.0,0,440833817292.00604
155.58904109589042,56790,-3.633811388183581e-64,440833817292.00604,392251223491.0275,783034257748.7769,0.0009579178993741982,100.0,0,440833817292.00604
155.67123287671234,56820,-3.629203307367312e-64,440833817292.00604,392251223491.0275,783034257748.7769,0.0009579178993741982,100.0,0,440833817292.00604
155.75342465753425,56850,-3.624595226551044e-64,440833817292.00604,392251223491.0275,783034257748.7769,0.0009579178993741982,100.0,0,440833817292.00604
155.83561643835617,56880,-3.619987145734775e-64,440833817292.00604,392251223491.0275,783034257748.7769,0.0009579178993741982,100.0,0,440833817292.00604
155.91780821917808,56910,-3.615379064918506e-64,440833817292.00604,392251223491.0275,783034257748.7769,0.0009579178993741982,100.0,0,440833817292.00604
156.0,56940,-3.6107709841022366e-64,440833817292.00604,392251223491.0275,783034257748.7769,0.0009579178993741982,100.0,0,440833817292.00604
156.08219178082192,56970,-3.606162903285967e-64,440833817292.00604,392251223491.0275,783034257748.7769,0.0009579178993741982,100.0,0,440833817292.00604
156.16438356164383,57000,-3.6015548224696985e-64,440833817292.00604,392251223491.0275,783034257748.7769,0.0009579178993741982,100.0,0,440833817292.00604
156.24657534246575,57030,-3.596946741653429e-64,440833817292.00604,392251223491.0275,783034257748.7769,0.0009579178993741982,100.0,0,440833817292.00604
156.32876712328766,57060,-3.59233866083716e-64,440833817292.00604,392251223491.0275,783034257748.7769,0.0009579178993741982,100.0,0,440833817292.00604
156.41095890410958,57090,-3.587730580020891e-64,440833817292.00604,392251223491.0275,783034257748.7769,0.0009579178993741982,100.0,0,440833817292.00604
156.4931506849315,57120,-3.583122499204623e-64,440833817292.00604,392251223491.0275,783034257748.7769,0.0009579178993741982,100.0,0,440833817292.00604
156.57534246575344,57150,-3.578514418388354e-64,440833817292.00604,392251223491.0275,783034257748.7769,0.0009579178993741982,100.0,0,440833817292.00604
156.65753424657535,57180,-3.5739063375720846e-64,440833817292.00604,392251223491.0275,783034257748.7769,0.0009579178993741982,100.0,0,440833817292.00604
156.73972602739727,57210,-3.569298256755816e-64,440833817292.00604,392251223491.0275,783034257748.7769,0.0009579178993741982,100.0,0,440833817292.00604
156.82191780821918,57240,-3.5646901759395464e-64,440833817292.00604,392251223491.0275,783034257748.7769,0.0009579178993741982,100.0,0,440833817292.00604
156.9041095890411,57270,-3.560082095123278e-64,440833817292.00604,392251223491.0275,783034257748.7769,0.0009579178993741982,100.0,0,440833817292.00604
156.986301369863,57300,-3.555474014307009e-64,440833817292.00604,392251223491.0275,783034257748.7769,0.0009579178993741982,100.0,0,440833817292.00604
157.06849315068493,57330,-3.5508659334907395e-64,440833817292.00604,392251223491.0275,783034257748.7769,0.0009579178993741982,100.0,0,440833817292.00604
157.15068493150685,57360,-3.5462578526744714e-64,440833817292.00604,392251223491.0275,783034257748.7769,0.0009579178993741982,100.0,0,440833817292.00604
157.23287671232876,57390,-3.541649771858202e-64,440833817292.00604,392251223491.0275,783034257748.7769,0.0009579178993741982,100.0,0,440833817292.00604
157.31506849315068,57420,-3.537041691041933e-64,440833817292.00604,392251223491.0275,783034257748.7769,0.0009579178993741982,100.0,0,440833817292.00604
157.3972602739726,57450,-3.5324336102256645e-64,440833817292.00604,392251223491.0275,783034257748.7769,0.0009579178993741982,100.0,0,440833817292.00604
157.4794520547945,57480,-3.5278255294093944e-64,440833817292.00604,392251223491.0275,783034257748.7769,0.0009579178993741982,100.0,0,440833817292.00604
157.56164383561645,57510,-3.5232174485931256e-64,440833817292.00604,392251223491.0275,783034257748.7769,0.0009579178993741982,100.0,0,440833817292.00604
157.64383561643837,57540,-3.518609367776856e-64,440833817292.00604,392251223491.0275,783034257748.7769,0.0009579178993741982,100.0,0,440833817292.00604
157.72602739726028,57570,-3.5140012869605874e-64,440833817292.00604,392251223491.0275,783034257748.7769,0.0009579178993741982,100.0,0,440833817292.00604
157.8082191780822,57600,-3.5093932061443194e-64,440833817292.00604,392251223491.0275,783034257748.7769,0.0009579178993741982,100.0,0,440833817292.00604
157.8904109589041,57630,-3.50478512532805e-64,440833817292.00604,392251223491.0275,783034257748.7769,0.0009579178993741982,100.0,0,440833817292.00604
157.97260273972603,57660,-3.500177044511781e-64,440833817292.00604,392251223491.0275,783034257748.7769,0.0009579178993741982,100.0,0,440833817292.00604
158.05479452054794,57690,-3.495568963695512e-64,440833817292.00604,392251223491.0275,783034257748.7769,0.0009579178993741982,100.0,0,440833817292.00604
158.13698630136986,57720,-3.490960882879243e-64,440833817292.00604,392251223491.0275,783034257748.7769,0.0009579178993741982,100.0,0,440833817292.00604
158.21917808219177,57750,-3.486352802062974e-64,440833817292.00604,392251223491.0275,783034257748.7769,0.0009579178993741982,100.0,0,440833817292.00604
158.3013698630137,57780,-3.481744721246705e-64,440833817292.00604,392251223491.0275,783034257748.7769,0.0009579178993741982,100.0,0,440833817292.00604
158.3835616438356,57810,-3.477136640430436e-64,440833817292.00604,392251223491.0275,783034257748.7769,0.0009579178993741982,100.0,0,440833817292.00604
158.46575342465752,57840,-3.472528559614167e-64,440833817292.00604,392251223491.0275,783034257748.7769,0.0009579178993741982,100.0,0,440833817292.00604
158.54794520547946,57870,-3.467920478797898e-64,440833817292.00604,392251223491.0275,783034257748.7769,0.0009579178993741982,100.0,0,440833817292.00604
158.63013698630138,57900,-3.463312397981629e-64,440833817292.00604,392251223491.0275,783034257748.7769,0.0009579178993741982,100.0,0,440833817292.00604
158.7123287671233,57930,-3.4587043171653604e-64,440833817292.00604,392251223491.0275,783034257748.7769,0.0009579178993741982,100.0,0,440833817292.00604
158.7945205479452,57960,-3.4540962363490916e-64,440833817292.00604,392251223491.0275,783034257748.7769,0.0009579178993741982,100.0,0,440833817292.00604
158.87671232876713,57990,-3.449488155532822e-64,440833817292.00604,392251223491.0275,783034257748.7769,0.0009579178993741982,100.0,0,440833817292.00604
158.95890410958904,58020,-3.444880074716553e-64,440833817292.00604,392251223491.0275,783034257748.7769,0.0009579178993741982,100.0,0,440833817292.00604
159.04109589041096,58050,-3.440271993900284e-64,440833817292.00604,392251223491.0275,783034257748.7769,0.0009579178993741982,100.0,0,440833817292.00604
159.12328767123287,58080,-3.435663913084015e-64,440833817292.00604,392251223491.0275,783034257748.7769,0.0009579178993741982,100.0,0,440833817292.00604
159.2054794520548,58110,-3.431055832267746e-64,440833817292.00604,392251223491.0275,783034257748.7769,0.0009579178993741982,100.0,0,440833817292.00604
159.2876712328767,58140,-3.426447751451477e-64,440833817292.00604,392251223491.0275,783034257748.7769,0.0009579178993741982,100.0,0,440833817292.00604
159.36986301369862,58170,-3.4218396706352083e-64,440833817292.00604,392251223491.0275,783034257748.7769,0.0009579178993741982,100.0,0,440833817292.00604
159.45205479452054,58200,-3.4172315898189396e-64,440833817292.00604,392251223491.0275,783034257748.7769,0.0009579178993741982,100.0,0,440833817292.00604
159.53424657534248,58230,-3.41262350900267e-64,440833817292.00604,392251223491.0275,783034257748.7769,0.0009579178993741982,100.0,0,440833817292.00604
159.6164383561644,58260,-3.4080154281864014e-64,440833817292.00604,392251223491.0275,783034257748.7769,0.0009579178993741982,100.0,0,440833817292.00604
159.6986301369863,58290,-3.4034073473701327e-64,440833817292.00604,392251223491.0275,783034257748.7769,0.0009579178993741982,100.0,0,440833817292.00604
159.78082191780823,58320,-3.398799266553863e-64,440833817292.00604,392251223491.0275,783034257748.7769,0.0009579178993741982,100.0,0,440833817292.00604
159.86301369863014,58350,-3.3941911857375945e-64,440833817292.00604,392251223491.0275,783034257748.7769,0.0009579178993741982,100.0,0,440833817292.00604
159.94520547945206,58380,-3.389583104921326e-64,440833817292.00604,392251223491.0275,783034257748.7769,0.0009579178993741982,100.0,0,440833817292.00604
160.02739726027397,58410,-3.384975024105057e-64,440833817292.00604,392251223491.0275,783034257748.7769,0.0009579178993741982,100.0,0,440833817292.00604
160.1095890410959,58440,-3.3803669432887875e-64,440833817292.00604,392251223491.0275,783034257748.7769,0.0009579178993741982,100.0,0,440833817292.00604
160.1917808219178,58470,-3.375758862472519e-64,440833817292.00604,392251223491.0275,783034257748.7769,0.0009579178993741982,100.0,0,440833817292.00604
160.27397260273972,58500,-3.37115078165625e-64,440833817292.00604,392251223491.0275,783034257748.7769,0.0009579178993741982,100.0,0,440833817292.00604
160.35616438356163,58530,-3.3665427008399806e-64,440833817292.00604,392251223491.0275,783034257748.7769,0.0009579178993741982,100.0,0,440833817292.00604
160.43835616438355,58560,-3.361934620023711e-64,440833817292.00604,392251223491.0275,783034257748.7769,0.0009579178993741982,100.0,0,440833817292.00604
160.5205479452055,58590,-3.3573265392074424e-64,440833817292.00604,392251223491.0275,783034257748.7769,0.0009579178993741982,100.0,0,440833817292.00604
160.6027397260274,58620,-3.352718458391173e-64,440833817292.00604,392251223491.0275,783034257748.7769,0.0009579178993741982,100.0,0,440833817292.00604
160.68493150684932,58650,-3.348110377574904e-64,440833817292.00604,392251223491.0275,783034257748.7769,0.0009579178993741982,100.0,0,440833817292.00604
160.76712328767124,58680,-3.3435022967586355e-64,440833817292.00604,392251223491.0275,783034257748.7769,0.0009579178993741982,100.0,0,440833817292.00604
160.84931506849315,58710,-3.338894215942367e-64,440833817292.00604,392251223491.0275,783034257748.7769,0.0009579178993741982,100.0,0,440833817292.00604
160.93150684931507,58740,-3.334286135126097e-64,440833817292.00604,392251223491.0275,783034257748.7769,0.0009579178993741982,100.0,0,440833817292.00604
161.013698630137,58770,-3.3296780543098286e-64,440833817292.00604,392251223491.0275,783034257748.7769,0.0009579178993741982,100.0,0,440833817292.00604
161.0958904109589,58800,-3.32506997349356e-64,440833817292.00604,392251223491.0275,783034257748.7769,0.0009579178993741982,100.0,0,440833817292.00604
161.17808219178082,58830,-3.320461892677291e-64,440833817292.00604,392251223491.0275,783034257748.7769,0.0009579178993741982,100.0,0,440833817292.00604
161.26027397260273,58860,-3.3158538118610216e-64,440833817292.00604,392251223491.0275,783034257748.7769,0.0009579178993741982,100.0,0,440833817292.00604
161.34246575342465,58890,-3.311245731044753e-64,440833817292.00604,392251223491.0275,783034257748.7769,0.0009579178993741982,100.0,0,440833817292.00604
161.42465753424656,58920,-3.306637650228484e-64,440833817292.00604,392251223491.0275,783034257748.7769,0.0009579178993741982,100.0,0,440833817292.00604
161.5068493150685,58950,-3.302029569412215e-64,440833817292.00604,392251223491.0275,783034257748.7769,0.0009579178993741982,100.0,0,440833817292.00604
161.58904109589042,58980,-3.297421488595946e-64,440833817292.00604,392251223491.0275,783034257748.7769,0.0009579178993741982,100.0,0,440833817292.00604
161.67123287671234,59010,-3.292813407779677e-64,440833817292.00604,392251223491.0275,783034257748.7769,0.0009579178993741982,100.0,0,440833817292.00604
161.75342465753425,59040,-3.2882053269634084e-64,440833817292.00604,392251223491.0275,783034257748.7769,0.0009579178993741982,100.0,0,440833817292.00604
161.83561643835617,59070,-3.283597246147139e-64,440833817292.00604,392251223491.0275,783034257748.7769,0.0009579178993741982,100.0,0,440833817292.00604
161.91780821917808,59100,-3.27898916533087e-64,440833817292.00604,392251223491.0275,783034257748.7769,0.0009579178993741982,100.0,0,440833817292.00604
162.0,59130,-3.274381084514601e-64,440833817292.00604,392251223491.0275,783034257748.7769,0.0009579178993741982,100.0,0,440833817292.00604
162.08219178082192,59160,-3.269773003698332e-64,440833817292.00604,392251223491.0275,783034257748.7769,0.0009579178993741982,100.0,0,440833817292.00604
162.16438356164383,59190,-3.2651649228820627e-64,440833817292.00604,392251223491.0275,783034257748.7769,0.0009579178993741982,100.0,0,440833817292.00604
162.24657534246575,59220,-3.260556842065794e-64,440833817292.00604,392251223491.0275,783034257748.7769,0.0009579178993741982,100.0,0,440833817292.00604
162.32876712328766,59250,-3.2559487612495245e-64,440833817292.00604,392251223491.0275,783034257748.7769,0.0009579178993741982,100.0,0,440833817292.00604
162.41095890410958,59280,-3.251340680433256e-64,440833817292.00604,392251223491.0275,783034257748.7769,0.0009579178993741982,100.0,0,440833817292.00604
162.4931506849315,59310,-3.246732599616987e-64,440833817292.00604,392251223491.0275,783034257748.7769,0.0009579178993741982,100.0,0,440833817292.00604
162.57534246575344,59340,-3.242124518800718e-64,440833817292.00604,392251223491.0275,783034257748.7769,0.0009579178993741982,100.0,0,440833817292.00604
162.65753424657535,59370,-3.237516437984449e-64,440833817292.00604,392251223491.0275,783034257748.7769,0.0009579178993741982,100.0,0,440833817292.00604
162.73972602739727,59400,-3.23290835716818e-64,440833817292.00604,392251223491.0275,783034257748.7769,0.0009579178993741982,100.0,0,440833817292.00604
162.82191780821918,59430,-3.228300276351911e-64,440833817292.00604,392251223491.0275,783034257748.7769,0.0009579178993741982,100.0,0,440833817292.00604
162.9041095890411,59460,-3.2236921955356425e-64,440833817292.00604,392251223491.0275,783034257748.7769,0.0009579178993741982,100.0,0,440833817292.00604
162.986301369863,59490,-3.219084114719373e-64,440833817292.00604,392251223491.0275,783034257748.7769,0.0009579178993741982,100.0,0,440833817292.00604
163.06849315068493,59520,-3.2144760339031044e-64,440833817292.00604,392251223491.0275,783034257748.7769,0.0009579178993741982,100.0,0,440833817292.00604
163.15068493150685,59550,-3.2098679530868356e-64,440833817292.00604,392251223491.0275,783034257748.7769,0.0009579178993741982,100.0,0,440833817292.00604
163.23287671232876,59580,-3.205259872270567e-64,440833817292.00604,392251223491.0275,783034257748.7769,0.0009579178993741982,100.0,0,440833817292.00604
163.31506849315068,59610,-3.2006517914542974e-64,440833817292.00604,392251223491.0275,783034257748.7769,0.0009579178993741982,100.0,0,440833817292.00604
163.3972602739726,59640,-3.196043710638029e-64,440833817292.00604,392251223491.0275,783034257748.7769,0.0009579178993741982,100.0,0,440833817292.00604
163.4794520547945,59670,-3.191435629821759e-64,440833817292.00604,392251223491.0275,783034257748.7769,0.0009579178993741982,100.0,0,440833817292.00604
163.56164383561645,59700,-3.18682754900549e-64,440833817292.00604,392251223491.0275,783034257748.7769,0.0009579178993741982,100.0,0,440833817292.00604
163.64383561643837,59730,-3.182219468189221e-64,440833817292.00604,392251223491.0275,783034257748.7769,0.0009579178993741982,100.0,0,440833817292.00604
163.72602739726028,59760,-3.177611387372952e-64,440833817292.00604,392251223491.0275,783034257748.7769,0.0009579178993741982,100.0,0,440833817292.00604
163.8082191780822,59790,-3.1730033065566836e-64,440833817292.00604,392251223491.0275,783034257748.7769,0.0009579178993741982,100.0,0,440833817292.00604
163.8904109589041,59820,-3.168395225740414e-64,440833817292.00604,392251223491.0275,783034257748.7769,0.0009579178993741982,100.0,0,440833817292.00604
163.97260273972603,59850,-3.1637871449241454e-64,440833817292.00604,392251223491.0275,783034257748.7769,0.0009579178993741982,100.0,0,440833817292.00604
164.05479452054794,59880,-3.159179064107876e-64,440833817292.00604,392251223491.0275,783034257748.7769,0.0009579178993741982,100.0,0,440833817292.00604
164.13698630136986,59910,-3.154570983291608e-64,440833817292.00604,392251223491.0275,783034257748.7769,0.0009579178993741982,100.0,0,440833817292.00604
164.21917808219177,59940,-3.1499629024753385e-64,440833817292.00604,392251223491.0275,783034257748.7769,0.0009579178993741982,100.0,0,440833817292.00604
164.3013698630137,59970,-3.14535482165907e-64,440833817292.00604,392251223491.0275,783034257748.7769,0.0009579178993741982,100.0,0,440833817292.00604
164.3835616438356,60000,-3.1407467408428e-64,440833817292.00604,392251223491.0275,783034257748.7769,0.0009579178993741982,100.0,0,440833817292.00604
164.46575342465752,60030,-3.1361386600265315e-64,440833817292.00604,392251223491.0275,783034257748.7769,0.0009579178993741982,100.0,0,440833817292.00604
164.54794520547946,60060,-3.131530579210263e-64,440833817292.00604,392251223491.0275,783034257748.7769,0.0009579178993741982,100.0,0,440833817292.00604
164.63013698630138,60090,-3.126922498393994e-64,440833817292.00604,392251223491.0275,783034257748.7769,0.0009579178993741982,100.0,0,440833817292.00604
164.7123287671233,60120,-3.1223144175777246e-64,440833817292.00604,392251223491.0275,783034257748.7769,0.0009579178993741982,100.0,0,440833817292.00604
164.7945205479452,60150,-3.117706336761456e-64,440833817292.00604,392251223491.0275,783034257748.7769,0.0009579178993741982,100.0,0,440833817292.00604
164.87671232876713,60180,-3.113098255945187e-64,440833817292.00604,392251223491.0275,783034257748.7769,0.0009579178993741982,100.0,0,440833817292.00604
164.95890410958904,60210,-3.1084901751289177e-64,440833817292.00604,392251223491.0275,783034257748.7769,0.0009579178993741982,100.0,0,440833817292.00604
165.04109589041096,60240,-3.103882094312648e-64,440833817292.00604,392251223491.0275,783034257748.7769,0.0009579178993741982,100.0,0,440833817292.00604
165.12328767123287,60270,-3.0992740134963795e-64,440833817292.00604,392251223491.0275,783034257748.7769,0.0009579178993741982,100.0,0,440833817292.00604
165.2054794520548,60300,-3.094665932680111e-64,440833817292.00604,392251223491.0275,783034257748.7769,0.0009579178993741982,100.0,0,440833817292.00604
165.2876712328767,60330,-3.090057851863842e-64,440833817292.00604,392251223491.0275,783034257748.7769,0.0009579178993741982,100.0,0,440833817292.00604
165.36986301369862,60360,-3.0854497710475725e-64,440833817292.00604,392251223491.0275,783034257748.7769,0.0009579178993741982,100.0,0,440833817292.00604
165.45205479452054,60390,-3.080841690231304e-64,440833817292.00604,392251223491.0275,783034257748.7769,0.0009579178993741982,100.0,0,440833817292.00604
165.53424657534248,60420,-3.076233609415035e-64,440833817292.00604,392251223491.0275,783034257748.7769,0.0009579178993741982,100.0,0,440833817292.00604
165.6164383561644,60450,-3.071625528598766e-64,440833817292.00604,392251223491.0275,783034257748.7769,0.0009579178993741982,100.0,0,440833817292.00604
165.6986301369863,60480,-3.067017447782497e-64,440833817292.00604,392251223491.0275,783034257748.7769,0.0009579178993741982,100.0,0,440833817292.00604
165.78082191780823,60510,-3.0624093669662274e-64,440833817292.00604,392251223491.0275,783034257748.7769,0.0009579178993741982,100.0,0,440833817292.00604
165.86301369863014,60540,-3.057801286149959e-64,440833817292.00604,392251223491.0275,783034257748.7769,0.0009579178993741982,100.0,0,440833817292.00604
165.94520547945206,60570,-3.05319320533369e-64,440833817292.00604,392251223491.0275,783034257748.7769,0.0009579178993741982,100.0,0,440833817292.00604
166.02739726027397,60600,-3.048585124517421e-64,440833817292.00604,392251223491.0275,783034257748.7769,0.0009579178993741982,100.0,0,440833817292.00604
166.1095890410959,60630,-3.043977043701152e-64,440833817292.00604,392251223491.0275,783034257748.7769,0.0009579178993741982,100.0,0,440833817292.00604
166.1917808219178,60660,-3.039368962884883e-64,440833817292.00604,392251223491.0275,783034257748.7769,0.0009579178993741982,100.0,0,440833817292.00604
166.27397260273972,60690,-3.034760882068614e-64,440833817292.00604,392251223491.0275,783034257748.7769,0.0009579178993741982,100.0,0,440833817292.00604
166.35616438356163,60720,-3.0301528012523448e-64,440833817292.00604,392251223491.0275,783034257748.7769,0.0009579178993741982,100.0,0,440833817292.00604
166.43835616438355,60750,-3.025544720436076e-64,440833817292.00604,392251223491.0275,783034257748.7769,0.0009579178993741982,100.0,0,440833817292.00604
166.5205479452055,60780,-3.020936639619807e-64,440833817292.00604,392251223491.0275,783034257748.7769,0.0009579178993741982,100.0,0,440833817292.00604
166.6027397260274,60810,-3.0163285588035382e-64,440833817292.00604,392251223491.0275,783034257748.7769,0.0009579178993741982,100.0,0,440833817292.00604
166.68493150684932,60840,-3.011720477987269e-64,440833817292.00604,392251223491.0275,783034257748.7769,0.0009579178993741982,100.0,0,440833817292.00604
166.76712328767124,60870,-3.007112397171e-64,440833817292.00604,392251223491.0275,783034257748.7769,0.0009579178993741982,100.0,0,440833817292.00604
166.84931506849315,60900,-3.0025043163547306e-64,440833817292.00604,392251223491.0275,783034257748.7769,0.0009579178993741982,100.0,0,440833817292.00604
166.93150684931507,60930,-2.9978962355384622e-64,440833817292.00604,392251223491.0275,783034257748.7769,0.0009579178993741982,100.0,0,440833817292.00604
167.013698630137,60960,-2.993288154722193e-64,440833817292.00604,392251223491.0275,783034257748.7769,0.0009579178993741982,100.0,0,440833817292.00604
167.0958904109589,60990,-2.988680073905924e-64,440833817292.00604,392251223491.0275,783034257748.7769,0.0009579178993741982,100.0,0,440833817292.00604
167.17808219178082,61020,-2.984071993089655e-64,440833817292.00604,392251223491.0275,783034257748.7769,0.0009579178993741982,100.0,0,440833817292.00604
167.26027397260273,61050,-2.9794639122733865e-64,440833817292.00604,392251223491.0275,783034257748.7769,0.0009579178993741982,100.0,0,440833817292.00604
167.34246575342465,61080,-2.9748558314571174e-64,440833817292.00604,392251223491.0275,783034257748.7769,0.0009579178993741982,100.0,0,440833817292.00604
167.42465753424656,61110,-2.9702477506408483e-64,440833817292.00604,392251223491.0275,783034257748.7769,0.0009579178993741982,100.0,0,440833817292.00604
167.5068493150685,61140,-2.9656396698245792e-64,440833817292.00604,392251223491.0275,783034257748.7769,0.0009579178993741982,100.0,0,440833817292.00604
167.58904109589042,61170,-2.96103158900831e-64,440833817292.00604,392251223491.0275,783034257748.7769,0.0009579178993741982,100.0,0,440833817292.00604
167.67123287671234,61200,-2.956423508192041e-64,440833817292.00604,392251223491.0275,783034257748.7769,0.0009579178993741982,100.0,0,440833817292.00604
167.75342465753425,61230,-2.9518154273757723e-64,440833817292.00604,392251223491.0275,783034257748.7769,0.0009579178993741982,100.0,0,440833817292.00604
167.83561643835617,61260,-2.9472073465595032e-64,440833817292.00604,392251223491.0275,783034257748.7769,0.0009579178993741982,100.0,0,440833817292.00604
167.91780821917808,61290,-2.9425992657432345e-64,440833817292.00604,392251223491.0275,783034257748.7769,0.0009579178993741982,100.0,0,440833817292.00604
168.0,61320,-2.9379911849269654e-64,440833817292.00604,392251223491.0275,783034257748.7769,0.0009579178993741982,100.0,0,440833817292.00604
168.08219178082192,61350,-2.9333831041106963e-64,440833817292.00604,392251223491.0275,783034257748.7769,0.0009579178993741982,100.0,0,440833817292.00604
168.16438356164383,61380,-2.9287750232944275e-64,440833817292.00604,392251223491.0275,783034257748.7769,0.0009579178993741982,100.0,0,440833817292.00604
168.24657534246575,61410,-2.9241669424781584e-64,440833817292.00604,392251223491.0275,783034257748.7769,0.0009579178993741982,100.0,0,440833817292.00604
168.32876712328766,61440,-2.9195588616618894e-64,440833817292.00604,392251223491.0275,783034257748.7769,0.0009579178993741982,100.0,0,440833817292.00604
168.41095890410958,61470,-2.9149507808456203e-64,440833817292.00604,392251223491.0275,783034257748.7769,0.0009579178993741982,100.0,0,440833817292.00604
168.4931506849315,61500,-2.9103427000293512e-64,440833817292.00604,392251223491.0275,783034257748.7769,0.0009579178993741982,100.0,0,440833817292.00604
168.57534246575344,61530,-2.9057346192130824e-64,440833817292.00604,392251223491.0275,783034257748.7769,0.0009579178993741982,100.0,0,440833817292.00604
168.65753424657535,61560,-2.9011265383968137e-64,440833817292.00604,392251223491.0275,783034257748.7769,0.0009579178993741982,100.0,0,440833817292.00604
168.73972602739727,61590,-2.8965184575805446e-64,440833817292.00604,392251223491.0275,783034257748.7769,0.0009579178993741982,100.0,0,440833817292.00604
168.82191780821918,61620,-2.8919103767642755e-64,440833817292.00604,392251223491.0275,783034257748.7769,0.0009579178993741982,100.0,0,440833817292.00604
168.9041095890411,61650,-2.8873022959480064e-64,440833817292.00604,392251223491.0275,783034257748.7769,0.0009579178993741982,100.0,0,440833817292.00604
168.986301369863,61680,-2.882694215131738e-64,440833817292.00604,392251223491.0275,783034257748.7769,0.0009579178993741982,100.0,0,440833817292.00604
169.06849315068493,61710,-2.8780861343154686e-64,440833817292.00604,392251223491.0275,783034257748.7769,0.0009579178993741982,100.0,0,440833817292.00604
169.15068493150685,61740,-2.8734780534991995e-64,440833817292.00604,392251223491.0275,783034257748.7769,0.0009579178993741982,100.0,0,440833817292.00604
169.23287671232876,61770,-2.8688699726829304e-64,440833817292.00604,392251223491.0275,783034257748.7769,0.0009579178993741982,100.0,0,440833817292.00604
169.31506849315068,61800,-2.8642618918666616e-64,440833817292.00604,392251223491.0275,783034257748.7769,0.0009579178993741982,100.0,0,440833817292.00604
169.3972602739726,61830,-2.859653811050393e-64,440833817292.00604,392251223491.0275,783034257748.7769,0.0009579178993741982,100.0,0,440833817292.00604
169.4794520547945,61860,-2.8550457302341238e-64,440833817292.00604,392251223491.0275,783034257748.7769,0.0009579178993741982,100.0,0,440833817292.00604
169.56164383561645,61890,-2.8504376494178547e-64,440833817292.00604,392251223491.0275,783034257748.7769,0.0009579178993741982,100.0,0,440833817292.00604
169.64383561643837,61920,-2.845829568601586e-64,440833817292.00604,392251223491.0275,783034257748.7769,0.0009579178993741982,100.0,0,440833817292.00604
169.72602739726028,61950,-2.841221487785317e-64,440833817292.00604,392251223491.0275,783034257748.7769,0.0009579178993741982,100.0,0,440833817292.00604
169.8082191780822,61980,-2.8366134069690474e-64,440833817292.00604,392251223491.0275,783034257748.7769,0.0009579178993741982,100.0,0,440833817292.00604
169.8904109589041,62010,-2.8320053261527787e-64,440833817292.00604,392251223491.0275,783034257748.7769,0.0009579178993741982,100.0,0,440833817292.00604
169.97260273972603,62040,-2.82739724533651e-64,440833817292.00604,392251223491.0275,783034257748.7769,0.0009579178993741982,100.0,0,440833817292.00604
170.05479452054794,62070,-2.8227891645202408e-64,440833817292.00604,392251223491.0275,783034257748.7769,0.0009579178993741982,100.0,0,440833817292.00604
170.13698630136986,62100,-2.8181810837039717e-64,440833817292.00604,392251223491.0275,783034257748.7769,0.0009579178993741982,100.0,0,440833817292.00604
170.21917808219177,62130,-2.8135730028877026e-64,440833817292.00604,392251223491.0275,783034257748.7769,0.0009579178993741982,100.0,0,440833817292.00604
170.3013698630137,62160,-2.808964922071434e-64,440833817292.00604,392251223491.0275,783034257748.7769,0.0009579178993741982,100.0,0,440833817292.00604
170.3835616438356,62190,-2.804356841255165e-64,440833817292.00604,392251223491.0275,783034257748.7769,0.0009579178993741982,100.0,0,440833817292.00604
170.46575342465752,62220,-2.799748760438896e-64,440833817292.00604,392251223491.0275,783034257748.7769,0.0009579178993741982,100.0,0,440833817292.00604
170.54794520547946,62250,-2.795140679622627e-64,440833817292.00604,392251223491.0275,783034257748.7769,0.0009579178993741982,100.0,0,440833817292.00604
170.63013698630138,62280,-2.7905325988063575e-64,440833817292.00604,392251223491.0275,783034257748.7769,0.0009579178993741982,100.0,0,440833817292.00604
170.7123287671233,62310,-2.785924517990089e-64,440833817292.00604,392251223491.0275,783034257748.7769,0.0009579178993741982,100.0,0,440833817292.00604
170.7945205479452,62340,-2.78131643717382e-64,440833817292.00604,392251223491.0275,783034257748.7769,0.0009579178993741982,100.0,0,440833817292.00604
170.87671232876713,62370,-2.776708356357551e-64,440833817292.00604,392251223491.0275,783034257748.7769,0.0009579178993741982,100.0,0,440833817292.00604
170.95890410958904,62400,-2.772100275541282e-64,440833817292.00604,392251223491.0275,783034257748.7769,0.0009579178993741982,100.0,0,440833817292.00604
171.04109589041096,62430,-2.767492194725013e-64,440833817292.00604,392251223491.0275,783034257748.7769,0.0009579178993741982,100.0,0,440833817292.00604
171.12328767123287,62460,-2.7628841139087443e-64,440833817292.00604,392251223491.0275,783034257748.7769,0.0009579178993741982,100.0,0,440833817292.00604
171.2054794520548,62490,-2.7582760330924753e-64,440833817292.00604,392251223491.0275,783034257748.7769,0.0009579178993741982,100.0,0,440833817292.00604
171.2876712328767,62520,-2.753667952276206e-64,440833817292.00604,392251223491.0275,783034257748.7769,0.0009579178993741982,100.0,0,440833817292.00604
171.36986301369862,62550,-2.749059871459937e-64,440833817292.00604,392251223491.0275,783034257748.7769,0.0009579178993741982,100.0,0,440833817292.00604
171.45205479452054,62580,-2.744451790643668e-64,440833817292.00604,392251223491.0275,783034257748.7769,0.0009579178993741982,100.0,0,440833817292.00604
171.53424657534248,62610,-2.7398437098273992e-64,440833817292.00604,392251223491.0275,783034257748.7769,0.0009579178993741982,100.0,0,440833817292.00604
171.6164383561644,62640,-2.73523562901113e-64,440833817292.00604,392251223491.0275,783034257748.7769,0.0009579178993741982,100.0,0,440833817292.00604
171.6986301369863,62670,-2.7306275481948614e-64,440833817292.00604,392251223491.0275,783034257748.7769,0.0009579178993741982,100.0,0,440833817292.00604
171.78082191780823,62700,-2.7260194673785923e-64,440833817292.00604,392251223491.0275,783034257748.7769,0.0009579178993741982,100.0,0,440833817292.00604
171.86301369863014,62730,-2.7214113865623232e-64,440833817292.00604,392251223491.0275,783034257748.7769,0.0009579178993741982,100.0,0,440833817292.00604
171.94520547945206,62760,-2.716803305746054e-64,440833817292.00604,392251223491.0275,783034257748.7769,0.0009579178993741982,100.0,0,440833817292.00604
172.02739726027397,62790,-2.7121952249297854e-64,440833817292.00604,392251223491.0275,783034257748.7769,0.0009579178993741982,100.0,0,440833817292.00604
172.1095890410959,62820,-2.7075871441135163e-64,440833817292.00604,392251223491.0275,783034257748.7769,0.0009579178993741982,100.0,0,440833817292.00604
172.1917808219178,62850,-2.7029790632972472e-64,440833817292.00604,392251223491.0275,783034257748.7769,0.0009579178993741982,100.0,0,440833817292.00604
172.27397260273972,62880,-2.698370982480978e-64,440833817292.00604,392251223491.0275,783034257748.7769,0.0009579178993741982,100.0,0,440833817292.00604
172.35616438356163,62910,-2.693762901664709e-64,440833817292.00604,392251223491.0275,783034257748.7769,0.0009579178993741982,100.0,0,440833817292.00604
172.43835616438355,62940,-2.6891548208484406e-64,440833817292.00604,392251223491.0275,783034257748.7769,0.0009579178993741982,100.0,0,440833817292.00604
172.5205479452055,62970,-2.6845467400321715e-64,440833817292.00604,392251223491.0275,783034257748.7769,0.0009579178993741982,100.0,0,440833817292.00604
172.6027397260274,63000,-2.6799386592159024e-64,440833817292.00604,392251223491.0275,783034257748.7769,0.0009579178993741982,100.0,0,440833817292.00604
172.68493150684932,63030,-2.6753305783996333e-64,440833817292.00604,392251223491.0275,783034257748.7769,0.0009579178993741982,100.0,0,440833817292.00604
172.76712328767124,63060,-2.6707224975833646e-64,440833817292.00604,392251223491.0275,783034257748.7769,0.0009579178993741982,100.0,0,440833817292.00604
172.84931506849315,63090,-2.6661144167670955e-64,440833817292.00604,392251223491.0275,783034257748.7769,0.0009579178993741982,100.0,0,440833817292.00604
172.93150684931507,63120,-2.6615063359508264e-64,440833817292.00604,392251223491.0275,783034257748.7769,0.0009579178993741982,100.0,0,440833817292.00604
173.013698630137,63150,-2.6568982551345573e-64,440833817292.00604,392251223491.0275,783034257748.7769,0.0009579178993741982,100.0,0,440833817292.00604
173.0958904109589,63180,-2.6522901743182885e-64,440833817292.00604,392251223491.0275,783034257748.7769,0.0009579178993741982,100.0,0,440833817292.00604
173.17808219178082,63210,-2.6476820935020195e-64,440833817292.00604,392251223491.0275,783034257748.7769,0.0009579178993741982,100.0,0,440833817292.00604
173.26027397260273,63240,-2.6430740126857507e-64,440833817292.00604,392251223491.0275,783034257748.7769,0.0009579178993741982,100.0,0,440833817292.00604
173.34246575342465,63270,-2.6384659318694816e-64,440833817292.00604,392251223491.0275,783034257748.7769,0.0009579178993741982,100.0,0,440833817292.00604
173.42465753424656,63300,-2.633857851053213e-64,440833817292.00604,392251223491.0275,783034257748.7769,0.0009579178993741982,100.0,0,440833817292.00604
173.5068493150685,63330,-2.6292497702369438e-64,440833817292.00604,392251223491.0275,783034257748.7769,0.0009579178993741982,100.0,0,440833817292.00604
173.58904109589042,63360,-2.6246416894206743e-64,440833817292.00604,392251223491.0275,783034257748.7769,0.0009579178993741982,100.0,0,440833817292.00604
173.67123287671234,63390,-2.6200336086044056e-64,440833817292.00604,392251223491.0275,783034257748.7769,0.0009579178993741982,100.0,0,440833817292.00604
173.75342465753425,63420,-2.615425527788137e-64,440833817292.00604,392251223491.0275,783034257748.7769,0.0009579178993741982,100.0,0,440833817292.00604
173.83561643835617,63450,-2.6108174469718678e-64,440833817292.00604,392251223491.0275,783034257748.7769,0.0009579178993741982,100.0,0,440833817292.00604
173.91780821917808,63480,-2.6062093661555987e-64,440833817292.00604,392251223491.0275,783034257748.7769,0.0009579178993741982,100.0,0,440833817292.00604
174.0,63510,-2.6016012853393296e-64,440833817292.00604,392251223491.0275,783034257748.7769,0.0009579178993741982,100.0,0,440833817292.00604
174.08219178082192,63540,-2.5969932045230605e-64,440833817292.00604,392251223491.0275,783034257748.7769,0.0009579178993741982,100.0,0,440833817292.00604
174.16438356164383,63570,-2.592385123706792e-64,440833817292.00604,392251223491.0275,783034257748.7769,0.0009579178993741982,100.0,0,440833817292.00604
174.24657534246575,63600,-2.587777042890523e-64,440833817292.00604,392251223491.0275,783034257748.7769,0.0009579178993741982,100.0,0,440833817292.00604
174.32876712328766,63630,-2.5831689620742535e-64,440833817292.00604,392251223491.0275,783034257748.7769,0.0009579178993741982,100.0,0,440833817292.00604
174.41095890410958,63660,-2.5785608812579845e-64,440833817292.00604,392251223491.0275,783034257748.7769,0.0009579178993741982,100.0,0,440833817292.00604
174.4931506849315,63690,-2.573952800441716e-64,440833817292.00604,392251223491.0275,783034257748.7769,0.0009579178993741982,100.0,0,440833817292.00604
174.57534246575344,63720,-2.569344719625447e-64,440833817292.00604,392251223491.0275,783034257748.7769,0.0009579178993741982,100.0,0,440833817292.00604
174.65753424657535,63750,-2.564736638809178e-64,440833817292.00604,392251223491.0275,783034257748.7769,0.0009579178993741982,100.0,0,440833817292.00604
174.73972602739727,63780,-2.5601285579929088e-64,440833817292.00604,392251223491.0275,783034257748.7769,0.0009579178993741982,100.0,0,440833817292.00604
174.82191780821918,63810,-2.55552047717664e-64,440833817292.00604,392251223491.0275,783034257748.7769,0.0009579178993741982,100.0,0,440833817292.00604
174.9041095890411,63840,-2.550912396360371e-64,440833817292.00604,392251223491.0275,783034257748.7769,0.0009579178993741982,100.0,0,440833817292.00604
174.986301369863,63870,-2.5463043155441022e-64,440833817292.00604,392251223491.0275,783034257748.7769,0.0009579178993741982,100.0,0,440833817292.00604
175.06849315068493,63900,-2.5416962347278328e-64,440833817292.00604,392251223491.0275,783034257748.7769,0.0009579178993741982,100.0,0,440833817292.00604
175.15068493150685,63930,-2.537088153911564e-64,440833817292.00604,392251223491.0275,783034257748.7769,0.0009579178993741982,100.0,0,440833817292.00604
175.23287671232876,63960,-2.532480073095295e-64,440833817292.00604,392251223491.0275,783034257748.7769,0.0009579178993741982,100.0,0,440833817292.00604
175.31506849315068,63990,-2.5278719922790258e-64,440833817292.00604,392251223491.0275,783034257748.7769,0.0009579178993741982,100.0,0,440833817292.00604
175.3972602739726,64020,-2.523263911462757e-64,440833817292.00604,392251223491.0275,783034257748.7769,0.0009579178993741982,100.0,0,440833817292.00604
175.4794520547945,64050,-2.5186558306464883e-64,440833817292.00604,392251223491.0275,783034257748.7769,0.0009579178993741982,100.0,0,440833817292.00604
175.56164383561645,64080,-2.5140477498302192e-64,440833817292.00604,392251223491.0275,783034257748.7769,0.0009579178993741982,100.0,0,440833817292.00604
175.64383561643837,64110,-2.50943966901395e-64,440833817292.00604,392251223491.0275,783034257748.7769,0.0009579178993741982,100.0,0,440833817292.00604
175.72602739726028,64140,-2.504831588197681e-64,440833817292.00604,392251223491.0275,783034257748.7769,0.0009579178993741982,100.0,0,440833817292.00604
175.8082191780822,64170,-2.5002235073814126e-64,440833817292.00604,392251223491.0275,783034257748.7769,0.0009579178993741982,100.0,0,440833817292.00604
175.8904109589041,64200,-2.4956154265651432e-64,440833817292.00604,392251223491.0275,783034257748.7769,0.0009579178993741982,100.0,0,440833817292.00604
175.97260273972603,64230,-2.491007345748874e-64,440833817292.00604,392251223491.0275,783034257748.7769,0.0009579178993741982,100.0,0,440833817292.00604
176.05479452054794,64260,-2.486399264932605e-64,440833817292.00604,392251223491.0275,783034257748.7769,0.0009579178993741982,100.0,0,440833817292.00604
176.13698630136986,64290,-2.481791184116336e-64,440833817292.00604,392251223491.0275,783034257748.7769,0.0009579178993741982,100.0,0,440833817292.00604
176.21917808219177,64320,-2.4771831033000675e-64,440833817292.00604,392251223491.0275,783034257748.7769,0.0009579178993741982,100.0,0,440833817292.00604
176.3013698630137,64350,-2.4725750224837984e-64,440833817292.00604,392251223491.0275,783034257748.7769,0.0009579178993741982,100.0,0,440833817292.00604
176.3835616438356,64380,-2.4679669416675293e-64,440833817292.00604,392251223491.0275,783034257748.7769,0.0009579178993741982,100.0,0,440833817292.00604
176.46575342465752,64410,-2.4633588608512602e-64,440833817292.00604,392251223491.0275,783034257748.7769,0.0009579178993741982,100.0,0,440833817292.00604
176.54794520547946,64440,-2.4587507800349915e-64,440833817292.00604,392251223491.0275,783034257748.7769,0.0009579178993741982,100.0,0,440833817292.00604
176.63013698630138,64470,-2.4541426992187224e-64,440833817292.00604,392251223491.0275,783034257748.7769,0.0009579178993741982,100.0,0,440833817292.00604
176.7123287671233,64500,-2.4495346184024533e-64,440833817292.00604,392251223491.0275,783034257748.7769,0.0009579178993741982,100.0,0,440833817292.00604
176.7945205479452,64530,-2.4449265375861842e-64,440833817292.00604,392251223491.0275,783034257748.7769,0.0009579178993741982,100.0,0,440833817292.00604
176.87671232876713,64560,-2.4403184567699155e-64,440833817292.00604,392251223491.0275,783034257748.7769,0.0009579178993741982,100.0,0,440833817292.00604
176.95890410958904,64590,-2.4357103759536464e-64,440833817292.00604,392251223491.0275,783034257748.7769,0.0009579178993741982,100.0,0,440833817292.00604
177.04109589041096,64620,-2.4311022951373773e-64,440833817292.00604,392251223491.0275,783034257748.7769,0.0009579178993741982,100.0,0,440833817292.00604
177.12328767123287,64650,-2.4264942143211085e-64,440833817292.00604,392251223491.0275,783034257748.7769,0.0009579178993741982,100.0,0,440833817292.00604
177.2054794520548,64680,-2.4218861335048398e-64,440833817292.00604,392251223491.0275,783034257748.7769,0.0009579178993741982,100.0,0,440833817292.00604
177.2876712328767,64710,-2.4172780526885707e-64,440833817292.00604,392251223491.0275,783034257748.7769,0.0009579178993741982,100.0,0,440833817292.00604
177.36986301369862,64740,-2.4126699718723013e-64,440833817292.00604,392251223491.0275,783034257748.7769,0.0009579178993741982,100.0,0,440833817292.00604
177.45205479452054,64770,-2.4080618910560322e-64,440833817292.00604,392251223491.0275,783034257748.7769,0.0009579178993741982,100.0,0,440833817292.00604
177.53424657534248,64800,-2.4034538102397638e-64,440833817292.00604,392251223491.0275,783034257748.7769,0.0009579178993741982,100.0,0,440833817292.00604
177.6164383561644,64830,-2.3988457294234947e-64,440833817292.00604,392251223491.0275,783034257748.7769,0.0009579178993741982,100.0,0,440833817292.00604
177.6986301369863,64860,-2.3942376486072256e-64,440833817292.00604,392251223491.0275,783034257748.7769,0.0009579178993741982,100.0,0,440833817292.00604
177.78082191780823,64890,-2.3896295677909565e-64,440833817292.00604,392251223491.0275,783034257748.7769,0.0009579178993741982,100.0,0,440833817292.00604
177.86301369863014,64920,-2.3850214869746877e-64,440833817292.00604,392251223491.0275,783034257748.7769,0.0009579178993741982,100.0,0,440833817292.00604
177.94520547945206,64950,-2.380413406158419e-64,440833817292.00604,392251223491.0275,783034257748.7769,0.0009579178993741982,100.0,0,440833817292.00604
178.02739726027397,64980,-2.37580532534215e-64,440833817292.00604,392251223491.0275,783034257748.7769,0.0009579178993741982,100.0,0,440833817292.00604
178.1095890410959,65010,-2.3711972445258805e-64,440833817292.00604,392251223491.0275,783034257748.7769,0.0009579178993741982,100.0,0,440833817292.00604
178.1917808219178,65040,-2.3665891637096114e-64,440833817292.00604,392251223491.0275,783034257748.7769,0.0009579178993741982,100.0,0,440833817292.00604
178.27397260273972,65070,-2.3619810828933426e-64,440833817292.00604,392251223491.0275,783034257748.7769,0.0009579178993741982,100.0,0,440833817292.00604
178.35616438356163,65100,-2.357373002077074e-64,440833817292.00604,392251223491.0275,783034257748.7769,0.0009579178993741982,100.0,0,440833817292.00604
178.43835616438355,65130,-2.3527649212608048e-64,440833817292.00604,392251223491.0275,783034257748.7769,0.0009579178993741982,100.0,0,440833817292.00604
178.5205479452055,65160,-2.3481568404445357e-64,440833817292.00604,392251223491.0275,783034257748.7769,0.0009579178993741982,100.0,0,440833817292.00604
178.6027397260274,65190,-2.343548759628267e-64,440833817292.00604,392251223491.0275,783034257748.7769,0.0009579178993741982,100.0,0,440833817292.00604
178.68493150684932,65220,-2.338940678811998e-64,440833817292.00604,392251223491.0275,783034257748.7769,0.0009579178993741982,100.0,0,440833817292.00604
178.76712328767124,65250,-2.334332597995729e-64,440833817292.00604,392251223491.0275,783034257748.7769,0.0009579178993741982,100.0,0,440833817292.00604
178.84931506849315,65280,-2.3297245171794597e-64,440833817292.00604,392251223491.0275,783034257748.7769,0.0009579178993741982,100.0,0,440833817292.00604
178.93150684931507,65310,-2.325116436363191e-64,440833817292.00604,392251223491.0275,783034257748.7769,0.0009579178993741982,100.0,0,440833817292.00604
179.013698630137,65340,-2.320508355546922e-64,440833817292.00604,392251223491.0275,783034257748.7769,0.0009579178993741982,100.0,0,440833817292.00604
179.0958904109589,65370,-2.3159002747306527e-64,440833817292.00604,392251223491.0275,783034257748.7769,0.0009579178993741982,100.0,0,440833817292.00604
179.17808219178082,65400,-2.3112921939143837e-64,440833817292.00604,392251223491.0275,783034257748.7769,0.0009579178993741982,100.0,0,440833817292.00604
179.26027397260273,65430,-2.3066841130981152e-64,440833817292.00604,392251223491.0275,783034257748.7769,0.0009579178993741982,100.0,0,440833817292.00604
179.34246575342465,65460,-2.302076032281846e-64,440833817292.00604,392251223491.0275,783034257748.7769,0.0009579178993741982,100.0,0,440833817292.00604
179.42465753424656,65490,-2.297467951465577e-64,440833817292.00604,392251223491.0275,783034257748.7769,0.0009579178993741982,100.0,0,440833817292.00604
179.5068493150685,65520,-2.292859870649308e-64,440833817292.00604,392251223491.0275,783034257748.7769,0.0009579178993741982,100.0,0,440833817292.00604
179.58904109589042,65550,-2.2882517898330392e-64,440833817292.00604,392251223491.0275,783034257748.7769,0.0009579178993741982,100.0,0,440833817292.00604
179.67123287671234,65580,-2.28364370901677e-64,440833817292.00604,392251223491.0275,783034257748.7769,0.0009579178993741982,100.0,0,440833817292.00604
179.75342465753425,65610,-2.279035628200501e-64,440833817292.00604,392251223491.0275,783034257748.7769,0.0009579178993741982,100.0,0,440833817292.00604
179.83561643835617,65640,-2.274427547384232e-64,440833817292.00604,392251223491.0275,783034257748.7769,0.0009579178993741982,100.0,0,440833817292.00604
179.91780821917808,65670,-2.269819466567963e-64,440833817292.00604,392251223491.0275,783034257748.7769,0.0009579178993741982,100.0,0,440833817292.00604
180.0,65700,-2.265211385751694e-64,440833817292.00604,392251223491.0275,783034257748.7769,0.0009579178993741982,100.0,0,440833817292.00604
180.08219178082192,65730,-2.2606033049354254e-64,440833817292.00604,392251223491.0275,783034257748.7769,0.0009579178993741982,100.0,0,440833817292.00604
180.16438356164383,65760,-2.2559952241191563e-64,440833817292.00604,392251223491.0275,783034257748.7769,0.0009579178993741982,100.0,0,440833817292.00604
180.24657534246575,65790,-2.2513871433028872e-64,440833817292.00604,392251223491.0275,783034257748.7769,0.0009579178993741982,100.0,0,440833817292.00604
180.32876712328766,65820,-2.246779062486618e-64,440833817292.00604,392251223491.0275,783034257748.7769,0.0009579178993741982,100.0,0,440833817292.00604
180.41095890410958,65850,-2.242170981670349e-64,440833817292.00604,392251223491.0275,783034257748.7769,0.0009579178993741982,100.0,0,440833817292.00604
180.4931506849315,65880,-2.2375629008540802e-64,440833817292.00604,392251223491.0275,783034257748.7769,0.0009579178993741982,100.0,0,440833817292.00604
180.57534246575344,65910,-2.232954820037811e-64,440833817292.00604,392251223491.0275,783034257748.7769,0.0009579178993741982,100.0,0,440833817292.00604
180.65753424657535,65940,-2.2283467392215424e-64,440833817292.00604,392251223491.0275,783034257748.7769,0.0009579178993741982,100.0,0,440833817292.00604
180.73972602739727,65970,-2.2237386584052733e-64,440833817292.00604,392251223491.0275,783034257748.7769,0.0009579178993741982,100.0,0,440833817292.00604
180.82191780821918,66000,-2.2191305775890042e-64,440833817292.00604,392251223491.0275,783034257748.7769,0.0009579178993741982,100.0,0,440833817292.00604
180.9041095890411,66030,-2.2145224967727355e-64,440833817292.00604,392251223491.0275,783034257748.7769,0.0009579178993741982,100.0,0,440833817292.00604
180.986301369863,66060,-2.2099144159564667e-64,440833817292.00604,392251223491.0275,783034257748.7769,0.0009579178993741982,100.0,0,440833817292.00604
181.06849315068493,66090,-2.2053063351401973e-64,440833817292.00604,392251223491.0275,783034257748.7769,0.0009579178993741982,100.0,0,440833817292.00604
181.15068493150685,66120,-2.2006982543239282e-64,440833817292.00604,392251223491.0275,783034257748.7769,0.0009579178993741982,100.0,0,440833817292.00604
181.23287671232876,66150,-2.196090173507659e-64,440833817292.00604,392251223491.0275,783034257748.7769,0.0009579178993741982,100.0,0,440833817292.00604
181.31506849315068,66180,-2.1914820926913907e-64,440833817292.00604,392251223491.0275,783034257748.7769,0.0009579178993741982,100.0,0,440833817292.00604
181.3972602739726,66210,-2.1868740118751216e-64,440833817292.00604,392251223491.0275,783034257748.7769,0.0009579178993741982,100.0,0,440833817292.00604
181.4794520547945,66240,-2.1822659310588525e-64,440833817292.00604,392251223491.0275,783034257748.7769,0.0009579178993741982,100.0,0,440833817292.00604
181.56164383561645,66270,-2.1776578502425834e-64,440833817292.00604,392251223491.0275,783034257748.7769,0.0009579178993741982,100.0,0,440833817292.00604
181.64383561643837,66300,-2.1730497694263147e-64,440833817292.00604,392251223491.0275,783034257748.7769,0.0009579178993741982,100.0,0,440833817292.00604
181.72602739726028,66330,-2.168441688610046e-64,440833817292.00604,392251223491.0275,783034257748.7769,0.0009579178993741982,100.0,0,440833817292.00604
181.8082191780822,66360,-2.1638336077937768e-64,440833817292.00604,392251223491.0275,783034257748.7769,0.0009579178993741982,100.0,0,440833817292.00604
181.8904109589041,66390,-2.1592255269775074e-64,440833817292.00604,392251223491.0275,783034257748.7769,0.0009579178993741982,100.0,0,440833817292.00604
181.97260273972603,66420,-2.1546174461612383e-64,440833817292.00604,392251223491.0275,783034257748.7769,0.0009579178993741982,100.0,0,440833817292.00604
182.05479452054794,66450,-2.1500093653449696e-64,440833817292.00604,392251223491.0275,783034257748.7769,0.0009579178993741982,100.0,0,440833817292.00604
182.13698630136986,66480,-2.1454012845287008e-64,440833817292.00604,392251223491.0275,783034257748.7769,0.0009579178993741982,100.0,0,440833817292.00604
182.21917808219177,66510,-2.1407932037124317e-64,440833817292.00604,392251223491.0275,783034257748.7769,0.0009579178993741982,100.0,0,440833817292.00604
182.3013698630137,66540,-2.1361851228961626e-64,440833817292.00604,392251223491.0275,783034257748.7769,0.0009579178993741982,100.0,0,440833817292.00604
182.3835616438356,66570,-2.131577042079894e-64,440833817292.00604,392251223491.0275,783034257748.7769,0.0009579178993741982,100.0,0,440833817292.00604
182.46575342465752,66600,-2.1269689612636248e-64,440833817292.00604,392251223491.0275,783034257748.7769,0.0009579178993741982,100.0,0,440833817292.00604
182.54794520547946,66630,-2.1223608804473554e-64,440833817292.00604,392251223491.0275,783034257748.7769,0.0009579178993741982,100.0,0,440833817292.00604
182.63013698630138,66660,-2.1177527996310866e-64,440833817292.00604,392251223491.0275,783034257748.7769,0.0009579178993741982,100.0,0,440833817292.00604
182.7123287671233,66690,-2.113144718814818e-64,440833817292.00604,392251223491.0275,783034257748.7769,0.0009579178993741982,100.0,0,440833817292.00604
182.7945205479452,66720,-2.1085366379985488e-64,440833817292.00604,392251223491.0275,783034257748.7769,0.0009579178993741982,100.0,0,440833817292.00604
182.87671232876713,66750,-2.1039285571822797e-64,440833817292.00604,392251223491.0275,783034257748.7769,0.0009579178993741982,100.0,0,440833817292.00604
182.95890410958904,66780,-2.0993204763660106e-64,440833817292.00604,392251223491.0275,783034257748.7769,0.0009579178993741982,100.0,0,440833817292.00604
183.04109589041096,66810,-2.094712395549742e-64,440833817292.00604,392251223491.0275,783034257748.7769,0.0009579178993741982,100.0,0,440833817292.00604
183.12328767123287,66840,-2.090104314733473e-64,440833817292.00604,392251223491.0275,783034257748.7769,0.0009579178993741982,100.0,0,440833817292.00604
183.2054794520548,66870,-2.085496233917204e-64,440833817292.00604,392251223491.0275,783034257748.7769,0.0009579178993741982,100.0,0,440833817292.00604
183.2876712328767,66900,-2.080888153100935e-64,440833817292.00604,392251223491.0275,783034257748.7769,0.0009579178993741982,100.0,0,440833817292.00604
183.36986301369862,66930,-2.0762800722846658e-64,440833817292.00604,392251223491.0275,783034257748.7769,0.0009579178993741982,100.0,0,440833817292.00604
183.45205479452054,66960,-2.071671991468397e-64,440833817292.00604,392251223491.0275,783034257748.7769,0.0009579178993741982,100.0,0,440833817292.00604
183.53424657534248,66990,-2.067063910652128e-64,440833817292.00604,392251223491.0275,783034257748.7769,0.0009579178993741982,100.0,0,440833817292.00604
183.6164383561644,67020,-2.062455829835859e-64,440833817292.00604,392251223491.0275,783034257748.7769,0.0009579178993741982,100.0,0,440833817292.00604
183.6986301369863,67050,-2.05784774901959e-64,440833817292.00604,392251223491.0275,783034257748.7769,0.0009579178993741982,100.0,0,440833817292.00604
183.78082191780823,67080,-2.053239668203321e-64,440833817292.00604,392251223491.0275,783034257748.7769,0.0009579178993741982,100.0,0,440833817292.00604
183.86301369863014,67110,-2.0486315873870523e-64,440833817292.00604,392251223491.0275,783034257748.7769,0.0009579178993741982,100.0,0,440833817292.00604
183.94520547945206,67140,-2.0440235065707832e-64,440833817292.00604,392251223491.0275,783034257748.7769,0.0009579178993741982,100.0,0,440833817292.00604
184.02739726027397,67170,-2.039415425754514e-64,440833817292.00604,392251223491.0275,783034257748.7769,0.0009579178993741982,100.0,0,440833817292.00604
184.1095890410959,67200,-2.034807344938245e-64,440833817292.00604,392251223491.0275,783034257748.7769,0.0009579178993741982,100.0,0,440833817292.00604
184.1917808219178,67230,-2.030199264121976e-64,440833817292.00604,392251223491.0275,783034257748.7769,0.0009579178993741982,100.0,0,440833817292.00604
184.27397260273972,67260,-2.025591183305707e-64,440833817292.00604,392251223491.0275,783034257748.7769,0.0009579178993741982,100.0,0,440833817292.00604
184.35616438356163,67290,-2.020983102489438e-64,440833817292.00604,392251223491.0275,783034257748.7769,0.0009579178993741982,100.0,0,440833817292.00604
184.43835616438355,67320,-2.0163750216731693e-64,440833817292.00604,392251223491.0275,783034257748.7769,0.0009579178993741982,100.0,0,440833817292.00604
184.5205479452055,67350,-2.0117669408569002e-64,440833817292.00604,392251223491.0275,783034257748.7769,0.0009579178993741982,100.0,0,440833817292.00604
184.6027397260274,67380,-2.007158860040631e-64,440833817292.00604,392251223491.0275,783034257748.7769,0.0009579178993741982,100.0,0,440833817292.00604
184.68493150684932,67410,-2.002550779224362e-64,440833817292.00604,392251223491.0275,783034257748.7769,0.0009579178993741982,100.0,0,440833817292.00604
184.76712328767124,67440,-1.9979426984080936e-64,440833817292.00604,392251223491.0275,783034257748.7769,0.0009579178993741982,100.0,0,440833817292.00604
184.84931506849315,67470,-1.9933346175918242e-64,440833817292.00604,392251223491.0275,783034257748.7769,0.0009579178993741982,100.0,0,440833817292.00604
184.93150684931507,67500,-1.988726536775555e-64,440833817292.00604,392251223491.0275,783034257748.7769,0.0009579178993741982,100.0,0,440833817292.00604
185.013698630137,67530,-1.984118455959286e-64,440833817292.00604,392251223491.0275,783034257748.7769,0.0009579178993741982,100.0,0,440833817292.00604
185.0958904109589,67560,-1.9795103751430176e-64,440833817292.00604,392251223491.0275,783034257748.7769,0.0009579178993741982,100.0,0,440833817292.00604
185.17808219178082,67590,-1.9749022943267485e-64,440833817292.00604,392251223491.0275,783034257748.7769,0.0009579178993741982,100.0,0,440833817292.00604
185.26027397260273,67620,-1.9702942135104794e-64,440833817292.00604,392251223491.0275,783034257748.7769,0.0009579178993741982,100.0,0,440833817292.00604
185.34246575342465,67650,-1.9656861326942103e-64,440833817292.00604,392251223491.0275,783034257748.7769,0.0009579178993741982,100.0,0,440833817292.00604
185.42465753424656,67680,-1.9610780518779416e-64,440833817292.00604,392251223491.0275,783034257748.7769,0.0009579178993741982,100.0,0,440833817292.00604
185.5068493150685,67710,-1.9564699710616725e-64,440833817292.00604,392251223491.0275,783034257748.7769,0.0009579178993741982,100.0,0,440833817292.00604
185.58904109589042,67740,-1.9518618902454034e-64,440833817292.00604,392251223491.0275,783034257748.7769,0.0009579178993741982,100.0,0,440833817292.00604
185.67123287671234,67770,-1.9472538094291343e-64,440833817292.00604,392251223491.0275,783034257748.7769,0.0009579178993741982,100.0,0,440833817292.00604
185.75342465753425,67800,-1.9426457286128656e-64,440833817292.00604,392251223491.0275,783034257748.7769,0.0009579178993741982,100.0,0,440833817292.00604
185.83561643835617,67830,-1.9380376477965965e-64,440833817292.00604,392251223491.0275,783034257748.7769,0.0009579178993741982,100.0,0,440833817292.00604
185.91780821917808,67860,-1.9334295669803274e-64,440833817292.00604,392251223491.0275,783034257748.7769,0.0009579178993741982,100.0,0,440833817292.00604
186.0,67890,-1.9288214861640586e-64,440833817292.00604,392251223491.0275,783034257748.7769,0.0009579178993741982,100.0,0,440833817292.00604
186.08219178082192,67920,-1.9242134053477896e-64,440833817292.00604,392251223491.0275,783034257748.7769,0.0009579178993741982,100.0,0,440833817292.00604
186.16438356164383,67950,-1.9196053245315208e-64,440833817292.00604,392251223491.0275,783034257748.7769,0.0009579178993741982,100.0,0,440833817292.00604
186.24657534246575,67980,-1.9149972437152517e-64,440833817292.00604,392251223491.0275,783034257748.7769,0.0009579178993741982,100.0,0,440833817292.00604
186.32876712328766,68010,-1.9103891628989823e-64,440833817292.00604,392251223491.0275,783034257748.7769,0.0009579178993741982,100.0,0,440833817292.00604
186.41095890410958,68040,-1.9057810820827135e-64,440833817292.00604,392251223491.0275,783034257748.7769,0.0009579178993741982,100.0,0,440833817292.00604
186.4931506849315,68070,-1.9011730012664448e-64,440833817292.00604,392251223491.0275,783034257748.7769,0.0009579178993741982,100.0,0,440833817292.00604
186.57534246575344,68100,-1.8965649204501757e-64,440833817292.00604,392251223491.0275,783034257748.7769,0.0009579178993741982,100.0,0,440833817292.00604
186.65753424657535,68130,-1.8919568396339066e-64,440833817292.00604,392251223491.0275,783034257748.7769,0.0009579178993741982,100.0,0,440833817292.00604
186.73972602739727,68160,-1.8873487588176375e-64,440833817292.00604,392251223491.0275,783034257748.7769,0.0009579178993741982,100.0,0,440833817292.00604
186.82191780821918,68190,-1.882740678001369e-64,440833817292.00604,392251223491.0275,783034257748.7769,0.0009579178993741982,100.0,0,440833817292.00604
186.9041095890411,68220,-1.8781325971851e-64,440833817292.00604,392251223491.0275,783034257748.7769,0.0009579178993741982,100.0,0,440833817292.00604
186.986301369863,68250,-1.873524516368831e-64,440833817292.00604,392251223491.0275,783034257748.7769,0.0009579178993741982,100.0,0,440833817292.00604
187.06849315068493,68280,-1.8689164355525615e-64,440833817292.00604,392251223491.0275,783034257748.7769,0.0009579178993741982,100.0,0,440833817292.00604
187.15068493150685,68310,-1.8643083547362927e-64,440833817292.00604,392251223491.0275,783034257748.7769,0.0009579178993741982,100.0,0,440833817292.00604
187.23287671232876,68340,-1.859700273920024e-64,440833817292.00604,392251223491.0275,783034257748.7769,0.0009579178993741982,100.0,0,440833817292.00604
187.31506849315068,68370,-1.855092193103755e-64,440833817292.00604,392251223491.0275,783034257748.7769,0.0009579178993741982,100.0,0,440833817292.00604
187.3972602739726,68400,-1.8504841122874858e-64,440833817292.00604,392251223491.0275,783034257748.7769,0.0009579178993741982,100.0,0,440833817292.00604
187.4794520547945,68430,-1.845876031471217e-64,440833817292.00604,392251223491.0275,783034257748.7769,0.0009579178993741982,100.0,0,440833817292.00604
187.56164383561645,68460,-1.841267950654948e-64,440833817292.00604,392251223491.0275,783034257748.7769,0.0009579178993741982,100.0,0,440833817292.00604
187.64383561643837,68490,-1.836659869838679e-64,440833817292.00604,392251223491.0275,783034257748.7769,0.0009579178993741982,100.0,0,440833817292.00604
187.72602739726028,68520,-1.83205178902241e-64,440833817292.00604,392251223491.0275,783034257748.7769,0.0009579178993741982,100.0,0,440833817292.00604
187.8082191780822,68550,-1.8274437082061407e-64,440833817292.00604,392251223491.0275,783034257748.7769,0.0009579178993741982,100.0,0,440833817292.00604
187.8904109589041,68580,-1.822835627389872e-64,440833817292.00604,392251223491.0275,783034257748.7769,0.0009579178993741982,100.0,0,440833817292.00604
187.97260273972603,68610,-1.818227546573603e-64,440833817292.00604,392251223491.0275,783034257748.7769,0.0009579178993741982,100.0,0,440833817292.00604
188.05479452054794,68640,-1.8136194657573338e-64,440833817292.00604,392251223491.0275,783034257748.7769,0.0009579178993741982,100.0,0,440833817292.00604
188.13698630136986,68670,-1.809011384941065e-64,440833817292.00604,392251223491.0275,783034257748.7769,0.0009579178993741982,100.0,0,440833817292.00604
188.21917808219177,68700,-1.8044033041247962e-64,440833817292.00604,392251223491.0275,783034257748.7769,0.0009579178993741982,100.0,0,440833817292.00604
188.3013698630137,68730,-1.799795223308527e-64,440833817292.00604,392251223491.0275,783034257748.7769,0.0009579178993741982,100.0,0,440833817292.00604
188.3835616438356,68760,-1.795187142492258e-64,440833817292.00604,392251223491.0275,783034257748.7769,0.0009579178993741982,100.0,0,440833817292.00604
188.46575342465752,68790,-1.790579061675989e-64,440833817292.00604,392251223491.0275,783034257748.7769,0.0009579178993741982,100.0,0,440833817292.00604
188.54794520547946,68820,-1.7859709808597206e-64,440833817292.00604,392251223491.0275,783034257748.7769,0.0009579178993741982,100.0,0,440833817292.00604
188.63013698630138,68850,-1.781362900043451e-64,440833817292.00604,392251223491.0275,783034257748.7769,0.0009579178993741982,100.0,0,440833817292.00604
188.7123287671233,68880,-1.776754819227182e-64,440833817292.00604,392251223491.0275,783034257748.7769,0.0009579178993741982,100.0,0,440833817292.00604
188.7945205479452,68910,-1.772146738410913e-64,440833817292.00604,392251223491.0275,783034257748.7769,0.0009579178993741982,100.0,0,440833817292.00604
188.87671232876713,68940,-1.7675386575946442e-64,440833817292.00604,392251223491.0275,783034257748.7769,0.0009579178993741982,100.0,0,440833817292.00604
188.95890410958904,68970,-1.7629305767783755e-64,440833817292.00604,392251223491.0275,783034257748.7769,0.0009579178993741982,100.0,0,440833817292.00604
189.04109589041096,69000,-1.7583224959621064e-64,440833817292.00604,392251223491.0275,783034257748.7769,0.0009579178993741982,100.0,0,440833817292.00604
189.12328767123287,69030,-1.7537144151458373e-64,440833817292.00604,392251223491.0275,783034257748.7769,0.0009579178993741982,100.0,0,440833817292.00604
189.2054794520548,69060,-1.7491063343295685e-64,440833817292.00604,392251223491.0275,783034257748.7769,0.0009579178993741982,100.0,0,440833817292.00604
189.2876712328767,69090,-1.7444982535132994e-64,440833817292.00604,392251223491.0275,783034257748.7769,0.0009579178993741982,100.0,0,440833817292.00604
189.36986301369862,69120,-1.7398901726970303e-64,440833817292.00604,392251223491.0275,783034257748.7769,0.0009579178993741982,100.0,0,440833817292.00604
189.45205479452054,69150,-1.7352820918807613e-64,440833817292.00604,392251223491.0275,783034257748.7769,0.0009579178993741982,100.0,0,440833817292.00604
189.53424657534248,69180,-1.730674011064492e-64,440833817292.00604,392251223491.0275,783034257748.7769,0.0009579178993741982,100.0,0,440833817292.00604
189.6164383561644,69210,-1.7260659302482234e-64,440833817292.00604,392251223491.0275,783034257748.7769,0.0009579178993741982,100.0,0,440833817292.00604
189.6986301369863,69240,-1.7214578494319543e-64,440833817292.00604,392251223491.0275,783034257748.7769,0.0009579178993741982,100.0,0,440833817292.00604
189.78082191780823,69270,-1.7168497686156852e-64,440833817292.00604,392251223491.0275,783034257748.7769,0.0009579178993741982,100.0,0,440833817292.00604
189.86301369863014,69300,-1.7122416877994165e-64,440833817292.00604,392251223491.0275,783034257748.7769,0.0009579178993741982,100.0,0,440833817292.00604
189.94520547945206,69330,-1.7076336069831474e-64,440833817292.00604,392251223491.0275,783034257748.7769,0.0009579178993741982,100.0,0,440833817292.00604
190.02739726027397,69360,-1.7030255261668786e-64,440833817292.00604,392251223491.0275,783034257748.7769,0.0009579178993741982,100.0,0,440833817292.00604
190.1095890410959,69390,-1.6984174453506092e-64,440833817292.00604,392251223491.0275,783034257748.7769,0.0009579178993741982,100.0,0,440833817292.00604
190.1917808219178,69420,-1.6938093645343405e-64,440833817292.00604,392251223491.0275,783034257748.7769,0.0009579178993741982,100.0,0,440833817292.00604
190.27397260273972,69450,-1.6892012837180714e-64,440833817292.00604,392251223491.0275,783034257748.7769,0.0009579178993741982,100.0,0,440833817292.00604
190.35616438356163,69480,-1.6845932029018026e-64,440833817292.00604,392251223491.0275,783034257748.7769,0.0009579178993741982,100.0,0,440833817292.00604
190.43835616438355,69510,-1.6799851220855335e-64,440833817292.00604,392251223491.0275,783034257748.7769,0.0009579178993741982,100.0,0,440833817292.00604
190.5205479452055,69540,-1.6753770412692648e-64,440833817292.00604,392251223491.0275,783034257748.7769,0.0009579178993741982,100.0,0,440833817292.00604
190.6027397260274,69570,-1.6707689604529957e-64,440833817292.00604,392251223491.0275,783034257748.7769,0.0009579178993741982,100.0,0,440833817292.00604
190.68493150684932,69600,-1.666160879636727e-64,440833817292.00604,392251223491.0275,783034257748.7769,0.0009579178993741982,100.0,0,440833817292.00604
190.76712328767124,69630,-1.661552798820458e-64,440833817292.00604,392251223491.0275,783034257748.7769,0.0009579178993741982,100.0,0,440833817292.00604
190.84931506849315,69660,-1.6569447180041887e-64,440833817292.00604,392251223491.0275,783034257748.7769,0.0009579178993741982,100.0,0,440833817292.00604
190.93150684931507,69690,-1.6523366371879197e-64,440833817292.00604,392251223491.0275,783034257748.7769,0.0009579178993741982,100.0,0,440833817292.00604
191.013698630137,69720,-1.6477285563716506e-64,440833817292.00604,392251223491.0275,783034257748.7769,0.0009579178993741982,100.0,0,440833817292.00604
191.0958904109589,69750,-1.6431204755553818e-64,440833817292.00604,392251223491.0275,783034257748.7769,0.0009579178993741982,100.0,0,440833817292.00604
191.17808219178082,69780,-1.6385123947391127e-64,440833817292.00604,392251223491.0275,783034257748.7769,0.0009579178993741982,100.0,0,440833817292.00604
191.26027397260273,69810,-1.6339043139228436e-64,440833817292.00604,392251223491.0275,783034257748.7769,0.0009579178993741982,100.0,0,440833817292.00604
191.34246575342465,69840,-1.629296233106575e-64,440833817292.00604,392251223491.0275,783034257748.7769,0.0009579178993741982,100.0,0,440833817292.00604
191.42465753424656,69870,-1.6246881522903058e-64,440833817292.00604,392251223491.0275,783034257748.7769,0.0009579178993741982,100.0,0,440833817292.00604
191.5068493150685,69900,-1.620080071474037e-64,440833817292.00604,392251223491.0275,783034257748.7769,0.0009579178993741982,100.0,0,440833817292.00604
191.58904109589042,69930,-1.6154719906577676e-64,440833817292.00604,392251223491.0275,783034257748.7769,0.0009579178993741982,100.0,0,440833817292.00604
191.67123287671234,69960,-1.6108639098414985e-64,440833817292.00604,392251223491.0275,783034257748.7769,0.0009579178993741982,100.0,0,440833817292.00604
191.75342465753425,69990,-1.6062558290252298e-64,440833817292.00604,392251223491.0275,783034257748.7769,0.0009579178993741982,100.0,0,440833817292.00604
191.83561643835617,70020,-1.6016477482089607e-64,440833817292.00604,392251223491.0275,783034257748.7769,0.0009579178993741982,100.0,0,440833817292.00604
191.91780821917808,70050,-1.597039667392692e-64,440833817292.00604,392251223491.0275,783034257748.7769,0.0009579178993741982,100.0,0,440833817292.00604
192.0,70080,-1.592431586576423e-64,440833817292.00604,392251223491.0275,783034257748.7769,0.0009579178993741982,100.0,0,440833817292.00604
192.08219178082192,70110,-1.587823505760154e-64,440833817292.00604,392251223491.0275,783034257748.7769,0.0009579178993741982,100.0,0,440833817292.00604
192.16438356164383,70140,-1.583215424943885e-64,440833817292.00604,392251223491.0275,783034257748.7769,0.0009579178993741982,100.0,0,440833817292.00604
192.24657534246575,70170,-1.5786073441276162e-64,440833817292.00604,392251223491.0275,783034257748.7769,0.0009579178993741982,100.0,0,440833817292.00604
192.32876712328766,70200,-1.5739992633113468e-64,440833817292.00604,392251223491.0275,783034257748.7769,0.0009579178993741982,100.0,0,440833817292.00604
192.41095890410958,70230,-1.569391182495078e-64,440833817292.00604,392251223491.0275,783034257748.7769,0.0009579178993741982,100.0,0,440833817292.00604
192.4931506849315,70260,-1.564783101678809e-64,440833817292.00604,392251223491.0275,783034257748.7769,0.0009579178993741982,100.0,0,440833817292.00604
192.57534246575344,70290,-1.5601750208625402e-64,440833817292.00604,392251223491.0275,783034257748.7769,0.0009579178993741982,100.0,0,440833817292.00604
192.65753424657535,70320,-1.555566940046271e-64,440833817292.00604,392251223491.0275,783034257748.7769,0.0009579178993741982,100.0,0,440833817292.00604
192.73972602739727,70350,-1.550958859230002e-64,440833817292.00604,392251223491.0275,783034257748.7769,0.0009579178993741982,100.0,0,440833817292.00604
192.82191780821918,70380,-1.546350778413733e-64,440833817292.00604,392251223491.0275,783034257748.7769,0.0009579178993741982,100.0,0,440833817292.00604
192.9041095890411,70410,-1.5417426975974642e-64,440833817292.00604,392251223491.0275,783034257748.7769,0.0009579178993741982,100.0,0,440833817292.00604
192.986301369863,70440,-1.537134616781195e-64,440833817292.00604,392251223491.0275,783034257748.7769,0.0009579178993741982,100.0,0,440833817292.00604
193.06849315068493,70470,-1.532526535964926e-64,440833817292.00604,392251223491.0275,783034257748.7769,0.0009579178993741982,100.0,0,440833817292.00604
193.15068493150685,70500,-1.5279184551486573e-64,440833817292.00604,392251223491.0275,783034257748.7769,0.0009579178993741982,100.0,0,440833817292.00604
193.23287671232876,70530,-1.5233103743323882e-64,440833817292.00604,392251223491.0275,783034257748.7769,0.0009579178993741982,100.0,0,440833817292.00604
193.31506849315068,70560,-1.5187022935161193e-64,440833817292.00604,392251223491.0275,783034257748.7769,0.0009579178993741982,100.0,0,440833817292.00604
193.3972602739726,70590,-1.5140942126998503e-64,440833817292.00604,392251223491.0275,783034257748.7769,0.0009579178993741982,100.0,0,440833817292.00604
193.4794520547945,70620,-1.5094861318835812e-64,440833817292.00604,392251223491.0275,783034257748.7769,0.0009579178993741982,100.0,0,440833817292.00604
193.56164383561645,70650,-1.5048780510673125e-64,440833817292.00604,392251223491.0275,783034257748.7769,0.0009579178993741982,100.0,0,440833817292.00604
193.64383561643837,70680,-1.5002699702510432e-64,440833817292.00604,392251223491.0275,783034257748.7769,0.0009579178993741982,100.0,0,440833817292.00604
193.72602739726028,70710,-1.4956618894347741e-64,440833817292.00604,392251223491.0275,783034257748.7769,0.0009579178993741982,100.0,0,440833817292.00604
193.8082191780822,70740,-1.4910538086185054e-64,440833817292.00604,392251223491.0275,783034257748.7769,0.0009579178993741982,100.0,0,440833817292.00604
193.8904109589041,70770,-1.4864457278022363e-64,440833817292.00604,392251223491.0275,783034257748.7769,0.0009579178993741982,100.0,0,440833817292.00604
193.97260273972603,70800,-1.4818376469859675e-64,440833817292.00604,392251223491.0275,783034257748.7769,0.0009579178993741982,100.0,0,440833817292.00604
194.05479452054794,70830,-1.4772295661696983e-64,440833817292.00604,392251223491.0275,783034257748.7769,0.0009579178993741982,100.0,0,440833817292.00604
194.13698630136986,70860,-1.4726214853534294e-64,440833817292.00604,392251223491.0275,783034257748.7769,0.0009579178993741982,100.0,0,440833817292.00604
194.21917808219177,70890,-1.4680134045371604e-64,440833817292.00604,392251223491.0275,783034257748.7769,0.0009579178993741982,100.0,0,440833817292.00604
194.3013698630137,70920,-1.4634053237208915e-64,440833817292.00604,392251223491.0275,783034257748.7769,0.0009579178993741982,100.0,0,440833817292.00604
194.3835616438356,70950,-1.4587972429046224e-64,440833817292.00604,392251223491.0275,783034257748.7769,0.0009579178993741982,100.0,0,440833817292.00604
194.46575342465752,70980,-1.4541891620883535e-64,440833817292.00604,392251223491.0275,783034257748.7769,0.0009579178993741982,100.0,0,440833817292.00604
194.54794520547946,71010,-1.4495810812720844e-64,440833817292.00604,392251223491.0275,783034257748.7769,0.0009579178993741982,100.0,0,440833817292.00604
194.63013698630138,71040,-1.4449730004558157e-64,440833817292.00604,392251223491.0275,783034257748.7769,0.0009579178993741982,100.0,0,440833817292.00604
194.7123287671233,71070,-1.4403649196395466e-64,440833817292.00604,392251223491.0275,783034257748.7769,0.0009579178993741982,100.0,0,440833817292.00604
194.7945205479452,71100,-1.4357568388232777e-64,440833817292.00604,392251223491.0275,783034257748.7769,0.0009579178993741982,100.0,0,440833817292.00604
194.87671232876713,71130,-1.4311487580070086e-64,440833817292.00604,392251223491.0275,783034257748.7769,0.0009579178993741982,100.0,0,440833817292.00604
194.95890410958904,71160,-1.4265406771907396e-64,440833817292.00604,392251223491.0275,783034257748.7769,0.0009579178993741982,100.0,0,440833817292.00604
195.04109589041096,71190,-1.4219325963744707e-64,440833817292.00604,392251223491.0275,783034257748.7769,0.0009579178993741982,100.0,0,440833817292.00604
195.12328767123287,71220,-1.4173245155582016e-64,440833817292.00604,392251223491.0275,783034257748.7769,0.0009579178993741982,100.0,0,440833817292.00604
195.2054794520548,71250,-1.4127164347419325e-64,440833817292.00604,392251223491.0275,783034257748.7769,0.0009579178993741982,100.0,0,440833817292.00604
195.2876712328767,71280,-1.4081083539256638e-64,440833817292.00604,392251223491.0275,783034257748.7769,0.0009579178993741982,100.0,0,440833817292.00604
195.36986301369862,71310,-1.4035002731093947e-64,440833817292.00604,392251223491.0275,783034257748.7769,0.0009579178993741982,100.0,0,440833817292.00604
195.45205479452054,71340,-1.398892192293126e-64,440833817292.00604,392251223491.0275,783034257748.7769,0.0009579178993741982,100.0,0,440833817292.00604
195.53424657534248,71370,-1.3942841114768567e-64,440833817292.00604,392251223491.0275,783034257748.7769,0.0009579178993741982,100.0,0,440833817292.00604
195.6164383561644,71400,-1.3896760306605876e-64,440833817292.00604,392251223491.0275,783034257748.7769,0.0009579178993741982,100.0,0,440833817292.00604
195.6986301369863,71430,-1.3850679498443189e-64,440833817292.00604,392251223491.0275,783034257748.7769,0.0009579178993741982,100.0,0,440833817292.00604
195.78082191780823,71460,-1.3804598690280498e-64,440833817292.00604,392251223491.0275,783034257748.7769,0.0009579178993741982,100.0,0,440833817292.00604
195.86301369863014,71490,-1.375851788211781e-64,440833817292.00604,392251223491.0275,783034257748.7769,0.0009579178993741982,100.0,0,440833817292.00604
195.94520547945206,71520,-1.3712437073955118e-64,440833817292.00604,392251223491.0275,783034257748.7769,0.0009579178993741982,100.0,0,440833817292.00604
196.02739726027397,71550,-1.3666356265792428e-64,440833817292.00604,392251223491.0275,783034257748.7769,0.0009579178993741982,100.0,0,440833817292.00604
196.1095890410959,71580,-1.3620275457629739e-64,440833817292.00604,392251223491.0275,783034257748.7769,0.0009579178993741982,100.0,0,440833817292.00604
196.1917808219178,71610,-1.357419464946705e-64,440833817292.00604,392251223491.0275,783034257748.7769,0.0009579178993741982,100.0,0,440833817292.00604
196.27397260273972,71640,-1.3528113841304357e-64,440833817292.00604,392251223491.0275,783034257748.7769,0.0009579178993741982,100.0,0,440833817292.00604
196.35616438356163,71670,-1.348203303314167e-64,440833817292.00604,392251223491.0275,783034257748.7769,0.0009579178993741982,100.0,0,440833817292.00604
196.43835616438355,71700,-1.3435952224978979e-64,440833817292.00604,392251223491.0275,783034257748.7769,0.0009579178993741982,100.0,0,440833817292.00604
196.5205479452055,71730,-1.3389871416816291e-64,440833817292.00604,392251223491.0275,783034257748.7769,0.0009579178993741982,100.0,0,440833817292.00604
196.6027397260274,71760,-1.33437906086536e-64,440833817292.00604,392251223491.0275,783034257748.7769,0.0009579178993741982,100.0,0,440833817292.00604
196.68493150684932,71790,-1.329770980049091e-64,440833817292.00604,392251223491.0275,783034257748.7769,0.0009579178993741982,100.0,0,440833817292.00604
196.76712328767124,71820,-1.325162899232822e-64,440833817292.00604,392251223491.0275,783034257748.7769,0.0009579178993741982,100.0,0,440833817292.00604
196.84931506849315,71850,-1.3205548184165531e-64,440833817292.00604,392251223491.0275,783034257748.7769,0.0009579178993741982,100.0,0,440833817292.00604
196.93150684931507,71880,-1.3159467376002842e-64,440833817292.00604,392251223491.0275,783034257748.7769,0.0009579178993741982,100.0,0,440833817292.00604
197.013698630137,71910,-1.3113386567840151e-64,440833817292.00604,392251223491.0275,783034257748.7769,0.0009579178993741982,100.0,0,440833817292.00604
197.0958904109589,71940,-1.306730575967746e-64,440833817292.00604,392251223491.0275,783034257748.7769,0.0009579178993741982,100.0,0,440833817292.00604
197.17808219178082,71970,-1.3021224951514773e-64,440833817292.00604,392251223491.0275,783034257748.7769,0.0009579178993741982,100.0,0,440833817292.00604
197.26027397260273,72000,-1.2975144143352082e-64,440833817292.00604,392251223491.0275,783034257748.7769,0.0009579178993741982,100.0,0,440833817292.00604
197.34246575342465,72030,-1.2929063335189394e-64,440833817292.00604,392251223491.0275,783034257748.7769,0.0009579178993741982,100.0,0,440833817292.00604
197.42465753424656,72060,-1.2882982527026702e-64,440833817292.00604,392251223491.0275,783034257748.7769,0.0009579178993741982,100.0,0,440833817292.00604
197.5068493150685,72090,-1.2836901718864012e-64,440833817292.00604,392251223491.0275,783034257748.7769,0.0009579178993741982,100.0,0,440833817292.00604
197.58904109589042,72120,-1.2790820910701323e-64,440833817292.00604,392251223491.0275,783034257748.7769,0.0009579178993741982,100.0,0,440833817292.00604
197.67123287671234,72150,-1.2744740102538632e-64,440833817292.00604,392251223491.0275,783034257748.7769,0.0009579178993741982,100.0,0,440833817292.00604
197.75342465753425,72180,-1.2698659294375943e-64,440833817292.00604,392251223491.0275,783034257748.7769,0.0009579178993741982,100.0,0,440833817292.00604
197.83561643835617,72210,-1.2652578486213252e-64,440833817292.00604,392251223491.0275,783034257748.7769,0.0009579178993741982,100.0,0,440833817292.00604
197.91780821917808,72240,-1.2606497678050563e-64,440833817292.00604,392251223491.0275,783034257748.7769,0.0009579178993741982,100.0,0,440833817292.00604
198.0,72270,-1.2560416869887874e-64,440833817292.00604,392251223491.0275,783034257748.7769,0.0009579178993741982,100.0,0,440833817292.00604
198.08219178082192,72300,-1.2514336061725185e-64,440833817292.00604,392251223491.0275,783034257748.7769,0.0009579178993741982,100.0,0,440833817292.00604
198.16438356164383,72330,-1.2468255253562492e-64,440833817292.00604,392251223491.0275,783034257748.7769,0.0009579178993741982,100.0,0,440833817292.00604
198.24657534246575,72360,-1.2422174445399804e-64,440833817292.00604,392251223491.0275,783034257748.7769,0.0009579178993741982,100.0,0,440833817292.00604
198.32876712328766,72390,-1.2376093637237113e-64,440833817292.00604,392251223491.0275,783034257748.7769,0.0009579178993741982,100.0,0,440833817292.00604
198.41095890410958,72420,-1.2330012829074426e-64,440833817292.00604,392251223491.0275,783034257748.7769,0.0009579178993741982,100.0,0,440833817292.00604
198.4931506849315,72450,-1.2283932020911733e-64,440833817292.00604,392251223491.0275,783034257748.7769,0.0009579178993741982,100.0,0,440833817292.00604
198.57534246575344,72480,-1.2237851212749044e-64,440833817292.00604,392251223491.0275,783034257748.7769,0.0009579178993741982,100.0,0,440833817292.00604
198.65753424657535,72510,-1.2191770404586355e-64,440833817292.00604,392251223491.0275,783034257748.7769,0.0009579178993741982,100.0,0,440833817292.00604
198.73972602739727,72540,-1.2145689596423666e-64,440833817292.00604,392251223491.0275,783034257748.7769,0.0009579178993741982,100.0,0,440833817292.00604
198.82191780821918,72570,-1.2099608788260977e-64,440833817292.00604,392251223491.0275,783034257748.7769,0.0009579178993741982,100.0,0,440833817292.00604
198.9041095890411,72600,-1.2053527980098286e-64,440833817292.00604,392251223491.0275,783034257748.7769,0.0009579178993741982,100.0,0,440833817292.00604
198.986301369863,72630,-1.2007447171935595e-64,440833817292.00604,392251223491.0275,783034257748.7769,0.0009579178993741982,100.0,0,440833817292.00604
199.06849315068493,72660,-1.1961366363772907e-64,440833817292.00604,392251223491.0275,783034257748.7769,0.0009579178993741982,100.0,0,440833817292.00604
199.15068493150685,72690,-1.1915285555610216e-64,440833817292.00604,392251223491.0275,783034257748.7769,0.0009579178993741982,100.0,0,440833817292.00604
199.23287671232876,72720,-1.1869204747447529e-64,440833817292.00604,392251223491.0275,783034257748.7769,0.0009579178993741982,100.0,0,440833817292.00604
199.31506849315068,72750,-1.1823123939284836e-64,440833817292.00604,392251223491.0275,783034257748.7769,0.0009579178993741982,100.0,0,440833817292.00604
199.3972602739726,72780,-1.1777043131122147e-64,440833817292.00604,392251223491.0275,783034257748.7769,0.0009579178993741982,100.0,0,440833817292.00604
199.4794520547945,72810,-1.1730962322959458e-64,440833817292.00604,392251223491.0275,783034257748.7769,0.0009579178993741982,100.0,0,440833817292.00604
199.56164383561645,72840,-1.1684881514796767e-64,440833817292.00604,392251223491.0275,783034257748.7769,0.0009579178993741982,100.0,0,440833817292.00604
199.64383561643837,72870,-1.1638800706634076e-64,440833817292.00604,392251223491.0275,783034257748.7769,0.0009579178993741982,100.0,0,440833817292.00604
199.72602739726028,72900,-1.1592719898471387e-64,440833817292.00604,392251223491.0275,783034257748.7769,0.0009579178993741982,100.0,0,440833817292.00604
199.8082191780822,72930,-1.1546639090308698e-64,440833817292.00604,392251223491.0275,783034257748.7769,0.0009579178993741982,100.0,0,440833817292.00604
199.8904109589041,72960,-1.1500558282146008e-64,440833817292.00604,392251223491.0275,783034257748.7769,0.0009579178993741982,100.0,0,440833817292.00604
199.97260273972603,72990,-1.1454477473983319e-64,440833817292.00604,392251223491.0275,783034257748.7769,0.0009579178993741982,100.0,0,440833817292.00604
200.05479452054794,73020,-1.1408396665820627e-64,440833817292.00604,392251223491.0275,783034257748.7769,0.0009579178993741982,100.0,0,440833817292.00604
200.13698630136986,73050,-1.1362315857657939e-64,440833817292.00604,392251223491.0275,783034257748.7769,0.0009579178993741982,100.0,0,440833817292.00604
200.21917808219177,73080,-1.1316235049495248e-64,440833817292.00604,392251223491.0275,783034257748.7769,0.0009579178993741982,100.0,0,440833817292.00604
200.3013698630137,73110,-1.127015424133256e-64,440833817292.00604,392251223491.0275,783034257748.7769,0.0009579178993741982,100.0,0,440833817292.00604
200.3835616438356,73140,-1.1224073433169868e-64,440833817292.00604,392251223491.0275,783034257748.7769,0.0009579178993741982,100.0,0,440833817292.00604
200.46575342465752,73170,-1.1177992625007179e-64,440833817292.00604,392251223491.0275,783034257748.7769,0.0009579178993741982,100.0,0,440833817292.00604
200.54794520547946,73200,-1.113191181684449e-64,440833817292.00604,392251223491.0275,783034257748.7769,0.0009579178993741982,100.0,0,440833817292.00604
200.63013698630138,73230,-1.10858310086818e-64,440833817292.00604,392251223491.0275,783034257748.7769,0.0009579178993741982,100.0,0,440833817292.00604
200.7123287671233,73260,-1.103975020051911e-64,440833817292.00604,392251223491.0275,783034257748.7769,0.0009579178993741982,100.0,0,440833817292.00604
200.7945205479452,73290,-1.099366939235642e-64,440833817292.00604,392251223491.0275,783034257748.7769,0.0009579178993741982,100.0,0,440833817292.00604
200.87671232876713,73320,-1.094758858419373e-64,440833817292.00604,392251223491.0275,783034257748.7769,0.0009579178993741982,100.0,0,440833817292.00604
200.95890410958904,73350,-1.0901507776031042e-64,440833817292.00604,392251223491.0275,783034257748.7769,0.0009579178993741982,100.0,0,440833817292.00604
201.04109589041096,73380,-1.0855426967868351e-64,440833817292.00604,392251223491.0275,783034257748.7769,0.0009579178993741982,100.0,0,440833817292.00604
201.12328767123287,73410,-1.080934615970566e-64,440833817292.00604,392251223491.0275,783034257748.7769,0.0009579178993741982,100.0,0,440833817292.00604
201.2054794520548,73440,-1.076326535154297e-64,440833817292.00604,392251223491.0275,783034257748.7769,0.0009579178993741982,100.0,0,440833817292.00604
201.2876712328767,73470,-1.0717184543380282e-64,440833817292.00604,392251223491.0275,783034257748.7769,0.0009579178993741982,100.0,0,440833817292.00604
201.36986301369862,73500,-1.0671103735217592e-64,440833817292.00604,392251223491.0275,783034257748.7769,0.0009579178993741982,100.0,0,440833817292.00604
201.45205479452054,73530,-1.0625022927054903e-64,440833817292.00604,392251223491.0275,783034257748.7769,0.0009579178993741982,100.0,0,440833817292.00604
201.53424657534248,73560,-1.057894211889221e-64,440833817292.00604,392251223491.0275,783034257748.7769,0.0009579178993741982,100.0,0,440833817292.00604
201.6164383561644,73590,-1.0532861310729521e-64,440833817292.00604,392251223491.0275,783034257748.7769,0.0009579178993741982,100.0,0,440833817292.00604
201.6986301369863,73620,-1.0486780502566832e-64,440833817292.00604,392251223491.0275,783034257748.7769,0.0009579178993741982,100.0,0,440833817292.00604
201.78082191780823,73650,-1.0440699694404141e-64,440833817292.00604,392251223491.0275,783034257748.7769,0.0009579178993741982,100.0,0,440833817292.00604
201.86301369863014,73680,-1.0394618886241454e-64,440833817292.00604,392251223491.0275,783034257748.7769,0.0009579178993741982,100.0,0,440833817292.00604
201.94520547945206,73710,-1.0348538078078761e-64,440833817292.00604,392251223491.0275,783034257748.7769,0.0009579178993741982,100.0,0,440833817292.00604
202.02739726027397,73740,-1.0302457269916074e-64,440833817292.00604,392251223491.0275,783034257748.7769,0.0009579178993741982,100.0,0,440833817292.00604
202.1095890410959,73770,-1.0256376461753383e-64,440833817292.00604,392251223491.0275,783034257748.7769,0.0009579178993741982,100.0,0,440833817292.00604
202.1917808219178,73800,-1.0210295653590694e-64,440833817292.00604,392251223491.0275,783034257748.7769,0.0009579178993741982,100.0,0,440833817292.00604
202.27397260273972,73830,-1.0164214845428003e-64,440833817292.00604,392251223491.0275,783034257748.7769,0.0009579178993741982,100.0,0,440833817292.00604
202.35616438356163,73860,-1.0118134037265313e-64,440833817292.00604,392251223491.0275,783034257748.7769,0.0009579178993741982,100.0,0,440833817292.00604
202.43835616438355,73890,-1.0072053229102624e-64,440833817292.00604,392251223491.0275,783034257748.7769,0.0009579178993741982,100.0,0,440833817292.00604
202.5205479452055,73920,-1.0025972420939935e-64,440833817292.00604,392251223491.0275,783034257748.7769,0.0009579178993741982,100.0,0,440833817292.00604
202.6027397260274,73950,-9.979891612777244e-65,440833817292.00604,392251223491.0275,783034257748.7769,0.0009579178993741982,100.0,0,440833817292.00604
202.68493150684932,73980,-9.933810804614555e-65,440833817292.00604,392251223491.0275,783034257748.7769,0.0009579178993741982,100.0,0,440833817292.00604
202.76712328767124,74010,-9.887729996451864e-65,440833817292.00604,392251223491.0275,783034257748.7769,0.0009579178993741982,100.0,0,440833817292.00604
202.84931506849315,74040,-9.841649188289176e-65,440833817292.00604,392251223491.0275,783034257748.7769,0.0009579178993741982,100.0,0,440833817292.00604
202.93150684931507,74070,-9.795568380126486e-65,440833817292.00604,392251223491.0275,783034257748.7769,0.0009579178993741982,100.0,0,440833817292.00604
203.013698630137,74100,-9.749487571963795e-65,440833817292.00604,392251223491.0275,783034257748.7769,0.0009579178993741982,100.0,0,440833817292.00604
203.0958904109589,74130,-9.703406763801105e-65,440833817292.00604,392251223491.0275,783034257748.7769,0.0009579178993741982,100.0,0,440833817292.00604
203.17808219178082,74160,-9.657325955638416e-65,440833817292.00604,392251223491.0275,783034257748.7769,0.0009579178993741982,100.0,0,440833817292.00604
203.26027397260273,74190,-9.611245147475725e-65,440833817292.00604,392251223491.0275,783034257748.7769,0.0009579178993741982,100.0,0,440833817292.00604
203.34246575342465,74220,-9.565164339313038e-65,440833817292.00604,392251223491.0275,783034257748.7769,0.0009579178993741982,100.0,0,440833817292.00604
203.42465753424656,74250,-9.519083531150345e-65,440833817292.00604,392251223491.0275,783034257748.7769,0.0009579178993741982,100.0,0,440833817292.00604
203.5068493150685,74280,-9.473002722987656e-65,440833817292.00604,392251223491.0275,783034257748.7769,0.0009579178993741982,100.0,0,440833817292.00604
203.58904109589042,74310,-9.426921914824967e-65,440833817292.00604,392251223491.0275,783034257748.7769,0.0009579178993741982,100.0,0,440833817292.00604
203.67123287671234,74340,-9.380841106662276e-65,440833817292.00604,392251223491.0275,783034257748.7769,0.0009579178993741982,100.0,0,440833817292.00604
203.75342465753425,74370,-9.334760298499587e-65,440833817292.00604,392251223491.0275,783034257748.7769,0.0009579178993741982,100.0,0,440833817292.00604
203.83561643835617,74400,-9.288679490336896e-65,440833817292.00604,392251223491.0275,783034257748.7769,0.0009579178993741982,100.0,0,440833817292.00604
203.91780821917808,74430,-9.242598682174208e-65,440833817292.00604,392251223491.0275,783034257748.7769,0.0009579178993741982,100.0,0,440833817292.00604
204.0,74460,-9.196517874011517e-65,440833817292.00604,392251223491.0275,783034257748.7769,0.0009579178993741982,100.0,0,440833817292.00604
204.08219178082192,74490,-9.150437065848828e-65,440833817292.00604,392251223491.0275,783034257748.7769,0.0009579178993741982,100.0,0,440833817292.00604
204.16438356164383,74520,-9.104356257686137e-65,440833817292.00604,392251223491.0275,783034257748.7769,0.0009579178993741982,100.0,0,440833817292.00604
204.24657534246575,74550,-9.058275449523448e-65,440833817292.00604,392251223491.0275,783034257748.7769,0.0009579178993741982,100.0,0,440833817292.00604
204.32876712328766,74580,-9.012194641360757e-65,440833817292.00604,392251223491.0275,783034257748.7769,0.0009579178993741982,100.0,0,440833817292.00604
204.41095890410958,74610,-8.96611383319807e-65,440833817292.00604,392251223491.0275,783034257748.7769,0.0009579178993741982,100.0,0,440833817292.00604
204.4931506849315,74640,-8.920033025035377e-65,440833817292.00604,392251223491.0275,783034257748.7769,0.0009579178993741982,100.0,0,440833817292.00604
204.57534246575344,74670,-8.87395221687269e-65,440833817292.00604,392251223491.0275,783034257748.7769,0.0009579178993741982,100.0,0,440833817292.00604
204.65753424657535,74700,-8.827871408709999e-65,440833817292.00604,392251223491.0275,783034257748.7769,0.0009579178993741982,100.0,0,440833817292.00604
204.73972602739727,74730,-8.78179060054731e-65,440833817292.00604,392251223491.0275,783034257748.7769,0.0009579178993741982,100.0,0,440833817292.00604
204.82191780821918,74760,-8.73570979238462e-65,440833817292.00604,392251223491.0275,783034257748.7769,0.0009579178993741982,100.0,0,440833817292.00604
204.9041095890411,74790,-8.68962898422193e-65,440833817292.00604,392251223491.0275,783034257748.7769,0.0009579178993741982,100.0,0,440833817292.00604
204.986301369863,74820,-8.64354817605924e-65,440833817292.00604,392251223491.0275,783034257748.7769,0.0009579178993741982,100.0,0,440833817292.00604
205.06849315068493,74850,-8.59746736789655e-65,440833817292.00604,392251223491.0275,783034257748.7769,0.0009579178993741982,100.0,0,440833817292.00604
205.15068493150685,74880,-8.55138655973386e-65,440833817292.00604,392251223491.0275,783034257748.7769,0.0009579178993741982,100.0,0,440833817292.00604
205.23287671232876,74910,-8.50530575157117e-65,440833817292.00604,392251223491.0275,783034257748.7769,0.0009579178993741982,100.0,0,440833817292.00604
205.31506849315068,74940,-8.45922494340848e-65,440833817292.00604,392251223491.0275,783034257748.7769,0.0009579178993741982,100.0,0,440833817292.00604
205.3972602739726,74970,-8.41314413524579e-65,440833817292.00604,392251223491.0275,783034257748.7769,0.0009579178993741982,100.0,0,440833817292.00604
205.4794520547945,75000,-8.367063327083101e-65,440833817292.00604,392251223491.0275,783034257748.7769,0.0009579178993741982,100.0,0,440833817292.00604
205.56164383561645,75030,-8.320982518920412e-65,440833817292.00604,392251223491.0275,783034257748.7769,0.0009579178993741982,100.0,0,440833817292.00604
205.64383561643837,75060,-8.274901710757721e-65,440833817292.00604,392251223491.0275,783034257748.7769,0.0009579178993741982,100.0,0,440833817292.00604
205.72602739726028,75090,-8.228820902595032e-65,440833817292.00604,392251223491.0275,783034257748.7769,0.0009579178993741982,100.0,0,440833817292.00604
205.8082191780822,75120,-8.182740094432341e-65,440833817292.00604,392251223491.0275,783034257748.7769,0.0009579178993741982,100.0,0,440833817292.00604
205.8904109589041,75150,-8.136659286269652e-65,440833817292.00604,392251223491.0275,783034257748.7769,0.0009579178993741982,100.0,0,440833817292.00604
205.97260273972603,75180,-8.090578478106963e-65,440833817292.00604,392251223491.0275,783034257748.7769,0.0009579178993741982,100.0,0,440833817292.00604
206.05479452054794,75210,-8.044497669944272e-65,440833817292.00604,392251223491.0275,783034257748.7769,0.0009579178993741982,100.0,0,440833817292.00604
206.13698630136986,75240,-7.998416861781583e-65,440833817292.00604,392251223491.0275,783034257748.7769,0.0009579178993741982,100.0,0,440833817292.00604
206.21917808219177,75270,-7.952336053618893e-65,440833817292.00604,392251223491.0275,783034257748.7769,0.0009579178993741982,100.0,0,440833817292.00604
206.3013698630137,75300,-7.906255245456204e-65,440833817292.00604,392251223491.0275,783034257748.7769,0.0009579178993741982,100.0,0,440833817292.00604
206.3835616438356,75330,-7.860174437293512e-65,440833817292.00604,392251223491.0275,783034257748.7769,0.0009579178993741982,100.0,0,440833817292.00604
206.46575342465752,75360,-7.814093629130822e-65,440833817292.00604,392251223491.0275,783034257748.7769,0.0009579178993741982,100.0,0,440833817292.00604
206.54794520547946,75390,-7.768012820968133e-65,440833817292.00604,392251223491.0275,783034257748.7769,0.0009579178993741982,100.0,0,440833817292.00604
206.63013698630138,75420,-7.721932012805444e-65,440833817292.00604,392251223491.0275,783034257748.7769,0.0009579178993741982,100.0,0,440833817292.00604
206.7123287671233,75450,-7.675851204642753e-65,440833817292.00604,392251223491.0275,783034257748.7769,0.0009579178993741982,100.0,0,440833817292.00604
206.7945205479452,75480,-7.629770396480064e-65,440833817292.00604,392251223491.0275,783034257748.7769,0.0009579178993741982,100.0,0,440833817292.00604
206.87671232876713,75510,-7.583689588317374e-65,440833817292.00604,392251223491.0275,783034257748.7769,0.0009579178993741982,100.0,0,440833817292.00604
206.95890410958904,75540,-7.537608780154685e-65,440833817292.00604,392251223491.0275,783034257748.7769,0.0009579178993741982,100.0,0,440833817292.00604
207.04109589041096,75570,-7.491527971991994e-65,440833817292.00604,392251223491.0275,783034257748.7769,0.0009579178993741982,100.0,0,440833817292.00604
207.12328767123287,75600,-7.4454471638293045e-65,440833817292.00604,392251223491.0275,783034257748.7769,0.0009579178993741982,100.0,0,440833817292.00604
207.2054794520548,75630,-7.399366355666615e-65,440833817292.00604,392251223491.0275,783034257748.7769,0.0009579178993741982,100.0,0,440833817292.00604
207.2876712328767,75660,-7.353285547503925e-65,440833817292.00604,392251223491.0275,783034257748.7769,0.0009579178993741982,100.0,0,440833817292.00604
207.36986301369862,75690,-7.307204739341236e-65,440833817292.00604,392251223491.0275,783034257748.7769,0.0009579178993741982,100.0,0,440833817292.00604
207.45205479452054,75720,-7.261123931178545e-65,440833817292.00604,392251223491.0275,783034257748.7769,0.0009579178993741982,100.0,0,440833817292.00604
207.53424657534248,75750,-7.215043123015856e-65,440833817292.00604,392251223491.0275,783034257748.7769,0.0009579178993741982,100.0,0,440833817292.00604
207.6164383561644,75780,-7.168962314853166e-65,440833817292.00604,392251223491.0275,783034257748.7769,0.0009579178993741982,100.0,0,440833817292.00604
207.6986301369863,75810,-7.122881506690477e-65,440833817292.00604,392251223491.0275,783034257748.7769,0.0009579178993741982,100.0,0,440833817292.00604
207.78082191780823,75840,-7.076800698527786e-65,440833817292.00604,392251223491.0275,783034257748.7769,0.0009579178993741982,100.0,0,440833817292.00604
207.86301369863014,75870,-7.0307198903650966e-65,440833817292.00604,392251223491.0275,783034257748.7769,0.0009579178993741982,100.0,0,440833817292.00604
207.94520547945206,75900,-6.984639082202407e-65,440833817292.00604,392251223491.0275,783034257748.7769,0.0009579178993741982,100.0,0,440833817292.00604
208.02739726027397,75930,-6.938558274039717e-65,440833817292.00604,392251223491.0275,783034257748.7769,0.0009579178993741982,100.0,0,440833817292.00604
208.1095890410959,75960,-6.892477465877028e-65,440833817292.00604,392251223491.0275,783034257748.7769,0.0009579178993741982,100.0,0,440833817292.00604
208.1917808219178,75990,-6.846396657714337e-65,440833817292.00604,392251223491.0275,783034257748.7769,0.0009579178993741982,100.0,0,440833817292.00604
208.27397260273972,76020,-6.800315849551648e-65,440833817292.00604,392251223491.0275,783034257748.7769,0.0009579178993741982,100.0,0,440833817292.00604
208.35616438356163,76050,-6.754235041388957e-65,440833817292.00604,392251223491.0275,783034257748.7769,0.0009579178993741982,100.0,0,440833817292.00604
208.43835616438355,76080,-6.708154233226268e-65,440833817292.00604,392251223491.0275,783034257748.7769,0.0009579178993741982,100.0,0,440833817292.00604
208.5205479452055,76110,-6.662073425063577e-65,440833817292.00604,392251223491.0275,783034257748.7769,0.0009579178993741982,100.0,0,440833817292.00604
208.6027397260274,76140,-6.615992616900888e-65,440833817292.00604,392251223491.0275,783034257748.7769,0.0009579178993741982,100.0,0,440833817292.00604
208.68493150684932,76170,-6.5699118087381985e-65,440833817292.00604,392251223491.0275,783034257748.7769,0.0009579178993741982,100.0,0,440833817292.00604
208.76712328767124,76200,-6.5238310005755085e-65,440833817292.00604,392251223491.0275,783034257748.7769,0.0009579178993741982,100.0,0,440833817292.00604
208.84931506849315,76230,-6.4777501924128184e-65,440833817292.00604,392251223491.0275,783034257748.7769,0.0009579178993741982,100.0,0,440833817292.00604
208.93150684931507,76260,-6.431669384250128e-65,440833817292.00604,392251223491.0275,783034257748.7769,0.0009579178993741982,100.0,0,440833817292.00604
209.013698630137,76290,-6.385588576087439e-65,440833817292.00604,392251223491.0275,783034257748.7769,0.0009579178993741982,100.0,0,440833817292.00604
209.0958904109589,76320,-6.339507767924749e-65,440833817292.00604,392251223491.0275,783034257748.7769,0.0009579178993741982,100.0,0,440833817292.00604
209.17808219178082,76350,-6.29342695976206e-65,440833817292.00604,392251223491.0275,783034257748.7769,0.0009579178993741982,100.0,0,440833817292.00604
209.26027397260273,76380,-6.24734615159937e-65,440833817292.00604,392251223491.0275,783034257748.7769,0.0009579178993741982,100.0,0,440833817292.00604
209.34246575342465,76410,-6.20126534343668e-65,440833817292.00604,392251223491.0275,783034257748.7769,0.0009579178993741982,100.0,0,440833817292.00604
209.42465753424656,76440,-6.1551845352739906e-65,440833817292.00604,392251223491.0275,783034257748.7769,0.0009579178993741982,100.0,0,440833817292.00604
209.5068493150685,76470,-6.1091037271113005e-65,440833817292.00604,392251223491.0275,783034257748.7769,0.0009579178993741982,100.0,0,440833817292.00604
209.58904109589042,76500,-6.0630229189486105e-65,440833817292.00604,392251223491.0275,783034257748.7769,0.0009579178993741982,100.0,0,440833817292.00604
209.67123287671234,76530,-6.01694211078592e-65,440833817292.00604,392251223491.0275,783034257748.7769,0.0009579178993741982,100.0,0,440833817292.00604
209.75342465753425,76560,-5.970861302623231e-65,440833817292.00604,392251223491.0275,783034257748.7769,0.0009579178993741982,100.0,0,440833817292.00604
209.83561643835617,76590,-5.924780494460541e-65,440833817292.00604,392251223491.0275,783034257748.7769,0.0009579178993741982,100.0,0,440833817292.00604
209.91780821917808,76620,-5.878699686297852e-65,440833817292.00604,392251223491.0275,783034257748.7769,0.0009579178993741982,100.0,0,440833817292.00604
210.0,76650,-5.832618878135162e-65,440833817292.00604,392251223491.0275,783034257748.7769,0.0009579178993741982,100.0,0,440833817292.00604
210.08219178082192,76680,-5.786538069972472e-65,440833817292.00604,392251223491.0275,783034257748.7769,0.0009579178993741982,100.0,0,440833817292.00604
210.16438356164383,76710,-5.740457261809783e-65,440833817292.00604,392251223491.0275,783034257748.7769,0.0009579178993741982,100.0,0,440833817292.00604
210.24657534246575,76740,-5.6943764536470925e-65,440833817292.00604,392251223491.0275,783034257748.7769,0.0009579178993741982,100.0,0,440833817292.00604
210.32876712328766,76770,-5.648295645484402e-65,440833817292.00604,392251223491.0275,783034257748.7769,0.0009579178993741982,100.0,0,440833817292.00604
210.41095890410958,76800,-5.602214837321712e-65,440833817292.00604,392251223491.0275,783034257748.7769,0.0009579178993741982,100.0,0,440833817292.00604
210.4931506849315,76830,-5.556134029159022e-65,440833817292.00604,392251223491.0275,783034257748.7769,0.0009579178993741982,100.0,0,440833817292.00604
210.57534246575344,76860,-5.510053220996333e-65,440833817292.00604,392251223491.0275,783034257748.7769,0.0009579178993741982,100.0,0,440833817292.00604
210.65753424657535,76890,-5.463972412833642e-65,440833817292.00604,392251223491.0275,783034257748.7769,0.0009579178993741982,100.0,0,440833817292.00604
210.73972602739727,76920,-5.417891604670953e-65,440833817292.00604,392251223491.0275,783034257748.7769,0.0009579178993741982,100.0,0,440833817292.00604
210.82191780821918,76950,-5.371810796508263e-65,440833817292.00604,392251223491.0275,783034257748.7769,0.0009579178993741982,100.0,0,440833817292.00604
210.9041095890411,76980,-5.325729988345574e-65,440833817292.00604,392251223491.0275,783034257748.7769,0.0009579178993741982,100.0,0,440833817292.00604
210.986301369863,77010,-5.279649180182884e-65,440833817292.00604,392251223491.0275,783034257748.7769,0.0009579178993741982,100.0,0,440833817292.00604
211.06849315068493,77040,-5.233568372020194e-65,440833817292.00604,392251223491.0275,783034257748.7769,0.0009579178993741982,100.0,0,440833817292.00604
211.15068493150685,77070,-5.187487563857504e-65,440833817292.00604,392251223491.0275,783034257748.7769,0.0009579178993741982,100.0,0,440833817292.00604
211.23287671232876,77100,-5.141406755694814e-65,440833817292.00604,392251223491.0275,783034257748.7769,0.0009579178993741982,100.0,0,440833817292.00604
211.31506849315068,77130,-5.095325947532125e-65,440833817292.00604,392251223491.0275,783034257748.7769,0.0009579178993741982,100.0,0,440833817292.00604
211.3972602739726,77160,-5.049245139369434e-65,440833817292.00604,392251223491.0275,783034257748.7769,0.0009579178993741982,100.0,0,440833817292.00604
211.4794520547945,77190,-5.003164331206745e-65,440833817292.00604,392251223491.0275,783034257748.7769,0.0009579178993741982,100.0,0,440833817292.00604
211.56164383561645,77220,-4.957083523044055e-65,440833817292.00604,392251223491.0275,783034257748.7769,0.0009579178993741982,100.0,0,440833817292.00604
211.64383561643837,77250,-4.911002714881366e-65,440833817292.00604,392251223491.0275,783034257748.7769,0.0009579178993741982,100.0,0,440833817292.00604
211.72602739726028,77280,-4.864921906718676e-65,440833817292.00604,392251223491.0275,783034257748.7769,0.0009579178993741982,100.0,0,440833817292.00604
211.8082191780822,77310,-4.818841098555986e-65,440833817292.00604,392251223491.0275,783034257748.7769,0.0009579178993741982,100.0,0,440833817292.00604
211.8904109589041,77340,-4.7727602903932965e-65,440833817292.00604,392251223491.0275,783034257748.7769,0.0009579178993741982,100.0,0,440833817292.00604
211.97260273972603,77370,-4.7266794822306064e-65,440833817292.00604,392251223491.0275,783034257748.7769,0.0009579178993741982,100.0,0,440833817292.00604
212.05479452054794,77400,-4.680598674067917e-65,440833817292.00604,392251223491.0275,783034257748.7769,0.0009579178993741982,100.0,0,440833817292.00604
212.13698630136986,77430,-4.634517865905226e-65,440833817292.00604,392251223491.0275,783034257748.7769,0.0009579178993741982,100.0,0,440833817292.00604
212.21917808219177,77460,-4.588437057742537e-65,440833817292.00604,392251223491.0275,783034257748.7769,0.0009579178993741982,100.0,0,440833817292.00604
212.3013698630137,77490,-4.542356249579846e-65,440833817292.00604,392251223491.0275,783034257748.7769,0.0009579178993741982,100.0,0,440833817292.00604
212.3835616438356,77520,-4.496275441417157e-65,440833817292.00604,392251223491.0275,783034257748.7769,0.0009579178993741982,100.0,0,440833817292.00604
212.46575342465752,77550,-4.450194633254466e-65,440833817292.00604,392251223491.0275,783034257748.7769,0.0009579178993741982,100.0,0,440833817292.00604
212.54794520547946,77580,-4.404113825091777e-65,440833817292.00604,392251223491.0275,783034257748.7769,0.0009579178993741982,100.0,0,440833817292.00604
212.63013698630138,77610,-4.358033016929088e-65,440833817292.00604,392251223491.0275,783034257748.7769,0.0009579178993741982,100.0,0,440833817292.00604
212.7123287671233,77640,-4.311952208766398e-65,440833817292.00604,392251223491.0275,783034257748.7769,0.0009579178993741982,100.0,0,440833817292.00604
212.7945205479452,77670,-4.265871400603708e-65,440833817292.00604,392251223491.0275,783034257748.7769,0.0009579178993741982,100.0,0,440833817292.00604
212.87671232876713,77700,-4.2197905924410175e-65,440833817292.00604,392251223491.0275,783034257748.7769,0.0009579178993741982,100.0,0,440833817292.00604
212.95890410958904,77730,-4.173709784278328e-65,440833817292.00604,392251223491.0275,783034257748.7769,0.0009579178993741982,100.0,0,440833817292.00604
213.04109589041096,77760,-4.127628976115638e-65,440833817292.00604,392251223491.0275,783034257748.7769,0.0009579178993741982,100.0,0,440833817292.00604
213.12328767123287,77790,-4.081548167952949e-65,440833817292.00604,392251223491.0275,783034257748.7769,0.0009579178993741982,100.0,0,440833817292.00604
213.2054794520548,77820,-4.035467359790258e-65,440833817292.00604,392251223491.0275,783034257748.7769,0.0009579178993741982,100.0,0,440833817292.00604
213.2876712328767,77850,-3.989386551627569e-65,440833817292.00604,392251223491.0275,783034257748.7769,0.0009579178993741982,100.0,0,440833817292.00604
213.36986301369862,77880,-3.94330574346488e-65,440833817292.00604,392251223491.0275,783034257748.7769,0.0009579178993741982,100.0,0,440833817292.00604
213.45205479452054,77910,-3.89722493530219e-65,440833817292.00604,392251223491.0275,783034257748.7769,0.0009579178993741982,100.0,0,440833817292.00604
213.53424657534248,77940,-3.8511441271395e-65,440833817292.00604,392251223491.0275,783034257748.7769,0.0009579178993741982,100.0,0,440833817292.00604
213.6164383561644,77970,-3.80506331897681e-65,440833817292.00604,392251223491.0275,783034257748.7769,0.0009579178993741982,100.0,0,440833817292.00604
213.6986301369863,78000,-3.7589825108141203e-65,440833817292.00604,392251223491.0275,783034257748.7769,0.0009579178993741982,100.0,0,440833817292.00604
213.78082191780823,78030,-3.7129017026514303e-65,440833817292.00604,392251223491.0275,783034257748.7769,0.0009579178993741982,100.0,0,440833817292.00604
213.86301369863014,78060,-3.6668208944887402e-65,440833817292.00604,392251223491.0275,783034257748.7769,0.0009579178993741982,100.0,0,440833817292.00604
213.94520547945206,78090,-3.6207400863260506e-65,440833817292.00604,392251223491.0275,783034257748.7769,0.0009579178993741982,100.0,0,440833817292.00604
214.02739726027397,78120,-3.5746592781633605e-65,440833817292.00604,392251223491.0275,783034257748.7769,0.0009579178993741982,100.0,0,440833817292.00604
214.1095890410959,78150,-3.528578470000671e-65,440833817292.00604,392251223491.0275,783034257748.7769,0.0009579178993741982,100.0,0,440833817292.00604
214.1917808219178,78180,-3.482497661837981e-65,440833817292.00604,392251223491.0275,783034257748.7769,0.0009579178993741982,100.0,0,440833817292.00604
214.27397260273972,78210,-3.4364168536752916e-65,440833817292.00604,392251223491.0275,783034257748.7769,0.0009579178993741982,100.0,0,440833817292.00604
214.35616438356163,78240,-3.390336045512602e-65,440833817292.00604,392251223491.0275,783034257748.7769,0.0009579178993741982,100.0,0,440833817292.00604
214.43835616438355,78270,-3.344255237349912e-65,440833817292.00604,392251223491.0275,783034257748.7769,0.0009579178993741982,100.0,0,440833817292.00604
214.5205479452055,78300,-3.2981744291872223e-65,440833817292.00604,392251223491.0275,783034257748.7769,0.0009579178993741982,100.0,0,440833817292.00604
214.6027397260274,78330,-3.2520936210245322e-65,440833817292.00604,392251223491.0275,783034257748.7769,0.0009579178993741982,100.0,0,440833817292.00604
214.68493150684932,78360,-3.2060128128618426e-65,440833817292.00604,392251223491.0275,783034257748.7769,0.0009579178993741982,100.0,0,440833817292.00604
214.76712328767124,78390,-3.159932004699152e-65,440833817292.00604,392251223491.0275,783034257748.7769,0.0009579178993741982,100.0,0,440833817292.00604
214.84931506849315,78420,-3.1138511965364625e-65,440833817292.00604,392251223491.0275,783034257748.7769,0.0009579178993741982,100.0,0,440833817292.00604
214.93150684931507,78450,-3.067770388373773e-65,440833817292.00604,392251223491.0275,783034257748.7769,0.0009579178993741982,100.0,0,440833817292.00604
215.013698630137,78480,-3.0216895802110832e-65,440833817292.00604,392251223491.0275,783034257748.7769,0.0009579178993741982,100.0,0,440833817292.00604
215.0958904109589,78510,-2.975608772048393e-65,440833817292.00604,392251223491.0275,783034257748.7769,0.0009579178993741982,100.0,0,440833817292.00604
215.17808219178082,78540,-2.9295279638857035e-65,440833817292.00604,392251223491.0275,783034257748.7769,0.0009579178993741982,100.0,0,440833817292.00604
215.26027397260273,78570,-2.883447155723014e-65,440833817292.00604,392251223491.0275,783034257748.7769,0.0009579178993741982,100.0,0,440833817292.00604
215.34246575342465,78600,-2.837366347560324e-65,440833817292.00604,392251223491.0275,783034257748.7769,0.0009579178993741982,100.0,0,440833817292.00604
215.42465753424656,78630,-2.7912855393976342e-65,440833817292.00604,392251223491.0275,783034257748.7769,0.0009579178993741982,100.0,0,440833817292.00604
215.5068493150685,78660,-2.745204731234944e-65,440833817292.00604,392251223491.0275,783034257748.7769,0.0009579178993741982,100.0,0,440833817292.00604
215.58904109589042,78690,-2.699123923072255e-65,440833817292.00604,392251223491.0275,783034257748.7769,0.0009579178993741982,100.0,0,440833817292.00604
215.67123287671234,78720,-2.653043114909565e-65,440833817292.00604,392251223491.0275,783034257748.7769,0.0009579178993741982,100.0,0,440833817292.00604
215.75342465753425,78750,-2.606962306746875e-65,440833817292.00604,392251223491.0275,783034257748.7769,0.0009579178993741982,100.0,0,440833817292.00604
215.83561643835617,78780,-2.5608814985841848e-65,440833817292.00604,392251223491.0275,783034257748.7769,0.0009579178993741982,100.0,0,440833817292.00604
215.91780821917808,78810,-2.514800690421495e-65,440833817292.00604,392251223491.0275,783034257748.7769,0.0009579178993741982,100.0,0,440833817292.00604
216.0,78840,-2.468719882258805e-65,440833817292.00604,392251223491.0275,783034257748.7769,0.0009579178993741982,100.0,0,440833817292.00604
216.08219178082192,78870,-2.4226390740961155e-65,440833817292.00604,392251223491.0275,783034257748.7769,0.0009579178993741982,100.0,0,440833817292.00604
216.16438356164383,78900,-2.376558265933426e-65,440833817292.00604,392251223491.0275,783034257748.7769,0.0009579178993741982,100.0,0,440833817292.00604
216.24657534246575,78930,-2.330477457770736e-65,440833817292.00604,392251223491.0275,783034257748.7769,0.0009579178993741982,100.0,0,440833817292.00604
216.32876712328766,78960,-2.2843966496080466e-65,440833817292.00604,392251223491.0275,783034257748.7769,0.0009579178993741982,100.0,0,440833817292.00604
216.41095890410958,78990,-2.2383158414453565e-65,440833817292.00604,392251223491.0275,783034257748.7769,0.0009579178993741982,100.0,0,440833817292.00604
216.4931506849315,79020,-2.192235033282667e-65,440833817292.00604,392251223491.0275,783034257748.7769,0.0009579178993741982,100.0,0,440833817292.00604
216.57534246575344,79050,-2.146154225119977e-65,440833817292.00604,392251223491.0275,783034257748.7769,0.0009579178993741982,100.0,0,440833817292.00604
216.65753424657535,79080,-2.1000734169572868e-65,440833817292.00604,392251223491.0275,783034257748.7769,0.0009579178993741982,100.0,0,440833817292.00604
216.73972602739727,79110,-2.053992608794597e-65,440833817292.00604,392251223491.0275,783034257748.7769,0.0009579178993741982,100.0,0,440833817292.00604
216.82191780821918,79140,-2.007911800631907e-65,440833817292.00604,392251223491.0275,783034257748.7769,0.0009579178993741982,100.0,0,440833817292.00604
216.9041095890411,79170,-1.961830992469218e-65,440833817292.00604,392251223491.0275,783034257748.7769,0.0009579178993741982,100.0,0,440833817292.00604
216.986301369863,79200,-1.915750184306528e-65,440833817292.00604,392251223491.0275,783034257748.7769,0.0009579178993741982,100.0,0,440833817292.00604
217.06849315068493,79230,-1.869669376143838e-65,440833817292.00604,392251223491.0275,783034257748.7769,0.0009579178993741982,100.0,0,440833817292.00604
217.15068493150685,79260,-1.8235885679811481e-65,440833817292.00604,392251223491.0275,783034257748.7769,0.0009579178993741982,100.0,0,440833817292.00604
217.23287671232876,79290,-1.7775077598184583e-65,440833817292.00604,392251223491.0275,783034257748.7769,0.0009579178993741982,100.0,0,440833817292.00604
217.31506849315068,79320,-1.7314269516557686e-65,440833817292.00604,392251223491.0275,783034257748.7769,0.0009579178993741982,100.0,0,440833817292.00604
217.3972602739726,79350,-1.685346143493079e-65,440833817292.00604,392251223491.0275,783034257748.7769,0.0009579178993741982,100.0,0,440833817292.00604
217.4794520547945,79380,-1.639265335330389e-65,440833817292.00604,392251223491.0275,783034257748.7769,0.0009579178993741982,100.0,0,440833817292.00604
217.56164383561645,79410,-1.593184527167699e-65,440833817292.00604,392251223491.0275,783034257748.7769,0.0009579178993741982,100.0,0,440833817292.00604
217.64383561643837,79440,-1.5471037190050093e-65,440833817292.00604,392251223491.0275,783034257748.7769,0.0009579178993741982,100.0,0,440833817292.00604
217.72602739726028,79470,-1.5010229108423196e-65,440833817292.00604,392251223491.0275,783034257748.7769,0.0009579178993741982,100.0,0,440833817292.00604
217.8082191780822,79500,-1.4549421026796298e-65,440833817292.00604,392251223491.0275,783034257748.7769,0.0009579178993741982,100.0,0,440833817292.00604
217.8904109589041,79530,-1.40886129451694e-65,440833817292.00604,392251223491.0275,783034257748.7769,0.0009579178993741982,100.0,0,440833817292.00604
217.97260273972603,79560,-1.3627804863542499e-65,440833817292.00604,392251223491.0275,783034257748.7769,0.0009579178993741982,100.0,0,440833817292.00604
218.05479452054794,79590,-1.3166996781915602e-65,440833817292.00604,392251223491.0275,783034257748.7769,0.0009579178993741982,100.0,0,440833817292.00604
218.13698630136986,79620,-1.2706188700288704e-65,440833817292.00604,392251223491.0275,783034257748.7769,0.0009579178993741982,100.0,0,440833817292.00604
218.21917808219177,79650,-1.2245380618661808e-65,440833817292.00604,392251223491.0275,783034257748.7769,0.0009579178993741982,100.0,0,440833817292.00604
218.3013698630137,79680,-1.178457253703491e-65,440833817292.00604,392251223491.0275,783034257748.7769,0.0009579178993741982,100.0,0,440833817292.00604
218.3835616438356,79710,-1.1323764455408013e-65,440833817292.00604,392251223491.0275,783034257748.7769,0.0009579178993741982,100.0,0,440833817292.00604
218.46575342465752,79740,-1.0862956373781112e-65,440833817292.00604,392251223491.0275,783034257748.7769,0.0009579178993741982,100.0,0,440833817292.00604
218.54794520547946,79770,-1.0402148292154214e-65,440833817292.00604,392251223491.0275,783034257748.7769,0.0009579178993741982,100.0,0,440833817292.00604
218.63013698630138,79800,-9.941340210527315e-66,440833817292.00604,392251223491.0275,783034257748.7769,0.0009579178993741982,100.0,0,440833817292.00604
218.7123287671233,79830,-9.480532128900418e-66,440833817292.00604,392251223491.0275,783034257748.7769,0.0009579178993741982,100.0,0,440833817292.00604
218.7945205479452,79860,-9.01972404727352e-66,440833817292.00604,392251223491.0275,783034257748.7769,0.0009579178993741982,100.0,0,440833817292.00604
218.87671232876713,79890,-8.558915965646622e-66,440833817292.00604,392251223491.0275,783034257748.7769,0.0009579178993741982,100.0,0,440833817292.00604
218.95890410958904,79920,-8.098107884019725e-66,440833817292.00604,392251223491.0275,783034257748.7769,0.0009579178993741982,100.0,0,440833817292.00604
219.04109589041096,79950,-7.637299802392825e-66,440833817292.00604,392251223491.0275,783034257748.7769,0.0009579178993741982,100.0,0,440833817292.00604
219.12328767123287,79980,-7.176491720765928e-66,440833817292.00604,392251223491.0275,783034257748.7769,0.0009579178993741982,100.0,0,440833817292.00604
219.2054794520548,80010,-6.715683639139029e-66,440833817292.00604,392251223491.0275,783034257748.7769,0.0009579178993741982,100.0,0,440833817292.00604
219.2876712328767,80040,-6.254875557512132e-66,440833817292.00604,392251223491.0275,783034257748.7769,0.0009579178993741982,100.0,0,440833817292.00604
219.36986301369862,80070,-5.794067475885234e-66,440833817292.00604,392251223491.0275,783034257748.7769,0.0009579178993741982,100.0,0,440833817292.00604
219.45205479452054,80100,-5.333259394258334e-66,440833817292.00604,392251223491.0275,783034257748.7769,0.0009579178993741982,100.0,0,440833817292.00604
219.53424657534248,80130,-4.872451312631438e-66,440833817292.00604,392251223491.0275,783034257748.7769,0.0009579178993741982,100.0,0,440833817292.00604
219.6164383561644,80160,-4.4116432310045393e-66,440833817292.00604,392251223491.0275,783034257748.7769,0.0009579178993741982,100.0,0,440833817292.00604
219.6986301369863,80190,-3.950835149377641e-66,440833817292.00604,392251223491.0275,783034257748.7769,0.0009579178993741982,100.0,0,440833817292.00604
219.78082191780823,80220,-3.490027067750743e-66,440833817292.00604,392251223491.0275,783034257748.7769,0.0009579178993741982,100.0,0,440833817292.00604
219.86301369863014,80250,-3.029218986123845e-66,440833817292.00604,392251223491.0275,783034257748.7769,0.0009579178993741982,100.0,0,440833817292.00604
219.94520547945206,80280,-2.568410904496947e-66,440833817292.00604,392251223491.0275,783034257748.7769,0.0009579178993741982,100.0,0,440833817292.00604
220.02739726027397,80310,-2.1076028228700487e-66,440833817292.00604,392251223491.0275,783034257748.7769,0.0009579178993741982,100.0,0,440833817292.00604
220.1095890410959,80340,-1.6467947412431508e-66,440833817292.00604,392251223491.0275,783034257748.7769,0.0009579178993741982,100.0,0,440833817292.00604
220.1917808219178,80370,-1.1859866596162524e-66,440833817292.00604,392251223491.0275,783034257748.7769,0.0009579178993741982,100.0,0,440833817292.00604
220.27397260273972,80400,-7.251785779893544e-67,440833817292.00604,392251223491.0275,783034257748.7769,0.0009579178993741982,100.0,0,440833817292.00604
220.35616438356163,80430,-2.643704963624564e-67,440833817292.00604,392251223491.0275,783034257748.7769,0.0009579178993741982,100.0,0,440833817292.00604
220.43835616438355,80460,-8.291086739884386e-71,440833817292.00604,392251223491.0275,783034257748.7769,0.0009579178993741982,100.0,0,440833817292.00604
220.5205479452055,80490,-8.290399645430558e-71,440833817292.00604,392251223491.0275,783034257748.7769,0.0009579178993741982,100.0,0,440833817292.00604
220.6027397260274,80520,-8.289712550976729e-71,440833817292.00604,392251223491.0275,783034257748.7769,0.0009579178993741982,100.0,0,440833817292.00604
220.68493150684932,80550,-8.2890254565229e-71,440833817292.00604,392251223491.0275,783034257748.7769,0.0009579178993741982,100.0,0,440833817292.00604
220.76712328767124,80580,-8.288338362069072e-71,440833817292.00604,392251223491.0275,783034257748.7769,0.0009579178993741982,100.0,0,440833817292.00604
220.84931506849315,80610,-8.287651267615241e-71,440833817292.00604,392251223491.0275,783034257748.7769,0.0009579178993741982,100.0,0,440833817292.00604
220.93150684931507,80640,-8.286964173161412e-71,440833817292.00604,392251223491.0275,783034257748.7769,0.0009579178993741982,100.0,0,440833817292.00604
221.013698630137,80670,-8.286277078707584e-71,440833817292.00604,392251223491.0275,783034257748.7769,0.0009579178993741982,100.0,0,440833817292.00604
221.0958904109589,80700,-8.285589984253755e-71,440833817292.00604,392251223491.0275,783034257748.7769,0.0009579178993741982,100.0,0,440833817292.00604
221.17808219178082,80730,-8.284902889799927e-71,440833817292.00604,392251223491.0275,783034257748.7769,0.0009579178993741982,100.0,0,440833817292.00604
221.26027397260273,80760,-8.284215795346098e-71,440833817292.00604,392251223491.0275,783034257748.7769,0.0009579178993741982,100.0,0,440833817292.00604
221.34246575342465,80790,-8.283528700892268e-71,440833817292.00604,392251223491.0275,783034257748.7769,0.0009579178993741982,100.0,0,440833817292.00604
221.42465753424656,80820,-8.282841606438439e-71,440833817292.00604,392251223491.0275,783034257748.7769,0.0009579178993741982,100.0,0,440833817292.00604
221.5068493150685,80850,-8.282154511984611e-71,440833817292.00604,392251223491.0275,783034257748.7769,0.0009579178993741982,100.0,0,440833817292.00604
221.58904109589042,80880,-8.281467417530782e-71,440833817292.00604,392251223491.0275,783034257748.7769,0.0009579178993741982,100.0,0,440833817292.00604
221.67123287671234,80910,-8.280780323076954e-71,440833817292.00604,392251223491.0275,783034257748.7769,0.0009579178993741982,100.0,0,440833817292.00604
221.75342465753425,80940,-8.280093228623125e-71,440833817292.00604,392251223491.0275,783034257748.7769,0.0009579178993741982,100.0,0,440833817292.00604
221.83561643835617,80970,-8.279406134169296e-71,440833817292.00604,392251223491.0275,783034257748.7769,0.0009579178993741982,100.0,0,440833817292.00604
221.91780821917808,81000,-8.278719039715468e-71,440833817292.00604,392251223491.0275,783034257748.7769,0.0009579178993741982,100.0,0,440833817292.00604
222.0,81030,-8.278031945261639e-71,440833817292.00604,392251223491.0275,783034257748.7769,0.0009579178993741982,100.0,0,440833817292.00604
222.08219178082192,81060,-8.27734485080781e-71,440833817292.00604,392251223491.0275,783034257748.7769,0.0009579178993741982,100.0,0,440833817292.00604
222.16438356164383,81090,-8.276657756353982e-71,440833817292.00604,392251223491.0275,783034257748.7769,0.0009579178993741982,100.0,0,440833817292.00604
222.24657534246575,81120,-8.275970661900153e-71,440833817292.00604,392251223491.0275,783034257748.7769,0.0009579178993741982,100.0,0,440833817292.00604
222.32876712328766,81150,-8.275283567446322e-71,440833817292.00604,392251223491.0275,783034257748.7769,0.0009579178993741982,100.0,0,440833817292.00604
222.41095890410958,81180,-8.274596472992494e-71,440833817292.00604,392251223491.0275,783034257748.7769,0.0009579178993741982,100.0,0,440833817292.00604
222.4931506849315,81210,-8.273909378538665e-71,440833817292.00604,392251223491.0275,783034257748.7769,0.0009579178993741982,100.0,0,440833817292.00604
222.57534246575344,81240,-8.273222284084837e-71,440833817292.00604,392251223491.0275,783034257748.7769,0.0009579178993741982,100.0,0,440833817292.00604
222.65753424657535,81270,-8.272535189631008e-71,440833817292.00604,392251223491.0275,783034257748.7769,0.0009579178993741982,100.0,0,440833817292.00604
222.73972602739727,81300,-8.27184809517718e-71,440833817292.00604,392251223491.0275,783034257748.7769,0.0009579178993741982,100.0,0,440833817292.00604
222.82191780821918,81330,-8.271161000723349e-71,440833817292.00604,392251223491.0275,783034257748.7769,0.0009579178993741982,100.0,0,440833817292.00604
222.9041095890411,81360,-8.270473906269521e-71,440833817292.00604,392251223491.0275,783034257748.7769,0.0009579178993741982,100.0,0,440833817292.00604
222.986301369863,81390,-8.269786811815692e-71,440833817292.00604,392251223491.0275,783034257748.7769,0.0009579178993741982,100.0,0,440833817292.00604
223.06849315068493,81420,-8.269099717361864e-71,440833817292.00604,392251223491.0275,783034257748.7769,0.0009579178993741982,100.0,0,440833817292.00604
223.15068493150685,81450,-8.268412622908035e-71,440833817292.00604,392251223491.0275,783034257748.7769,0.0009579178993741982,100.0,0,440833817292.00604
223.23287671232876,81480,-8.267725528454207e-71,440833817292.00604,392251223491.0275,783034257748.7769,0.0009579178993741982,100.0,0,440833817292.00604
223.31506849315068,81510,-8.267038434000378e-71,440833817292.00604,392251223491.0275,783034257748.7769,0.0009579178993741982,100.0,0,440833817292.00604
223.3972602739726,81540,-8.266351339546549e-71,440833817292.00604,392251223491.0275,783034257748.7769,0.0009579178993741982,100.0,0,440833817292.00604
223.4794520547945,81570,-8.265664245092721e-71,440833817292.00604,392251223491.0275,783034257748.7769,0.0009579178993741982,100.0,0,440833817292.00604
223.56164383561645,81600,-8.264977150638892e-71,440833817292.00604,392251223491.0275,783034257748.7769,0.0009579178993741982,100.0,0,440833817292.00604
223.64383561643837,81630,-8.264290056185063e-71,440833817292.00604,392251223491.0275,783034257748.7769,0.0009579178993741982,100.0,0,440833817292.00604
223.72602739726028,81660,-8.263602961731233e-71,440833817292.00604,392251223491.0275,783034257748.7769,0.0009579178993741982,100.0,0,440833817292.00604
223.8082191780822,81690,-8.262915867277404e-71,440833817292.00604,392251223491.0275,783034257748.7769,0.0009579178993741982,100.0,0,440833817292.00604
223.8904109589041,81720,-8.262228772823575e-71,440833817292.00604,392251223491.0275,783034257748.7769,0.0009579178993741982,100.0,0,440833817292.00604
223.97260273972603,81750,-8.261541678369747e-71,440833817292.00604,392251223491.0275,783034257748.7769,0.0009579178993741982,100.0,0,440833817292.00604
224.05479452054794,81780,-8.260854583915918e-71,440833817292.00604,392251223491.0275,783034257748.7769,0.0009579178993741982,100.0,0,440833817292.00604
224.13698630136986,81810,-8.26016748946209e-71,440833817292.00604,392251223491.0275,783034257748.7769,0.0009579178993741982,100.0,0,440833817292.00604
224.21917808219177,81840,-8.25948039500826e-71,440833817292.00604,392251223491.0275,783034257748.7769,0.0009579178993741982,100.0,0,440833817292.00604
224.3013698630137,81870,-8.258793300554431e-71,440833817292.00604,392251223491.0275,783034257748.7769,0.0009579178993741982,100.0,0,440833817292.00604
224.3835616438356,81900,-8.258106206100602e-71,440833817292.00604,392251223491.0275,783034257748.7769,0.0009579178993741982,100.0,0,440833817292.00604
224.46575342465752,81930,-8.257419111646774e-71,440833817292.00604,392251223491.0275,783034257748.7769,0.0009579178993741982,100.0,0,440833817292.00604
224.54794520547946,81960,-8.256732017192945e-71,440833817292.00604,392251223491.0275,783034257748.7769,0.0009579178993741982,100.0,0,440833817292.00604
224.63013698630138,81990,-8.256044922739117e-71,440833817292.00604,392251223491.0275,783034257748.7769,0.0009579178993741982,100.0,0,440833817292.00604
224.7123287671233,82020,-8.255357828285288e-71,440833817292.00604,392251223491.0275,783034257748.7769,0.0009579178993741982,100.0,0,440833817292.00604
224.7945205479452,82050,-8.254670733831459e-71,440833817292.00604,392251223491.0275,783034257748.7769,0.0009579178993741982,100.0,0,440833817292.00604
224.87671232876713,82080,-8.253983639377631e-71,440833817292.00604,392251223491.0275,783034257748.7769,0.0009579178993741982,100.0,0,440833817292.00604
224.95890410958904,82110,-8.253296544923802e-71,440833817292.00604,392251223491.0275,783034257748.7769,0.0009579178993741982,100.0,0,440833817292.00604
225.04109589041096,82140,-8.252609450469973e-71,440833817292.00604,392251223491.0275,783034257748.7769,0.0009579178993741982,100.0,0,440833817292.00604
225.12328767123287,82170,-8.251922356016145e-71,440833817292.00604,392251223491.0275,783034257748.7769,0.0009579178993741982,100.0,0,440833817292.00604
225.2054794520548,82200,-8.251235261562316e-71,440833817292.00604,392251223491.0275,783034257748.7769,0.0009579178993741982,100.0,0,440833817292.00604
225.2876712328767,82230,-8.250548167108485e-71,440833817292.00604,392251223491.0275,783034257748.7769,0.0009579178993741982,100.0,0,440833817292.00604
225.36986301369862,82260,-8.249861072654657e-71,440833817292.00604,392251223491.0275,783034257748.7769,0.0009579178993741982,100.0,0,440833817292.00604
225.45205479452054,82290,-8.249173978200828e-71,440833817292.00604,392251223491.0275,783034257748.7769,0.0009579178993741982,100.0,0,440833817292.00604
225.53424657534248,82320,-8.248486883747e-71,440833817292.00604,392251223491.0275,783034257748.7769,0.0009579178993741982,100.0,0,440833817292.00604
225.6164383561644,82350,-8.24779978929317e-71,440833817292.00604,392251223491.0275,783034257748.7769,0.0009579178993741982,100.0,0,440833817292.00604
225.6986301369863,82380,-8.247112694839341e-71,440833817292.00604,392251223491.0275,783034257748.7769,0.0009579178993741982,100.0,0,440833817292.00604
225.78082191780823,82410,-8.246425600385512e-71,440833817292.00604,392251223491.0275,783034257748.7769,0.0009579178993741982,100.0,0,440833817292.00604
225.86301369863014,82440,-8.245738505931684e-71,440833817292.00604,392251223491.0275,783034257748.7769,0.0009579178993741982,100.0,0,440833817292.00604
225.94520547945206,82470,-8.245051411477855e-71,440833817292.00604,392251223491.0275,783034257748.7769,0.0009579178993741982,100.0,0,440833817292.00604
226.02739726027397,82500,-8.244364317024027e-71,440833817292.00604,392251223491.0275,783034257748.7769,0.0009579178993741982,100.0,0,440833817292.00604
226.1095890410959,82530,-8.243677222570198e-71,440833817292.00604,392251223491.0275,783034257748.7769,0.0009579178993741982,100.0,0,440833817292.00604
226.1917808219178,82560,-8.242990128116369e-71,440833817292.00604,392251223491.0275,783034257748.7769,0.0009579178993741982,100.0,0,440833817292.00604
226.27397260273972,82590,-8.242303033662541e-71,440833817292.00604,392251223491.0275,783034257748.7769,0.0009579178993741982,100.0,0,440833817292.00604
226.35616438356163,82620,-8.241615939208712e-71,440833817292.00604,392251223491.0275,783034257748.7769,0.0009579178993741982,100.0,0,440833817292.00604
226.43835616438355,82650,-8.240928844754884e-71,440833817292.00604,392251223491.0275,783034257748.7769,0.0009579178993741982,100.0,0,440833817292.00604
226.5205479452055,82680,-8.240241750301055e-71,440833817292.00604,392251223491.0275,783034257748.7769,0.0009579178993741982,100.0,0,440833817292.00604
226.6027397260274,82710,-8.239554655847226e-71,440833817292.00604,392251223491.0275,783034257748.7769,0.0009579178993741982,100.0,0,440833817292.00604
226.68493150684932,82740,-8.238867561393396e-71,440833817292.00604,392251223491.0275,783034257748.7769,0.0009579178993741982,100.0,0,440833817292.00604
226.76712328767124,82770,-8.238180466939567e-71,440833817292.00604,392251223491.0275,783034257748.7769,0.0009579178993741982,100.0,0,440833817292.00604
226.84931506849315,82800,-8.237493372485738e-71,440833817292.00604,392251223491.0275,783034257748.7769,0.0009579178993741982,100.0,0,440833817292.00604
226.93150684931507,82830,-8.23680627803191e-71,440833817292.00604,392251223491.0275,783034257748.7769,0.0009579178993741982,100.0,0,440833817292.00604
227.013698630137,82860,-8.23611918357808e-71,440833817292.00604,392251223491.0275,783034257748.7769,0.0009579178993741982,100.0,0,440833817292.00604
227.0958904109589,82890,-8.235432089124253e-71,440833817292.00604,392251223491.0275,783034257748.7769,0.0009579178993741982,100.0,0,440833817292.00604
227.17808219178082,82920,-8.234744994670424e-71,440833817292.00604,392251223491.0275,783034257748.7769,0.0009579178993741982,100.0,0,440833817292.00604
227.26027397260273,82950,-8.234057900216594e-71,440833817292.00604,392251223491.0275,783034257748.7769,0.0009579178993741982,100.0,0,440833817292.00604
227.34246575342465,82980,-8.233370805762765e-71,440833817292.00604,392251223491.0275,783034257748.7769,0.0009579178993741982,100.0,0,440833817292.00604
227.42465753424656,83010,-8.232683711308937e-71,440833817292.00604,392251223491.0275,783034257748.7769,0.0009579178993741982,100.0,0,440833817292.00604
227.5068493150685,83040,-8.231996616855108e-71,440833817292.00604,392251223491.0275,783034257748.7769,0.0009579178993741982,100.0,0,440833817292.00604
227.58904109589042,83070,-8.23130952240128e-71,440833817292.00604,392251223491.0275,783034257748.7769,0.0009579178993741982,100.0,0,440833817292.00604
227.67123287671234,83100,-8.230622427947451e-71,440833817292.00604,392251223491.0275,783034257748.7769,0.0009579178993741982,100.0,0,440833817292.00604
227.75342465753425,83130,-8.229935333493622e-71,440833817292.00604,392251223491.0275,783034257748.7769,0.0009579178993741982,100.0,0,440833817292.00604
227.83561643835617,83160,-8.229248239039794e-71,440833817292.00604,392251223491.0275,783034257748.7769,0.0009579178993741982,100.0,0,440833817292.00604
227.91780821917808,83190,-8.228561144585965e-71,440833817292.00604,392251223491.0275,783034257748.7769,0.0009579178993741982,100.0,0,440833817292.00604
228.0,83220,-8.227874050132137e-71,440833817292.00604,392251223491.0275,783034257748.7769,0.0009579178993741982,100.0,0,440833817292.00604
228.08219178082192,83250,-8.227186955678306e-71,440833817292.00604,392251223491.0275,783034257748.7769,0.0009579178993741982,100.0,0,440833817292.00604
228.16438356164383,83280,-8.226499861224479e-71,440833817292.00604,392251223491.0275,783034257748.7769,0.0009579178993741982,100.0,0,440833817292.00604
228.24657534246575,83310,-8.225812766770648e-71,440833817292.00604,392251223491.0275,783034257748.7769,0.0009579178993741982,100.0,0,440833817292.00604
228.32876712328766,83340,-8.22512567231682e-71,440833817292.00604,392251223491.0275,783034257748.7769,0.0009579178993741982,100.0,0,440833817292.00604
228.41095890410958,83370,-8.22443857786299e-71,440833817292.00604,392251223491.0275,783034257748.7769,0.0009579178993741982,100.0,0,440833817292.00604
228.4931506849315,83400,-8.223751483409163e-71,440833817292.00604,392251223491.0275,783034257748.7769,0.0009579178993741982,100.0,0,440833817292.00604
228.57534246575344,83430,-8.223064388955334e-71,440833817292.00604,392251223491.0275,783034257748.7769,0.0009579178993741982,100.0,0,440833817292.00604
228.65753424657535,83460,-8.222377294501504e-71,440833817292.00604,392251223491.0275,783034257748.7769,0.0009579178993741982,100.0,0,440833817292.00604
228.73972602739727,83490,-8.221690200047677e-71,440833817292.00604,392251223491.0275,783034257748.7769,0.0009579178993741982,100.0,0,440833817292.00604
228.82191780821918,83520,-8.221003105593848e-71,440833817292.00604,392251223491.0275,783034257748.7769,0.0009579178993741982,100.0,0,440833817292.00604
228.9041095890411,83550,-8.220316011140018e-71,440833817292.00604,392251223491.0275,783034257748.7769,0.0009579178993741982,100.0,0,440833817292.00604
228.986301369863,83580,-8.21962891668619e-71,440833817292.00604,392251223491.0275,783034257748.7769,0.0009579178993741982,100.0,0,440833817292.00604
229.06849315068493,83610,-8.218941822232361e-71,440833817292.00604,392251223491.0275,783034257748.7769,0.0009579178993741982,100.0,0,440833817292.00604
229.15068493150685,83640,-8.218254727778532e-71,440833817292.00604,392251223491.0275,783034257748.7769,0.0009579178993741982,100.0,0,440833817292.00604
229.23287671232876,83670,-8.217567633324704e-71,440833817292.00604,392251223491.0275,783034257748.7769,0.0009579178993741982,100.0,0,440833817292.00604
229.31506849315068,83700,-8.216880538870875e-71,440833817292.00604,392251223491.0275,783034257748.7769,0.0009579178993741982,100.0,0,440833817292.00604
229.3972602739726,83730,-8.216193444417047e-71,440833817292.00604,392251223491.0275,783034257748.7769,0.0009579178993741982,100.0,0,440833817292.00604
229.4794520547945,83760,-8.215506349963218e-71,440833817292.00604,392251223491.0275,783034257748.7769,0.0009579178993741982,100.0,0,440833817292.00604
229.56164383561645,83790,-8.214819255509389e-71,440833817292.00604,392251223491.0275,783034257748.7769,0.0009579178993741982,100.0,0,440833817292.00604
229.64383561643837,83820,-8.21413216105556e-71,440833817292.00604,392251223491.0275,783034257748.7769,0.0009579178993741982,100.0,0,440833817292.00604
229.72602739726028,83850,-8.21344506660173e-71,440833817292.00604,392251223491.0275,783034257748.7769,0.0009579178993741982,100.0,0,440833817292.00604
229.8082191780822,83880,-8.2127579721479e-71,440833817292.00604,392251223491.0275,783034257748.7769,0.0009579178993741982,100.0,0,440833817292.00604
229.8904109589041,83910,-8.212070877694073e-71,440833817292.00604,392251223491.0275,783034257748.7769,0.0009579178993741982,100.0,0,440833817292.00604
229.97260273972603,83940,-8.211383783240244e-71,440833817292.00604,392251223491.0275,783034257748.7769,0.0009579178993741982,100.0,0,440833817292.00604
230.05479452054794,83970,-8.210696688786415e-71,440833817292.00604,392251223491.0275,783034257748.7769,0.0009579178993741982,100.0,0,440833817292.00604
230.13698630136986,84000,-8.210009594332587e-71,440833817292.00604,392251223491.0275,783034257748.7769,0.0009579178993741982,100.0,0,440833817292.00604
230.21917808219177,84030,-8.209322499878758e-71,440833817292.00604,392251223491.0275,783034257748.7769,0.0009579178993741982,100.0,0,440833817292.00604
230.3013698630137,84060,-8.208635405424928e-71,440833817292.00604,392251223491.0275,783034257748.7769,0.0009579178993741982,100.0,0,440833817292.00604
230.3835616438356,84090,-8.2079483109711e-71,440833817292.00604,392251223491.0275,783034257748.7769,0.0009579178993741982,100.0,0,440833817292.00604
230.46575342465752,84120,-8.207261216517271e-71,440833817292.00604,392251223491.0275,783034257748.7769,0.0009579178993741982,100.0,0,440833817292.00604
230.54794520547946,84150,-8.206574122063442e-71,440833817292.00604,392251223491.0275,783034257748.7769,0.0009579178993741982,100.0,0,440833817292.00604
230.63013698630138,84180,-8.205887027609614e-71,440833817292.00604,392251223491.0275,783034257748.7769,0.0009579178993741982,100.0,0,440833817292.00604
230.7123287671233,84210,-8.205199933155785e-71,440833817292.00604,392251223491.0275,783034257748.7769,0.0009579178993741982,100.0,0,440833817292.00604
230.7945205479452,84240,-8.204512838701957e-71,440833817292.00604,392251223491.0275,783034257748.7769,0.0009579178993741982,100.0,0,440833817292.00604
230.87671232876713,84270,-8.203825744248128e-71,440833817292.00604,392251223491.0275,783034257748.7769,0.0009579178993741982,100.0,0,440833817292.00604
230.95890410958904,84300,-8.2031386497943e-71,440833817292.00604,392251223491.0275,783034257748.7769,0.0009579178993741982,100.0,0,440833817292.00604
231.04109589041096,84330,-8.20245155534047e-71,440833817292.00604,392251223491.0275,783034257748.7769,0.0009579178993741982,100.0,0,440833817292.00604
231.12328767123287,84360,-8.201764460886642e-71,440833817292.00604,392251223491.0275,783034257748.7769,0.0009579178993741982,100.0,0,440833817292.00604
231.2054794520548,84390,-8.20107736643281e-71,440833817292.00604,392251223491.0275,783034257748.7769,0.0009579178993741982,100.0,0,440833817292.00604
231.2876712328767,84420,-8.200390271978983e-71,440833817292.00604,392251223491.0275,783034257748.7769,0.0009579178993741982,100.0,0,440833817292.00604
231.36986301369862,84450,-8.199703177525154e-71,440833817292.00604,392251223491.0275,783034257748.7769,0.0009579178993741982,100.0,0,440833817292.00604
231.45205479452054,84480,-8.199016083071326e-71,440833817292.00604,392251223491.0275,783034257748.7769,0.0009579178993741982,100.0,0,440833817292.00604
231.53424657534248,84510,-8.198328988617497e-71,440833817292.00604,392251223491.0275,783034257748.7769,0.0009579178993741982,100.0,0,440833817292.00604
231.6164383561644,84540,-8.197641894163668e-71,440833817292.00604,392251223491.0275,783034257748.7769,0.0009579178993741982,100.0,0,440833817292.00604
231.6986301369863,84570,-8.19695479970984e-71,440833817292.00604,392251223491.0275,783034257748.7769,0.0009579178993741982,100.0,0,440833817292.00604
231.78082191780823,84600,-8.19626770525601e-71,440833817292.00604,392251223491.0275,783034257748.7769,0.0009579178993741982,100.0,0,440833817292.00604
231.86301369863014,84630,-8.195580610802181e-71,440833817292.00604,392251223491.0275,783034257748.7769,0.0009579178993741982,100.0,0,440833817292.00604
231.94520547945206,84660,-8.194893516348354e-71,440833817292.00604,392251223491.0275,783034257748.7769,0.0009579178993741982,100.0,0,440833817292.00604
232.02739726027397,84690,-8.194206421894524e-71,440833817292.00604,392251223491.0275,783034257748.7769,0.0009579178993741982,100.0,0,440833817292.00604
232.1095890410959,84720,-8.193519327440695e-71,440833817292.00604,392251223491.0275,783034257748.7769,0.0009579178993741982,100.0,0,440833817292.00604
232.1917808219178,84750,-8.192832232986867e-71,440833817292.00604,392251223491.0275,783034257748.7769,0.0009579178993741982,100.0,0,440833817292.00604
232.27397260273972,84780,-8.192145138533038e-71,440833817292.00604,392251223491.0275,783034257748.7769,0.0009579178993741982,100.0,0,440833817292.00604
232.35616438356163,84810,-8.19145804407921e-71,440833817292.00604,392251223491.0275,783034257748.7769,0.0009579178993741982,100.0,0,440833817292.00604
232.43835616438355,84840,-8.190770949625381e-71,440833817292.00604,392251223491.0275,783034257748.7769,0.0009579178993741982,100.0,0,440833817292.00604
232.5205479452055,84870,-8.190083855171552e-71,440833817292.00604,392251223491.0275,783034257748.7769,0.0009579178993741982,100.0,0,440833817292.00604
232.6027397260274,84900,-8.189396760717722e-71,440833817292.00604,392251223491.0275,783034257748.7769,0.0009579178993741982,100.0,0,440833817292.00604
232.68493150684932,84930,-8.188709666263893e-71,440833817292.00604,392251223491.0275,783034257748.7769,0.0009579178993741982,100.0,0,440833817292.00604
232.76712328767124,84960,-8.188022571810064e-71,440833817292.00604,392251223491.0275,783034257748.7769,0.0009579178993741982,100.0,0,440833817292.00604
232.84931506849315,84990,-8.187335477356236e-71,440833817292.00604,392251223491.0275,783034257748.7769,0.0009579178993741982,100.0,0,440833817292.00604
232.93150684931507,85020,-8.186648382902407e-71,440833817292.00604,392251223491.0275,783034257748.7769,0.0009579178993741982,100.0,0,440833817292.00604
233.013698630137,85050,-8.185961288448578e-71,440833817292.00604,392251223491.0275,783034257748.7769,0.0009579178993741982,100.0,0,440833817292.00604
233.0958904109589,85080,-8.18527419399475e-71,440833817292.00604,392251223491.0275,783034257748.7769,0.0009579178993741982,100.0,0,440833817292.00604
233.17808219178082,85110,-8.18458709954092e-71,440833817292.00604,392251223491.0275,783034257748.7769,0.0009579178993741982,100.0,0,440833817292.00604
233.26027397260273,85140,-8.183900005087091e-71,440833817292.00604,392251223491.0275,783034257748.7769,0.0009579178993741982,100.0,0,440833817292.00604
233.34246575342465,85170,-8.183212910633264e-71,440833817292.00604,392251223491.0275,783034257748.7769,0.0009579178993741982,100.0,0,440833817292.00604
233.42465753424656,85200,-8.182525816179434e-71,440833817292.00604,392251223491.0275,783034257748.7769,0.0009579178993741982,100.0,0,440833817292.00604
233.5068493150685,85230,-8.181838721725605e-71,440833817292.00604,392251223491.0275,783034257748.7769,0.0009579178993741982,100.0,0,440833817292.00604
233.58904109589042,85260,-8.181151627271777e-71,440833817292.00604,392251223491.0275,783034257748.7769,0.0009579178993741982,100.0,0,440833817292.00604
233.67123287671234,85290,-8.180464532817948e-71,440833817292.00604,392251223491.0275,783034257748.7769,0.0009579178993741982,100.0,0,440833817292.00604
233.75342465753425,85320,-8.17977743836412e-71,440833817292.00604,392251223491.0275,783034257748.7769,0.0009579178993741982,100.0,0,440833817292.00604
233.83561643835617,85350,-8.179090343910291e-71,440833817292.00604,392251223491.0275,783034257748.7769,0.0009579178993741982,100.0,0,440833817292.00604
233.91780821917808,85380,-8.178403249456463e-71,440833817292.00604,392251223491.0275,783034257748.7769,0.0009579178993741982,100.0,0,440833817292.00604
234.0,85410,-8.177716155002632e-71,440833817292.00604,392251223491.0275,783034257748.7769,0.0009579178993741982,100.0,0,440833817292.00604
234.08219178082192,85440,-8.177029060548805e-71,440833817292.00604,392251223491.0275,783034257748.7769,0.0009579178993741982,100.0,0,440833817292.00604
234.16438356164383,85470,-8.176341966094974e-71,440833817292.00604,392251223491.0275,783034257748.7769,0.0009579178993741982,100.0,0,440833817292.00604
234.24657534246575,85500,-8.175654871641146e-71,440833817292.00604,392251223491.0275,783034257748.7769,0.0009579178993741982,100.0,0,440833817292.00604
234.32876712328766,85530,-8.174967777187317e-71,440833817292.00604,392251223491.0275,783034257748.7769,0.0009579178993741982,100.0,0,440833817292.00604
234.41095890410958,85560,-8.174280682733489e-71,440833817292.00604,392251223491.0275,783034257748.7769,0.0009579178993741982,100.0,0,440833817292.00604
234.4931506849315,85590,-8.17359358827966e-71,440833817292.00604,392251223491.0275,783034257748.7769,0.0009579178993741982,100.0,0,440833817292.00604
234.57534246575344,85620,-8.17290649382583e-71,440833817292.00604,392251223491.0275,783034257748.7769,0.0009579178993741982,100.0,0,440833817292.00604
234.65753424657535,85650,-8.172219399372003e-71,440833817292.00604,392251223491.0275,783034257748.7769,0.0009579178993741982,100.0,0,440833817292.00604
234.73972602739727,85680,-8.171532304918174e-71,440833817292.00604,392251223491.0275,783034257748.7769,0.0009579178993741982,100.0,0,440833817292.00604
234.82191780821918,85710,-8.170845210464344e-71,440833817292.00604,392251223491.0275,783034257748.7769,0.0009579178993741982,100.0,0,440833817292.00604
234.9041095890411,85740,-8.170158116010515e-71,440833817292.00604,392251223491.0275,783034257748.7769,0.0009579178993741982,100.0,0,440833817292.00604
234.986301369863,85770,-8.169471021556687e-71,440833817292.00604,392251223491.0275,783034257748.7769,0.0009579178993741982,100.0,0,440833817292.00604
235.06849315068493,85800,-8.168783927102858e-71,440833817292.00604,392251223491.0275,783034257748.7769,0.0009579178993741982,100.0,0,440833817292.00604
235.15068493150685,85830,-8.16809683264903e-71,440833817292.00604,392251223491.0275,783034257748.7769,0.0009579178993741982,100.0,0,440833817292.00604
235.23287671232876,85860,-8.167409738195201e-71,440833817292.00604,392251223491.0275,783034257748.7769,0.0009579178993741982,100.0,0,440833817292.00604
235.31506849315068,85890,-8.166722643741373e-71,440833817292.00604,392251223491.0275,783034257748.7769,0.0009579178993741982,100.0,0,440833817292.00604
235.3972602739726,85920,-8.166035549287544e-71,440833817292.00604,392251223491.0275,783034257748.7769,0.0009579178993741982,100.0,0,440833817292.00604
235.4794520547945,85950,-8.165348454833715e-71,440833817292.00604,392251223491.0275,783034257748.7769,0.0009579178993741982,100.0,0,440833817292.00604
235.56164383561645,85980,-8.164661360379885e-71,440833817292.00604,392251223491.0275,783034257748.7769,0.0009579178993741982,100.0,0,440833817292.00604
235.64383561643837,86010,-8.163974265926056e-71,440833817292.00604,392251223491.0275,783034257748.7769,0.0009579178993741982,100.0,0,440833817292.00604
235.72602739726028,86040,-8.163287171472227e-71,440833817292.00604,392251223491.0275,783034257748.7769,0.0009579178993741982,100.0,0,440833817292.00604
235.8082191780822,86070,-8.1626000770184e-71,440833817292.00604,392251223491.0275,783034257748.7769,0.0009579178993741982,100.0,0,440833817292.00604
235.8904109589041,86100,-8.16191298256457e-71,440833817292.00604,392251223491.0275,783034257748.7769,0.0009579178993741982,100.0,0,440833817292.00604
235.97260273972603,86130,-8.16122588811074e-71,440833817292.00604,392251223491.0275,783034257748.7769,0.0009579178993741982,100.0,0,440833817292.00604
236.05479452054794,86160,-8.160538793656913e-71,440833817292.00604,392251223491.0275,783034257748.7769,0.0009579178993741982,100.0,0,440833817292.00604
236.13698630136986,86190,-8.159851699203084e-71,440833817292.00604,392251223491.0275,783034257748.7769,0.0009579178993741982,100.0,0,440833817292.00604
236.21917808219177,86220,-8.159164604749254e-71,440833817292.00604,392251223491.0275,783034257748.7769,0.0009579178993741982,100.0,0,440833817292.00604
236.3013698630137,86250,-8.158477510295427e-71,440833817292.00604,392251223491.0275,783034257748.7769,0.0009579178993741982,100.0,0,440833817292.00604
236.3835616438356,86280,-8.157790415841597e-71,440833817292.00604,392251223491.0275,783034257748.7769,0.0009579178993741982,100.0,0,440833817292.00604
236.46575342465752,86310,-8.157103321387768e-71,440833817292.00604,392251223491.0275,783034257748.7769,0.0009579178993741982,100.0,0,440833817292.00604
236.54794520547946,86340,-8.15641622693394e-71,440833817292.00604,392251223491.0275,783034257748.7769,0.0009579178993741982,100.0,0,440833817292.00604
236.63013698630138,86370,-8.155729132480111e-71,440833817292.00604,392251223491.0275,783034257748.7769,0.0009579178993741982,100.0,0,440833817292.00604
236.7123287671233,86400,-8.155042038026283e-71,440833817292.00604,392251223491.0275,783034257748.7769,0.0009579178993741982,100.0,0,440833817292.00604
236.7945205479452,86430,-8.154354943572454e-71,440833817292.00604,392251223491.0275,783034257748.7769,0.0009579178993741982,100.0,0,440833817292.00604
236.87671232876713,86460,-8.153667849118625e-71,440833817292.00604,392251223491.0275,783034257748.7769,0.0009579178993741982,100.0,0,440833817292.00604
236.95890410958904,86490,-8.152980754664797e-71,440833817292.00604,392251223491.0275,783034257748.7769,0.0009579178993741982,100.0,0,440833817292.00604
237.04109589041096,86520,-8.152293660210968e-71,440833817292.00604,392251223491.0275,783034257748.7769,0.0009579178993741982,100.0,0,440833817292.00604
237.12328767123287,86550,-8.151606565757137e-71,440833817292.00604,392251223491.0275,783034257748.7769,0.0009579178993741982,100.0,0,440833817292.00604
237.2054794520548,86580,-8.15091947130331e-71,440833817292.00604,392251223491.0275,783034257748.7769,0.0009579178993741982,100.0,0,440833817292.00604
237.2876712328767,86610,-8.15023237684948e-71,440833817292.00604,392251223491.0275,783034257748.7769,0.0009579178993741982,100.0,0,440833817292.00604
237.36986301369862,86640,-8.14954528239565e-71,440833817292.00604,392251223491.0275,783034257748.7769,0.0009579178993741982,100.0,0,440833817292.00604
237.45205479452054,86670,-8.148858187941823e-71,440833817292.00604,392251223491.0275,783034257748.7769,0.0009579178993741982,100.0,0,440833817292.00604
237.53424657534248,86700,-8.148171093487994e-71,440833817292.00604,392251223491.0275,783034257748.7769,0.0009579178993741982,100.0,0,440833817292.00604
237.6164383561644,86730,-8.147483999034166e-71,440833817292.00604,392251223491.0275,783034257748.7769,0.0009579178993741982,100.0,0,440833817292.00604
237.6986301369863,86760,-8.146796904580337e-71,440833817292.00604,392251223491.0275,783034257748.7769,0.0009579178993741982,100.0,0,440833817292.00604
237.78082191780823,86790,-8.146109810126507e-71,440833817292.00604,392251223491.0275,783034257748.7769,0.0009579178993741982,100.0,0,440833817292.00604
237.86301369863014,86820,-8.145422715672678e-71,440833817292.00604,392251223491.0275,783034257748.7769,0.0009579178993741982,100.0,0,440833817292.00604
237.94520547945206,86850,-8.14473562121885e-71,440833817292.00604,392251223491.0275,783034257748.7769,0.0009579178993741982,100.0,0,440833817292.00604
238.02739726027397,86880,-8.144048526765021e-71,440833817292.00604,392251223491.0275,783034257748.7769,0.0009579178993741982,100.0,0,440833817292.00604
238.1095890410959,86910,-8.143361432311193e-71,440833817292.00604,392251223491.0275,783034257748.7769,0.0009579178993741982,100.0,0,440833817292.00604
238.1917808219178,86940,-8.142674337857364e-71,440833817292.00604,392251223491.0275,783034257748.7769,0.0009579178993741982,100.0,0,440833817292.00604
238.27397260273972,86970,-8.141987243403536e-71,440833817292.00604,392251223491.0275,783034257748.7769,0.0009579178993741982,100.0,0,440833817292.00604
238.35616438356163,87000,-8.141300148949707e-71,440833817292.00604,392251223491.0275,783034257748.7769,0.0009579178993741982,100.0,0,440833817292.00604
238.43835616438355,87030,-8.140613054495878e-71,440833817292.00604,392251223491.0275,783034257748.7769,0.0009579178993741982,100.0,0,440833817292.00604
238.5205479452055,87060,-8.139925960042049e-71,440833817292.00604,392251223491.0275,783034257748.7769,0.0009579178993741982,100.0,0,440833817292.00604
238.6027397260274,87090,-8.139238865588221e-71,440833817292.00604,392251223491.0275,783034257748.7769,0.0009579178993741982,100.0,0,440833817292.00604
238.68493150684932,87120,-8.13855177113439e-71,440833817292.00604,392251223491.0275,783034257748.7769,0.0009579178993741982,100.0,0,440833817292.00604
238.76712328767124,87150,-8.137864676680562e-71,440833817292.00604,392251223491.0275,783034257748.7769,0.0009579178993741982,100.0,0,440833817292.00604
238.84931506849315,87180,-8.137177582226733e-71,440833817292.00604,392251223491.0275,783034257748.7769,0.0009579178993741982,100.0,0,440833817292.00604
238.93150684931507,87210,-8.136490487772904e-71,440833817292.00604,392251223491.0275,783034257748.7769,0.0009579178993741982,100.0,0,440833817292.00604
239.013698630137,87240,-8.135803393319076e-71,440833817292.00604,392251223491.0275,783034257748.7769,0.0009579178993741982,100.0,0,440833817292.00604
239.0958904109589,87270,-8.135116298865247e-71,440833817292.00604,392251223491.0275,783034257748.7769,0.0009579178993741982,100.0,0,440833817292.00604
239.17808219178082,87300,-8.134429204411419e-71,440833817292.00604,392251223491.0275,783034257748.7769,0.0009579178993741982,100.0,0,440833817292.00604
239.26027397260273,87330,-8.133742109957588e-71,440833817292.00604,392251223491.0275,783034257748.7769,0.0009579178993741982,100.0,0,440833817292.00604
239.34246575342465,87360,-8.13305501550376e-71,440833817292.00604,392251223491.0275,783034257748.7769,0.0009579178993741982,100.0,0,440833817292.00604
239.42465753424656,87390,-8.132367921049931e-71,440833817292.00604,392251223491.0275,783034257748.7769,0.0009579178993741982,100.0,0,440833817292.00604
239.5068493150685,87420,-8.131680826596103e-71,440833817292.00604,392251223491.0275,783034257748.7769,0.0009579178993741982,100.0,0,440833817292.00604
239.58904109589042,87450,-8.130993732142274e-71,440833817292.00604,392251223491.0275,783034257748.7769,0.0009579178993741982,100.0,0,440833817292.00604
239.67123287671234,87480,-8.130306637688446e-71,440833817292.00604,392251223491.0275,783034257748.7769,0.0009579178993741982,100.0,0,440833817292.00604
239.75342465753425,87510,-8.129619543234617e-71,440833817292.00604,392251223491.0275,783034257748.7769,0.0009579178993741982,100.0,0,440833817292.00604
239.83561643835617,87540,-8.128932448780788e-71,440833817292.00604,392251223491.0275,783034257748.7769,0.0009579178993741982,100.0,0,440833817292.00604
239.91780821917808,87570,-8.12824535432696e-71,440833817292.00604,392251223491.0275,783034257748.7769,0.0009579178993741982,100.0,0,440833817292.00604
240.0,87600,-8.127558259873131e-71,440833817292.00604,392251223491.0275,783034257748.7769,0.0009579178993741982,100.0,0,440833817292.00604
240.08219178082192,87630,-8.1268711654193e-71,440833817292.00604,392251223491.0275,783034257748.7769,0.0009579178993741982,100.0,0,440833817292.00604
240.16438356164383,87660,-8.126184070965472e-71,440833817292.00604,392251223491.0275,783034257748.7769,0.0009579178993741982,100.0,0,440833817292.00604
240.24657534246575,87690,-8.125496976511643e-71,440833817292.00604,392251223491.0275,783034257748.7769,0.0009579178993741982,100.0,0,440833817292.00604
240.32876712328766,87720,-8.124809882057814e-71,440833817292.00604,392251223491.0275,783034257748.7769,0.0009579178993741982,100.0,0,440833817292.00604
240.41095890410958,87750,-8.124122787603986e-71,440833817292.00604,392251223491.0275,783034257748.7769,0.0009579178993741982,100.0,0,440833817292.00604
240.4931506849315,87780,-8.123435693150157e-71,440833817292.00604,392251223491.0275,783034257748.7769,0.0009579178993741982,100.0,0,440833817292.00604
240.57534246575344,87810,-8.122748598696329e-71,440833817292.00604,392251223491.0275,783034257748.7769,0.0009579178993741982,100.0,0,440833817292.00604
240.65753424657535,87840,-8.1220615042425e-71,440833817292.00604,392251223491.0275,783034257748.7769,0.0009579178993741982,100.0,0,440833817292.00604
240.73972602739727,87870,-8.12137440978867e-71,440833817292.00604,392251223491.0275,783034257748.7769,0.0009579178993741982,100.0,0,440833817292.00604
240.82191780821918,87900,-8.120687315334841e-71,440833817292.00604,392251223491.0275,783034257748.7769,0.0009579178993741982,100.0,0,440833817292.00604
240.9041095890411,87930,-8.120000220881013e-71,440833817292.00604,392251223491.0275,783034257748.7769,0.0009579178993741982,100.0,0,440833817292.00604
240.986301369863,87960,-8.119313126427184e-71,440833817292.00604,392251223491.0275,783034257748.7769,0.0009579178993741982,100.0,0,440833817292.00604
241.06849315068493,87990,-8.118626031973356e-71,440833817292.00604,392251223491.0275,783034257748.7769,0.0009579178993741982,100.0,0,440833817292.00604
241.15068493150685,88020,-8.117938937519527e-71,440833817292.00604,392251223491.0275,783034257748.7769,0.0009579178993741982,100.0,0,440833817292.00604
241.23287671232876,88050,-8.117251843065698e-71,440833817292.00604,392251223491.0275,783034257748.7769,0.0009579178993741982,100.0,0,440833817292.00604
241.31506849315068,88080,-8.11656474861187e-71,440833817292.00604,392251223491.0275,783034257748.7769,0.0009579178993741982,100.0,0,440833817292.00604
241.3972602739726,88110,-8.115877654158041e-71,440833817292.00604,392251223491.0275,783034257748.7769,0.0009579178993741982,100.0,0,440833817292.00604
241.4794520547945,88140,-8.115190559704212e-71,440833817292.00604,392251223491.0275,783034257748.7769,0.0009579178993741982,100.0,0,440833817292.00604
241.56164383561645,88170,-8.114503465250384e-71,440833817292.00604,392251223491.0275,783034257748.7769,0.0009579178993741982,100.0,0,440833817292.00604
241.64383561643837,88200,-8.113816370796553e-71,440833817292.00604,392251223491.0275,783034257748.7769,0.0009579178993741982,100.0,0,440833817292.00604
241.72602739726028,88230,-8.113129276342724e-71,440833817292.00604,392251223491.0275,783034257748.7769,0.0009579178993741982,100.0,0,440833817292.00604
241.8082191780822,88260,-8.112442181888896e-71,440833817292.00604,392251223491.0275,783034257748.7769,0.0009579178993741982,100.0,0,440833817292.00604
241.8904109589041,88290,-8.111755087435067e-71,440833817292.00604,392251223491.0275,783034257748.7769,0.0009579178993741982,100.0,0,440833817292.00604
241.97260273972603,88320,-8.111067992981239e-71,440833817292.00604,392251223491.0275,783034257748.7769,0.0009579178993741982,100.0,0,440833817292.00604
242.05479452054794,88350,-8.11038089852741e-71,440833817292.00604,392251223491.0275,783034257748.7769,0.0009579178993741982,100.0,0,440833817292.00604
242.13698630136986,88380,-8.109693804073582e-71,440833817292.00604,392251223491.0275,783034257748.7769,0.0009579178993741982,100.0,0,440833817292.00604
242.21917808219177,88410,-8.109006709619751e-71,440833817292.00604,392251223491.0275,783034257748.7769,0.0009579178993741982,100.0,0,440833817292.00604
242.3013698630137,88440,-8.108319615165923e-71,440833817292.00604,392251223491.0275,783034257748.7769,0.0009579178993741982,100.0,0,440833817292.00604
242.3835616438356,88470,-8.107632520712094e-71,440833817292.00604,392251223491.0275,783034257748.7769,0.0009579178993741982,100.0,0,440833817292.00604
242.46575342465752,88500,-8.106945426258266e-71,440833817292.00604,392251223491.0275,783034257748.7769,0.0009579178993741982,100.0,0,440833817292.00604
242.54794520547946,88530,-8.106258331804437e-71,440833817292.00604,392251223491.0275,783034257748.7769,0.0009579178993741982,100.0,0,440833817292.00604
242.63013698630138,88560,-8.10557123735061e-71,440833817292.00604,392251223491.0275,783034257748.7769,0.0009579178993741982,100.0,0,440833817292.00604
242.7123287671233,88590,-8.10488414289678e-71,440833817292.00604,392251223491.0275,783034257748.7769,0.0009579178993741982,100.0,0,440833817292.00604
242.7945205479452,88620,-8.104197048442951e-71,440833817292.00604,392251223491.0275,783034257748.7769,0.0009579178993741982,100.0,0,440833817292.00604
242.87671232876713,88650,-8.103509953989123e-71,440833817292.00604,392251223491.0275,783034257748.7769,0.0009579178993741982,100.0,0,440833817292.00604
242.95890410958904,88680,-8.102822859535294e-71,440833817292.00604,392251223491.0275,783034257748.7769,0.0009579178993741982,100.0,0,440833817292.00604
243.04109589041096,88710,-8.102135765081465e-71,440833817292.00604,392251223491.0275,783034257748.7769,0.0009579178993741982,100.0,0,440833817292.00604
243.12328767123287,88740,-8.101448670627635e-71,440833817292.00604,392251223491.0275,783034257748.7769,0.0009579178993741982,100.0,0,440833817292.00604
243.2054794520548,88770,-8.100761576173806e-71,440833817292.00604,392251223491.0275,783034257748.7769,0.0009579178993741982,100.0,0,440833817292.00604
243.2876712328767,88800,-8.100074481719977e-71,440833817292.00604,392251223491.0275,783034257748.7769,0.0009579178993741982,100.0,0,440833817292.00604
243.36986301369862,88830,-8.099387387266149e-71,440833817292.00604,392251223491.0275,783034257748.7769,0.0009579178993741982,100.0,0,440833817292.00604
243.45205479452054,88860,-8.09870029281232e-71,440833817292.00604,392251223491.0275,783034257748.7769,0.0009579178993741982,100.0,0,440833817292.00604
243.53424657534248,88890,-8.098013198358492e-71,440833817292.00604,392251223491.0275,783034257748.7769,0.0009579178993741982,100.0,0,440833817292.00604
243.6164383561644,88920,-8.097326103904663e-71,440833817292.00604,392251223491.0275,783034257748.7769,0.0009579178993741982,100.0,0,440833817292.00604
243.6986301369863,88950,-8.096639009450833e-71,440833817292.00604,392251223491.0275,783034257748.7769,0.0009579178993741982,100.0,0,440833817292.00604
243.78082191780823,88980,-8.095951914997004e-71,440833817292.00604,392251223491.0275,783034257748.7769,0.0009579178993741982,100.0,0,440833817292.00604
243.86301369863014,89010,-8.095264820543176e-71,440833817292.00604,392251223491.0275,783034257748.7769,0.0009579178993741982,100.0,0,440833817292.00604
243.94520547945206,89040,-8.094577726089347e-71,440833817292.00604,392251223491.0275,783034257748.7769,0.0009579178993741982,100.0,0,440833817292.00604
244.02739726027397,89070,-8.09389063163552e-71,440833817292.00604,392251223491.0275,783034257748.7769,0.0009579178993741982,100.0,0,440833817292.00604
244.1095890410959,89100,-8.09320353718169e-71,440833817292.00604,392251223491.0275,783034257748.7769,0.0009579178993741982,100.0,0,440833817292.00604
244.1917808219178,89130,-8.092516442727861e-71,440833817292.00604,392251223491.0275,783034257748.7769,0.0009579178993741982,100.0,0,440833817292.00604
244.27397260273972,89160,-8.091829348274033e-71,440833817292.00604,392251223491.0275,783034257748.7769,0.0009579178993741982,100.0,0,440833817292.00604
244.35616438356163,89190,-8.091142253820204e-71,440833817292.00604,392251223491.0275,783034257748.7769,0.0009579178993741982,100.0,0,440833817292.00604
244.43835616438355,89220,-8.090455159366375e-71,440833817292.00604,392251223491.0275,783034257748.7769,0.0009579178993741982,100.0,0,440833817292.00604
244.5205479452055,89250,-8.089768064912547e-71,440833817292.00604,392251223491.0275,783034257748.7769,0.0009579178993741982,100.0,0,440833817292.00604
244.6027397260274,89280,-8.089080970458716e-71,440833817292.00604,392251223491.0275,783034257748.7769,0.0009579178993741982,100.0,0,440833817292.00604
244.68493150684932,89310,-8.088393876004887e-71,440833817292.00604,392251223491.0275,783034257748.7769,0.0009579178993741982,100.0,0,440833817292.00604
244.76712328767124,89340,-8.087706781551059e-71,440833817292.00604,392251223491.0275,783034257748.7769,0.0009579178993741982,100.0,0,440833817292.00604
244.84931506849315,89370,-8.08701968709723e-71,440833817292.00604,392251223491.0275,783034257748.7769,0.0009579178993741982,100.0,0,440833817292.00604
244.93150684931507,89400,-8.086332592643402e-71,440833817292.00604,392251223491.0275,783034257748.7769,0.0009579178993741982,100.0,0,440833817292.00604
245.013698630137,89430,-8.085645498189573e-71,440833817292.00604,392251223491.0275,783034257748.7769,0.0009579178993741982,100.0,0,440833817292.00604
245.0958904109589,89460,-8.084958403735745e-71,440833817292.00604,392251223491.0275,783034257748.7769,0.0009579178993741982,100.0,0,440833817292.00604
245.17808219178082,89490,-8.084271309281916e-71,440833817292.00604,392251223491.0275,783034257748.7769,0.0009579178993741982,100.0,0,440833817292.00604
245.26027397260273,89520,-8.083584214828087e-71,440833817292.00604,392251223491.0275,783034257748.7769,0.0009579178993741982,100.0,0,440833817292.00604
245.34246575342465,89550,-8.082897120374257e-71,440833817292.00604,392251223491.0275,783034257748.7769,0.0009579178993741982,100.0,0,440833817292.00604
245.42465753424656,89580,-8.08221002592043e-71,440833817292.00604,392251223491.0275,783034257748.7769,0.0009579178993741982,100.0,0,440833817292.00604
245.5068493150685,89610,-8.0815229314666e-71,440833817292.00604,392251223491.0275,783034257748.7769,0.0009579178993741982,100.0,0,440833817292.00604
245.58904109589042,89640,-8.080835837012771e-71,440833817292.00604,392251223491.0275,783034257748.7769,0.0009579178993741982,100.0,0,440833817292.00604
245.67123287671234,89670,-8.080148742558943e-71,440833817292.00604,392251223491.0275,783034257748.7769,0.0009579178993741982,100.0,0,440833817292.00604
245.75342465753425,89700,-8.079461648105114e-71,440833817292.00604,392251223491.0275,783034257748.7769,0.0009579178993741982,100.0,0,440833817292.00604
245.83561643835617,89730,-8.078774553651286e-71,440833817292.00604,392251223491.0275,783034257748.7769,0.0009579178993741982,100.0,0,440833817292.00604
245.91780821917808,89760,-8.078087459197457e-71,440833817292.00604,392251223491.0275,783034257748.7769,0.0009579178993741982,100.0,0,440833817292.00604
246.0,89790,-8.077400364743628e-71,440833817292.00604,392251223491.0275,783034257748.7769,0.0009579178993741982,100.0,0,440833817292.00604
246.08219178082192,89820,-8.076713270289797e-71,440833817292.00604,392251223491.0275,783034257748.7769,0.0009579178993741982,100.0,0,440833817292.00604
246.16438356164383,89850,-8.076026175835969e-71,440833817292.00604,392251223491.0275,783034257748.7769,0.0009579178993741982,100.0,0,440833817292.00604
246.24657534246575,89880,-8.07533908138214e-71,440833817292.00604,392251223491.0275,783034257748.7769,0.0009579178993741982,100.0,0,440833817292.00604
246.32876712328766,89910,-8.074651986928312e-71,440833817292.00604,392251223491.0275,783034257748.7769,0.0009579178993741982,100.0,0,440833817292.00604
246.41095890410958,89940,-8.073964892474483e-71,440833817292.00604,392251223491.0275,783034257748.7769,0.0009579178993741982,100.0,0,440833817292.00604
246.4931506849315,89970,-8.073277798020655e-71,440833817292.00604,392251223491.0275,783034257748.7769,0.0009579178993741982,100.0,0,440833817292.00604
246.57534246575344,90000,-8.072590703566826e-71,440833817292.00604,392251223491.0275,783034257748.7769,0.0009579178993741982,100.0,0,440833817292.00604
246.65753424657535,90030,-8.071903609112997e-71,440833817292.00604,392251223491.0275,783034257748.7769,0.0009579178993741982,100.0,0,440833817292.00604
246.73972602739727,90060,-8.071216514659167e-71,440833817292.00604,392251223491.0275,783034257748.7769,0.0009579178993741982,100.0,0,440833817292.00604
246.82191780821918,90090,-8.07052942020534e-71,440833817292.00604,392251223491.0275,783034257748.7769,0.0009579178993741982,100.0,0,440833817292.00604
246.9041095890411,90120,-8.06984232575151e-71,440833817292.00604,392251223491.0275,783034257748.7769,0.0009579178993741982,100.0,0,440833817292.00604
246.986301369863,90150,-8.069155231297683e-71,440833817292.00604,392251223491.0275,783034257748.7769,0.0009579178993741982,100.0,0,440833817292.00604
247.06849315068493,90180,-8.068468136843853e-71,440833817292.00604,392251223491.0275,783034257748.7769,0.0009579178993741982,100.0,0,440833817292.00604
247.15068493150685,90210,-8.067781042390024e-71,440833817292.00604,392251223491.0275,783034257748.7769,0.0009579178993741982,100.0,0,440833817292.00604
247.23287671232876,90240,-8.067093947936196e-71,440833817292.00604,392251223491.0275,783034257748.7769,0.0009579178993741982,100.0,0,440833817292.00604
247.31506849315068,90270,-8.066406853482367e-71,440833817292.00604,392251223491.0275,783034257748.7769,0.0009579178993741982,100.0,0,440833817292.00604
247.3972602739726,90300,-8.06571975902854e-71,440833817292.00604,392251223491.0275,783034257748.7769,0.0009579178993741982,100.0,0,440833817292.00604
247.4794520547945,90330,-8.06503266457471e-71,440833817292.00604,392251223491.0275,783034257748.7769,0.0009579178993741982,100.0,0,440833817292.00604
247.56164383561645,90360,-8.064345570120879e-71,440833817292.00604,392251223491.0275,783034257748.7769,0.0009579178993741982,100.0,0,440833817292.00604
247.64383561643837,90390,-8.06365847566705e-71,440833817292.00604,392251223491.0275,783034257748.7769,0.0009579178993741982,100.0,0,440833817292.00604
247.72602739726028,90420,-8.062971381213222e-71,440833817292.00604,392251223491.0275,783034257748.7769,0.0009579178993741982,100.0,0,440833817292.00604
247.8082191780822,90450,-8.062284286759393e-71,440833817292.00604,392251223491.0275,783034257748.7769,0.0009579178993741982,100.0,0,440833817292.00604
247.8904109589041,90480,-8.061597192305565e-71,440833817292.00604,392251223491.0275,783034257748.7769,0.0009579178993741982,100.0,0,440833817292.00604
247.97260273972603,90510,-8.060910097851736e-71,440833817292.00604,392251223491.0275,783034257748.7769,0.0009579178993741982,100.0,0,440833817292.00604
248.05479452054794,90540,-8.060223003397907e-71,440833817292.00604,392251223491.0275,783034257748.7769,0.0009579178993741982,100.0,0,440833817292.00604
248.13698630136986,90570,-8.059535908944079e-71,440833817292.00604,392251223491.0275,783034257748.7769,0.0009579178993741982,100.0,0,440833817292.00604
248.21917808219177,90600,-8.05884881449025e-71,440833817292.00604,392251223491.0275,783034257748.7769,0.0009579178993741982,100.0,0,440833817292.00604
248.3013698630137,90630,-8.05816172003642e-71,440833817292.00604,392251223491.0275,783034257748.7769,0.0009579178993741982,100.0,0,440833817292.00604
248.3835616438356,90660,-8.057474625582593e-71,440833817292.00604,392251223491.0275,783034257748.7769,0.0009579178993741982,100.0,0,440833817292.00604
248.46575342465752,90690,-8.056787531128763e-71,440833817292.00604,392251223491.0275,783034257748.7769,0.0009579178993741982,100.0,0,440833817292.00604
248.54794520547946,90720,-8.056100436674934e-71,440833817292.00604,392251223491.0275,783034257748.7769,0.0009579178993741982,100.0,0,440833817292.00604
248.63013698630138,90750,-8.055413342221106e-71,440833817292.00604,392251223491.0275,783034257748.7769,0.0009579178993741982,100.0,0,440833817292.00604
248.7123287671233,90780,-8.054726247767277e-71,440833817292.00604,392251223491.0275,783034257748.7769,0.0009579178993741982,100.0,0,440833817292.00604
248.7945205479452,90810,-8.05403915331345e-71,440833817292.00604,392251223491.0275,783034257748.7769,0.0009579178993741982,100.0,0,440833817292.00604
248.87671232876713,90840,-8.05335205885962e-71,440833817292.00604,392251223491.0275,783034257748.7769,0.0009579178993741982,100.0,0,440833817292.00604
248.95890410958904,90870,-8.05266496440579e-71,440833817292.00604,392251223491.0275,783034257748.7769,0.0009579178993741982,100.0,0,440833817292.00604
249.04109589041096,90900,-8.05197786995196e-71,440833817292.00604,392251223491.0275,783034257748.7769,0.0009579178993741982,100.0,0,440833817292.00604
249.12328767123287,90930,-8.051290775498132e-71,440833817292.00604,392251223491.0275,783034257748.7769,0.0009579178993741982,100.0,0,440833817292.00604
249.2054794520548,90960,-8.050603681044303e-71,440833817292.00604,392251223491.0275,783034257748.7769,0.0009579178993741982,100.0,0,440833817292.00604
249.2876712328767,90990,-8.049916586590475e-71,440833817292.00604,392251223491.0275,783034257748.7769,0.0009579178993741982,100.0,0,440833817292.00604
249.36986301369862,91020,-8.049229492136646e-71,440833817292.00604,392251223491.0275,783034257748.7769,0.0009579178993741982,100.0,0,440833817292.00604
249.45205479452054,91050,-8.048542397682818e-71,440833817292.00604,392251223491.0275,783034257748.7769,0.0009579178993741982,100.0,0,440833817292.00604
249.53424657534248,91080,-8.047855303228989e-71,440833817292.00604,392251223491.0275,783034257748.7769,0.0009579178993741982,100.0,0,440833817292.00604
249.6164383561644,91110,-8.04716820877516e-71,440833817292.00604,392251223491.0275,783034257748.7769,0.0009579178993741982,100.0,0,440833817292.00604
249.6986301369863,91140,-8.04648111432133e-71,440833817292.00604,392251223491.0275,783034257748.7769,0.0009579178993741982,100.0,0,440833817292.00604
249.78082191780823,91170,-8.045794019867503e-71,440833817292.00604,392251223491.0275,783034257748.7769,0.0009579178993741982,100.0,0,440833817292.00604
249.86301369863014,91200,-8.045106925413673e-71,440833817292.00604,392251223491.0275,783034257748.7769,0.0009579178993741982,100.0,0,440833817292.00604
249.94520547945206,91230,-8.044419830959846e-71,440833817292.00604,392251223491.0275,783034257748.7769,0.0009579178993741982,100.0,0,440833817292.00604
250.02739726027397,91260,-8.043732736506016e-71,440833817292.00604,392251223491.0275,783034257748.7769,0.0009579178993741982,100.0,0,440833817292.00604
250.1095890410959,91290,-8.043045642052187e-71,440833817292.00604,392251223491.0275,783034257748.7769,0.0009579178993741982,100.0,0,440833817292.00604
250.1917808219178,91320,-8.04235854759836e-71,440833817292.00604,392251223491.0275,783034257748.7769,0.0009579178993741982,100.0,0,440833817292.00604
250.27397260273972,91350,-8.04167145314453e-71,440833817292.00604,392251223491.0275,783034257748.7769,0.0009579178993741982,100.0,0,440833817292.00604
250.35616438356163,91380,-8.040984358690702e-71,440833817292.00604,392251223491.0275,783034257748.7769,0.0009579178993741982,100.0,0,440833817292.00604
250.43835616438355,91410,-8.040297264236871e-71,440833817292.00604,392251223491.0275,783034257748.7769,0.0009579178993741982,100.0,0,440833817292.00604
250.5205479452055,91440,-8.039610169783042e-71,440833817292.00604,392251223491.0275,783034257748.7769,0.0009579178993741982,100.0,0,440833817292.00604
250.6027397260274,91470,-8.038923075329213e-71,440833817292.00604,392251223491.0275,783034257748.7769,0.0009579178993741982,100.0,0,440833817292.00604
250.68493150684932,91500,-8.038235980875385e-71,440833817292.00604,392251223491.0275,783034257748.7769,0.0009579178993741982,100.0,0,440833817292.00604
250.76712328767124,91530,-8.037548886421556e-71,440833817292.00604,392251223491.0275,783034257748.7769,0.0009579178993741982,100.0,0,440833817292.00604
250.84931506849315,91560,-8.036861791967728e-71,440833817292.00604,392251223491.0275,783034257748.7769,0.0009579178993741982,100.0,0,440833817292.00604
250.93150684931507,91590,-8.036174697513899e-71,440833817292.00604,392251223491.0275,783034257748.7769,0.0009579178993741982,100.0,0,440833817292.00604
251.013698630137,91620,-8.03548760306007e-71,440833817292.00604,392251223491.0275,783034257748.7769,0.0009579178993741982,100.0,0,440833817292.00604
251.0958904109589,91650,-8.034800508606242e-71,440833817292.00604,392251223491.0275,783034257748.7769,0.0009579178993741982,100.0,0,440833817292.00604
251.17808219178082,91680,-8.034113414152413e-71,440833817292.00604,392251223491.0275,783034257748.7769,0.0009579178993741982,100.0,0,440833817292.00604
251.26027397260273,91710,-8.033426319698583e-71,440833817292.00604,392251223491.0275,783034257748.7769,0.0009579178993741982,100.0,0,440833817292.00604
251.34246575342465,91740,-8.032739225244756e-71,440833817292.00604,392251223491.0275,783034257748.7769,0.0009579178993741982,100.0,0,440833817292.00604
251.42465753424656,91770,-8.032052130790926e-71,440833817292.00604,392251223491.0275,783034257748.7769,0.0009579178993741982,100.0,0,440833817292.00604
251.5068493150685,91800,-8.031365036337097e-71,440833817292.00604,392251223491.0275,783034257748.7769,0.0009579178993741982,100.0,0,440833817292.00604
251.58904109589042,91830,-8.03067794188327e-71,440833817292.00604,392251223491.0275,783034257748.7769,0.0009579178993741982,100.0,0,440833817292.00604
251.67123287671234,91860,-8.02999084742944e-71,440833817292.00604,392251223491.0275,783034257748.7769,0.0009579178993741982,100.0,0,440833817292.00604
251.75342465753425,91890,-8.029303752975612e-71,440833817292.00604,392251223491.0275,783034257748.7769,0.0009579178993741982,100.0,0,440833817292.00604
251.83561643835617,91920,-8.028616658521783e-71,440833817292.00604,392251223491.0275,783034257748.7769,0.0009579178993741982,100.0,0,440833817292.00604
251.91780821917808,91950,-8.027929564067954e-71,440833817292.00604,392251223491.0275,783034257748.7769,0.0009579178993741982,100.0,0,440833817292.00604
252.0,91980,-8.027242469614123e-71,440833817292.00604,392251223491.0275,783034257748.7769,0.0009579178993741982,100.0,0,440833817292.00604
252.08219178082192,92010,-8.026555375160295e-71,440833817292.00604,392251223491.0275,783034257748.7769,0.0009579178993741982,100.0,0,440833817292.00604
252.16438356164383,92040,-8.025868280706466e-71,440833817292.00604,392251223491.0275,783034257748.7769,0.0009579178993741982,100.0,0,440833817292.00604
252.24657534246575,92070,-8.025181186252638e-71,440833817292.00604,392251223491.0275,783034257748.7769,0.0009579178993741982,100.0,0,440833817292.00604
252.32876712328766,92100,-8.024494091798809e-71,440833817292.00604,392251223491.0275,783034257748.7769,0.0009579178993741982,100.0,0,440833817292.00604
252.41095890410958,92130,-8.02380699734498e-71,440833817292.00604,392251223491.0275,783034257748.7769,0.0009579178993741982,100.0,0,440833817292.00604
252.4931506849315,92160,-8.023119902891152e-71,440833817292.00604,392251223491.0275,783034257748.7769,0.0009579178993741982,100.0,0,440833817292.00604
252.57534246575344,92190,-8.022432808437323e-71,440833817292.00604,392251223491.0275,783034257748.7769,0.0009579178993741982,100.0,0,440833817292.00604
252.65753424657535,92220,-8.021745713983493e-71,440833817292.00604,392251223491.0275,783034257748.7769,0.0009579178993741982,100.0,0,440833817292.00604
252.73972602739727,92250,-8.021058619529666e-71,440833817292.00604,392251223491.0275,783034257748.7769,0.0009579178993741982,100.0,0,440833817292.00604
252.82191780821918,92280,-8.020371525075836e-71,440833817292.00604,392251223491.0275,783034257748.7769,0.0009579178993741982,100.0,0,440833817292.00604
252.9041095890411,92310,-8.019684430622007e-71,440833817292.00604,392251223491.0275,783034257748.7769,0.0009579178993741982,100.0,0,440833817292.00604
252.986301369863,92340,-8.01899733616818e-71,440833817292.00604,392251223491.0275,783034257748.7769,0.0009579178993741982,100.0,0,440833817292.00604
253.06849315068493,92370,-8.01831024171435e-71,440833817292.00604,392251223491.0275,783034257748.7769,0.0009579178993741982,100.0,0,440833817292.00604
253.15068493150685,92400,-8.017623147260522e-71,440833817292.00604,392251223491.0275,783034257748.7769,0.0009579178993741982,100.0,0,440833817292.00604
253.23287671232876,92430,-8.016936052806693e-71,440833817292.00604,392251223491.0275,783034257748.7769,0.0009579178993741982,100.0,0,440833817292.00604
253.31506849315068,92460,-8.016248958352865e-71,440833817292.00604,392251223491.0275,783034257748.7769,0.0009579178993741982,100.0,0,440833817292.00604
253.3972602739726,92490,-8.015561863899036e-71,440833817292.00604,392251223491.0275,783034257748.7769,0.0009579178993741982,100.0,0,440833817292.00604
253.4794520547945,92520,-8.014874769445205e-71,440833817292.00604,392251223491.0275,783034257748.7769,0.0009579178993741982,100.0,0,440833817292.00604
253.56164383561645,92550,-8.014187674991376e-71,440833817292.00604,392251223491.0275,783034257748.7769,0.0009579178993741982,100.0,0,440833817292.00604
253.64383561643837,92580,-8.013500580537548e-71,440833817292.00604,392251223491.0275,783034257748.7769,0.0009579178993741982,100.0,0,440833817292.00604
253.72602739726028,92610,-8.012813486083719e-71,440833817292.00604,392251223491.0275,783034257748.7769,0.0009579178993741982,100.0,0,440833817292.00604
253.8082191780822,92640,-8.012126391629891e-71,440833817292.00604,392251223491.0275,783034257748.7769,0.0009579178993741982,100.0,0,440833817292.00604
253.8904109589041,92670,-8.011439297176062e-71,440833817292.00604,392251223491.0275,783034257748.7769,0.0009579178993741982,100.0,0,440833817292.00604
253.97260273972603,92700,-8.010752202722233e-71,440833817292.00604,392251223491.0275,783034257748.7769,0.0009579178993741982,100.0,0,440833817292.00604
254.05479452054794,92730,-8.010065108268405e-71,440833817292.00604,392251223491.0275,783034257748.7769,0.0009579178993741982,100.0,0,440833817292.00604
254.13698630136986,92760,-8.009378013814576e-71,440833817292.00604,392251223491.0275,783034257748.7769,0.0009579178993741982,100.0,0,440833817292.00604
254.21917808219177,92790,-8.008690919360746e-71,440833817292.00604,392251223491.0275,783034257748.7769,0.0009579178993741982,100.0,0,440833817292.00604
254.3013698630137,92820,-8.008003824906919e-71,440833817292.00604,392251223491.0275,783034257748.7769,0.0009579178993741982,100.0,0,440833817292.00604
254.3835616438356,92850,-8.00731673045309e-71,440833817292.00604,392251223491.0275,783034257748.7769,0.0009579178993741982,100.0,0,440833817292.00604
254.46575342465752,92880,-8.00662963599926e-71,440833817292.00604,392251223491.0275,783034257748.7769,0.0009579178993741982,100.0,0,440833817292.00604
254.54794520547946,92910,-8.005942541545432e-71,440833817292.00604,392251223491.0275,783034257748.7769,0.0009579178993741982,100.0,0,440833817292.00604
254.63013698630138,92940,-8.005255447091603e-71,440833817292.00604,392251223491.0275,783034257748.7769,0.0009579178993741982,100.0,0,440833817292.00604
254.7123287671233,92970,-8.004568352637775e-71,440833817292.00604,392251223491.0275,783034257748.7769,0.0009579178993741982,100.0,0,440833817292.00604
254.7945205479452,93000,-8.003881258183946e-71,440833817292.00604,392251223491.0275,783034257748.7769,0.0009579178993741982,100.0,0,440833817292.00604
254.87671232876713,93030,-8.003194163730117e-71,440833817292.00604,392251223491.0275,783034257748.7769,0.0009579178993741982,100.0,0,440833817292.00604
254.95890410958904,93060,-8.002507069276286e-71,440833817292.00604,392251223491.0275,783034257748.7769,0.0009579178993741982,100.0,0,440833817292.00604
255.04109589041096,93090,-8.001819974822458e-71,440833817292.00604,392251223491.0275,783034257748.7769,0.0009579178993741982,100.0,0,440833817292.00604
255.12328767123287,93120,-8.001132880368629e-71,440833817292.00604,392251223491.0275,783034257748.7769,0.0009579178993741982,100.0,0,440833817292.00604
255.2054794520548,93150,-8.000445785914801e-71,440833817292.00604,392251223491.0275,783034257748.7769,0.0009579178993741982,100.0,0,440833817292.00604
255.2876712328767,93180,-7.999758691460972e-71,440833817292.00604,392251223491.0275,783034257748.7769,0.0009579178993741982,100.0,0,440833817292.00604
255.36986301369862,93210,-7.999071597007143e-71,440833817292.00604,392251223491.0275,783034257748.7769,0.0009579178993741982,100.0,0,440833817292.00604
255.45205479452054,93240,-7.998384502553315e-71,440833817292.00604,392251223491.0275,783034257748.7769,0.0009579178993741982,100.0,0,440833817292.00604
255.53424657534248,93270,-7.997697408099486e-71,440833817292.00604,392251223491.0275,783034257748.7769,0.0009579178993741982,100.0,0,440833817292.00604
255.6164383561644,93300,-7.997010313645658e-71,440833817292.00604,392251223491.0275,783034257748.7769,0.0009579178993741982,100.0,0,440833817292.00604
255.6986301369863,93330,-7.996323219191829e-71,440833817292.00604,392251223491.0275,783034257748.7769,0.0009579178993741982,100.0,0,440833817292.00604
255.78082191780823,93360,-7.995636124738e-71,440833817292.00604,392251223491.0275,783034257748.7769,0.0009579178993741982,100.0,0,440833817292.00604
255.86301369863014,93390,-7.99494903028417e-71,440833817292.00604,392251223491.0275,783034257748.7769,0.0009579178993741982,100.0,0,440833817292.00604
255.94520547945206,93420,-7.994261935830342e-71,440833817292.00604,392251223491.0275,783034257748.7769,0.0009579178993741982,100.0,0,440833817292.00604
256.027397260274,93450,-7.993574841376513e-71,440833817292.00604,392251223491.0275,783034257748.7769,0.0009579178993741982,100.0,0,440833817292.00604
256.1095890410959,93480,-7.992887746922685e-71,440833817292.00604,392251223491.0275,783034257748.7769,0.0009579178993741982,100.0,0,440833817292.00604
256.1917808219178,93510,-7.992200652468856e-71,440833817292.00604,392251223491.0275,783034257748.7769,0.0009579178993741982,100.0,0,440833817292.00604
256.2739726027397,93540,-7.991513558015028e-71,440833817292.00604,392251223491.0275,783034257748.7769,0.0009579178993741982,100.0,0,440833817292.00604
256.35616438356163,93570,-7.990826463561199e-71,440833817292.00604,392251223491.0275,783034257748.7769,0.0009579178993741982,100.0,0,440833817292.00604
256.43835616438355,93600,-7.990139369107368e-71,440833817292.00604,392251223491.0275,783034257748.7769,0.0009579178993741982,100.0,0,440833817292.00604
256.52054794520546,93630,-7.989452274653539e-71,440833817292.00604,392251223491.0275,783034257748.7769,0.0009579178993741982,100.0,0,440833817292.00604
256.6027397260274,93660,-7.988765180199711e-71,440833817292.00604,392251223491.0275,783034257748.7769,0.0009579178993741982,100.0,0,440833817292.00604
256.6849315068493,93690,-7.988078085745882e-71,440833817292.00604,392251223491.0275,783034257748.7769,0.0009579178993741982,100.0,0,440833817292.00604
256.7671232876712,93720,-7.987390991292053e-71,440833817292.00604,392251223491.0275,783034257748.7769,0.0009579178993741982,100.0,0,440833817292.00604
256.8493150684931,93750,-7.986703896838225e-71,440833817292.00604,392251223491.0275,783034257748.7769,0.0009579178993741982,100.0,0,440833817292.00604
256.93150684931504,93780,-7.986016802384396e-71,440833817292.00604,392251223491.0275,783034257748.7769,0.0009579178993741982,100.0,0,440833817292.00604
257.013698630137,93810,-7.985329707930568e-71,440833817292.00604,392251223491.0275,783034257748.7769,0.0009579178993741982,100.0,0,440833817292.00604
257.09589041095893,93840,-7.984642613476739e-71,440833817292.00604,392251223491.0275,783034257748.7769,0.0009579178993741982,100.0,0,440833817292.00604
257.17808219178085,93870,-7.98395551902291e-71,440833817292.00604,392251223491.0275,783034257748.7769,0.0009579178993741982,100.0,0,440833817292.00604
257.26027397260276,93900,-7.98326842456908e-71,440833817292.00604,392251223491.0275,783034257748.7769,0.0009579178993741982,100.0,0,440833817292.00604
257.3424657534247,93930,-7.982581330115252e-71,440833817292.00604,392251223491.0275,783034257748.7769,0.0009579178993741982,100.0,0,440833817292.00604
257.4246575342466,93960,-7.981894235661423e-71,440833817292.00604,392251223491.0275,783034257748.7769,0.0009579178993741982,100.0,0,440833817292.00604
257.5068493150685,93990,-7.981207141207595e-71,440833817292.00604,392251223491.0275,783034257748.7769,0.0009579178993741982,100.0,0,440833817292.00604
257.5890410958904,94020,-7.980520046753766e-71,440833817292.00604,392251223491.0275,783034257748.7769,0.0009579178993741982,100.0,0,440833817292.00604
257.67123287671234,94050,-7.979832952299938e-71,440833817292.00604,392251223491.0275,783034257748.7769,0.0009579178993741982,100.0,0,440833817292.00604
257.75342465753425,94080,-7.979145857846109e-71,440833817292.00604,392251223491.0275,783034257748.7769,0.0009579178993741982,100.0,0,440833817292.00604
257.83561643835617,94110,-7.97845876339228e-71,440833817292.00604,392251223491.0275,783034257748.7769,0.0009579178993741982,100.0,0,440833817292.00604
257.9178082191781,94140,-7.977771668938449e-71,440833817292.00604,392251223491.0275,783034257748.7769,0.0009579178993741982,100.0,0,440833817292.00604
258.0,94170,-7.977084574484621e-71,440833817292.00604,392251223491.0275,783034257748.7769,0.0009579178993741982,100.0,0,440833817292.00604
258.0821917808219,94200,-7.976397480030792e-71,440833817292.00604,392251223491.0275,783034257748.7769,0.0009579178993741982,100.0,0,440833817292.00604
258.16438356164383,94230,-7.975710385576964e-71,440833817292.00604,392251223491.0275,783034257748.7769,0.0009579178993741982,100.0,0,440833817292.00604
258.24657534246575,94260,-7.975023291123135e-71,440833817292.00604,392251223491.0275,783034257748.7769,0.0009579178993741982,100.0,0,440833817292.00604
258.32876712328766,94290,-7.974336196669306e-71,440833817292.00604,392251223491.0275,783034257748.7769,0.0009579178993741982,100.0,0,440833817292.00604
258.4109589041096,94320,-7.973649102215478e-71,440833817292.00604,392251223491.0275,783034257748.7769,0.0009579178993741982,100.0,0,440833817292.00604
258.4931506849315,94350,-7.972962007761649e-71,440833817292.00604,392251223491.0275,783034257748.7769,0.0009579178993741982,100.0,0,440833817292.00604
258.5753424657534,94380,-7.972274913307821e-71,440833817292.00604,392251223491.0275,783034257748.7769,0.0009579178993741982,100.0,0,440833817292.00604
258.6575342465753,94410,-7.971587818853992e-71,440833817292.00604,392251223491.0275,783034257748.7769,0.0009579178993741982,100.0,0,440833817292.00604
258.73972602739724,94440,-7.970900724400162e-71,440833817292.00604,392251223491.0275,783034257748.7769,0.0009579178993741982,100.0,0,440833817292.00604
258.82191780821915,94470,-7.970213629946333e-71,440833817292.00604,392251223491.0275,783034257748.7769,0.0009579178993741982,100.0,0,440833817292.00604
258.90410958904107,94500,-7.969526535492505e-71,440833817292.00604,392251223491.0275,783034257748.7769,0.0009579178993741982,100.0,0,440833817292.00604
258.986301369863,94530,-7.968839441038676e-71,440833817292.00604,392251223491.0275,783034257748.7769,0.0009579178993741982,100.0,0,440833817292.00604
259.06849315068496,94560,-7.968152346584849e-71,440833817292.00604,392251223491.0275,783034257748.7769,0.0009579178993741982,100.0,0,440833817292.00604
259.1506849315069,94590,-7.96746525213102e-71,440833817292.00604,392251223491.0275,783034257748.7769,0.0009579178993741982,100.0,0,440833817292.00604
259.2328767123288,94620,-7.96677815767719e-71,440833817292.00604,392251223491.0275,783034257748.7769,0.0009579178993741982,100.0,0,440833817292.00604
259.3150684931507,94650,-7.966091063223362e-71,440833817292.00604,392251223491.0275,783034257748.7769,0.0009579178993741982,100.0,0,440833817292.00604
259.3972602739726,94680,-7.965403968769531e-71,440833817292.00604,392251223491.0275,783034257748.7769,0.0009579178993741982,100.0,0,440833817292.00604
259.47945205479454,94710,-7.964716874315702e-71,440833817292.00604,392251223491.0275,783034257748.7769,0.0009579178993741982,100.0,0,440833817292.00604
259.56164383561645,94740,-7.964029779861874e-71,440833817292.00604,392251223491.0275,783034257748.7769,0.0009579178993741982,100.0,0,440833817292.00604
259.64383561643837,94770,-7.963342685408045e-71,440833817292.00604,392251223491.0275,783034257748.7769,0.0009579178993741982,100.0,0,440833817292.00604
259.7260273972603,94800,-7.962655590954216e-71,440833817292.00604,392251223491.0275,783034257748.7769,0.0009579178993741982,100.0,0,440833817292.00604
259.8082191780822,94830,-7.961968496500388e-71,440833817292.00604,392251223491.0275,783034257748.7769,0.0009579178993741982,100.0,0,440833817292.00604
259.8904109589041,94860,-7.961281402046559e-71,440833817292.00604,392251223491.0275,783034257748.7769,0.0009579178993741982,100.0,0,440833817292.00604
259.972602739726,94890,-7.960594307592731e-71,440833817292.00604,392251223491.0275,783034257748.7769,0.0009579178993741982,100.0,0,440833817292.00604
260.05479452054794,94920,-7.959907213138902e-71,440833817292.00604,392251223491.0275,783034257748.7769,0.0009579178993741982,100.0,0,440833817292.00604
260.13698630136986,94950,-7.959220118685072e-71,440833817292.00604,392251223491.0275,783034257748.7769,0.0009579178993741982,100.0,0,440833817292.00604
260.2191780821918,94980,-7.958533024231243e-71,440833817292.00604,392251223491.0275,783034257748.7769,0.0009579178993741982,100.0,0,440833817292.00604
260.3013698630137,95010,-7.957845929777416e-71,440833817292.00604,392251223491.0275,783034257748.7769,0.0009579178993741982,100.0,0,440833817292.00604
260.3835616438356,95040,-7.957158835323586e-71,440833817292.00604,392251223491.0275,783034257748.7769,0.0009579178993741982,100.0,0,440833817292.00604
260.4657534246575,95070,-7.956471740869759e-71,440833817292.00604,392251223491.0275,783034257748.7769,0.0009579178993741982,100.0,0,440833817292.00604
260.54794520547944,95100,-7.95578464641593e-71,440833817292.00604,392251223491.0275,783034257748.7769,0.0009579178993741982,100.0,0,440833817292.00604
260.63013698630135,95130,-7.955097551962102e-71,440833817292.00604,392251223491.0275,783034257748.7769,0.0009579178993741982,100.0,0,440833817292.00604
260.71232876712327,95160,-7.954410457508272e-71,440833817292.00604,392251223491.0275,783034257748.7769,0.0009579178993741982,100.0,0,440833817292.00604
260.7945205479452,95190,-7.953723363054443e-71,440833817292.00604,392251223491.0275,783034257748.7769,0.0009579178993741982,100.0,0,440833817292.00604
260.8767123287671,95220,-7.953036268600612e-71,440833817292.00604,392251223491.0275,783034257748.7769,0.0009579178993741982,100.0,0,440833817292.00604
260.958904109589,95250,-7.952349174146784e-71,440833817292.00604,392251223491.0275,783034257748.7769,0.0009579178993741982,100.0,0,440833817292.00604
261.041095890411,95280,-7.951662079692955e-71,440833817292.00604,392251223491.0275,783034257748.7769,0.0009579178993741982,100.0,0,440833817292.00604
261.1232876712329,95310,-7.950974985239126e-71,440833817292.00604,392251223491.0275,783034257748.7769,0.0009579178993741982,100.0,0,440833817292.00604
261.2054794520548,95340,-7.950287890785298e-71,440833817292.00604,392251223491.0275,783034257748.7769,0.0009579178993741982,100.0,0,440833817292.00604
261.28767123287673,95370,-7.949600796331469e-71,440833817292.00604,392251223491.0275,783034257748.7769,0.0009579178993741982,100.0,0,440833817292.00604
261.36986301369865,95400,-7.948913701877641e-71,440833817292.00604,392251223491.0275,783034257748.7769,0.0009579178993741982,100.0,0,440833817292.00604
261.45205479452056,95430,-7.948226607423812e-71,440833817292.00604,392251223491.0275,783034257748.7769,0.0009579178993741982,100.0,0,440833817292.00604
261.5342465753425,95460,-7.947539512969984e-71,440833817292.00604,392251223491.0275,783034257748.7769,0.0009579178993741982,100.0,0,440833817292.00604
261.6164383561644,95490,-7.946852418516155e-71,440833817292.00604,392251223491.0275,783034257748.7769,0.0009579178993741982,100.0,0,440833817292.00604
261.6986301369863,95520,-7.946165324062326e-71,440833817292.00604,392251223491.0275,783034257748.7769,0.0009579178993741982,100.0,0,440833817292.00604
261.7808219178082,95550,-7.945478229608496e-71,440833817292.00604,392251223491.0275,783034257748.7769,0.0009579178993741982,100.0,0,440833817292.00604
261.86301369863014,95580,-7.944791135154669e-71,440833817292.00604,392251223491.0275,783034257748.7769,0.0009579178993741982,100.0,0,440833817292.00604
261.94520547945206,95610,-7.94410404070084e-71,440833817292.00604,392251223491.0275,783034257748.7769,0.0009579178993741982,100.0,0,440833817292.00604
262.027397260274,95640,-7.943416946247012e-71,440833817292.00604,392251223491.0275,783034257748.7769,0.0009579178993741982,100.0,0,440833817292.00604
262.1095890410959,95670,-7.942729851793182e-71,440833817292.00604,392251223491.0275,783034257748.7769,0.0009579178993741982,100.0,0,440833817292.00604
262.1917808219178,95700,-7.942042757339353e-71,440833817292.00604,392251223491.0275,783034257748.7769,0.0009579178993741982,100.0,0,440833817292.00604
262.2739726027397,95730,-7.941355662885525e-71,440833817292.00604,392251223491.0275,783034257748.7769,0.0009579178993741982,100.0,0,440833817292.00604
262.35616438356163,95760,-7.940668568431696e-71,440833817292.00604,392251223491.0275,783034257748.7769,0.0009579178993741982,100.0,0,440833817292.00604
262.43835616438355,95790,-7.939981473977865e-71,440833817292.00604,392251223491.0275,783034257748.7769,0.0009579178993741982,100.0,0,440833817292.00604
262.52054794520546,95820,-7.939294379524037e-71,440833817292.00604,392251223491.0275,783034257748.7769,0.0009579178993741982,100.0,0,440833817292.00604
262.6027397260274,95850,-7.938607285070208e-71,440833817292.00604,392251223491.0275,783034257748.7769,0.0009579178993741982,100.0,0,440833817292.00604
262.6849315068493,95880,-7.937920190616379e-71,440833817292.00604,392251223491.0275,783034257748.7769,0.0009579178993741982,100.0,0,440833817292.00604
262.7671232876712,95910,-7.937233096162551e-71,440833817292.00604,392251223491.0275,783034257748.7769,0.0009579178993741982,100.0,0,440833817292.00604
262.8493150684931,95940,-7.936546001708722e-71,440833817292.00604,392251223491.0275,783034257748.7769,0.0009579178993741982,100.0,0,440833817292.00604
262.93150684931504,95970,-7.935858907254894e-71,440833817292.00604,392251223491.0275,783034257748.7769,0.0009579178993741982,100.0,0,440833817292.00604
263.013698630137,96000,-7.935171812801065e-71,440833817292.00604,392251223491.0275,783034257748.7769,0.0009579178993741982,100.0,0,440833817292.00604
263.09589041095893,96030,-7.934484718347237e-71,440833817292.00604,392251223491.0275,783034257748.7769,0.0009579178993741982,100.0,0,440833817292.00604
263.17808219178085,96060,-7.933797623893406e-71,440833817292.00604,392251223491.0275,783034257748.7769,0.0009579178993741982,100.0,0,440833817292.00604
263.26027397260276,96090,-7.933110529439579e-71,440833817292.00604,392251223491.0275,783034257748.7769,0.0009579178993741982,100.0,0,440833817292.00604
263.3424657534247,96120,-7.93242343498575e-71,440833817292.00604,392251223491.0275,783034257748.7769,0.0009579178993741982,100.0,0,440833817292.00604
263.4246575342466,96150,-7.931736340531922e-71,440833817292.00604,392251223491.0275,783034257748.7769,0.0009579178993741982,100.0,0,440833817292.00604
263.5068493150685,96180,-7.931049246078092e-71,440833817292.00604,392251223491.0275,783034257748.7769,0.0009579178993741982,100.0,0,440833817292.00604
263.5890410958904,96210,-7.930362151624263e-71,440833817292.00604,392251223491.0275,783034257748.7769,0.0009579178993741982,100.0,0,440833817292.00604
263.67123287671234,96240,-7.929675057170435e-71,440833817292.00604,392251223491.0275,783034257748.7769,0.0009579178993741982,100.0,0,440833817292.00604
263.75342465753425,96270,-7.928987962716606e-71,440833817292.00604,392251223491.0275,783034257748.7769,0.0009579178993741982,100.0,0,440833817292.00604
263.83561643835617,96300,-7.928300868262778e-71,440833817292.00604,392251223491.0275,783034257748.7769,0.0009579178993741982,100.0,0,440833817292.00604
263.9178082191781,96330,-7.927613773808947e-71,440833817292.00604,392251223491.0275,783034257748.7769,0.0009579178993741982,100.0,0,440833817292.00604
264.0,96360,-7.926926679355118e-71,440833817292.00604,392251223491.0275,783034257748.7769,0.0009579178993741982,100.0,0,440833817292.00604
264.0821917808219,96390,-7.926239584901289e-71,440833817292.00604,392251223491.0275,783034257748.7769,0.0009579178993741982,100.0,0,440833817292.00604
264.16438356164383,96420,-7.925552490447461e-71,440833817292.00604,392251223491.0275,783034257748.7769,0.0009579178993741982,100.0,0,440833817292.00604
264.24657534246575,96450,-7.924865395993632e-71,440833817292.00604,392251223491.0275,783034257748.7769,0.0009579178993741982,100.0,0,440833817292.00604
264.32876712328766,96480,-7.924178301539804e-71,440833817292.00604,392251223491.0275,783034257748.7769,0.0009579178993741982,100.0,0,440833817292.00604
264.4109589041096,96510,-7.923491207085975e-71,440833817292.00604,392251223491.0275,783034257748.7769,0.0009579178993741982,100.0,0,440833817292.00604
264.4931506849315,96540,-7.922804112632147e-71,440833817292.00604,392251223491.0275,783034257748.7769,0.0009579178993741982,100.0,0,440833817292.00604
264.5753424657534,96570,-7.922117018178318e-71,440833817292.00604,392251223491.0275,783034257748.7769,0.0009579178993741982,100.0,0,440833817292.00604
264.6575342465753,96600,-7.921429923724489e-71,440833817292.00604,392251223491.0275,783034257748.7769,0.0009579178993741982,100.0,0,440833817292.00604
264.73972602739724,96630,-7.92074282927066e-71,440833817292.00604,392251223491.0275,783034257748.7769,0.0009579178993741982,100.0,0,440833817292.00604
264.82191780821915,96660,-7.920055734816832e-71,440833817292.00604,392251223491.0275,783034257748.7769,0.0009579178993741982,100.0,0,440833817292.00604
264.90410958904107,96690,-7.919368640363002e-71,440833817292.00604,392251223491.0275,783034257748.7769,0.0009579178993741982,100.0,0,440833817292.00604
264.986301369863,96720,-7.918681545909175e-71,440833817292.00604,392251223491.0275,783034257748.7769,0.0009579178993741982,100.0,0,440833817292.00604
265.06849315068496,96750,-7.917994451455345e-71,440833817292.00604,392251223491.0275,783034257748.7769,0.0009579178993741982,100.0,0,440833817292.00604
265.1506849315069,96780,-7.917307357001516e-71,440833817292.00604,392251223491.0275,783034257748.7769,0.0009579178993741982,100.0,0,440833817292.00604
265.2328767123288,96810,-7.916620262547688e-71,440833817292.00604,392251223491.0275,783034257748.7769,0.0009579178993741982,100.0,0,440833817292.00604
265.3150684931507,96840,-7.915933168093859e-71,440833817292.00604,392251223491.0275,783034257748.7769,0.0009579178993741982,100.0,0,440833817292.00604
265.3972602739726,96870,-7.915246073640028e-71,440833817292.00604,392251223491.0275,783034257748.7769,0.0009579178993741982,100.0,0,440833817292.00604
265.47945205479454,96900,-7.9145589791862e-71,440833817292.00604,392251223491.0275,783034257748.7769,0.0009579178993741982,100.0,0,440833817292.00604
265.56164383561645,96930,-7.913871884732371e-71,440833817292.00604,392251223491.0275,783034257748.7769,0.0009579178993741982,100.0,0,440833817292.00604
265.64383561643837,96960,-7.913184790278542e-71,440833817292.00604,392251223491.0275,783034257748.7769,0.0009579178993741982,100.0,0,440833817292.00604
265.7260273972603,96990,-7.912497695824714e-71,440833817292.00604,392251223491.0275,783034257748.7769,0.0009579178993741982,100.0,0,440833817292.00604
265.8082191780822,97020,-7.911810601370885e-71,440833817292.00604,392251223491.0275,783034257748.7769,0.0009579178993741982,100.0,0,440833817292.00604
265.8904109589041,97050,-7.911123506917057e-71,440833817292.00604,392251223491.0275,783034257748.7769,0.0009579178993741982,100.0,0,440833817292.00604
265.972602739726,97080,-7.910436412463228e-71,440833817292.00604,392251223491.0275,783034257748.7769,0.0009579178993741982,100.0,0,440833817292.00604
266.05479452054794,97110,-7.909749318009399e-71,440833817292.00604,392251223491.0275,783034257748.7769,0.0009579178993741982,100.0,0,440833817292.00604
266.13698630136986,97140,-7.90906222355557e-71,440833817292.00604,392251223491.0275,783034257748.7769,0.0009579178993741982,100.0,0,440833817292.00604
266.2191780821918,97170,-7.908375129101742e-71,440833817292.00604,392251223491.0275,783034257748.7769,0.0009579178993741982,100.0,0,440833817292.00604
266.3013698630137,97200,-7.907688034647912e-71,440833817292.00604,392251223491.0275,783034257748.7769,0.0009579178993741982,100.0,0,440833817292.00604
266.3835616438356,97230,-7.907000940194085e-71,440833817292.00604,392251223491.0275,783034257748.7769,0.0009579178993741982,100.0,0,440833817292.00604
266.4657534246575,97260,-7.906313845740255e-71,440833817292.00604,392251223491.0275,783034257748.7769,0.0009579178993741982,100.0,0,440833817292.00604
266.54794520547944,97290,-7.905626751286426e-71,440833817292.00604,392251223491.0275,783034257748.7769,0.0009579178993741982,100.0,0,440833817292.00604
266.63013698630135,97320,-7.904939656832598e-71,440833817292.00604,392251223491.0275,783034257748.7769,0.0009579178993741982,100.0,0,440833817292.00604
266.71232876712327,97350,-7.904252562378769e-71,440833817292.00604,392251223491.0275,783034257748.7769,0.0009579178993741982,100.0,0,440833817292.00604
266.7945205479452,97380,-7.903565467924941e-71,440833817292.00604,392251223491.0275,783034257748.7769,0.0009579178993741982,100.0,0,440833817292.00604
266.8767123287671,97410,-7.90287837347111e-71,440833817292.00604,392251223491.0275,783034257748.7769,0.0009579178993741982,100.0,0,440833817292.00604
266.958904109589,97440,-7.902191279017281e-71,440833817292.00604,392251223491.0275,783034257748.7769,0.0009579178993741982,100.0,0,440833817292.00604
267.041095890411,97470,-7.901504184563452e-71,440833817292.00604,392251223491.0275,783034257748.7769,0.0009579178993741982,100.0,0,440833817292.00604
267.1232876712329,97500,-7.900817090109624e-71,440833817292.00604,392251223491.0275,783034257748.7769,0.0009579178993741982,100.0,0,440833817292.00604
267.2054794520548,97530,-7.900129995655795e-71,440833817292.00604,392251223491.0275,783034257748.7769,0.0009579178993741982,100.0,0,440833817292.00604
267.28767123287673,97560,-7.899442901201967e-71,440833817292.00604,392251223491.0275,783034257748.7769,0.0009579178993741982,100.0,0,440833817292.00604
267.36986301369865,97590,-7.898755806748138e-71,440833817292.00604,392251223491.0275,783034257748.7769,0.0009579178993741982,100.0,0,440833817292.00604
267.45205479452056,97620,-7.89806871229431e-71,440833817292.00604,392251223491.0275,783034257748.7769,0.0009579178993741982,100.0,0,440833817292.00604
267.5342465753425,97650,-7.897381617840481e-71,440833817292.00604,392251223491.0275,783034257748.7769,0.0009579178993741982,100.0,0,440833817292.00604
267.6164383561644,97680,-7.896694523386652e-71,440833817292.00604,392251223491.0275,783034257748.7769,0.0009579178993741982,100.0,0,440833817292.00604
267.6986301369863,97710,-7.896007428932822e-71,440833817292.00604,392251223491.0275,783034257748.7769,0.0009579178993741982,100.0,0,440833817292.00604
267.7808219178082,97740,-7.895320334478995e-71,440833817292.00604,392251223491.0275,783034257748.7769,0.0009579178993741982,100.0,0,440833817292.00604
267.86301369863014,97770,-7.894633240025165e-71,440833817292.00604,392251223491.0275,783034257748.7769,0.0009579178993741982,100.0,0,440833817292.00604
267.94520547945206,97800,-7.893946145571336e-71,440833817292.00604,392251223491.0275,783034257748.7769,0.0009579178993741982,100.0,0,440833817292.00604
268.027397260274,97830,-7.893259051117508e-71,440833817292.00604,392251223491.0275,783034257748.7769,0.0009579178993741982,100.0,0,440833817292.00604
268.1095890410959,97860,-7.892571956663679e-71,440833817292.00604,392251223491.0275,783034257748.7769,0.0009579178993741982,100.0,0,440833817292.00604
268.1917808219178,97890,-7.891884862209851e-71,440833817292.00604,392251223491.0275,783034257748.7769,0.0009579178993741982,100.0,0,440833817292.00604
268.2739726027397,97920,-7.891197767756022e-71,440833817292.00604,392251223491.0275,783034257748.7769,0.0009579178993741982,100.0,0,440833817292.00604
268.35616438356163,97950,-7.890510673302191e-71,440833817292.00604,392251223491.0275,783034257748.7769,0.0009579178993741982,100.0,0,440833817292.00604
268.43835616438355,97980,-7.889823578848362e-71,440833817292.00604,392251223491.0275,783034257748.7769,0.0009579178993741982,100.0,0,440833817292.00604
268.52054794520546,98010,-7.889136484394534e-71,440833817292.00604,392251223491.0275,783034257748.7769,0.0009579178993741982,100.0,0,440833817292.00604
268.6027397260274,98040,-7.888449389940705e-71,440833817292.00604,392251223491.0275,783034257748.7769,0.0009579178993741982,100.0,0,440833817292.00604
268.6849315068493,98070,-7.887762295486877e-71,440833817292.00604,392251223491.0275,783034257748.7769,0.0009579178993741982,100.0,0,440833817292.00604
268.7671232876712,98100,-7.887075201033048e-71,440833817292.00604,392251223491.0275,783034257748.7769,0.0009579178993741982,100.0,0,440833817292.00604
268.8493150684931,98130,-7.88638810657922e-71,440833817292.00604,392251223491.0275,783034257748.7769,0.0009579178993741982,100.0,0,440833817292.00604
268.93150684931504,98160,-7.885701012125391e-71,440833817292.00604,392251223491.0275,783034257748.7769,0.0009579178993741982,100.0,0,440833817292.00604
269.013698630137,98190,-7.885013917671562e-71,440833817292.00604,392251223491.0275,783034257748.7769,0.0009579178993741982,100.0,0,440833817292.00604
269.09589041095893,98220,-7.884326823217732e-71,440833817292.00604,392251223491.0275,783034257748.7769,0.0009579178993741982,100.0,0,440833817292.00604
269.17808219178085,98250,-7.883639728763905e-71,440833817292.00604,392251223491.0275,783034257748.7769,0.0009579178993741982,100.0,0,440833817292.00604
269.26027397260276,98280,-7.882952634310075e-71,440833817292.00604,392251223491.0275,783034257748.7769,0.0009579178993741982,100.0,0,440833817292.00604
269.3424657534247,98310,-7.882265539856248e-71,440833817292.00604,392251223491.0275,783034257748.7769,0.0009579178993741982,100.0,0,440833817292.00604
269.4246575342466,98340,-7.881578445402418e-71,440833817292.00604,392251223491.0275,783034257748.7769,0.0009579178993741982,100.0,0,440833817292.00604
269.5068493150685,98370,-7.880891350948589e-71,440833817292.00604,392251223491.0275,783034257748.7769,0.0009579178993741982,100.0,0,440833817292.00604
269.5890410958904,98400,-7.880204256494761e-71,440833817292.00604,392251223491.0275,783034257748.7769,0.0009579178993741982,100.0,0,440833817292.00604
269.67123287671234,98430,-7.879517162040932e-71,440833817292.00604,392251223491.0275,783034257748.7769,0.0009579178993741982,100.0,0,440833817292.00604
269.75342465753425,98460,-7.878830067587104e-71,440833817292.00604,392251223491.0275,783034257748.7769,0.0009579178993741982,100.0,0,440833817292.00604
269.83561643835617,98490,-7.878142973133274e-71,440833817292.00604,392251223491.0275,783034257748.7769,0.0009579178993741982,100.0,0,440833817292.00604
269.9178082191781,98520,-7.877455878679444e-71,440833817292.00604,392251223491.0275,783034257748.7769,0.0009579178993741982,100.0,0,440833817292.00604
270.0,98550,-7.876768784225615e-71,440833817292.00604,392251223491.0275,783034257748.7769,0.0009579178993741982,100.0,0,440833817292.00604
270.0821917808219,98580,-7.876081689771787e-71,440833817292.00604,392251223491.0275,783034257748.7769,0.0009579178993741982,100.0,0,440833817292.00604
270.16438356164383,98610,-7.875394595317958e-71,440833817292.00604,392251223491.0275,783034257748.7769,0.0009579178993741982,100.0,0,440833817292.00604
270.24657534246575,98640,-7.87470750086413e-71,440833817292.00604,392251223491.0275,783034257748.7769,0.0009579178993741982,100.0,0,440833817292.00604
270.32876712328766,98670,-7.874020406410301e-71,440833817292.00604,392251223491.0275,783034257748.7769,0.0009579178993741982,100.0,0,440833817292.00604
270.4109589041096,98700,-7.873333311956472e-71,440833817292.00604,392251223491.0275,783034257748.7769,0.0009579178993741982,100.0,0,440833817292.00604
270.4931506849315,98730,-7.872646217502644e-71,440833817292.00604,392251223491.0275,783034257748.7769,0.0009579178993741982,100.0,0,440833817292.00604
270.5753424657534,98760,-7.871959123048815e-71,440833817292.00604,392251223491.0275,783034257748.7769,0.0009579178993741982,100.0,0,440833817292.00604
270.6575342465753,98790,-7.871272028594985e-71,440833817292.00604,392251223491.0275,783034257748.7769,0.0009579178993741982,100.0,0,440833817292.00604
270.73972602739724,98820,-7.870584934141158e-71,440833817292.00604,392251223491.0275,783034257748.7769,0.0009579178993741982,100.0,0,440833817292.00604
270.82191780821915,98850,-7.869897839687328e-71,440833817292.00604,392251223491.0275,783034257748.7769,0.0009579178993741982,100.0,0,440833817292.00604
270.90410958904107,98880,-7.869210745233499e-71,440833817292.00604,392251223491.0275,783034257748.7769,0.0009579178993741982,100.0,0,440833817292.00604
270.986301369863,98910,-7.868523650779671e-71,440833817292.00604,392251223491.0275,783034257748.7769,0.0009579178993741982,100.0,0,440833817292.00604
271.06849315068496,98940,-7.867836556325842e-71,440833817292.00604,392251223491.0275,783034257748.7769,0.0009579178993741982,100.0,0,440833817292.00604
271.1506849315069,98970,-7.867149461872014e-71,440833817292.00604,392251223491.0275,783034257748.7769,0.0009579178993741982,100.0,0,440833817292.00604
271.2328767123288,99000,-7.866462367418185e-71,440833817292.00604,392251223491.0275,783034257748.7769,0.0009579178993741982,100.0,0,440833817292.00604
271.3150684931507,99030,-7.865775272964356e-71,440833817292.00604,392251223491.0275,783034257748.7769,0.0009579178993741982,100.0,0,440833817292.00604
271.3972602739726,99060,-7.865088178510525e-71,440833817292.00604,392251223491.0275,783034257748.7769,0.0009579178993741982,100.0,0,440833817292.00604
271.47945205479454,99090,-7.864401084056697e-71,440833817292.00604,392251223491.0275,783034257748.7769,0.0009579178993741982,100.0,0,440833817292.00604
271.56164383561645,99120,-7.863713989602868e-71,440833817292.00604,392251223491.0275,783034257748.7769,0.0009579178993741982,100.0,0,440833817292.00604
271.64383561643837,99150,-7.86302689514904e-71,440833817292.00604,392251223491.0275,783034257748.7769,0.0009579178993741982,100.0,0,440833817292.00604
271.7260273972603,99180,-7.862339800695211e-71,440833817292.00604,392251223491.0275,783034257748.7769,0.0009579178993741982,100.0,0,440833817292.00604
271.8082191780822,99210,-7.861652706241383e-71,440833817292.00604,392251223491.0275,783034257748.7769,0.0009579178993741982,100.0,0,440833817292.00604
271.8904109589041,99240,-7.860965611787554e-71,440833817292.00604,392251223491.0275,783034257748.7769,0.0009579178993741982,100.0,0,440833817292.00604
271.972602739726,99270,-7.860278517333725e-71,440833817292.00604,392251223491.0275,783034257748.7769,0.0009579178993741982,100.0,0,440833817292.00604
272.05479452054794,99300,-7.859591422879897e-71,440833817292.00604,392251223491.0275,783034257748.7769,0.0009579178993741982,100.0,0,440833817292.00604
272.13698630136986,99330,-7.858904328426068e-71,440833817292.00604,392251223491.0275,783034257748.7769,0.0009579178993741982,100.0,0,440833817292.00604
272.2191780821918,99360,-7.858217233972238e-71,440833817292.00604,392251223491.0275,783034257748.7769,0.0009579178993741982,100.0,0,440833817292.00604
272.3013698630137,99390,-7.857530139518409e-71,440833817292.00604,392251223491.0275,783034257748.7769,0.0009579178993741982,100.0,0,440833817292.00604
272.3835616438356,99420,-7.856843045064581e-71,440833817292.00604,392251223491.0275,783034257748.7769,0.0009579178993741982,100.0,0,440833817292.00604
272.4657534246575,99450,-7.856155950610752e-71,440833817292.00604,392251223491.0275,783034257748.7769,0.0009579178993741982,100.0,0,440833817292.00604
272.54794520547944,99480,-7.855468856156924e-71,440833817292.00604,392251223491.0275,783034257748.7769,0.0009579178993741982,100.0,0,440833817292.00604
272.63013698630135,99510,-7.854781761703095e-71,440833817292.00604,392251223491.0275,783034257748.7769,0.0009579178993741982,100.0,0,440833817292.00604
272.71232876712327,99540,-7.854094667249267e-71,440833817292.00604,392251223491.0275,783034257748.7769,0.0009579178993741982,100.0,0,440833817292.00604
272.7945205479452,99570,-7.853407572795437e-71,440833817292.00604,392251223491.0275,783034257748.7769,0.0009579178993741982,100.0,0,440833817292.00604
272.8767123287671,99600,-7.852720478341607e-71,440833817292.00604,392251223491.0275,783034257748.7769,0.0009579178993741982,100.0,0,440833817292.00604
272.958904109589,99630,-7.852033383887778e-71,440833817292.00604,392251223491.0275,783034257748.7769,0.0009579178993741982,100.0,0,440833817292.00604
273.041095890411,99660,-7.85134628943395e-71,440833817292.00604,392251223491.0275,783034257748.7769,0.0009579178993741982,100.0,0,440833817292.00604
273.1232876712329,99690,-7.850659194980121e-71,440833817292.00604,392251223491.0275,783034257748.7769,0.0009579178993741982,100.0,0,440833817292.00604
273.2054794520548,99720,-7.849972100526293e-71,440833817292.00604,392251223491.0275,783034257748.7769,0.0009579178993741982,100.0,0,440833817292.00604
273.28767123287673,99750,-7.849285006072464e-71,440833817292.00604,392251223491.0275,783034257748.7769,0.0009579178993741982,100.0,0,440833817292.00604
273.36986301369865,99780,-7.848597911618635e-71,440833817292.00604,392251223491.0275,783034257748.7769,0.0009579178993741982,100.0,0,440833817292.00604
273.45205479452056,99810,-7.847910817164807e-71,440833817292.00604,392251223491.0275,783034257748.7769,0.0009579178993741982,100.0,0,440833817292.00604
273.5342465753425,99840,-7.847223722710978e-71,440833817292.00604,392251223491.0275,783034257748.7769,0.0009579178993741982,100.0,0,440833817292.00604
273.6164383561644,99870,-7.846536628257148e-71,440833817292.00604,392251223491.0275,783034257748.7769,0.0009579178993741982,100.0,0,440833817292.00604
273.6986301369863,99900,-7.84584953380332e-71,440833817292.00604,392251223491.0275,783034257748.7769,0.0009579178993741982,100.0,0,440833817292.00604
273.7808219178082,99930,-7.845162439349491e-71,440833817292.00604,392251223491.0275,783034257748.7769,0.0009579178993741982,100.0,0,440833817292.00604
273.86301369863014,99960,-7.844475344895662e-71,440833817292.00604,392251223491.0275,783034257748.7769,0.0009579178993741982,100.0,0,440833817292.00604
273.94520547945206,99990,-7.843788250441834e-71,440833817292.00604,392251223491.0275,783034257748.7769,0.0009579178993741982,100.0,0,440833817292.00604
274.027397260274,100020,-7.843101155988005e-71,440833817292.00604,392251223491.0275,783034257748.7769,0.0009579178993741982,100.0,0,440833817292.00604
274.1095890410959,100050,-7.842414061534177e-71,440833817292.00604,392251223491.0275,783034257748.7769,0.0009579178993741982,100.0,0,440833817292.00604
274.1917808219178,100080,-7.841726967080348e-71,440833817292.00604,392251223491.0275,783034257748.7769,0.0009579178993741982,100.0,0,440833817292.00604
274.2739726027397,100110,-7.841039872626517e-71,440833817292.00604,392251223491.0275,783034257748.7769,0.0009579178993741982,100.0,0,440833817292.00604
274.35616438356163,100140,-7.840352778172688e-71,440833817292.00604,392251223491.0275,783034257748.7769,0.0009579178993741982,100.0,0,440833817292.00604
274.43835616438355,100170,-7.83966568371886e-71,440833817292.00604,392251223491.0275,783034257748.7769,0.0009579178993741982,100.0,0,440833817292.00604
274.52054794520546,100200,-7.838978589265031e-71,440833817292.00604,392251223491.0275,783034257748.7769,0.0009579178993741982,100.0,0,440833817292.00604
274.6027397260274,100230,-7.838291494811203e-71,440833817292.00604,392251223491.0275,783034257748.7769,0.0009579178993741982,100.0,0,440833817292.00604
274.6849315068493,100260,-7.837604400357374e-71,440833817292.00604,392251223491.0275,783034257748.7769,0.0009579178993741982,100.0,0,440833817292.00604
274.7671232876712,100290,-7.836917305903545e-71,440833817292.00604,392251223491.0275,783034257748.7769,0.0009579178993741982,100.0,0,440833817292.00604
274.8493150684931,100320,-7.836230211449717e-71,440833817292.00604,392251223491.0275,783034257748.7769,0.0009579178993741982,100.0,0,440833817292.00604
274.93150684931504,100350,-7.835543116995888e-71,440833817292.00604,392251223491.0275,783034257748.7769,0.0009579178993741982,100.0,0,440833817292.00604
275.013698630137,100380,-7.83485602254206e-71,440833817292.00604,392251223491.0275,783034257748.7769,0.0009579178993741982,100.0,0,440833817292.00604
275.09589041095893,100410,-7.83416892808823e-71,440833817292.00604,392251223491.0275,783034257748.7769,0.0009579178993741982,100.0,0,440833817292.00604
275.17808219178085,100440,-7.833481833634401e-71,440833817292.00604,392251223491.0275,783034257748.7769,0.0009579178993741982,100.0,0,440833817292.00604
275.26027397260276,100470,-7.832794739180572e-71,440833817292.00604,392251223491.0275,783034257748.7769,0.0009579178993741982,100.0,0,440833817292.00604
275.3424657534247,100500,-7.832107644726744e-71,440833817292.00604,392251223491.0275,783034257748.7769,0.0009579178993741982,100.0,0,440833817292.00604
275.4246575342466,100530,-7.831420550272915e-71,440833817292.00604,392251223491.0275,783034257748.7769,0.0009579178993741982,100.0,0,440833817292.00604
275.5068493150685,100560,-7.830733455819088e-71,440833817292.00604,392251223491.0275,783034257748.7769,0.0009579178993741982,100.0,0,440833817292.00604
275.5890410958904,100590,-7.830046361365258e-71,440833817292.00604,392251223491.0275,783034257748.7769,0.0009579178993741982,100.0,0,440833817292.00604
275.67123287671234,100620,-7.82935926691143e-71,440833817292.00604,392251223491.0275,783034257748.7769,0.0009579178993741982,100.0,0,440833817292.00604
275.75342465753425,100650,-7.8286721724576e-71,440833817292.00604,392251223491.0275,783034257748.7769,0.0009579178993741982,100.0,0,440833817292.00604
275.83561643835617,100680,-7.82798507800377e-71,440833817292.00604,392251223491.0275,783034257748.7769,0.0009579178993741982,100.0,0,440833817292.00604
275.9178082191781,100710,-7.827297983549941e-71,440833817292.00604,392251223491.0275,783034257748.7769,0.0009579178993741982,100.0,0,440833817292.00604
276.0,100740,-7.826610889096113e-71,440833817292.00604,392251223491.0275,783034257748.7769,0.0009579178993741982,100.0,0,440833817292.00604
276.0821917808219,100770,-7.825923794642284e-71,440833817292.00604,392251223491.0275,783034257748.7769,0.0009579178993741982,100.0,0,440833817292.00604
276.16438356164383,100800,-7.825236700188456e-71,440833817292.00604,392251223491.0275,783034257748.7769,0.0009579178993741982,100.0,0,440833817292.00604
276.24657534246575,100830,-7.824549605734627e-71,440833817292.00604,392251223491.0275,783034257748.7769,0.0009579178993741982,100.0,0,440833817292.00604
276.32876712328766,100860,-7.823862511280798e-71,440833817292.00604,392251223491.0275,783034257748.7769,0.0009579178993741982,100.0,0,440833817292.00604
276.4109589041096,100890,-7.82317541682697e-71,440833817292.00604,392251223491.0275,783034257748.7769,0.0009579178993741982,100.0,0,440833817292.00604
276.4931506849315,100920,-7.82248832237314e-71,440833817292.00604,392251223491.0275,783034257748.7769,0.0009579178993741982,100.0,0,440833817292.00604
276.5753424657534,100950,-7.821801227919311e-71,440833817292.00604,392251223491.0275,783034257748.7769,0.0009579178993741982,100.0,0,440833817292.00604
276.6575342465753,100980,-7.821114133465482e-71,440833817292.00604,392251223491.0275,783034257748.7769,0.0009579178993741982,100.0,0,440833817292.00604
276.73972602739724,101010,-7.820427039011655e-71,440833817292.00604,392251223491.0275,783034257748.7769,0.0009579178993741982,100.0,0,440833817292.00604
276.82191780821915,101040,-7.819739944557825e-71,440833817292.00604,392251223491.0275,783034257748.7769,0.0009579178993741982,100.0,0,440833817292.00604
276.90410958904107,101070,-7.819052850103998e-71,440833817292.00604,392251223491.0275,783034257748.7769,0.0009579178993741982,100.0,0,440833817292.00604
276.986301369863,101100,-7.818365755650168e-71,440833817292.00604,392251223491.0275,783034257748.7769,0.0009579178993741982,100.0,0,440833817292.00604
277.06849315068496,101130,-7.81767866119634e-71,440833817292.00604,392251223491.0275,783034257748.7769,0.0009579178993741982,100.0,0,440833817292.00604
277.1506849315069,101160,-7.816991566742511e-71,440833817292.00604,392251223491.0275,783034257748.7769,0.0009579178993741982,100.0,0,440833817292.00604
277.2328767123288,101190,-7.81630447228868e-71,440833817292.00604,392251223491.0275,783034257748.7769,0.0009579178993741982,100.0,0,440833817292.00604
277.3150684931507,101220,-7.815617377834851e-71,440833817292.00604,392251223491.0275,783034257748.7769,0.0009579178993741982,100.0,0,440833817292.00604
277.3972602739726,101250,-7.814930283381023e-71,440833817292.00604,392251223491.0275,783034257748.7769,0.0009579178993741982,100.0,0,440833817292.00604
277.47945205479454,101280,-7.814243188927194e-71,440833817292.00604,392251223491.0275,783034257748.7769,0.0009579178993741982,100.0,0,440833817292.00604
277.56164383561645,101310,-7.813556094473366e-71,440833817292.00604,392251223491.0275,783034257748.7769,0.0009579178993741982,100.0,0,440833817292.00604
277.64383561643837,101340,-7.812869000019537e-71,440833817292.00604,392251223491.0275,783034257748.7769,0.0009579178993741982,100.0,0,440833817292.00604
277.7260273972603,101370,-7.812181905565708e-71,440833817292.00604,392251223491.0275,783034257748.7769,0.0009579178993741982,100.0,0,440833817292.00604
277.8082191780822,101400,-7.81149481111188e-71,440833817292.00604,392251223491.0275,783034257748.7769,0.0009579178993741982,100.0,0,440833817292.00604
277.8904109589041,101430,-7.810807716658051e-71,440833817292.00604,392251223491.0275,783034257748.7769,0.0009579178993741982,100.0,0,440833817292.00604
277.972602739726,101460,-7.810120622204223e-71,440833817292.00604,392251223491.0275,783034257748.7769,0.0009579178993741982,100.0,0,440833817292.00604
278.05479452054794,101490,-7.809433527750394e-71,440833817292.00604,392251223491.0275,783034257748.7769,0.0009579178993741982,100.0,0,440833817292.00604
278.13698630136986,101520,-7.808746433296565e-71,440833817292.00604,392251223491.0275,783034257748.7769,0.0009579178993741982,100.0,0,440833817292.00604
278.2191780821918,101550,-7.808059338842735e-71,440833817292.00604,392251223491.0275,783034257748.7769,0.0009579178993741982,100.0,0,440833817292.00604
278.3013698630137,101580,-7.807372244388908e-71,440833817292.00604,392251223491.0275,783034257748.7769,0.0009579178993741982,100.0,0,440833817292.00604
278.3835616438356,101610,-7.806685149935078e-71,440833817292.00604,392251223491.0275,783034257748.7769,0.0009579178993741982,100.0,0,440833817292.00604
278.4657534246575,101640,-7.80599805548125e-71,440833817292.00604,392251223491.0275,783034257748.7769,0.0009579178993741982,100.0,0,440833817292.00604
278.54794520547944,101670,-7.805310961027421e-71,440833817292.00604,392251223491.0275,783034257748.7769,0.0009579178993741982,100.0,0,440833817292.00604
278.63013698630135,101700,-7.804623866573594e-71,440833817292.00604,392251223491.0275,783034257748.7769,0.0009579178993741982,100.0,0,440833817292.00604
278.71232876712327,101730,-7.803936772119763e-71,440833817292.00604,392251223491.0275,783034257748.7769,0.0009579178993741982,100.0,0,440833817292.00604
278.7945205479452,101760,-7.803249677665933e-71,440833817292.00604,392251223491.0275,783034257748.7769,0.0009579178993741982,100.0,0,440833817292.00604
278.8767123287671,101790,-7.802562583212104e-71,440833817292.00604,392251223491.0275,783034257748.7769,0.0009579178993741982,100.0,0,440833817292.00604
278.958904109589,101820,-7.801875488758276e-71,440833817292.00604,392251223491.0275,783034257748.7769,0.0009579178993741982,100.0,0,440833817292.00604
279.041095890411,101850,-7.801188394304447e-71,440833817292.00604,392251223491.0275,783034257748.7769,0.0009579178993741982,100.0,0,440833817292.00604
279.1232876712329,101880,-7.800501299850618e-71,440833817292.00604,392251223491.0275,783034257748.7769,0.0009579178993741982,100.0,0,440833817292.00604
279.2054794520548,101910,-7.79981420539679e-71,440833817292.00604,392251223491.0275,783034257748.7769,0.0009579178993741982,100.0,0,440833817292.00604
279.28767123287673,101940,-7.799127110942961e-71,440833817292.00604,392251223491.0275,783034257748.7769,0.0009579178993741982,100.0,0,440833817292.00604
279.36986301369865,101970,-7.798440016489133e-71,440833817292.00604,392251223491.0275,783034257748.7769,0.0009579178993741982,100.0,0,440833817292.00604
279.45205479452056,102000,-7.797752922035304e-71,440833817292.00604,392251223491.0275,783034257748.7769,0.0009579178993741982,100.0,0,440833817292.00604
279.5342465753425,102030,-7.797065827581476e-71,440833817292.00604,392251223491.0275,783034257748.7769,0.0009579178993741982,100.0,0,440833817292.00604
279.6164383561644,102060,-7.796378733127645e-71,440833817292.00604,392251223491.0275,783034257748.7769,0.0009579178993741982,100.0,0,440833817292.00604
279.6986301369863,102090,-7.795691638673818e-71,440833817292.00604,392251223491.0275,783034257748.7769,0.0009579178993741982,100.0,0,440833817292.00604
279.7808219178082,102120,-7.795004544219988e-71,440833817292.00604,392251223491.0275,783034257748.7769,0.0009579178993741982,100.0,0,440833817292.00604
279.86301369863014,102150,-7.79431744976616e-71,440833817292.00604,392251223491.0275,783034257748.7769,0.0009579178993741982,100.0,0,440833817292.00604
279.94520547945206,102180,-7.793630355312331e-71,440833817292.00604,392251223491.0275,783034257748.7769,0.0009579178993741982,100.0,0,440833817292.00604
280.027397260274,102210,-7.792943260858504e-71,440833817292.00604,392251223491.0275,783034257748.7769,0.0009579178993741982,100.0,0,440833817292.00604
280.1095890410959,102240,-7.792256166404674e-71,440833817292.00604,392251223491.0275,783034257748.7769,0.0009579178993741982,100.0,0,440833817292.00604
280.1917808219178,102270,-7.791569071950843e-71,440833817292.00604,392251223491.0275,783034257748.7769,0.0009579178993741982,100.0,0,440833817292.00604
280.2739726027397,102300,-7.790881977497016e-71,440833817292.00604,392251223491.0275,783034257748.7769,0.0009579178993741982,100.0,0,440833817292.00604
280.35616438356163,102330,-7.790194883043186e-71,440833817292.00604,392251223491.0275,783034257748.7769,0.0009579178993741982,100.0,0,440833817292.00604
280.43835616438355,102360,-7.789507788589357e-71,440833817292.00604,392251223491.0275,783034257748.7769,0.0009579178993741982,100.0,0,440833817292.00604
280.52054794520546,102390,-7.78882069413553e-71,440833817292.00604,392251223491.0275,783034257748.7769,0.0009579178993741982,100.0,0,440833817292.00604
280.6027397260274,102420,-7.7881335996817e-71,440833817292.00604,392251223491.0275,783034257748.7769,0.0009579178993741982,100.0,0,440833817292.00604
280.6849315068493,102450,-7.787446505227871e-71,440833817292.00604,392251223491.0275,783034257748.7769,0.0009579178993741982,100.0,0,440833817292.00604
280.7671232876712,102480,-7.786759410774043e-71,440833817292.00604,392251223491.0275,783034257748.7769,0.0009579178993741982,100.0,0,440833817292.00604
280.8493150684931,102510,-7.786072316320214e-71,440833817292.00604,392251223491.0275,783034257748.7769,0.0009579178993741982,100.0,0,440833817292.00604
280.93150684931504,102540,-7.785385221866386e-71,440833817292.00604,392251223491.0275,783034257748.7769,0.0009579178993741982,100.0,0,440833817292.00604
281.013698630137,102570,-7.784698127412557e-71,440833817292.00604,392251223491.0275,783034257748.7769,0.0009579178993741982,100.0,0,440833817292.00604
281.09589041095893,102600,-7.784011032958728e-71,440833817292.00604,392251223491.0275,783034257748.7769,0.0009579178993741982,100.0,0,440833817292.00604
281.17808219178085,102630,-7.783323938504898e-71,440833817292.00604,392251223491.0275,783034257748.7769,0.0009579178993741982,100.0,0,440833817292.00604
281.26027397260276,102660,-7.78263684405107e-71,440833817292.00604,392251223491.0275,783034257748.7769,0.0009579178993741982,100.0,0,440833817292.00604
281.3424657534247,102690,-7.781949749597241e-71,440833817292.00604,392251223491.0275,783034257748.7769,0.0009579178993741982,100.0,0,440833817292.00604
281.4246575342466,102720,-7.781262655143414e-71,440833817292.00604,392251223491.0275,783034257748.7769,0.0009579178993741982,100.0,0,440833817292.00604
281.5068493150685,102750,-7.780575560689584e-71,440833817292.00604,392251223491.0275,783034257748.7769,0.0009579178993741982,100.0,0,440833817292.00604
281.5890410958904,102780,-7.779888466235755e-71,440833817292.00604,392251223491.0275,783034257748.7769,0.0009579178993741982,100.0,0,440833817292.00604
281.67123287671234,102810,-7.779201371781927e-71,440833817292.00604,392251223491.0275,783034257748.7769,0.0009579178993741982,100.0,0,440833817292.00604
281.75342465753425,102840,-7.778514277328096e-71,440833817292.00604,392251223491.0275,783034257748.7769,0.0009579178993741982,100.0,0,440833817292.00604
281.83561643835617,102870,-7.777827182874267e-71,440833817292.00604,392251223491.0275,783034257748.7769,0.0009579178993741982,100.0,0,440833817292.00604
281.9178082191781,102900,-7.77714008842044e-71,440833817292.00604,392251223491.0275,783034257748.7769,0.0009579178993741982,100.0,0,440833817292.00604
282.0,102930,-7.77645299396661e-71,440833817292.00604,392251223491.0275,783034257748.7769,0.0009579178993741982,100.0,0,440833817292.00604
282.0821917808219,102960,-7.775765899512781e-71,440833817292.00604,392251223491.0275,783034257748.7769,0.0009579178993741982,100.0,0,440833817292.00604
282.16438356164383,102990,-7.775078805058953e-71,440833817292.00604,392251223491.0275,783034257748.7769,0.0009579178993741982,100.0,0,440833817292.00604
282.24657534246575,103020,-7.774391710605124e-71,440833817292.00604,392251223491.0275,783034257748.7769,0.0009579178993741982,100.0,0,440833817292.00604
282.32876712328766,103050,-7.773704616151296e-71,440833817292.00604,392251223491.0275,783034257748.7769,0.0009579178993741982,100.0,0,440833817292.00604
282.4109589041096,103080,-7.773017521697467e-71,440833817292.00604,392251223491.0275,783034257748.7769,0.0009579178993741982,100.0,0,440833817292.00604
282.4931506849315,103110,-7.77233042724364e-71,440833817292.00604,392251223491.0275,783034257748.7769,0.0009579178993741982,100.0,0,440833817292.00604
282.5753424657534,103140,-7.771643332789808e-71,440833817292.00604,392251223491.0275,783034257748.7769,0.0009579178993741982,100.0,0,440833817292.00604
282.6575342465753,103170,-7.77095623833598e-71,440833817292.00604,392251223491.0275,783034257748.7769,0.0009579178993741982,100.0,0,440833817292.00604
282.73972602739724,103200,-7.770269143882151e-71,440833817292.00604,392251223491.0275,783034257748.7769,0.0009579178993741982,100.0,0,440833817292.00604
282.82191780821915,103230,-7.769582049428324e-71,440833817292.00604,392251223491.0275,783034257748.7769,0.0009579178993741982,100.0,0,440833817292.00604
282.90410958904107,103260,-7.768894954974494e-71,440833817292.00604,392251223491.0275,783034257748.7769,0.0009579178993741982,100.0,0,440833817292.00604
282.986301369863,103290,-7.768207860520667e-71,440833817292.00604,392251223491.0275,783034257748.7769,0.0009579178993741982,100.0,0,440833817292.00604
283.06849315068496,103320,-7.767520766066837e-71,440833817292.00604,392251223491.0275,783034257748.7769,0.0009579178993741982,100.0,0,440833817292.00604
283.1506849315069,103350,-7.766833671613006e-71,440833817292.00604,392251223491.0275,783034257748.7769,0.0009579178993741982,100.0,0,440833817292.00604
283.2328767123288,103380,-7.766146577159179e-71,440833817292.00604,392251223491.0275,783034257748.7769,0.0009579178993741982,100.0,0,440833817292.00604
283.3150684931507,103410,-7.76545948270535e-71,440833817292.00604,392251223491.0275,783034257748.7769,0.0009579178993741982,100.0,0,440833817292.00604
283.3972602739726,103440,-7.76477238825152e-71,440833817292.00604,392251223491.0275,783034257748.7769,0.0009579178993741982,100.0,0,440833817292.00604
283.47945205479454,103470,-7.764085293797691e-71,440833817292.00604,392251223491.0275,783034257748.7769,0.0009579178993741982,100.0,0,440833817292.00604
283.56164383561645,103500,-7.763398199343863e-71,440833817292.00604,392251223491.0275,783034257748.7769,0.0009579178993741982,100.0,0,440833817292.00604
283.64383561643837,103530,-7.762711104890034e-71,440833817292.00604,392251223491.0275,783034257748.7769,0.0009579178993741982,100.0,0,440833817292.00604
283.7260273972603,103560,-7.762024010436206e-71,440833817292.00604,392251223491.0275,783034257748.7769,0.0009579178993741982,100.0,0,440833817292.00604
283.8082191780822,103590,-7.761336915982377e-71,440833817292.00604,392251223491.0275,783034257748.7769,0.0009579178993741982,100.0,0,440833817292.00604
283.8904109589041,103620,-7.76064982152855e-71,440833817292.00604,392251223491.0275,783034257748.7769,0.0009579178993741982,100.0,0,440833817292.00604
283.972602739726,103650,-7.75996272707472e-71,440833817292.00604,392251223491.0275,783034257748.7769,0.0009579178993741982,100.0,0,440833817292.00604
284.05479452054794,103680,-7.75927563262089e-71,440833817292.00604,392251223491.0275,783034257748.7769,0.0009579178993741982,100.0,0,440833817292.00604
284.13698630136986,103710,-7.758588538167061e-71,440833817292.00604,392251223491.0275,783034257748.7769,0.0009579178993741982,100.0,0,440833817292.00604
284.2191780821918,103740,-7.757901443713234e-71,440833817292.00604,392251223491.0275,783034257748.7769,0.0009579178993741982,100.0,0,440833817292.00604
284.3013698630137,103770,-7.757214349259404e-71,440833817292.00604,392251223491.0275,783034257748.7769,0.0009579178993741982,100.0,0,440833817292.00604
284.3835616438356,103800,-7.756527254805577e-71,440833817292.00604,392251223491.0275,783034257748.7769,0.0009579178993741982,100.0,0,440833817292.00604
284.4657534246575,103830,-7.755840160351747e-71,440833817292.00604,392251223491.0275,783034257748.7769,0.0009579178993741982,100.0,0,440833817292.00604
284.54794520547944,103860,-7.755153065897918e-71,440833817292.00604,392251223491.0275,783034257748.7769,0.0009579178993741982,100.0,0,440833817292.00604
284.63013698630135,103890,-7.75446597144409e-71,440833817292.00604,392251223491.0275,783034257748.7769,0.0009579178993741982,100.0,0,440833817292.00604
284.71232876712327,103920,-7.75377887699026e-71,440833817292.00604,392251223491.0275,783034257748.7769,0.0009579178993741982,100.0,0,440833817292.00604
284.7945205479452,103950,-7.75309178253643e-71,440833817292.00604,392251223491.0275,783034257748.7769,0.0009579178993741982,100.0,0,440833817292.00604
284.8767123287671,103980,-7.752404688082603e-71,440833817292.00604,392251223491.0275,783034257748.7769,0.0009579178993741982,100.0,0,440833817292.00604
284.958904109589,104010,-7.751717593628773e-71,440833817292.00604,392251223491.0275,783034257748.7769,0.0009579178993741982,100.0,0,440833817292.00604
285.041095890411,104040,-7.751030499174944e-71,440833817292.00604,392251223491.0275,783034257748.7769,0.0009579178993741982,100.0,0,440833817292.00604
285.1232876712329,104070,-7.750343404721116e-71,440833817292.00604,392251223491.0275,783034257748.7769,0.0009579178993741982,100.0,0,440833817292.00604
285.2054794520548,104100,-7.749656310267287e-71,440833817292.00604,392251223491.0275,783034257748.7769,0.0009579178993741982,100.0,0,440833817292.00604
285.28767123287673,104130,-7.74896921581346e-71,440833817292.00604,392251223491.0275,783034257748.7769,0.0009579178993741982,100.0,0,440833817292.00604
285.36986301369865,104160,-7.74828212135963e-71,440833817292.00604,392251223491.0275,783034257748.7769,0.0009579178993741982,100.0,0,440833817292.00604
285.45205479452056,104190,-7.7475950269058e-71,440833817292.00604,392251223491.0275,783034257748.7769,0.0009579178993741982,100.0,0,440833817292.00604
285.5342465753425,104220,-7.746907932451971e-71,440833817292.00604,392251223491.0275,783034257748.7769,0.0009579178993741982,100.0,0,440833817292.00604
285.6164383561644,104250,-7.746220837998144e-71,440833817292.00604,392251223491.0275,783034257748.7769,0.0009579178993741982,100.0,0,440833817292.00604
285.6986301369863,104280,-7.745533743544314e-71,440833817292.00604,392251223491.0275,783034257748.7769,0.0009579178993741982,100.0,0,440833817292.00604
285.7808219178082,104310,-7.744846649090487e-71,440833817292.00604,392251223491.0275,783034257748.7769,0.0009579178993741982,100.0,0,440833817292.00604
285.86301369863014,104340,-7.744159554636657e-71,440833817292.00604,392251223491.0275,783034257748.7769,0.0009579178993741982,100.0,0,440833817292.00604
285.94520547945206,104370,-7.743472460182828e-71,440833817292.00604,392251223491.0275,783034257748.7769,0.0009579178993741982,100.0,0,440833817292.00604
286.027397260274,104400,-7.742785365729e-71,440833817292.00604,392251223491.0275,783034257748.7769,0.0009579178993741982,100.0,0,440833817292.00604
286.1095890410959,104430,-7.742098271275171e-71,440833817292.00604,392251223491.0275,783034257748.7769,0.0009579178993741982,100.0,0,440833817292.00604
286.1917808219178,104460,-7.741411176821342e-71,440833817292.00604,392251223491.0275,783034257748.7769,0.0009579178993741982,100.0,0,440833817292.00604
286.2739726027397,104490,-7.740724082367513e-71,440833817292.00604,392251223491.0275,783034257748.7769,0.0009579178993741982,100.0,0,440833817292.00604
286.35616438356163,104520,-7.740036987913683e-71,440833817292.00604,392251223491.0275,783034257748.7769,0.0009579178993741982,100.0,0,440833817292.00604
286.43835616438355,104550,-7.739349893459854e-71,440833817292.00604,392251223491.0275,783034257748.7769,0.0009579178993741982,100.0,0,440833817292.00604
286.52054794520546,104580,-7.738662799006026e-71,440833817292.00604,392251223491.0275,783034257748.7769,0.0009579178993741982,100.0,0,440833817292.00604
286.6027397260274,104610,-7.737975704552197e-71,440833817292.00604,392251223491.0275,783034257748.7769,0.0009579178993741982,100.0,0,440833817292.00604
286.6849315068493,104640,-7.73728861009837e-71,440833817292.00604,392251223491.0275,783034257748.7769,0.0009579178993741982,100.0,0,440833817292.00604
286.7671232876712,104670,-7.73660151564454e-71,440833817292.00604,392251223491.0275,783034257748.7769,0.0009579178993741982,100.0,0,440833817292.00604
286.8493150684931,104700,-7.735914421190712e-71,440833817292.00604,392251223491.0275,783034257748.7769,0.0009579178993741982,100.0,0,440833817292.00604
286.93150684931504,104730,-7.735227326736883e-71,440833817292.00604,392251223491.0275,783034257748.7769,0.0009579178993741982,100.0,0,440833817292.00604
287.013698630137,104760,-7.734540232283054e-71,440833817292.00604,392251223491.0275,783034257748.7769,0.0009579178993741982,100.0,0,440833817292.00604
287.09589041095893,104790,-7.733853137829224e-71,440833817292.00604,392251223491.0275,783034257748.7769,0.0009579178993741982,100.0,0,440833817292.00604
287.17808219178085,104820,-7.733166043375397e-71,440833817292.00604,392251223491.0275,783034257748.7769,0.0009579178993741982,100.0,0,440833817292.00604
287.26027397260276,104850,-7.732478948921567e-71,440833817292.00604,392251223491.0275,783034257748.7769,0.0009579178993741982,100.0,0,440833817292.00604
287.3424657534247,104880,-7.73179185446774e-71,440833817292.00604,392251223491.0275,783034257748.7769,0.0009579178993741982,100.0,0,440833817292.00604
287.4246575342466,104910,-7.73110476001391e-71,440833817292.00604,392251223491.0275,783034257748.7769,0.0009579178993741982,100.0,0,440833817292.00604
287.5068493150685,104940,-7.730417665560081e-71,440833817292.00604,392251223491.0275,783034257748.7769,0.0009579178993741982,100.0,0,440833817292.00604
287.5890410958904,104970,-7.729730571106253e-71,440833817292.00604,392251223491.0275,783034257748.7769,0.0009579178993741982,100.0,0,440833817292.00604
287.67123287671234,105000,-7.729043476652423e-71,440833817292.00604,392251223491.0275,783034257748.7769,0.0009579178993741982,100.0,0,440833817292.00604
287.75342465753425,105030,-7.728356382198595e-71,440833817292.00604,392251223491.0275,783034257748.7769,0.0009579178993741982,100.0,0,440833817292.00604
287.83561643835617,105060,-7.727669287744764e-71,440833817292.00604,392251223491.0275,783034257748.7769,0.0009579178993741982,100.0,0,440833817292.00604
287.9178082191781,105090,-7.726982193290936e-71,440833817292.00604,392251223491.0275,783034257748.7769,0.0009579178993741982,100.0,0,440833817292.00604
288.0,105120,-7.726295098837107e-71,440833817292.00604,392251223491.0275,783034257748.7769,0.0009579178993741982,100.0,0,440833817292.00604
288.0821917808219,105150,-7.72560800438328e-71,440833817292.00604,392251223491.0275,783034257748.7769,0.0009579178993741982,100.0,0,440833817292.00604
288.16438356164383,105180,-7.72492090992945e-71,440833817292.00604,392251223491.0275,783034257748.7769,0.0009579178993741982,100.0,0,440833817292.00604
288.24657534246575,105210,-7.724233815475622e-71,440833817292.00604,392251223491.0275,783034257748.7769,0.0009579178993741982,100.0,0,440833817292.00604
288.32876712328766,105240,-7.723546721021793e-71,440833817292.00604,392251223491.0275,783034257748.7769,0.0009579178993741982,100.0,0,440833817292.00604
288.4109589041096,105270,-7.722859626567964e-71,440833817292.00604,392251223491.0275,783034257748.7769,0.0009579178993741982,100.0,0,440833817292.00604
288.4931506849315,105300,-7.722172532114136e-71,440833817292.00604,392251223491.0275,783034257748.7769,0.0009579178993741982,100.0,0,440833817292.00604
288.5753424657534,105330,-7.721485437660307e-71,440833817292.00604,392251223491.0275,783034257748.7769,0.0009579178993741982,100.0,0,440833817292.00604
288.6575342465753,105360,-7.720798343206477e-71,440833817292.00604,392251223491.0275,783034257748.7769,0.0009579178993741982,100.0,0,440833817292.00604
288.73972602739724,105390,-7.72011124875265e-71,440833817292.00604,392251223491.0275,783034257748.7769,0.0009579178993741982,100.0,0,440833817292.00604
288.82191780821915,105420,-7.71942415429882e-71,440833817292.00604,392251223491.0275,783034257748.7769,0.0009579178993741982,100.0,0,440833817292.00604
288.90410958904107,105450,-7.718737059844991e-71,440833817292.00604,392251223491.0275,783034257748.7769,0.0009579178993741982,100.0,0,440833817292.00604
288.986301369863,105480,-7.718049965391163e-71,440833817292.00604,392251223491.0275,783034257748.7769,0.0009579178993741982,100.0,0,440833817292.00604
289.06849315068496,105510,-7.717362870937334e-71,440833817292.00604,392251223491.0275,783034257748.7769,0.0009579178993741982,100.0,0,440833817292.00604
289.1506849315069,105540,-7.716675776483505e-71,440833817292.00604,392251223491.0275,783034257748.7769,0.0009579178993741982,100.0,0,440833817292.00604
289.2328767123288,105570,-7.715988682029676e-71,440833817292.00604,392251223491.0275,783034257748.7769,0.0009579178993741982,100.0,0,440833817292.00604
289.3150684931507,105600,-7.715301587575846e-71,440833817292.00604,392251223491.0275,783034257748.7769,0.0009579178993741982,100.0,0,440833817292.00604
289.3972602739726,105630,-7.714614493122017e-71,440833817292.00604,392251223491.0275,783034257748.7769,0.0009579178993741982,100.0,0,440833817292.00604
289.47945205479454,105660,-7.71392739866819e-71,440833817292.00604,392251223491.0275,783034257748.7769,0.0009579178993741982,100.0,0,440833817292.00604
289.56164383561645,105690,-7.71324030421436e-71,440833817292.00604,392251223491.0275,783034257748.7769,0.0009579178993741982,100.0,0,440833817292.00604
289.64383561643837,105720,-7.712553209760532e-71,440833817292.00604,392251223491.0275,783034257748.7769,0.0009579178993741982,100.0,0,440833817292.00604
289.7260273972603,105750,-7.711866115306703e-71,440833817292.00604,392251223491.0275,783034257748.7769,0.0009579178993741982,100.0,0,440833817292.00604
289.8082191780822,105780,-7.711179020852875e-71,440833817292.00604,392251223491.0275,783034257748.7769,0.0009579178993741982,100.0,0,440833817292.00604
289.8904109589041,105810,-7.710491926399046e-71,440833817292.00604,392251223491.0275,783034257748.7769,0.0009579178993741982,100.0,0,440833817292.00604
289.972602739726,105840,-7.709804831945217e-71,440833817292.00604,392251223491.0275,783034257748.7769,0.0009579178993741982,100.0,0,440833817292.00604
290.05479452054794,105870,-7.709117737491387e-71,440833817292.00604,392251223491.0275,783034257748.7769,0.0009579178993741982,100.0,0,440833817292.00604
290.13698630136986,105900,-7.70843064303756e-71,440833817292.00604,392251223491.0275,783034257748.7769,0.0009579178993741982,100.0,0,440833817292.00604
290.2191780821918,105930,-7.70774354858373e-71,440833817292.00604,392251223491.0275,783034257748.7769,0.0009579178993741982,100.0,0,440833817292.00604
290.3013698630137,105960,-7.707056454129901e-71,440833817292.00604,392251223491.0275,783034257748.7769,0.0009579178993741982,100.0,0,440833817292.00604
290.3835616438356,105990,-7.706369359676073e-71,440833817292.00604,392251223491.0275,783034257748.7769,0.0009579178993741982,100.0,0,440833817292.00604
290.4657534246575,106020,-7.705682265222244e-71,440833817292.00604,392251223491.0275,783034257748.7769,0.0009579178993741982,100.0,0,440833817292.00604
290.54794520547944,106050,-7.704995170768417e-71,440833817292.00604,392251223491.0275,783034257748.7769,0.0009579178993741982,100.0,0,440833817292.00604
290.63013698630135,106080,-7.704308076314586e-71,440833817292.00604,392251223491.0275,783034257748.7769,0.0009579178993741982,100.0,0,440833817292.00604
290.71232876712327,106110,-7.703620981860758e-71,440833817292.00604,392251223491.0275,783034257748.7769,0.0009579178993741982,100.0,0,440833817292.00604
290.7945205479452,106140,-7.702933887406927e-71,440833817292.00604,392251223491.0275,783034257748.7769,0.0009579178993741982,100.0,0,440833817292.00604
290.8767123287671,106170,-7.7022467929531e-71,440833817292.00604,392251223491.0275,783034257748.7769,0.0009579178993741982,100.0,0,440833817292.00604
290.958904109589,106200,-7.70155969849927e-71,440833817292.00604,392251223491.0275,783034257748.7769,0.0009579178993741982,100.0,0,440833817292.00604
291.041095890411,106230,-7.700872604045442e-71,440833817292.00604,392251223491.0275,783034257748.7769,0.0009579178993741982,100.0,0,440833817292.00604
291.1232876712329,106260,-7.700185509591613e-71,440833817292.00604,392251223491.0275,783034257748.7769,0.0009579178993741982,100.0,0,440833817292.00604
291.2054794520548,106290,-7.699498415137785e-71,440833817292.00604,392251223491.0275,783034257748.7769,0.0009579178993741982,100.0,0,440833817292.00604
291.28767123287673,106320,-7.698811320683956e-71,440833817292.00604,392251223491.0275,783034257748.7769,0.0009579178993741982,100.0,0,440833817292.00604
291.36986301369865,106350,-7.698124226230127e-71,440833817292.00604,392251223491.0275,783034257748.7769,0.0009579178993741982,100.0,0,440833817292.00604
291.45205479452056,106380,-7.697437131776299e-71,440833817292.00604,392251223491.0275,783034257748.7769,0.0009579178993741982,100.0,0,440833817292.00604
291.5342465753425,106410,-7.69675003732247e-71,440833817292.00604,392251223491.0275,783034257748.7769,0.0009579178993741982,100.0,0,440833817292.00604
291.6164383561644,106440,-7.69606294286864e-71,440833817292.00604,392251223491.0275,783034257748.7769,0.0009579178993741982,100.0,0,440833817292.00604
291.6986301369863,106470,-7.695375848414813e-71,440833817292.00604,392251223491.0275,783034257748.7769,0.0009579178993741982,100.0,0,440833817292.00604
291.7808219178082,106500,-7.694688753960984e-71,440833817292.00604,392251223491.0275,783034257748.7769,0.0009579178993741982,100.0,0,440833817292.00604
291.86301369863014,106530,-7.694001659507154e-71,440833817292.00604,392251223491.0275,783034257748.7769,0.0009579178993741982,100.0,0,440833817292.00604
291.94520547945206,106560,-7.693314565053327e-71,440833817292.00604,392251223491.0275,783034257748.7769,0.0009579178993741982,100.0,0,440833817292.00604
292.027397260274,106590,-7.692627470599497e-71,440833817292.00604,392251223491.0275,783034257748.7769,0.0009579178993741982,100.0,0,440833817292.00604
292.1095890410959,106620,-7.691940376145668e-71,440833817292.00604,392251223491.0275,783034257748.7769,0.0009579178993741982,100.0,0,440833817292.00604
292.1917808219178,106650,-7.691253281691839e-71,440833817292.00604,392251223491.0275,783034257748.7769,0.0009579178993741982,100.0,0,440833817292.00604
292.2739726027397,106680,-7.69056618723801e-71,440833817292.00604,392251223491.0275,783034257748.7769,0.0009579178993741982,100.0,0,440833817292.00604
292.35616438356163,106710,-7.68987909278418e-71,440833817292.00604,392251223491.0275,783034257748.7769,0.0009579178993741982,100.0,0,440833817292.00604
292.43835616438355,106740,-7.689191998330352e-71,440833817292.00604,392251223491.0275,783034257748.7769,0.0009579178993741982,100.0,0,440833817292.00604
292.52054794520546,106770,-7.688504903876523e-71,440833817292.00604,392251223491.0275,783034257748.7769,0.0009579178993741982,100.0,0,440833817292.00604
292.6027397260274,106800,-7.687817809422695e-71,440833817292.00604,392251223491.0275,783034257748.7769,0.0009579178993741982,100.0,0,440833817292.00604
292.6849315068493,106830,-7.687130714968866e-71,440833817292.00604,392251223491.0275,783034257748.7769,0.0009579178993741982,100.0,0,440833817292.00604
292.7671232876712,106860,-7.686443620515037e-71,440833817292.00604,392251223491.0275,783034257748.7769,0.0009579178993741982,100.0,0,440833817292.00604
292.8493150684931,106890,-7.685756526061209e-71,440833817292.00604,392251223491.0275,783034257748.7769,0.0009579178993741982,100.0,0,440833817292.00604
292.93150684931504,106920,-7.68506943160738e-71,440833817292.00604,392251223491.0275,783034257748.7769,0.0009579178993741982,100.0,0,440833817292.00604
293.013698630137,106950,-7.68438233715355e-71,440833817292.00604,392251223491.0275,783034257748.7769,0.0009579178993741982,100.0,0,440833817292.00604
293.09589041095893,106980,-7.683695242699723e-71,440833817292.00604,392251223491.0275,783034257748.7769,0.0009579178993741982,100.0,0,440833817292.00604
293.17808219178085,107010,-7.683008148245894e-71,440833817292.00604,392251223491.0275,783034257748.7769,0.0009579178993741982,100.0,0,440833817292.00604
293.26027397260276,107040,-7.682321053792064e-71,440833817292.00604,392251223491.0275,783034257748.7769,0.0009579178993741982,100.0,0,440833817292.00604
293.3424657534247,107070,-7.681633959338237e-71,440833817292.00604,392251223491.0275,783034257748.7769,0.0009579178993741982,100.0,0,440833817292.00604
293.4246575342466,107100,-7.680946864884407e-71,440833817292.00604,392251223491.0275,783034257748.7769,0.0009579178993741982,100.0,0,440833817292.00604
293.5068493150685,107130,-7.68025977043058e-71,440833817292.00604,392251223491.0275,783034257748.7769,0.0009579178993741982,100.0,0,440833817292.00604
293.5890410958904,107160,-7.679572675976749e-71,440833817292.00604,392251223491.0275,783034257748.7769,0.0009579178993741982,100.0,0,440833817292.00604
293.67123287671234,107190,-7.678885581522921e-71,440833817292.00604,392251223491.0275,783034257748.7769,0.0009579178993741982,100.0,0,440833817292.00604
293.75342465753425,107220,-7.67819848706909e-71,440833817292.00604,392251223491.0275,783034257748.7769,0.0009579178993741982,100.0,0,440833817292.00604
293.83561643835617,107250,-7.677511392615262e-71,440833817292.00604,392251223491.0275,783034257748.7769,0.0009579178993741982,100.0,0,440833817292.00604
293.9178082191781,107280,-7.676824298161433e-71,440833817292.00604,392251223491.0275,783034257748.7769,0.0009579178993741982,100.0,0,440833817292.00604
294.0,107310,-7.676137203707605e-71,440833817292.00604,392251223491.0275,783034257748.7769,0.0009579178993741982,100.0,0,440833817292.00604
294.0821917808219,107340,-7.675450109253776e-71,440833817292.00604,392251223491.0275,783034257748.7769,0.0009579178993741982,100.0,0,440833817292.00604
294.16438356164383,107370,-7.674763014799948e-71,440833817292.00604,392251223491.0275,783034257748.7769,0.0009579178993741982,100.0,0,440833817292.00604
294.24657534246575,107400,-7.674075920346119e-71,440833817292.00604,392251223491.0275,783034257748.7769,0.0009579178993741982,100.0,0,440833817292.00604
294.32876712328766,107430,-7.67338882589229e-71,440833817292.00604,392251223491.0275,783034257748.7769,0.0009579178993741982,100.0,0,440833817292.00604
294.4109589041096,107460,-7.672701731438462e-71,440833817292.00604,392251223491.0275,783034257748.7769,0.0009579178993741982,100.0,0,440833817292.00604
294.4931506849315,107490,-7.672014636984633e-71,440833817292.00604,392251223491.0275,783034257748.7769,0.0009579178993741982,100.0,0,440833817292.00604
294.5753424657534,107520,-7.671327542530804e-71,440833817292.00604,392251223491.0275,783034257748.7769,0.0009579178993741982,100.0,0,440833817292.00604
294.6575342465753,107550,-7.670640448076974e-71,440833817292.00604,392251223491.0275,783034257748.7769,0.0009579178993741982,100.0,0,440833817292.00604
294.73972602739724,107580,-7.669953353623147e-71,440833817292.00604,392251223491.0275,783034257748.7769,0.0009579178993741982,100.0,0,440833817292.00604
294.82191780821915,107610,-7.669266259169317e-71,440833817292.00604,392251223491.0275,783034257748.7769,0.0009579178993741982,100.0,0,440833817292.00604
294.90410958904107,107640,-7.66857916471549e-71,440833817292.00604,392251223491.0275,783034257748.7769,0.0009579178993741982,100.0,0,440833817292.00604
294.986301369863,107670,-7.66789207026166e-71,440833817292.00604,392251223491.0275,783034257748.7769,0.0009579178993741982,100.0,0,440833817292.00604
295.06849315068496,107700,-7.667204975807831e-71,440833817292.00604,392251223491.0275,783034257748.7769,0.0009579178993741982,100.0,0,440833817292.00604
295.1506849315069,107730,-7.666517881354002e-71,440833817292.00604,392251223491.0275,783034257748.7769,0.0009579178993741982,100.0,0,440833817292.00604
295.2328767123288,107760,-7.665830786900172e-71,440833817292.00604,392251223491.0275,783034257748.7769,0.0009579178993741982,100.0,0,440833817292.00604
295.3150684931507,107790,-7.665143692446343e-71,440833817292.00604,392251223491.0275,783034257748.7769,0.0009579178993741982,100.0,0,440833817292.00604
295.3972602739726,107820,-7.664456597992515e-71,440833817292.00604,392251223491.0275,783034257748.7769,0.0009579178993741982,100.0,0,440833817292.00604
295.47945205479454,107850,-7.663769503538686e-71,440833817292.00604,392251223491.0275,783034257748.7769,0.0009579178993741982,100.0,0,440833817292.00604
295.56164383561645,107880,-7.663082409084858e-71,440833817292.00604,392251223491.0275,783034257748.7769,0.0009579178993741982,100.0,0,440833817292.00604
295.64383561643837,107910,-7.662395314631029e-71,440833817292.00604,392251223491.0275,783034257748.7769,0.0009579178993741982,100.0,0,440833817292.00604
295.7260273972603,107940,-7.6617082201772e-71,440833817292.00604,392251223491.0275,783034257748.7769,0.0009579178993741982,100.0,0,440833817292.00604
295.8082191780822,107970,-7.661021125723372e-71,440833817292.00604,392251223491.0275,783034257748.7769,0.0009579178993741982,100.0,0,440833817292.00604
295.8904109589041,108000,-7.660334031269543e-71,440833817292.00604,392251223491.0275,783034257748.7769,0.0009579178993741982,100.0,0,440833817292.00604
295.972602739726,108030,-7.659646936815715e-71,440833817292.00604,392251223491.0275,783034257748.7769,0.0009579178993741982,100.0,0,440833817292.00604
296.05479452054794,108060,-7.658959842361886e-71,440833817292.00604,392251223491.0275,783034257748.7769,0.0009579178993741982,100.0,0,440833817292.00604
296.13698630136986,108090,-7.658272747908057e-71,440833817292.00604,392251223491.0275,783034257748.7769,0.0009579178993741982,100.0,0,440833817292.00604
296.2191780821918,108120,-7.657585653454227e-71,440833817292.00604,392251223491.0275,783034257748.7769,0.0009579178993741982,100.0,0,440833817292.00604
296.3013698630137,108150,-7.6568985590004e-71,440833817292.00604,392251223491.0275,783034257748.7769,0.0009579178993741982,100.0,0,440833817292.00604
296.3835616438356,108180,-7.65621146454657e-71,440833817292.00604,392251223491.0275,783034257748.7769,0.0009579178993741982,100.0,0,440833817292.00604
296.4657534246575,108210,-7.655524370092743e-71,440833817292.00604,392251223491.0275,783034257748.7769,0.0009579178993741982,100.0,0,440833817292.00604
296.54794520547944,108240,-7.654837275638912e-71,440833817292.00604,392251223491.0275,783034257748.7769,0.0009579178993741982,100.0,0,440833817292.00604
296.63013698630135,108270,-7.654150181185082e-71,440833817292.00604,392251223491.0275,783034257748.7769,0.0009579178993741982,100.0,0,440833817292.00604
296.71232876712327,108300,-7.653463086731255e-71,440833817292.00604,392251223491.0275,783034257748.7769,0.0009579178993741982,100.0,0,440833817292.00604
296.7945205479452,108330,-7.652775992277425e-71,440833817292.00604,392251223491.0275,783034257748.7769,0.0009579178993741982,100.0,0,440833817292.00604
296.8767123287671,108360,-7.652088897823596e-71,440833817292.00604,392251223491.0275,783034257748.7769,0.0009579178993741982,100.0,0,440833817292.00604
296.958904109589,108390,-7.651401803369768e-71,440833817292.00604,392251223491.0275,783034257748.7769,0.0009579178993741982,100.0,0,440833817292.00604
297.041095890411,108420,-7.650714708915939e-71,440833817292.00604,392251223491.0275,783034257748.7769,0.0009579178993741982,100.0,0,440833817292.00604
297.1232876712329,108450,-7.65002761446211e-71,440833817292.00604,392251223491.0275,783034257748.7769,0.0009579178993741982,100.0,0,440833817292.00604
297.2054794520548,108480,-7.649340520008282e-71,440833817292.00604,392251223491.0275,783034257748.7769,0.0009579178993741982,100.0,0,440833817292.00604
297.28767123287673,108510,-7.648653425554453e-71,440833817292.00604,392251223491.0275,783034257748.7769,0.0009579178993741982,100.0,0,440833817292.00604
297.36986301369865,108540,-7.647966331100625e-71,440833817292.00604,392251223491.0275,783034257748.7769,0.0009579178993741982,100.0,0,440833817292.00604
297.45205479452056,108570,-7.647279236646796e-71,440833817292.00604,392251223491.0275,783034257748.7769,0.0009579178993741982,100.0,0,440833817292.00604
297.5342465753425,108600,-7.646592142192967e-71,440833817292.00604,392251223491.0275,783034257748.7769,0.0009579178993741982,100.0,0,440833817292.00604
297.6164383561644,108630,-7.645905047739137e-71,440833817292.00604,392251223491.0275,783034257748.7769,0.0009579178993741982,100.0,0,440833817292.00604
297.6986301369863,108660,-7.64521795328531e-71,440833817292.00604,392251223491.0275,783034257748.7769,0.0009579178993741982,100.0,0,440833817292.00604
297.7808219178082,108690,-7.64453085883148e-71,440833817292.00604,392251223491.0275,783034257748.7769,0.0009579178993741982,100.0,0,440833817292.00604
297.86301369863014,108720,-7.643843764377653e-71,440833817292.00604,392251223491.0275,783034257748.7769,0.0009579178993741982,100.0,0,440833817292.00604
297.94520547945206,108750,-7.643156669923823e-71,440833817292.00604,392251223491.0275,783034257748.7769,0.0009579178993741982,100.0,0,440833817292.00604
298.027397260274,108780,-7.642469575469994e-71,440833817292.00604,392251223491.0275,783034257748.7769,0.0009579178993741982,100.0,0,440833817292.00604
298.1095890410959,108810,-7.641782481016165e-71,440833817292.00604,392251223491.0275,783034257748.7769,0.0009579178993741982,100.0,0,440833817292.00604
298.1917808219178,108840,-7.641095386562335e-71,440833817292.00604,392251223491.0275,783034257748.7769,0.0009579178993741982,100.0,0,440833817292.00604
298.2739726027397,108870,-7.640408292108506e-71,440833817292.00604,392251223491.0275,783034257748.7769,0.0009579178993741982,100.0,0,440833817292.00604
298.35616438356163,108900,-7.639721197654678e-71,440833817292.00604,392251223491.0275,783034257748.7769,0.0009579178993741982,100.0,0,440833817292.00604
298.43835616438355,108930,-7.639034103200849e-71,440833817292.00604,392251223491.0275,783034257748.7769,0.0009579178993741982,100.0,0,440833817292.00604
298.52054794520546,108960,-7.638347008747021e-71,440833817292.00604,392251223491.0275,783034257748.7769,0.0009579178993741982,100.0,0,440833817292.00604
298.6027397260274,108990,-7.637659914293192e-71,440833817292.00604,392251223491.0275,783034257748.7769,0.0009579178993741982,100.0,0,440833817292.00604
298.6849315068493,109020,-7.636972819839363e-71,440833817292.00604,392251223491.0275,783034257748.7769,0.0009579178993741982,100.0,0,440833817292.00604
298.7671232876712,109050,-7.636285725385535e-71,440833817292.00604,392251223491.0275,783034257748.7769,0.0009579178993741982,100.0,0,440833817292.00604
298.8493150684931,109080,-7.635598630931706e-71,440833817292.00604,392251223491.0275,783034257748.7769,0.0009579178993741982,100.0,0,440833817292.00604
298.93150684931504,109110,-7.634911536477878e-71,440833817292.00604,392251223491.0275,783034257748.7769,0.0009579178993741982,100.0,0,440833817292.00604
299.013698630137,109140,-7.634224442024047e-71,440833817292.00604,392251223491.0275,783034257748.7769,0.0009579178993741982,100.0,0,440833817292.00604
299.09589041095893,109170,-7.63353734757022e-71,440833817292.00604,392251223491.0275,783034257748.7769,0.0009579178993741982,100.0,0,440833817292.00604
299.17808219178085,109200,-7.63285025311639e-71,440833817292.00604,392251223491.0275,783034257748.7769,0.0009579178993741982,100.0,0,440833817292.00604
299.26027397260276,109230,-7.632163158662563e-71,440833817292.00604,392251223491.0275,783034257748.7769,0.0009579178993741982,100.0,0,440833817292.00604
299.3424657534247,109260,-7.631476064208733e-71,440833817292.00604,392251223491.0275,783034257748.7769,0.0009579178993741982,100.0,0,440833817292.00604
299.4246575342466,109290,-7.630788969754906e-71,440833817292.00604,392251223491.0275,783034257748.7769,0.0009579178993741982,100.0,0,440833817292.00604
299.5068493150685,109320,-7.630101875301075e-71,440833817292.00604,392251223491.0275,783034257748.7769,0.0009579178993741982,100.0,0,440833817292.00604
299.5890410958904,109350,-7.629414780847245e-71,440833817292.00604,392251223491.0275,783034257748.7769,0.0009579178993741982,100.0,0,440833817292.00604
299.67123287671234,109380,-7.628727686393418e-71,440833817292.00604,392251223491.0275,783034257748.7769,0.0009579178993741982,100.0,0,440833817292.00604
299.75342465753425,109410,-7.628040591939588e-71,440833817292.00604,392251223491.0275,783034257748.7769,0.0009579178993741982,100.0,0,440833817292.00604
299.83561643835617,109440,-7.627353497485759e-71,440833817292.00604,392251223491.0275,783034257748.7769,0.0009579178993741982,100.0,0,440833817292.00604
299.9178082191781,109470,-7.626666403031931e-71,440833817292.00604,392251223491.0275,783034257748.7769,0.0009579178993741982,100.0,0,440833817292.00604
