time_days,remaining_mass_kg,converted_mass_kg,conversion_efficiency_%,rate_constant
0.0,10000000000.0,0.0,0.0,1e-08
0.11585659733807882,9998999049.097477,1000950.9025230408,0.10518324344134271,1e-08
0.23171319467615764,9997998198.385225,2001801.614774704,0.2103559585563927,1e-08
0.34756979201423643,9996997447.853216,3002552.1467838287,0.31551814639901365,1e-08
0.4634263893523153,9995996797.491423,4003202.508577347,0.42066980802286885,1e-08
0.5792829866903941,9994996247.289816,5003752.710184097,0.525810944481822,1e-08
0.6951395840284729,9993995797.238373,6004202.761627197,0.6309415568291356,1e-08
0.8109961813665517,9992995447.327068,7004552.672931671,0.7360616461182723,1e-08
0.9268527787046306,9991995197.545877,8004802.454122543,0.8411712134026951,1e-08
1.0427093760427093,9990995047.884779,9004952.115221024,0.9462702597354661,1e-08
1.1585659733807883,9989994998.333752,10005001.666248322,1.051358786169647,1e-08
1.274422570718867,9988995048.882774,11004951.117225647,1.1564367937582996,1e-08
1.3902791680569457,9987995199.521826,12004800.47817421,1.2615042835544865,1e-08
1.5061357653950247,9986995450.240892,13004549.75910759,1.3665612566104677,1e-08
1.6219923627331034,9985995801.029951,14004198.970048904,1.4716077139795054,1e-08
1.7378489600711822,9984996251.878988,15003748.121011734,1.5766436567138602,1e-08
1.8537055574092611,9983996802.777988,16003197.222011566,1.6816690858659924,1e-08
1.9695621547473399,9982997453.716936,17002546.28306389,1.7866840024883628,1e-08
2.0854187520854186,9981998204.685818,18001795.31418228,1.891688407633232,1e-08
2.2012753494234976,9980999055.674623,19000944.32537651,1.996682302352459,1e-08
2.3171319467615765,9980000006.673338,19999993.326662064,2.101665687698505,1e-08
2.432988544099655,9979001057.671953,20998942.3280468,2.206638564723028,1e-08
2.548845141437734,9978002208.660458,21997791.33954239,2.3116009344780886,1e-08
2.664701738775813,9977003459.628843,22996540.371156693,2.416552798015346,1e-08
2.7805583361138915,9976004810.567104,23995189.43289566,2.521494156386258,1e-08
2.8964149334519704,9975006261.465235,24993738.534765244,2.6264250106422837,1e-08
3.0122715307900494,9974007812.313227,25992187.6867733,2.7313453618350816,1e-08
3.1281281281281283,9973009463.101076,26990536.898923874,2.8362552110159105,1e-08
3.243984725466207,9972011213.81878,27988786.1812191,2.941154559235827,1e-08
3.3598413228042854,9971013064.456337,28986935.543663025,3.0460434075460903,1e-08
3.4756979201423643,9970015015.003744,29984984.996255875,3.1509217569975574,1e-08
3.5915545174804437,9969017065.451002,30982934.54899788,3.2557896086410847,1e-08
3.7074111148185223,9968019215.78811,31980784.211889267,3.3606469635275307,1e-08
3.8232677121566008,9967021466.00507,32978533.994930267,3.465493822707751,1e-08
3.9391243094946797,9966023816.091883,33976183.908117294,3.570330187232204,1e-08
4.054980906832759,9965026266.038555,34973733.961444855,3.6751560581511447,1e-08
4.170837504170837,9964028815.83509,35971184.16490936,3.779971436515029,1e-08
4.286694101508916,9963031465.471493,36968534.52850723,3.8847763233743144,1e-08
4.402550698846995,9962034214.93777,37965785.06222916,3.9895707197788544,1e-08
4.5184072961850745,9961037064.22393,38962935.77606964,4.094354626778907,1e-08
4.634263893523153,9960040013.319983,39959986.68001747,4.199128045424125,1e-08
4.750120490861232,9959043062.215933,40956937.784067154,4.303890976764765,1e-08
4.86597708819931,9958046210.901793,41953789.098207474,4.408643421850482,1e-08
4.9818336855373895,9957049459.367577,42950540.6324234,4.513385381730529,1e-08
5.097690282875468,9956052807.603296,43947192.39670372,4.618116857454562,1e-08
5.2135468802135465,9955056255.598963,44943744.401037216,4.722837850072235,1e-08
5.329403477551626,9954059803.344593,45940196.65540695,4.8275483606326,1e-08
5.445260074889704,9953063450.8302,46936549.169799805,4.932248390185114,1e-08
5.561116672227783,9952067198.045803,47932801.95419693,5.036937939778628,1e-08
5.6769732695658615,9951071044.981419,48928955.01858139,5.141617010462196,1e-08
5.792829866903941,9950074991.627066,49925008.37293434,5.24628560328467,1e-08
5.90868646424202,9949079037.972761,50920962.027238846,5.350943719295104,1e-08
6.024543061580099,9948083184.008528,51916815.991472244,5.455591359541951,1e-08
6.140399658918177,9947087429.724388,52912570.27561188,5.560228525073662,1e-08
6.256256256256257,9946091775.110363,53908224.88963699,5.66485521693889,1e-08
6.372112853594335,9945096220.156477,54903779.843523026,5.769471436185887,1e-08
6.487969450932414,9944100764.852753,55899235.147247314,5.874077183863103,1e-08
6.603826048270492,9943105409.189217,56894590.810783386,5.978672461018592,1e-08
6.719682645608571,9942110153.155897,57889846.84410286,6.083257268700202,1e-08
6.83553924294665,9941114996.742819,58885003.25718117,6.187831607956188,1e-08
6.951395840284729,9940119939.940012,59880060.05998802,6.292395479834198,1e-08
7.067252437622807,9939124982.737507,60875017.26249313,6.3969488853818826,1e-08
7.1831090349608875,9938130125.12533,61869874.87467003,6.501491825647293,1e-08
7.298965632298966,9937135367.093517,62864632.9064827,6.606024301677479,1e-08
7.4148222296370445,9936140708.6321,63859291.36790085,6.710546314520091,1e-08
7.530678826975123,9935146149.73111,64853850.26889038,6.815057865222378,1e-08
7.6465354243132015,9934151690.380583,65848309.61941719,6.919558954831588,1e-08
7.762392021651281,9933157330.570555,66842669.42944527,7.024049584394773,1e-08
7.8782486189893595,9932163070.291063,67836929.70893669,7.12852975495878,1e-08
7.994105216327438,9931168909.53214,68831090.46785927,7.23299946757106,1e-08
8.109961813665517,9930174848.28383,69825151.71616936,7.337458723277858,1e-08
8.225818411003596,9929180886.536173,70819113.46382713,7.441907523125824,1e-08
8.341675008341674,9928187024.279203,71812975.72079659,7.546345868162008,1e-08
8.457531605679753,9927193261.502966,72806738.49703407,7.650773759432654,1e-08
8.573388203017831,9926199598.197504,73800401.80249596,7.755191197984013,1e-08
8.689244800355912,9925206034.352861,74793965.6471386,7.859598184862331,1e-08
8.80510139769399,9924212569.959082,75787430.04091835,7.963994721113854,1e-08
8.920957995032069,9923219205.006208,76780794.99379158,8.06838080778483,1e-08
9.036814592370149,9922225939.484291,77774060.51570892,8.172756445920907,1e-08
9.152671189708228,9921232773.383375,78767226.61662483,8.27712163656813,1e-08
9.268527787046306,9920239706.693508,79760293.30649185,8.381476380772348,1e-08
9.384384384384385,9919246739.404743,80753260.5952568,8.4858206795788,1e-08
9.500240981722463,9918253871.50713,81746128.49287033,8.59015453403314,1e-08
9.616097579060542,9917261102.990715,82738897.00928497,8.694477945181209,1e-08
9.73195417639862,9916268433.845556,83731566.15444374,8.798790914067853,1e-08
9.847810773736699,9915275864.061705,84724135.93829536,8.903093441738518,1e-08
9.963667371074779,9914283393.629217,85716606.37078285,9.007385529238046,1e-08
10.079523968412857,9913291022.538145,86708977.46185493,9.111667177611887,1e-08
10.195380565750936,9912298750.778547,87701249.22145271,9.215938387904682,1e-08
10.311237163089015,9911306578.34048,88693421.6595192,9.320199161161275,1e-08
10.427093760427093,9910314505.214005,89685494.78599548,9.424449498426311,1e-08
10.542950357765173,9909322531.389177,90677468.61082268,9.528689400744433,1e-08
10.658806955103252,9908330656.85606,91669343.14393997,9.632918869160086,1e-08
10.77466355244133,9907338881.604712,92661118.39528847,9.737137904717914,1e-08
10.890520149779409,9906347205.625198,93652794.37480164,9.841346508461758,1e-08
11.006376747117487,9905355628.907581,94644371.09241867,9.94554468143606,1e-08
11.122233344455566,9904364151.441925,95635848.55807495,10.049732424684864,1e-08
11.238089941793644,9903372773.218296,96627226.78170395,10.153909739252013,1e-08
11.353946539131723,9902381494.226759,97618505.77324104,10.258076626181548,1e-08
11.469803136469803,9901390314.45738,98609685.5426197,10.362233086517316,1e-08
11.585659733807882,9900399233.900234,99600766.09976578,10.466379121302351,1e-08
11.70151633114596,9899408252.545382,100591747.45461845,10.570514731581099,1e-08
11.81737292848404,9898417370.3829,101582629.61709976,10.674639918396199,1e-08
11.933229525822119,9897426587.402857,102573412.59714317,10.778754682791496,1e-08
12.049086123160198,9896435903.595327,103564096.40467262,10.882859025809825,1e-08
12.164942720498276,9895445318.95038,104554681.04961967,10.986952948494833,1e-08
12.280799317836355,9894454833.458094,105545166.54190636,11.091036451889156,1e-08
12.396655915174433,9893464447.108541,106535552.89145851,11.195109537035837,1e-08
12.512512512512513,9892474159.891802,107525840.10819817,11.299172204977515,1e-08
12.62836910985059,9891483971.797949,108516028.20205116,11.403224456757227,1e-08
12.74422570718867,9890493882.817062,109506117.18293762,11.507266293417418,1e-08
12.860082304526747,9889503892.939222,110496107.06077766,11.611297716000522,1e-08
12.975938901864827,9888514002.15451,111485997.8454895,11.71531872554878,1e-08
13.091795499202908,9887524210.453003,112475789.54699707,11.819329323105032,1e-08
13.207652096540984,9886534517.824787,113465482.17521286,11.923329509710916,1e-08
13.323508693879065,9885544924.259943,114455075.74005699,12.027319286408868,1e-08
13.439365291217142,9884555429.748558,115444570.25144196,12.131298654240531,1e-08
13.555221888555222,9883566034.280712,116433965.71928787,12.23526761424834,1e-08
13.6710784858933,9882576737.846498,117423262.15350151,12.339226167473333,1e-08
13.786935083231379,9881587540.435999,118412459.56400108,12.443174314957746,1e-08
13.902791680569457,9880598442.039303,119401557.96069717,12.547112057743018,1e-08
14.018648277907538,9879609442.646502,120390557.35349846,12.651039396870386,1e-08
14.134504875245614,9878620542.247683,121379457.75231743,12.75495633338149,1e-08
14.250361472583695,9877631740.83294,122368259.16706085,12.858862868317361,1e-08
14.366218069921775,9876643038.39236,123356961.60763931,12.962759002719437,1e-08
14.482074667259852,9875654434.916044,124345565.08395576,13.066644737628355,1e-08
14.597931264597932,9874665930.394081,125334069.60591888,13.170520074085351,1e-08
14.713787861936009,9873677524.816568,126322475.18343163,13.27438501313106,1e-08
14.829644459274089,9872689218.1736,127310781.82640076,13.37823955580652,1e-08
14.94550105661217,9871701010.455275,128298989.54472542,13.482083703151963,1e-08
15.061357653950246,9870712901.65169,129287098.34831047,13.585917456208223,1e-08
15.177214251288326,9869724891.752945,130275108.24705505,13.689740816015542,1e-08
15.293070848626403,9868736980.74914,131263019.25086021,13.793553783614346,1e-08
15.408927445964482,9867749168.630377,132250831.36962318,13.897356360044673,1e-08
15.524784043302562,9866761455.386755,133238544.61324501,14.001148546346961,1e-08
15.640640640640639,9865773841.00838,134226158.9916191,14.104930343560836,1e-08
15.756497237978719,9864786325.485357,135213674.51464272,14.208701752726341,1e-08
15.8723538353168,9863798908.807789,136201091.19221115,14.3124627748833,1e-08
15.988210432654876,9862811590.965782,137188409.03421783,14.416213411071352,1e-08
16.104067029992954,9861824371.949442,138175628.0505581,14.519953662330328,1e-08
16.219923627331035,9860837251.74888,139162748.2511196,14.623683529699264,1e-08
16.33578022466911,9859850230.354204,140149769.64579582,14.727403014217789,1e-08
16.451636822007192,9858863307.755524,141136692.24447632,14.831112116925132,1e-08
16.56749341934527,9857876483.94295,142123516.0570507,14.934810838860535,1e-08
16.68335001668335,9856889758.906593,143110241.09340668,15.038499181063022,1e-08
16.79920661402143,9855903132.63657,144096867.36343002,15.142177144571429,1e-08
16.915063211359506,9854916605.122992,145083394.87700844,15.245844730424785,1e-08
17.030919808697586,9853930176.355972,146069823.6440277,15.34950193966192,1e-08
17.146776406035663,9852943846.325632,147056153.6743679,15.453148773321068,1e-08
17.262633003373743,9851957615.022081,148042384.97791862,15.556785232441458,1e-08
17.378489600711823,9850971482.435446,149028517.5645542,15.660411318060724,1e-08
17.4943461980499,9849985448.55584,150014551.44416046,15.764027031217692,1e-08
17.61020279538798,9848999513.373383,151000486.62661743,15.867632372950593,1e-08
17.72605939272606,9848013676.878197,151986323.12180328,15.971227344297459,1e-08
17.841915990064138,9847027939.060404,152972060.93959618,16.074811946296315,1e-08
17.957772587402218,9846042299.910128,153957700.08987236,16.178386179985,1e-08
18.073629184740298,9845056759.41749,154943240.58251,16.281950046401533,1e-08
18.189485782078375,9844071317.572618,155928682.42738152,16.385503546583347,1e-08
18.305342379416455,9843085974.365637,156914025.63436317,16.489046681568272,1e-08
18.421198976754532,9842100729.786673,157899270.2133274,16.592579452393736,1e-08
18.537055574092612,9841115583.825851,158884416.17414856,16.696101860097365,1e-08
18.65291217143069,9840130536.473307,159869463.52669334,16.799613905715987,1e-08
18.76876876876877,9839145587.719164,160854412.2808361,16.90311559028724,1e-08
18.884625366106846,9838160737.553556,161839262.44644356,17.006606914847936,1e-08
19.000481963444926,9837175985.966616,162824014.03338432,17.11008788043511,1e-08
19.116338560783003,9836191332.948473,163808667.05152702,17.213558488085788,1e-08
19.232195158121083,9835206778.489264,164793221.51073647,17.317018738836605,1e-08
19.34805175545916,9834222322.57912,165777677.42087936,17.420468633724376,1e-08
19.46390835279724,9833237965.208181,166762034.79181862,17.523908173785532,1e-08
19.57976495013532,9832253706.366581,167746293.63341904,17.627337360056703,1e-08
19.695621547473397,9831269546.04446,168730453.9555397,17.73075619357391,1e-08
19.811478144811478,9830285484.231955,169714515.76804543,17.83416467537378,1e-08
19.927334742149558,9829301520.919207,170698479.08079338,17.937562806492142,1e-08
20.043191339487635,9828317656.096352,171682343.90364838,18.040950587965614,1e-08
20.159047936825715,9827333889.753538,172666110.24646187,18.14432802082943,1e-08
20.27490453416379,9826350221.880903,173649778.11909676,18.247695106120013,1e-08
20.390761131501872,9825366652.468594,174633347.5314064,18.35105184487278,1e-08
20.506617728839952,9824383181.506754,175616818.49324608,18.454398238123368,1e-08
20.62247432617803,9823399808.985529,176600191.01447105,18.55773428690739,1e-08
20.73833092351611,9822416534.895063,177583465.1049366,18.66105999226048,1e-08
20.854187520854186,9821433359.22551,178566640.77449036,18.764375355217453,1e-08
20.970044118192266,9820450281.96701,179549718.0329895,18.867680376814135,1e-08
21.085900715530347,9819467303.10972,180532696.89027977,18.970975058085155,1e-08
21.201757312868423,9818484422.643785,181515577.35621452,19.07425940006593,1e-08
21.317613910206504,9817501640.559362,182498359.4406376,19.177533403790882,1e-08
21.433470507544584,9816518956.846598,183481043.15340233,19.280797070295446,1e-08
21.54932710488266,9815536371.49565,184463628.50435066,19.384050400613827,1e-08
21.66518370222074,9814553884.49667,185446115.50333023,19.48729339578086,1e-08
21.781040299558818,9813571495.839817,186428504.16018295,19.59052605683076,1e-08
21.896896896896898,9812589205.515244,187410794.48475647,19.69374838479835,1e-08
22.012753494234975,9811607013.51311,188392986.4868908,19.79696038071766,1e-08
22.12861009157305,9810624919.823572,189375080.17642784,19.9001620456229,1e-08
22.24446668891113,9809642924.43679,190357075.56320953,20.003353380548297,1e-08
22.360323286249212,9808661027.342928,191338972.65707207,20.10653438652747,1e-08
22.47617988358729,9807679228.532143,192320771.46785736,20.209705064594644,1e-08
22.59203648092537,9806697527.994596,193302472.00540352,20.312865415783634,1e-08
22.707893078263446,9805715925.720457,194284074.27954292,20.416015441127666,1e-08
22.823749675601526,9804734421.699883,195265578.3001175,20.519155141660956,1e-08
22.939606272939606,9803753015.923044,196246984.0769558,20.62228451841632,1e-08
23.055462870277683,9802771708.380104,197228291.61989594,20.725403572427588,1e-08
23.171319467615763,9801790499.061232,198209500.9387684,20.82851230472777,1e-08
23.287176064953844,9800809387.956594,199190612.04340553,20.93161071635009,1e-08
23.40303266229192,9799828375.056362,200171624.94363785,21.03469880832757,1e-08
23.51888925963,9798847460.350704,201152539.6492958,21.137776581693217,1e-08
23.63474585696808,9797866643.829792,202133356.17020798,21.240844037479864,1e-08
23.750602454306158,9796885925.483799,203114074.51620102,21.343901176720117,1e-08
23.866459051644238,9795905305.302896,204094694.6971035,21.446948000446806,1e-08
23.982315648982315,9794924783.27726,205075216.72274017,21.549984509692337,1e-08
24.098172246320395,9793944359.397064,206055640.6029358,21.653010705489137,1e-08
24.214028843658475,9792964033.652485,207035966.3475151,21.75602658886962,1e-08
24.329885440996552,9791983806.033699,208016193.96630096,21.859032160866,1e-08
24.44574203833463,9791003676.530886,208996323.4691143,21.9620274225103,1e-08
24.56159863567271,9790023645.134224,209976354.86577606,22.065012374834534,1e-08
24.67745523301079,9789043711.833893,210956288.16610718,22.167987018870715,1e-08
24.793311830348866,9788063876.620073,211936123.37992668,22.270951355650663,1e-08
24.909168427686947,9787084139.482948,212915860.5170517,22.373905386205998,1e-08
25.025025025025027,9786104500.4127,213895499.58729935,22.476849111568328,1e-08
25.140881622363104,9785124959.399513,214875040.60048676,22.579782532769276,1e-08
25.25673821970118,9784145516.433573,215854483.56642723,22.68270565084005,1e-08
25.37259481703926,9783166171.505064,216833828.494936,22.785618466812068,1e-08
25.48845141437734,9782186924.604176,217813075.39582443,22.888520981716347,1e-08
25.60430801171542,9781207775.721092,218792224.27890778,22.991413196584304,1e-08
25.720164609053494,9780228724.846004,219771275.1539955,23.09429511244675,1e-08
25.836021206391575,9779249771.969105,220750228.03089523,23.197166730334295,1e-08
25.951877803729655,9778270917.08058,221729082.91942024,23.30002805127816,1e-08
26.067734401067735,9777292160.170624,222707839.82937622,23.402879076308757,1e-08
26.183590998405815,9776313501.22943,223686498.77057076,23.5057198064567,1e-08
26.29944759574389,9775334940.247189,224665059.75281143,23.608550242752603,1e-08
26.41530419308197,9774356477.2141,225643522.78590012,23.711370386226474,1e-08
26.53116079042005,9773378112.120356,226621887.8796444,23.814180237908932,1e-08
26.64701738775813,9772399844.956154,227600155.04384613,23.916979798829992,1e-08
26.76287398509621,9771421675.71169,228578324.2883091,24.019769070019855,1e-08
26.878730582434283,9770443604.377169,229556395.62283134,24.122548052508144,1e-08
26.994587179772363,9769465630.942783,230534369.05721664,24.225316747325067,1e-08
27.110443777110444,9768487755.398739,231512244.60126114,24.328075155500038,1e-08
27.226300374448524,9767509977.735233,232490022.2647667,24.43082327806307,1e-08
27.3421569717866,9766532297.942472,233467702.05752754,24.533561116043366,1e-08
27.45801356912468,9765554716.010658,234445283.98934174,24.636288670470545,1e-08
27.573870166462758,9764577231.929996,235422768.0700035,24.73900594237382,1e-08
27.689726763800838,9763599845.690691,236400154.309309,24.841712932782592,1e-08
27.805583361138915,9762622557.28295,237377442.71705055,24.94440964272588,1e-08
27.921439958476995,9761645366.69698,238354633.30302048,25.047096073232694,1e-08
28.037296555815075,9760668273.92299,239331726.0770092,25.14977222533184,1e-08
28.153153153153152,9759691278.951189,240308721.04881096,25.252438100052526,1e-08
28.26900975049123,9758714381.77179,241285618.22821045,25.35509369842297,1e-08
28.38486634782931,9757737582.375,242262417.625,25.457739021472175,1e-08
28.50072294516739,9756760880.751034,243239119.24896622,25.56037407022856,1e-08
28.61657954250547,9755784276.890106,244215723.1098938,25.662998845720313,1e-08
28.73243613984355,9754807770.782429,245192229.21757126,25.765613348976064,1e-08
28.848292737181623,9753831362.418219,246168637.5817814,25.86821758102381,1e-08
28.964149334519703,9752855051.787693,247144948.21230698,25.97081154289157,1e-08
29.080005931857784,9751878838.881067,248121161.11893272,26.07339523560754,1e-08
29.195862529195864,9750902723.68856,249097276.3114395,26.175968660199533,1e-08
29.311719126533944,9749926706.200392,250073293.79960823,26.278531817695356,1e-08
29.427575723872017,9748950786.406782,251049213.59321785,26.38108470912262,1e-08
29.543432321210098,9747974964.297953,252025035.70204735,26.483627335508924,1e-08
29.659288918548178,9746999239.864124,253000760.1358757,26.58615969788189,1e-08
29.77514551588626,9746023613.095522,253976386.90447807,26.688681797268703,1e-08
29.89100211322434,9745048083.982368,254951916.01763153,26.791193634696793,1e-08
30.006858710562412,9744072652.514889,255927347.48511124,26.893695211193346,1e-08
30.122715307900492,9743097318.683311,256902681.31668854,26.996186527785188,1e-08
30.238571905238572,9742122082.477861,257877917.5221386,27.098667585499502,1e-08
30.354428502576653,9741146943.888767,258853056.11123276,27.201138385363116,1e-08
30.47028509991473,9740171902.906258,259828097.09374237,27.303598928402824,1e-08
30.586141697252806,9739196959.520565,260803040.47943497,27.40604921564503,1e-08
30.701998294590886,9738222113.721916,261777886.2780838,27.508489248116742,1e-08
30.817854891928963,9737247365.500547,262752634.4994526,27.610919026843966,1e-08
30.933711489267044,9736272714.84669,263727285.15331078,27.7133385528533,1e-08
31.049568086605124,9735298161.750576,264701838.24942398,27.815747827170963,1e-08
31.165424683943204,9734323706.202444,265676293.79755592,27.918146850822943,1e-08
31.281281281281277,9733349348.192528,266650651.80747223,28.020535624835453,1e-08
31.397137878619358,9732375087.711063,267624912.28893661,28.12291415023449,1e-08
31.512994475957438,9731400924.74829,268599075.2517109,28.225282428045865,1e-08
31.628851073295518,9730426859.294447,269573140.70555305,28.327640459294983,1e-08
31.7447076706336,9729452891.339773,270547108.6602268,28.429988245007838,1e-08
31.86056426797167,9728479020.874508,271520979.1254921,28.532325786210038,1e-08
31.976420865309752,9727505247.888897,272494752.11110306,28.634653083926587,1e-08
32.092277462647836,9726531572.37318,273468427.6268196,28.736970139183082,1e-08
32.20813405998591,9725557994.317602,274442005.68239784,28.839276953004727,1e-08
32.32399065732399,9724584513.712408,275415486.28759193,28.941573526416526,1e-08
32.43984725466207,9723611130.547842,276388869.452158,29.043859860443682,1e-08
32.55570385200014,9722637844.814152,277362155.18584824,29.146135956110996,1e-08
32.67156044933822,9721664656.501587,278335343.4984131,29.248401814443064,1e-08
32.7874170466763,9720691565.600391,279308434.3996086,29.350657436465095,1e-08
32.903273644014384,9719718572.100819,280281427.89918137,29.45290282320128,1e-08
33.019130241352464,9718745675.993118,281254324.0068817,29.555137975676228,1e-08
33.13498683869054,9717772877.26754,282227122.73246,29.65736289491454,1e-08
33.25084343602862,9716800175.91434,283199824.08566093,29.75957758194021,1e-08
33.3667000333667,9715827571.923769,284172428.076231,29.86178203777744,1e-08
33.48255663070478,9714855065.286081,285144934.7139187,29.963976263450633,1e-08
33.59841322804286,9713882655.991533,286117344.0084667,30.066160259983587,1e-08
33.71426982538093,9712910344.030384,287089655.96961594,30.168334028399897,1e-08
33.83012642271901,9711938129.392885,288061870.6071148,30.270497569723968,1e-08
33.94598302005709,9710966012.0693,289033987.9307003,30.372650884978995,1e-08
34.06183961739517,9709993992.049885,290006007.9501152,30.47479397518878,1e-08
34.17769621473325,9709022069.324902,290977930.6750984,30.57692684137672,1e-08
34.293552812071326,9708050243.884611,291949756.1153889,30.679049484566214,1e-08
34.409409409409406,9707078515.719276,292921484.2807236,30.781161905780458,1e-08
34.525266006747486,9706106884.81916,293893115.18083954,30.883264106042645,1e-08
34.64112260408557,9705135351.174526,294864648.8254738,30.985356086375987,1e-08
34.75697920142365,9704163914.77564,295836085.2243595,31.08743784780327,1e-08
34.87283579876173,9703192575.612768,296807424.3872318,31.189509391347485,1e-08
34.9886923960998,9702221333.676178,297778666.323822,31.29157071803125,1e-08
35.10454899343788,9701250188.956135,298749811.0438652,31.39362182887754,1e-08
35.22040559077596,9700279141.442913,299720858.55708694,31.495662724908364,1e-08
35.33626218811404,9699308191.126778,300691808.87322235,31.597693407146714,1e-08
35.45211878545212,9698337337.998003,301662662.001997,31.699713876614588,1e-08
35.567975382790195,9697366582.04686,302633417.95314026,31.801724134334382,1e-08
35.683831980128275,9696395923.26362,303604076.7363796,31.903724181328286,1e-08
35.799688577466355,9695425361.63856,304574638.36144066,32.005714018618306,1e-08
35.915545174804436,9694454897.161953,305545102.838047,32.10769364722623,1e-08
36.031401772142516,9693484529.824074,306515470.1759262,32.20966306817425,1e-08
36.147258369480596,9692514259.615204,307485740.38479614,32.31162228248356,1e-08
36.26311496681867,9691544086.525616,308455913.4743843,32.41357129117636,1e-08
36.37897156415675,9690574010.545591,309425989.45440865,32.515510095273854,1e-08
36.49482816149483,9689604031.66541,310395968.3345909,32.61743869579762,1e-08
36.61068475883291,9688634149.87535,311365850.12464905,32.71935709376885,1e-08
36.72654135617099,9687664365.165699,312335634.834301,32.82126529020875,1e-08
36.842397953509064,9686694677.526735,313305322.4732647,32.923163286138504,1e-08
36.958254550847144,9685725086.948742,314274913.0512581,33.02505108257932,1e-08
37.074111148185224,9684755593.422005,315244406.5779953,33.12692868055197,1e-08
37.189967745523305,9683786196.93681,316213803.06319046,33.22879608107726,1e-08
37.30582434286138,9682816897.483444,317183102.5165558,33.33065328517578,1e-08
37.42168094019946,9681847695.052195,318152304.9478054,33.432500293868316,1e-08
37.53753753753754,9680878589.63335,319121410.3666496,33.53433710817527,1e-08
37.65339413487562,9679909581.2172,320090418.7828007,33.63616372911723,1e-08
37.76925073221369,9678940669.794035,321059330.20596504,33.73798015771419,1e-08
37.88510732955177,9677971855.354145,322028144.64585495,33.83978639498673,1e-08
38.00096392688985,9677003137.887825,322996862.112175,33.94158244195465,1e-08
38.11682052422793,9676034517.385366,323965482.61463356,34.043368299638146,1e-08
38.232677121566006,9675065993.837065,324934006.16293526,34.14514396905701,1e-08
38.348533718904086,9674097567.233217,325902432.76678276,34.24690945123081,1e-08
38.46439031624217,9673129237.564114,326870762.4358864,34.34866474717996,1e-08
38.58024691358025,9672161004.820059,327838995.1799412,34.45040985792324,1e-08
38.69610351091832,9671192868.991348,328807131.00865173,34.55214478448045,1e-08
38.8119601082564,9670224830.06828,329775169.93172073,34.65386952787116,1e-08
38.92781670559448,9669256888.041153,330743111.95884705,34.755584089114585,1e-08
39.04367330293256,9668289042.900272,331710957.09972763,34.85728846922969,1e-08
39.15952990027064,9667321294.635939,332678705.36406136,34.95898266923568,1e-08
39.275386497608714,9666353643.238455,333646356.7615452,35.060666690151535,1e-08
39.391243094946795,9665386088.698124,334613911.30187607,35.16234053299624,1e-08
39.507099692284875,9664418631.005253,335581368.99474716,35.2640041987884,1e-08
39.622956289622955,9663451270.150148,336548729.8498516,35.365657688546584,1e-08
39.738812886961036,9662484006.123114,337515993.87688637,35.4673010032898,1e-08
39.854669484299116,9661516838.91446,338483161.0855408,35.56893414403622,1e-08
39.97052608163719,9660549768.514496,339450231.48550415,35.67055711180404,1e-08
40.08638267897527,9659582794.91353,340417205.08646965,35.77216990761183,1e-08
40.20223927631335,9658615918.101873,341384081.8981266,35.8737725324778,1e-08
40.31809587365143,9657649138.06984,342350861.9301605,35.97536498741973,1e-08
40.43395247098951,9656682454.80774,343317545.19226074,36.0769472734558,1e-08
40.54980906832758,9655715868.30589,344284131.6941109,36.1785193916036,1e-08
40.665665665665664,9654749378.554602,345250621.44539833,36.28008134288112,1e-08
40.781522263003744,9653782985.544191,346217014.45580864,36.38163312830614,1e-08
40.897378860341824,9652816689.264978,347183310.7350216,36.48317474889585,1e-08
41.013235457679905,9651850489.707277,348149510.2927227,36.58470620566803,1e-08
41.12909205501798,9650884386.861408,349115613.13859177,36.68622749963987,1e-08
41.24494865235606,9649918380.717693,350081619.2823067,36.78773863182835,1e-08
41.36080524969414,9648952471.266447,351047528.73355293,36.88923960325126,1e-08
41.47666184703222,9647986658.497997,352013341.5020027,36.99073041492498,1e-08
41.5925184443703,9647020942.402662,352979057.5973377,37.09221106786691,1e-08
41.70837504170837,9646055322.970766,353944677.02923393,37.19368156309381,1e-08
41.82423163904645,9645089800.192636,354910199.8073635,37.29514190162208,1e-08
41.94008823638453,9644124374.058594,355875625.94140625,37.3965920844689,1e-08
42.05594483372261,9643159044.55897,356840955.4410305,37.49803211265025,1e-08
42.17180143106069,9642193811.684088,357806188.31591225,37.59946198718293,1e-08
42.28765802839877,9641228675.424276,358771324.57572365,37.70088170908329,1e-08
42.40351462573685,9640263635.769869,359736364.23013115,37.80229127936714,1e-08
42.51937122307493,9639298692.71119,360701307.28881073,37.90369069905125,1e-08
42.63522782041301,9638333846.238575,361666153.761425,38.00507996915102,1e-08
42.75108441775109,9637369096.342356,362630903.6576443,38.10645909068261,1e-08
42.86694101508917,9636404443.012863,363595556.98713684,38.20782806466202,1e-08
42.98279761242724,9635439886.240433,364560113.75956726,38.30918689210481,1e-08
43.09865420976532,9634475426.015398,365524573.984602,38.41053557402678,1e-08
43.2145108071034,9633511062.328098,366488937.6719017,38.51187411144311,1e-08
43.33036740444148,9632546795.168869,367453204.831131,38.61320250536938,1e-08
43.446224001779555,9631582624.528048,368417375.47195244,38.71452075682096,1e-08
43.562080599117635,9630618550.395973,369381449.6040268,38.81582886681304,1e-08
43.677937196455716,9629654572.762987,370345427.23701286,38.9171268363606,1e-08
43.793793793793796,9628690691.619429,371309308.38057137,39.018414666478826,1e-08
43.90965039113187,9627726906.955639,372273093.0443611,39.11969235818268,1e-08
44.02550698846995,9626763218.761963,373236781.2380371,39.22095991248676,1e-08
44.14136358580803,9625799627.028746,374200372.97125435,39.32221733040564,1e-08
44.2572201831461,9624836131.746326,375163868.25367355,39.423464612954504,1e-08
44.37307678048418,9623872732.905056,376127267.094944,39.52470176114732,1e-08
44.48893337782226,9622909430.495281,377090569.5047188,39.62592877599847,1e-08
44.604789975160344,9621946224.507347,378053775.4926529,39.72714565852253,1e-08
44.720646572498424,9620983114.931602,379016885.0683975,39.82835240973369,1e-08
44.8365031698365,9620020101.758398,379979898.24160194,39.92954903064593,1e-08
44.95235976717458,9619057184.978085,380942815.02191544,40.03073552227321,1e-08
45.06821636451266,9618094364.58101,381905635.4189892,40.13191188562972,1e-08
45.18407296185074,9617131640.557535,382868359.4424648,40.23307812172863,1e-08
45.29992955918882,9616169012.898005,383830987.10199547,40.33423423158433,1e-08
45.41578615652689,9615206481.59278,384793518.40722084,40.435380216209786,1e-08
45.53164275386497,9614244046.632208,385755953.3677921,40.536516076619186,1e-08
45.64749935120305,9613281708.006655,386718291.99334526,40.63764181382509,1e-08
45.76335594854113,9612319465.706472,387680534.2935276,40.738757428841296,1e-08
45.87921254587921,9611357319.722017,388642680.2779827,40.83986292268116,1e-08
45.99506914321729,9610395270.043653,389604729.9563465,40.940958296357266,1e-08
46.110925740555366,9609433316.66174,390566683.33826065,41.042043550882795,1e-08
46.22678233789345,9608471459.566635,391528540.43336487,41.14311868727072,1e-08
46.34263893523153,9607509698.748703,392490301.251297,41.24418370653381,1e-08
46.45849553256961,9606548034.198307,393451965.80169296,41.34523860968464,1e-08
46.57435212990769,9605586465.905811,394413534.0941887,41.4462833977358,1e-08
46.69020872724576,9604624993.861582,395375006.1384182,41.54731807169965,1e-08
46.80606532458384,9603663618.055983,396336381.9440174,41.64834263258877,1e-08
46.92192192192192,9602702338.479382,397297661.52061844,41.74935708141534,1e-08
47.03777851926,9601741155.122145,398258844.8778553,41.850361419191714,1e-08
47.15363511659808,9600780067.974646,399219932.0253544,41.95135564692949,1e-08
47.26949171393616,9599819077.027248,400180922.9727516,42.052339765641236,1e-08
47.385348311274235,9598858182.270329,401141817.7296715,42.15331377633831,1e-08
47.501204908612316,9597897383.694256,402102616.3057442,42.2542776800327,1e-08
47.617061505950396,9596936681.289404,403063318.7105961,42.35523147773598,1e-08
47.732918103288476,9595976075.046144,404023924.9538555,42.45617517045991,1e-08
47.84877470062656,9595015564.954855,404984435.04514503,42.55710875921567,1e-08
47.96463129796463,9594055151.005907,405944848.99409294,42.65803224501504,1e-08
48.08048789530271,9593094833.189684,406905166.8103161,42.75894562886858,1e-08
48.19634449264079,9592134611.496557,407865388.50344276,42.85984891178808,1e-08
48.31220108997887,9591174485.916908,408825514.08309174,42.96074209478429,1e-08
48.42805768731695,9590214456.441114,409785543.5588856,43.06162517886838,1e-08
48.543914284655024,9589254523.059559,410745476.94044113,43.16249816505095,1e-08
48.659770881993104,9588294685.76262,411705314.2373791,43.263361054342944,1e-08
48.775627479331185,9587334944.540686,412665055.45931435,43.36421384775474,1e-08
48.89148407666926,9586375299.384132,413624700.6158676,43.46505654629731,1e-08
49.007340674007345,9585415750.28335,414584249.71665,43.56588915098063,1e-08
49.12319727134542,9584456297.22872,415543702.7712803,43.666711662815466,1e-08
49.2390538686835,9583496940.21063,416503059.7893696,43.76752408281179,1e-08
49.35491046602158,9582537679.219467,417462320.78053284,43.86832641197996,1e-08
49.47076706335965,9581578514.24562,418421485.7543793,43.96911865132976,1e-08
49.58662366069773,9580619445.279476,419380554.72052383,44.06990080187155,1e-08
49.70248025803581,9579660472.31143,420339527.68857,44.1706728646145,1e-08
49.81833685537389,9578701595.331867,421298404.6681328,44.27143484056899,1e-08
49.934193452711966,9577742814.331184,422257185.6688156,44.372186730744176,1e-08
50.050050050050054,9576784129.29977,423215870.70022964,44.472928536150036,1e-08
50.16590664738813,9575825540.228022,424174459.7719784,44.57366025779573,1e-08
50.28176324472621,9574867047.106333,425132952.8936672,44.674381896690626,1e-08
50.39761984206429,9573908649.9251,426091350.0748997,44.77509345384391,1e-08
50.51347643940236,9572950348.674719,427049651.32528114,44.87579493026492,1e-08
50.62933303674045,9571992143.345589,428007856.6544113,44.97648632696244,1e-08
50.74518963407852,9571034033.928106,428965966.0718937,45.07716764494564,1e-08
50.861046231416594,9570076020.412672,429923979.58732796,45.17783888522328,1e-08
50.97690282875468,9569118102.789688,430881897.2103119,45.278500048803934,1e-08
51.092759426092755,9568160281.049557,431839718.95044327,45.37915113669616,1e-08
51.20861602343084,9567202555.182676,432797444.8173237,45.479792149908924,1e-08
51.324472620768915,9566244925.179453,433755074.8205471,45.5804230894504,1e-08
51.44032921810699,9565287391.030293,434712608.9697075,45.68104395632876,1e-08
51.556185815445076,9564329952.7256,435670047.2744007,45.781654751552345,1e-08
51.67204241278315,9563372610.255777,436627389.74422264,45.882255476129544,1e-08
51.78789901012124,9562415363.611238,437584636.3887615,45.98284613106791,1e-08
51.90375560745931,9561458212.782389,438541787.2176113,46.08342671737561,1e-08
52.01961220479738,9560501157.759638,439498842.24036217,46.18399723606041,1e-08
52.13546880213547,9559544198.533396,440455801.46660423,46.28455768813008,1e-08
52.251325399473544,9558587335.094072,441412664.90592766,46.385108074592374,1e-08
52.36718199681163,9557630567.432081,442369432.5679188,46.485648396454664,1e-08
52.483038594149704,9556673895.537838,443326104.462162,46.58617865472411,1e-08
52.59889519148778,9555717319.401752,444282680.5982475,46.68669885040848,1e-08
52.714751788825865,9554760839.014242,445239160.9857578,46.787208984514734,1e-08
52.83060838616394,9553804454.365723,446195545.63427734,46.88770905805003,1e-08
52.946464983502025,9552848165.44661,447151834.5533905,46.988199072021544,1e-08
53.0623215808401,9551891972.247324,448108027.752676,47.08867902743583,1e-08
53.17817817817817,9550935874.758282,449064125.2417183,47.18914892530005,1e-08
53.29403477551626,9549979872.969904,450020127.03009605,47.28960876662077,1e-08
53.40989137285433,9549023966.872612,450976033.127388,47.390058552404554,1e-08
53.52574797019242,9548068156.456827,451931843.54317284,47.49049828365796,1e-08
53.64160456753049,9547112441.712973,452887558.28702736,47.590927961387344,1e-08
53.757461164868566,9546156822.631472,453843177.36852837,47.691347586599086,1e-08
53.87331776220665,9545201299.202747,454798700.79725266,47.79175716029953,1e-08
53.98917435954473,9544245871.417229,455754128.5827713,47.89215668349444,1e-08
54.105030956882814,9543290539.265339,456709460.7346611,47.99254615719018,1e-08
54.22088755422089,9542335302.737509,457664697.2624912,48.09292558239232,1e-08
54.33674415155897,9541380161.824163,458619838.17583656,48.193294960107,1e-08
54.45260074889705,9540425116.515734,459574883.4842663,48.2936542913398,1e-08
54.56845734623512,9539470166.802652,460529833.19734764,48.394003577096065,1e-08
54.6843139435732,9538515312.675348,461484687.3246517,48.49434281838156,1e-08
54.80017054091128,9537560554.124252,462439445.8757477,48.59467201620185,1e-08
54.91602713824936,9536605891.139801,463394108.860199,48.69499117156189,1e-08
55.03188373558744,9535651323.712427,464348676.28757286,48.795300285467036,1e-08
55.147740332925515,9534696851.832567,465303148.1674328,48.89559935892225,1e-08
55.263596930263596,9533742475.490654,466257524.509346,48.99588839293289,1e-08
55.379453527601676,9532788194.677128,467211805.32287216,49.09616738850352,1e-08
55.495310124939756,9531834009.382427,468165990.6175728,49.19643634663889,1e-08
55.61116672227783,9530879919.596989,469120080.4030113,49.29669526834397,1e-08
55.72702331961591,9529925925.311253,470074074.6887474,49.3969441546233,1e-08
55.84287991695399,9528972026.515661,471027973.48433876,49.49718300648125,1e-08
55.95873651429206,9528018223.200657,471981776.7993431,49.59741182492217,1e-08
56.07459311163015,9527064515.35668,472935484.6433201,49.69763061095063,1e-08
56.190449708968224,9526110902.974176,473889097.0258236,49.79783936557058,1e-08
56.306306306306304,9525157386.04359,474842613.95640945,49.89803808978617,1e-08
56.422162903644384,9524203964.555368,475796035.4446316,49.998226784601364,1e-08
56.53801950098246,9523250638.499954,476749361.5000458,50.09840545102032,1e-08
56.653876098320545,9522297407.8678,477702592.13220024,50.198574090046385,1e-08
56.76973269565862,9521344272.649351,478655727.3506489,50.29873270268352,1e-08
56.88558929299669,9520391232.835056,479608767.1649437,50.398881289935495,1e-08
57.00144589033478,9519438288.415369,480561711.58463097,50.49901985280544,1e-08
57.11730248767285,9518485439.38074,481514560.6192608,50.59914839229693,1e-08
57.23315908501094,9517532685.72162,482467314.27837944,50.69926690941311,1e-08
57.34901568234901,9516580027.428465,483419972.5715351,50.799375405157335,1e-08
57.4648722796871,9515627464.491726,484372535.5082741,50.89947388053277,1e-08
57.58072887702517,9514674996.901861,485325003.0981388,50.99956233654215,1e-08
57.696585474363246,9513722624.649326,486277375.3506737,51.09964077418844,1e-08
57.812442071701334,9512770347.724577,487229652.27542305,51.19970919447459,1e-08
57.92829866903941,9511818166.118073,488181833.8819275,51.29976759840318,1e-08
58.044155266377494,9510866079.820272,489133920.17972755,51.399815986976726,1e-08
58.16001186371557,9509914088.821634,490085911.1783657,51.499854361198004,1e-08
58.27586846105364,9508962193.112623,491037806.8873768,51.599882722068955,1e-08
58.39172505839173,9508010392.683699,491989607.31630135,51.69990107059215,1e-08
58.5075816557298,9507058687.525324,492941312.47467613,51.79990940776972,1e-08
58.62343825306789,9506107077.627962,493892922.3720379,51.89990773460382,1e-08
58.73929485040596,9505155562.982079,494844437.01792145,51.99989605209642,1e-08
58.855151447744035,9504204143.57814,495795856.42185974,52.099874361249256,1e-08
58.97100804508212,9503252819.406614,496747180.5933857,52.199842663064075,1e-08
59.086864642420196,9502301590.457966,497698409.54203415,52.29980095854285,1e-08
59.20272123975828,9501350456.722664,498649543.2773361,52.39974924868712,1e-08
59.318577837096356,9500399418.191181,499600581.8088188,52.499687534498044,1e-08
59.43443443443443,9499448474.853985,500551525.14601517,52.599615816977355,1e-08
59.55029103177252,9498497626.701548,501502373.2984524,52.69953409712621,1e-08
59.66614762911059,9497546873.724342,502453126.27565765,52.79944237594577,1e-08
59.78200422644868,9496596215.912842,503403784.0871582,52.89934065443719,1e-08
59.89786082378675,9495645653.25752,504354346.7424793,52.999228933601394,1e-08
60.013717421124824,9494695185.748856,505304814.2511444,53.09910721443916,1e-08
60.12957401846291,9493744813.37732,506255186.62268066,53.198975497951615,1e-08
60.245430615800984,9492794536.133392,507205463.86660767,53.29883378513913,1e-08
60.361287213139065,9491844354.007553,508155645.9924469,53.398682077002235,1e-08
60.477143810477145,9490894266.990278,509105733.00972176,53.49852037454169,1e-08
60.59300040781522,9489944275.07205,510055724.9279499,53.59834867875763,1e-08
60.708857005153305,9488994378.243347,511005621.75665283,53.698166990650634,1e-08
60.82471360249138,9488044576.494654,511955423.5053463,53.797975311220625,1e-08
60.94057019982946,9487094869.816452,512905130.183548,53.89777364146775,1e-08
61.05642679716754,9486145258.199226,513854741.8007736,53.997561982391964,1e-08
61.17228339450561,9485195741.633461,514804258.366539,54.09734033499321,1e-08
61.28813999184369,9484246320.109642,515753679.890358,54.19710870027126,1e-08
61.40399658918177,9483296993.618256,516703006.3817444,54.296867079225834,1e-08
61.51985318651985,9482347762.149792,517652237.8502083,54.39661547285628,1e-08
61.635709783857926,9481398625.694736,518601374.3052635,54.49635388216235,1e-08
61.751566381196014,9480449584.243578,519550415.75642204,54.5960823081436,1e-08
61.86742297853409,9479500637.786814,520499362.21318626,54.695800751798565,1e-08
61.98327957587217,9478551786.314928,521448213.68507195,54.7955092141272,1e-08
62.09913617321025,9477603029.818415,522396970.1815853,54.895207696128445,1e-08
62.21499277054832,9476654368.287771,523345631.7122288,54.99489619880084,1e-08
62.33084936788641,9475705801.713488,524294198.2865124,55.094574723143744,1e-08
62.44670596522448,9474757330.086061,525242669.9139385,55.19424327015569,1e-08
62.562562562562555,9473808953.395988,526191046.60401154,55.29390184083544,1e-08
62.67841915990064,9472860671.633766,527139328.3662338,55.39355043618151,1e-08
62.794275757238715,9471912484.789892,528087515.2101078,55.493189057192474,1e-08
62.9101323545768,9470964392.854864,529035607.1451359,55.59281770486687,1e-08
63.025988951914876,9470016395.819187,529983604.18081284,55.69243638020242,1e-08
63.14184554925295,9469068493.673357,530931506.326643,55.79204508419791,1e-08
63.257702146591036,9468120686.407879,531879313.5921211,55.89164381785105,1e-08
63.37355874392911,9467172974.013252,532827025.98674774,55.99123258216019,1e-08
63.4894153412672,9466225356.479984,533774643.5200157,56.09081137812287,1e-08
63.60527193860527,9465277833.79858,534722166.20141983,56.190380206736855,1e-08
63.72112853594334,9464330405.959543,535669594.0404568,56.28993906900006,1e-08
63.83698513328143,9463383072.953382,536616927.0466175,56.389487965909844,1e-08
63.952841730619504,9462435834.770603,537564165.2293968,56.489026898463955,1e-08
64.06869832795759,9461488691.401716,538511308.5982838,56.588555867659515,1e-08
64.18455492529567,9460541642.837229,539458357.1627712,56.688074874494085,1e-08
64.30041152263374,9459594689.067654,540405310.9323463,56.787583919964604,1e-08
64.41626811997182,9458647830.083504,541352169.9164963,56.88708300506801,1e-08
64.5321247173099,9457701065.875286,542298934.1247139,56.986572130801825,1e-08
64.64798131464798,9456754396.43352,543245603.5664806,57.08605129816243,1e-08
64.76383791198606,9455807821.748714,544192178.2512856,57.185520508146936,1e-08
64.87969450932414,9454861341.81139,545138658.1886101,57.2849797617517,1e-08
64.99555110666222,9453914956.612057,546085043.3879433,57.384429059973854,1e-08
65.11140770400029,9452968666.141237,547031333.8587627,57.48386840380933,1e-08
65.22726430133838,9452022470.38945,547977529.6105499,57.5832977942545,1e-08
65.34312089867645,9451076369.34721,548923630.6527901,57.68271723230606,1e-08
65.45897749601454,9450130363.00504,549869636.9949608,57.78212671895998,1e-08
65.5748340933526,9449184451.353458,550815548.6465416,57.8815262552124,1e-08
65.69069069069069,9448238634.38299,551761365.6170101,57.98091584205925,1e-08
65.80654728802877,9447292912.084156,552707087.915844,58.08029548049647,1e-08
65.92240388536685,9446347284.447483,553652715.5525169,58.17966517151959,1e-08
66.03826048270493,9445401751.463491,554598248.5365086,58.27902491612477,1e-08
66.15411708004301,9444456313.12271,555543686.8772907,58.37837471530734,1e-08
66.26997367738107,9443510969.415665,556489030.5843353,58.47771457006262,1e-08
66.38583027471917,9442565720.332882,557434279.6671181,58.57704448138637,1e-08
66.50168687205723,9441620565.864893,558379434.135107,58.676364450273525,1e-08
66.61754346939533,9440675506.002226,559324493.9977741,58.77567447771942,1e-08
66.7334000667334,9439730540.73541,560269459.2645893,58.87497456471918,1e-08
66.84925666407148,9438785670.05498,561214329.9450207,58.97426471226777,1e-08
66.96511326140956,9437840893.951464,562159106.0485363,59.073544921360096,1e-08
67.08096985874764,9436896212.415396,563103787.5846043,59.17281519299112,1e-08
67.19682645608572,9435951625.437315,564048374.562685,59.272075528154964,1e-08
67.3126830534238,9435007133.00775,564992866.9922504,59.371325927846975,1e-08
67.42853965076186,9434062735.11724,565937264.8827591,59.47056639306108,1e-08
67.54439624809996,9433118431.756325,566881568.2436752,59.56979692479181,1e-08
67.66025284543802,9432174222.915537,567825777.0844631,59.66901752403372,1e-08
67.77610944277612,9431230108.58542,568769891.4145794,59.76822819178052,1e-08
67.89196604011418,9430286088.756512,569713911.2434883,59.867428929026765,1e-08
68.00782263745226,9429342163.419353,570657836.5806465,59.96661973676619,1e-08
68.12367923479034,9428398332.564486,571601667.4355145,60.06580061599291,1e-08
68.23953583212842,9427454596.182453,572545403.8175468,60.1649715677005,1e-08
68.3553924294665,9426510954.2638,573489045.7362003,60.264132592882646,1e-08
68.47124902680459,9425567406.799068,574432593.2009315,60.36328369253311,1e-08
68.58710562414265,9424623953.778807,575376046.2211933,60.462424867645225,1e-08
68.70296222148075,9423680595.19356,576319404.8064404,60.56155611921251,1e-08
68.81881881881881,9422737331.033876,577262668.9661236,60.660677448228114,1e-08
68.9346754161569,9421794161.290302,578205838.7096977,60.759788855685585,1e-08
69.05053201349497,9420851085.95339,579148914.0466099,60.85889034257761,1e-08
69.16638861083305,9419908105.013689,580091894.986311,60.95798190989736,1e-08
69.28224520817113,9418965218.46175,581034781.53825,61.05706355863776,1e-08
69.39810180550921,9418022426.288126,581977573.711874,61.15613528979152,1e-08
69.5139584028473,9417079728.483368,582920271.5166321,61.25519710435161,1e-08
69.62981500018537,9416137125.038033,583862874.9619675,61.35424900331034,1e-08
69.74567159752345,9415194615.942675,584805384.0573254,61.453290987660246,1e-08
69.86152819486152,9414252201.187849,585747798.812151,61.55232305839385,1e-08
69.9773847921996,9413309880.764114,586690119.2358856,61.65134521650331,1e-08
70.09324138953768,9412367654.662027,587632345.3379726,61.75035746298093,1e-08
70.20909798687576,9411425522.872147,588574477.1278534,61.849359798818845,1e-08
70.32495458421384,9410483485.38503,589516514.6149693,61.948352225009195,1e-08
70.44081118155192,9409541542.191246,590458457.808754,62.04733474254331,1e-08
70.55666777889,9408599693.281347,591400306.7186527,62.14630735241372,1e-08
70.67252437622808,9407657938.6459,592342061.3540993,62.24527005561175,1e-08
70.78838097356615,9406716278.27547,593283721.7245293,62.344222853128926,1e-08
70.90423757090424,9405774712.160618,594225287.8393822,62.443165745957195,1e-08
71.02009416824231,9404833240.291914,595166759.708086,62.54209873508727,1e-08
71.13595076558039,9403891862.65992,596108137.3400803,62.64102182151109,1e-08
71.25180736291847,9402950579.255203,597049420.7447968,62.73993500621978,1e-08
71.36766396025655,9402009390.068335,597990609.9316654,62.838838290204265,1e-08
71.48352055759463,9401068295.089884,598931704.9101162,62.93773167445549,1e-08
71.59937715493271,9400127294.31042,599872705.6895809,63.03661515996456,1e-08
71.71523375227078,9399186387.720512,600813612.2794876,63.13548874772221,1e-08
71.83109034960887,9398245575.310736,601754424.6892643,63.234352438719185,1e-08
71.94694694694694,9397304857.071663,602695142.9283371,63.333206233945994,1e-08
72.06280354428503,9396364232.993866,603635767.006134,63.43205013439338,1e-08
72.1786601416231,9395423703.067923,604576296.9320774,63.53088414105146,1e-08
72.29451673896119,9394483267.284405,605516732.7155952,63.62970825491095,1e-08
72.41037333629926,9393542925.633894,606457074.366106,63.7285224769616,1e-08
72.52622993363734,9392602678.106964,607397321.8930359,63.82732680819393,1e-08
72.64208653097542,9391662524.694195,608337475.3058052,63.92612124959787,1e-08
72.7579431283135,9390722465.386168,609277534.6138325,64.02490580216312,1e-08
72.87379972565158,9389782500.17346,610217499.82654,64.12368046687985,1e-08
72.98965632298966,9388842629.046656,611157370.9533443,64.22244524473754,1e-08
73.10551292032773,9387902851.996338,612097148.0036621,64.32120013672574,1e-08
73.22136951766582,9386963169.013088,613036830.9869118,64.41994514383418,1e-08
73.33722611500389,9386023580.087492,613976419.912508,64.51868026705219,1e-08
73.45308271234198,9385084085.210133,614915914.7898674,64.61740550736927,1e-08
73.56893930968005,9384144684.3716,615855315.6284008,64.71612086577436,1e-08
73.68479590701813,9383205377.562477,616794622.4375229,64.81482634325678,1e-08
73.80065250435621,9382266164.773354,617733835.2266464,64.91352194080567,1e-08
73.91650910169429,9381327045.99482,618672954.0051804,65.01220765940973,1e-08
74.03236569903237,9380388021.217466,619611978.7825336,65.1108835000577,1e-08
74.14822229637045,9379449090.43188,620550909.568119,65.2095494637387,1e-08
74.26407889370851,9378510253.628658,621489746.3713417,65.30820555144105,1e-08
74.37993549104661,9377571510.79839,622428489.2016106,65.40685176415347,1e-08
74.49579208838468,9376632861.93167,623367138.0683308,65.50548810286429,1e-08
74.61164868572276,9375694307.019093,624305692.9809074,65.60411456856184,1e-08
74.72750528306084,9374755846.051254,625244153.9487457,65.70273116223444,1e-08
74.84336188039892,9373817479.01875,626182520.9812508,65.8013378848704,1e-08
74.959218477737,9372879205.91218,627120794.08782,65.89993473745726,1e-08
75.07507507507508,9371941026.722141,628058973.2778587,65.99852172098333,1e-08
75.19093167241316,9371002941.439232,628997058.5607681,66.09709883643653,1e-08
75.30678826975124,9370064950.054054,629935049.9459457,66.19566608480439,1e-08
75.4226448670893,9369127052.55721,630872947.4427891,66.29422346707442,1e-08
75.53850146442738,9368189248.939299,631810751.0607014,66.39277098423474,1e-08
75.65435806176546,9367251539.190928,632748460.8090725,66.49130863727211,1e-08
75.77021465910354,9366313923.302696,633686076.6973038,66.5898364271744,1e-08
75.88607125644162,9365376401.265211,634623598.7347889,66.68835435492875,1e-08
76.0019278537797,9364438973.069082,635561026.9309177,66.78686242152189,1e-08
76.11778445111779,9363501638.70491,636498361.2950897,66.88536062794152,1e-08
76.23364104845587,9362564398.163307,637435601.8366928,66.98384897517418,1e-08
76.34949764579395,9361627251.434881,638372748.5651188,67.0823274642068,1e-08
76.46535424313201,9360690198.51024,639309801.4897594,67.18079609602626,1e-08
76.5812108404701,9359753239.379997,640246760.6200027,67.2792548716191,1e-08
76.69706743780817,9358816374.034763,641183625.9652367,67.37770379197184,1e-08
76.81292403514625,9357879602.465149,642120397.5348511,67.4761428580712,1e-08
76.92878063248433,9356942924.66177,643057075.3382301,67.57457207090329,1e-08
77.04463722982241,9356006340.615242,643993659.384758,67.67299143145425,1e-08
77.1604938271605,9355069850.316177,644930149.6838226,67.77140094071058,1e-08
77.27635042449857,9354133453.755194,645866546.2448063,67.8698005996582,1e-08
77.39220702183664,9353197150.922909,646802849.0770912,67.96819040928303,1e-08
77.50806361917473,9352260941.80994,647739058.1900597,68.06657037057099,1e-08
77.6239202165128,9351324826.406908,648675173.593092,68.16494048450778,1e-08
77.7397768138509,9350388804.70443,649611195.2955704,68.26330075207936,1e-08
77.85563341118896,9349452876.693129,650547123.3068714,68.361651174271,1e-08
77.97149000852704,9348517042.363628,651482957.6363716,68.45999175206803,1e-08
78.08734660586512,9347581301.706549,652418698.2934513,68.55832248645619,1e-08
78.2032032032032,9346645654.712513,653354345.287487,68.65664337842078,1e-08
78.31905980054128,9345710101.372149,654289898.6278515,68.7549544289467,1e-08
78.43491639787936,9344774641.67608,655225358.3239193,68.8532556390191,1e-08
78.55077299521743,9343839275.614935,656160724.3850651,68.95154700962306,1e-08
78.66662959255552,9342904003.17934,657095996.8206596,69.04982854174332,1e-08
78.78248618989359,9341968824.359924,658031175.6400757,69.14810023636478,1e-08
78.89834278723168,9341033739.147316,658966260.852684,69.24636209447218,1e-08
79.01419938456975,9340098747.532146,659901252.4678535,69.34461411705001,1e-08
79.13005598190783,9339163849.505047,660836150.4949532,69.44285630508278,1e-08
79.24591257924591,9338229045.05665,661770954.9433498,69.54108865955483,1e-08
79.36176917658399,9337294334.177591,662705665.8224087,69.63931118145025,1e-08
79.47762577392207,9336359716.8585,663640283.1415005,69.73752387175378,1e-08
79.59348237126015,9335425193.090012,664574806.9099884,69.83572673144931,1e-08
79.70933896859823,9334490762.862766,665509237.1372337,69.93391976152057,1e-08
79.82519556593631,9333556426.1674,666443573.8325996,70.03210296295146,1e-08
79.94105216327438,9332622182.994547,667377817.0054531,70.13027633672631,1e-08
80.05690876061247,9331688033.33485,668311966.6651497,70.2284398838282,1e-08
80.17276535795054,9330753977.178947,669246022.8210526,70.32659360524109,1e-08
80.28862195528862,9329820014.51748,670179985.4825191,70.42473750194824,1e-08
80.4044785526267,9328886145.341091,671113854.6589088,70.5228715749332,1e-08
80.52033514996478,9327952369.640419,672047630.359581,70.62099582517949,1e-08
80.63619174730286,9327018687.406113,672981312.5938873,70.7191102536698,1e-08
80.75204834464094,9326085098.628813,673914901.3711872,70.81721486138764,1e-08
80.86790494197902,9325151603.299164,674848396.7008362,70.91530964931611,1e-08
80.9837615393171,9324218201.407816,675781798.5921841,71.01339461843776,1e-08
81.09961813665517,9323284892.945415,676715107.0545845,71.11146976973548,1e-08
81.21547473399325,9322351677.902609,677648322.0973911,71.20953510419217,1e-08
81.33133133133133,9321418556.270046,678581443.7299538,71.30759062279036,1e-08
81.44718792866941,9320485528.038378,679514471.9616222,71.40563632651255,1e-08
81.56304452600749,9319552593.198252,680447406.8017483,71.50367221634144,1e-08
81.67890112334557,9318619751.740326,681380248.2596741,71.60169829325876,1e-08
81.79475772068365,9317687003.655249,682312996.3447514,71.69971455824722,1e-08
81.91061431802173,9316754348.933678,683245651.0663223,71.79772101228852,1e-08
82.02647091535981,9315821787.566261,684178212.4337387,71.89571765636536,1e-08
82.14232751269788,9314889319.543663,685110680.456337,71.99370449145887,1e-08
82.25818411003596,9313956944.856533,686043055.143467,72.09168151855154,1e-08
82.37404070737404,9313024663.495531,686975336.5044689,72.1896487386249,1e-08
82.48989730471212,9312092475.451319,687907524.5486813,72.28760615266023,1e-08
82.6057539020502,9311160380.71455,688839619.28545,72.38555376163967,1e-08
82.72161049938828,9310228379.275888,689771620.7241116,72.4834915665443,1e-08
82.83746709672634,9309296471.125996,690703528.8740044,72.58141956835546,1e-08
82.95332369406444,9308364656.255535,691635343.7444649,72.67933776805422,1e-08
83.0691802914025,9307432934.655165,692567065.3448353,72.7772461666223,1e-08
83.1850368887406,9306501306.315554,693498693.6844463,72.87514476504023,1e-08
83.30089348607866,9305569771.227367,694430228.7726326,72.9730335642889,1e-08
83.41675008341674,9304638329.381266,695361670.6187344,73.07091256534981,1e-08
83.53260668075482,9303706980.767923,696293019.2320766,73.16878176920288,1e-08
83.6484632780929,9302775725.378002,697224274.6219978,73.26664117682941,1e-08
83.76431987543099,9301844563.202173,698155436.7978268,73.3644907892097,1e-08
83.88017647276907,9300913494.231108,699086505.7688923,73.46233060732406,1e-08
83.99603307010715,9299982518.455475,700017481.5445251,73.56016063215301,1e-08
84.11188966744523,9299051635.865946,700948364.1340542,73.65798086467684,1e-08
84.22774626478329,9298120846.453194,701879153.5468063,73.75579130587566,1e-08
84.34360286212139,9297190150.207891,702809849.7921085,73.85359195672959,1e-08
84.45945945945945,9296259547.120714,703740452.8792858,73.95138281821849,1e-08
84.57531605679755,9295329037.182337,704670962.8176632,74.0491638913223,1e-08
84.69117265413561,9294398620.383436,705601379.6165638,74.14693517702074,1e-08
84.8070292514737,9293468296.71469,706531703.2853107,74.24469667629346,1e-08
84.92288584881177,9292538066.166773,707461933.8332272,74.34244839012023,1e-08
85.03874244614985,9291607928.730366,708392071.2696342,74.44019031948051,1e-08
85.15459904348793,9290677884.396152,709322115.6038475,74.5379224653532,1e-08
85.27045564082601,9289747933.15481,710252066.84519,74.63564482871804,1e-08
85.38631223816408,9288818074.997019,711181925.0029812,74.7333574105543,1e-08
85.50216883550218,9287888309.913465,712111690.0865345,74.8310602118407,1e-08
85.61802543284024,9286958637.894833,713041362.1051674,74.92875323355634,1e-08
85.73388203017834,9286029058.931803,713970941.0681973,75.0264364766803,1e-08
85.8497386275164,9285099573.015064,714900426.9849358,75.12410994219113,1e-08
85.96559522485448,9284170180.135303,715829819.8646965,75.22177363106749,1e-08
86.08145182219256,9283240880.283205,716759119.716795,75.3194275442883,1e-08
86.19730841953064,9282311673.44946,717688326.5505409,75.41707168283186,1e-08
86.31316501686872,9281382559.624756,718617440.3752441,75.51470604767646,1e-08
86.4290216142068,9280453538.799784,719546461.2002163,75.61233063980063,1e-08
86.54487821154487,9279524610.965237,720475389.0347633,75.70994546018224,1e-08
86.66073480888296,9278595776.111805,721404223.888195,75.8075505097996,1e-08
86.77659140622103,9277667034.23018,722332965.7698193,75.90514578963084,1e-08
86.89244800355911,9276738385.311058,723261614.688942,76.00273130065382,1e-08
87.00830460089719,9275809829.345135,724190170.6548653,76.10030704384604,1e-08
87.12416119823527,9274881366.323103,725118633.676897,76.19787302018564,1e-08
87.24001779557335,9273952996.235662,726047003.7643375,76.29542923064989,1e-08
87.35587439291143,9273024719.07351,726975280.9264908,76.39297567621648,1e-08
87.47173099024951,9272096534.827343,727903465.172657,76.49051235786273,1e-08
87.58758758758759,9271168443.487862,728831556.5121384,76.58803927656615,1e-08
87.70344418492567,9270240445.045767,729759554.9542332,76.6855564333038,1e-08
87.81930078226374,9269312539.49176,730687460.5082397,76.78306382905282,1e-08
87.93515737960182,9268384726.816544,731615273.1834564,76.88056146479029,1e-08
88.0510139769399,9267457007.01082,732542992.9891796,76.9780493414931,1e-08
88.16687057427798,9266529380.065294,733470619.9347057,77.07552746013816,1e-08
88.28272717161606,9265601845.97067,734398154.0293293,77.17299582170217,1e-08
88.39858376895414,9264674404.717657,735325595.2823429,77.27045442716162,1e-08
88.5144403662922,9263747056.29696,736252943.7030392,77.36790327749301,1e-08
88.6302969636303,9262819800.699286,737180199.3007145,77.46534237367324,1e-08
88.74615356096837,9261892637.915346,738107362.0846539,77.56277171667801,1e-08
88.86201015830646,9260965567.935846,739034432.0641537,77.66019130748421,1e-08
88.97786675564453,9260038590.751501,739961409.2484989,77.75760114706753,1e-08
89.09372335298261,9259111706.35302,740888293.6469803,77.85500123640429,1e-08
89.20957995032069,9258184914.731117,741815085.2688828,77.95239157647018,1e-08
89.32543654765877,9257258215.876505,742741784.1234951,78.04977216824126,1e-08
89.44129314499685,9256331609.7799,743668390.2201004,78.14714301269306,1e-08
89.55714974233493,9255405096.432013,744594903.5679874,78.24450411080169,1e-08
89.673006339673,9254478675.823565,745521324.1764355,78.3418554635422,1e-08
89.78886293701109,9253552347.94527,746447652.0547295,78.43919707189033,1e-08
89.90471953434916,9252626112.78785,747373887.2121506,78.53652893682136,1e-08
90.02057613168725,9251699970.34202,748300029.65798,78.63385105931057,1e-08
90.13643272902532,9250773920.598501,749226079.4014988,78.73116344033326,1e-08
90.2522893263634,9249847963.548016,750152036.4519844,78.82846608086433,1e-08
90.36814592370148,9248922099.181284,751077900.818716,78.92575898187889,1e-08
90.48400252103956,9247996327.489033,752003672.5109673,79.02304214435141,1e-08
90.59985911837764,9247070648.461979,752929351.5380211,79.12031556925739,1e-08
90.71571571571572,9246145062.090853,753854937.9091473,79.21757925757092,1e-08
90.83157231305378,9245219568.366377,754780431.6336231,79.31483321026691,1e-08
90.94742891039188,9244294167.27928,755705832.7207203,79.41207742831963,1e-08
91.06328550772994,9243368858.820288,756631141.1797123,79.5093119127036,1e-08
91.17914210506804,9242443642.98013,757556357.0198708,79.60653666439309,1e-08
91.2949987024061,9241518519.749535,758481480.2504654,79.7037516843622,1e-08
91.4108552997442,9240593489.119232,759406510.8807678,79.80095697358523,1e-08
91.52671189708227,9239668551.079954,760331448.9200459,79.89815253303605,1e-08
91.64256849442035,9238743705.622433,761256294.3775673,79.99533836368857,1e-08
91.75842509175843,9237818952.737402,762181047.262598,80.09251446651649,1e-08
91.8742816890965,9236894292.415592,763105707.5844078,80.18968084249389,1e-08
91.99013828643459,9235969724.647743,764030275.3522568,80.28683749259386,1e-08
92.10599488377267,9235045249.42459,764954750.5754108,80.38398441779009,1e-08
92.22185148111073,9234120866.736864,765879133.2631359,80.48112161905627,1e-08
92.33770807844883,9233196576.575306,766803423.4246941,80.5782490973657,1e-08
92.4535646757869,9232272378.930658,767727621.0693417,80.67536685369106,1e-08
92.56942127312497,9231348273.793655,768651726.2063446,80.77247488900603,1e-08
92.68527787046305,9230424261.15504,769575738.8449593,80.86957320428336,1e-08
92.80113446780113,9229500341.005552,770499658.9944477,80.96666180049625,1e-08
92.91699106513921,9228576513.335938,771423486.6640625,81.06374067861705,1e-08
93.0328476624773,9227652778.136936,772347221.8630638,81.16080983961884,1e-08
93.14870425981537,9226729135.39929,773270864.6007099,81.25786928447451,1e-08
93.26456085715344,9225805585.11375,774194414.8862495,81.35491901415593,1e-08
93.38041745449152,9224882127.271059,775117872.728941,81.451959029636,1e-08
93.4962740518296,9223958761.861963,776041238.1380367,81.54898933188701,1e-08
93.61213064916768,9223035488.87721,776964511.1227894,81.64600992188124,1e-08
93.72798724650576,9222112308.307552,777887691.6924477,81.7430208005906,1e-08
93.84384384384384,9221189220.143736,778810779.8562641,81.84002196898737,1e-08
93.95970044118192,9220266224.376513,779733775.6234875,81.93701342804343,1e-08
94.07555703852,9219343320.996635,780656679.0033646,82.03399517873045,1e-08
94.19141363585807,9218420509.994854,781579490.005146,82.13096722202056,1e-08
94.30727023319616,9217497791.361921,782502208.6380787,82.22792955888542,1e-08
94.42312683053423,9216575165.088596,783424834.9114037,82.3248821902961,1e-08
94.53898342787232,9215652631.16563,784347368.8343697,82.42182511722453,1e-08
94.65484002521039,9214730189.58378,785269810.4162197,82.51875834064197,1e-08
94.77069662254847,9213807840.333803,786192159.6661968,82.6156818615197,1e-08
94.88655321988655,9212885583.406458,787114416.5935421,82.71259568082883,1e-08
95.00240981722463,9211963418.792503,788036581.2074966,82.80949979954042,1e-08
95.11826641456271,9211041346.482698,788958653.5173016,82.90639421862558,1e-08
95.23412301190079,9210119366.467806,789880633.5321941,83.00327893905498,1e-08
95.34997960923886,9209197478.738586,790802521.2614136,83.1001539617995,1e-08
95.46583620657695,9208275683.2858,791724316.7141991,83.19701928783005,1e-08
95.58169280391502,9207353980.100214,792646019.899786,83.29387491811708,1e-08
95.69754940125311,9206432369.172592,793567630.8274078,83.39072085363091,1e-08
95.81340599859118,9205510850.493698,794489149.5063019,83.4875570953422,1e-08
95.92926259592926,9204589424.0543,795410575.9456997,83.58438364422105,1e-08
96.04511919326734,9203668089.845165,796331910.1548347,83.68120050123773,1e-08
96.16097579060542,9202746847.85706,797253152.1429405,83.77800766736252,1e-08
96.2768323879435,9201825698.080755,798174301.9192448,83.87480514356513,1e-08
96.39268898528158,9200904640.50702,799095359.492979,83.97159293081562,1e-08
96.50854558261965,9199983675.126627,800016324.873373,84.06837103008388,1e-08
96.62440217995774,9199062801.930346,800937198.0696545,84.16513944233958,1e-08
96.74025877729581,9198142020.90895,801857979.0910492,84.26189816855224,1e-08
96.8561153746339,9197221332.053215,802778667.946785,84.35864720969151,1e-08
96.97197197197197,9196300735.353912,803699264.6460876,84.45538656672687,1e-08
97.08782856931005,9195380230.80182,804619769.1981792,84.55211624062741,1e-08
97.20368516664811,9194459818.387714,805540181.6122856,84.64883623236264,1e-08
97.31954176398621,9193539498.102371,806460501.8976288,84.7455465429016,1e-08
97.43539836132429,9192619269.936573,807380730.063427,84.84224717321298,1e-08
97.55125495866237,9191699133.881094,808300866.118906,84.93893812426629,1e-08
97.66711155600044,9190779089.926716,809220910.0732841,85.03561939703017,1e-08
97.78296815333852,9189859138.064222,810140861.9357777,85.13229099247313,1e-08
97.89882475067661,9188939278.284391,811060721.7156086,85.22895291156424,1e-08
98.01468134801469,9188019510.578009,811980489.4219913,85.32560515527179,1e-08
98.13053794535276,9187099834.93586,812900165.0641403,85.42224772456404,1e-08
98.24639454269084,9186180251.348724,813819748.6512756,85.51888062040989,1e-08
98.3622511400289,9185260759.807392,814739240.1926079,85.6155038437772,1e-08
98.478107737367,9184341360.302649,815658639.6973515,85.71211739563428,1e-08
98.59396433470508,9183422052.825281,816577947.1747189,85.80872127694919,1e-08
98.70982093204316,9182502837.36608,817497162.6339207,85.90531548868981,1e-08
98.82567752938122,9181583713.915833,818416286.0841675,86.00190003182401,1e-08
98.9415341267193,9180664682.46533,819335317.5346699,86.09847490731968,1e-08
99.0573907240574,9179745743.005363,820254256.9946365,86.1950401161445,1e-08
99.17324732139546,9178826895.526724,821173104.4732761,86.29159565926614,1e-08
99.28910391873355,9177908140.020206,822091859.9797935,86.38814153765189,1e-08
99.40496051607163,9176989476.476604,823010523.5233955,86.48467775226922,1e-08
99.52081711340969,9176070904.886713,823929095.113287,86.58120430408542,1e-08
99.63667371074779,9175152425.241327,824847574.7586727,86.67772119406774,1e-08
99.75253030808587,9174234037.531244,825765962.4687557,86.77422842318327,1e-08
99.86838690542393,9173315741.747263,826684258.252737,86.87072599239892,1e-08
99.98424350276201,9172397537.88018,827602462.1198196,86.9672139026817,1e-08
100.10010010010011,9171479425.920797,828520574.0792027,87.06369215499835,1e-08
100.21595669743819,9170561405.859911,829438594.140089,87.16016075031592,1e-08
100.33181329477625,9169643477.688328,830356522.3116722,87.25661968960048,1e-08
100.44766989211433,9168725641.396849,831274358.6031513,87.35306897381872,1e-08
100.56352648945241,9167807896.976276,832192103.0237236,87.4495086039371,1e-08
100.67938308679051,9166890244.417412,833109755.5825882,87.54593858092232,1e-08
100.79523968412857,9165972683.711065,834027316.2889347,87.64235890574004,1e-08
100.91109628146666,9165055214.84804,834944785.1519604,87.73876957935673,1e-08
101.02695287880472,9164137837.819141,835862162.1808586,87.83517060273847,1e-08
101.1428094761428,9163220552.615181,836779447.384819,87.93156197685093,1e-08
101.2586660734809,9162303359.226967,837696640.7730331,88.02794370266001,1e-08
101.37452267081898,9161386257.645306,838613742.3546944,88.12431578113174,1e-08
101.49037926815704,9160469247.861012,839530752.1389885,88.22067821323144,1e-08
101.60623586549512,9159552329.864895,840447670.1351051,88.31703099992477,1e-08
101.72209246283319,9158635503.647766,841364496.3522339,88.41337414217737,1e-08
101.8379490601713,9157718769.20044,842281230.7995605,88.50970764095456,1e-08
101.95380565750936,9156802126.513733,843197873.4862671,88.60603149722118,1e-08
102.06966225484744,9155885575.578457,844114424.4215431,88.70234571194293,1e-08
102.18551885218551,9154969116.385431,845030883.6145687,88.79865028608447,1e-08
102.30137544952359,9154052748.92547,845947251.0745296,88.89494522061106,1e-08
102.41723204686168,9153136473.189392,846863526.8106079,88.99123051648759,1e-08
102.53308864419976,9152220289.168016,847779710.8319836,89.08750617467874,1e-08
102.64894524153783,9151304196.852165,848695803.1478348,89.18377219614896,1e-08
102.76480183887591,9150388196.232655,849611803.7673454,89.28002858186333,1e-08
102.88065843621398,9149472287.30031,850527712.6996899,89.37627533278594,1e-08
102.99651503355207,9148556470.045952,851443529.9540482,89.47251244988142,1e-08
103.11237163089015,9147640744.460405,852359255.5395947,89.56873993411389,1e-08
103.22822822822823,9146725110.534494,853274889.4655056,89.66495778644759,1e-08
103.3440848255663,9145809568.259043,854190431.7409573,89.7611660078468,1e-08
103.45994142290438,9144894117.624878,855105882.3751221,89.85736459927539,1e-08
103.57579802024247,9143978758.622826,856021241.3771744,89.95355356169742,1e-08
103.69165461758054,9143063491.243717,856936508.7562828,90.04973289607638,1e-08
103.80751121491862,9142148315.47838,857851684.5216198,90.14590260337613,1e-08
103.9233678122567,9141233231.317642,858766768.6823578,90.24206268456054,1e-08
104.03922440959477,9140318238.752337,859681761.2476635,90.33821314059286,1e-08
104.15508100693286,9139403337.773294,860596662.2267056,90.4343539724366,1e-08
104.27093760427094,9138488528.371347,861511471.6286526,90.53048518105521,1e-08
104.38679420160902,9137573810.537333,862426189.4626675,90.62660676741154,1e-08
104.50265079894709,9136659184.262081,863340815.7379189,90.7227187324691,1e-08
104.61850739628517,9135744649.536427,864255350.4635735,90.81882107719112,1e-08
104.73436399362326,9134830206.35121,865169793.6487904,90.91491380254008,1e-08
104.85022059096133,9133915854.697266,866084145.3027344,91.01099690947906,1e-08
104.96607718829941,9133001594.565434,866998405.4345665,91.10707039897072,1e-08
105.08193378563749,9132087425.946552,867912574.0534477,91.20313427197773,1e-08
105.19779038297555,9131173348.83146,868826651.168539,91.29918852946274,1e-08
105.31364698031365,9130259363.211,869740636.7889996,91.39523317238825,1e-08
105.42950357765173,9129345469.076014,870654530.9239864,91.4912682017165,1e-08
105.5453601749898,9128431666.417343,871568333.5826569,91.58729361840976,1e-08
105.66121677232788,9127517955.225832,872482044.774168,91.68330942343032,1e-08
105.77707336966596,9126604335.492325,873395664.5076752,91.77931561774022,1e-08
105.89292996700405,9125690807.207666,874309192.7923336,91.87531220230153,1e-08
106.00878656434212,9124777370.362705,875222629.6372948,91.97129917807594,1e-08
106.1246431616802,9123864024.948286,876135975.051714,92.06727654602548,1e-08
106.24049975901828,9122950770.955261,877049229.0447388,92.16324430711144,1e-08
106.35635635635634,9122037608.374475,877962391.6255245,92.25920246229589,1e-08
106.47221295369444,9121124537.19678,878875462.8032207,92.35515101254028,1e-08
106.58806955103252,9120211557.413027,879788442.5869732,92.45108995880567,1e-08
106.70392614837058,9119298669.014069,880701330.9859314,92.54701930205354,1e-08
106.81978274570866,9118385871.990757,881614128.009243,92.64293904324515,1e-08
106.93563934304674,9117473166.333944,882526833.6660557,92.73884918334177,1e-08
107.05149594038484,9116560552.034489,883439447.9655113,92.83474972330404,1e-08
107.1673525377229,9115648029.083242,884351970.9167576,92.93064066409326,1e-08
107.28320913506099,9114735597.471064,885264402.5289364,93.02652200667006,1e-08
107.39906573239905,9113823257.188808,886176742.8111916,93.12239375199533,1e-08
107.51492232973713,9112911008.227339,887088991.7726612,93.21825590102934,1e-08
107.63077892707523,9111998850.577509,888001149.4224911,93.31410845473312,1e-08
107.7466355244133,9111086784.230183,888913215.7698174,93.40995141406675,1e-08
107.86249212175137,9110174809.176218,889825190.823782,93.50578477999089,1e-08
107.97834871908945,9109262925.40648,890737074.5935192,93.60160855346541,1e-08
108.09420531642755,9108351132.91183,891648867.0881691,93.69742273545076,1e-08
108.21006191376563,9107439431.683132,892560568.3168678,93.79322732690702,1e-08
108.3259185111037,9106527821.71125,893472178.2887497,93.88902232879404,1e-08
108.44177510844177,9105616302.987051,894383697.012949,93.98480774207168,1e-08
108.55763170577984,9104704875.501402,895295124.4985981,94.08058356769959,1e-08
108.67348830311794,9103793539.245169,896206460.7548313,94.17634980663767,1e-08
108.78934490045602,9102882294.20922,897117705.7907791,94.27210645984535,1e-08
108.9052014977941,9101971140.384426,898028859.6155739,94.3678535282823,1e-08
109.02105809513216,9101060077.761656,898939922.2383442,94.46359101290778,1e-08
109.13691469247024,9100149106.331781,899850893.6682186,94.55931891468104,1e-08
109.25277128980834,9099238226.085674,900761773.9143257,94.65503723456136,1e-08
109.3686278871464,9098327437.014208,901672562.9857922,94.75074597350779,1e-08
109.48448448448448,9097416739.108255,902583260.8917446,94.84644513247939,1e-08
109.60034108182256,9096506132.358692,903493867.6413078,94.94213471243502,1e-08
109.71619767916063,9095595616.756393,904404383.2436066,95.03781471433354,1e-08
109.83205427649872,9094685192.292236,905314807.7077637,95.1334851391336,1e-08
109.9479108738368,9093774858.957098,906225141.042902,95.22914598779388,1e-08
110.06376747117488,9092864616.741858,907135383.2581425,95.32479726127282,1e-08
110.17962406851295,9091954465.637392,908045534.362608,95.4204389605291,1e-08
110.29548066585103,9091044405.634584,908955594.3654156,95.51607108652075,1e-08
110.41133726318913,9090134436.724316,909865563.2756844,95.61169364020604,1e-08
110.52719386052719,9089224558.897467,910775441.1025333,95.70730662254324,1e-08
110.64305045786527,9088314772.144922,911685227.8550777,95.8029100344902,1e-08
110.75890705520335,9087405076.457563,912594923.5424366,95.89850387700517,1e-08
110.87476365254142,9086495471.826277,913504528.1737232,95.99408815104582,1e-08
110.99062024987951,9085585958.241947,914414041.7580528,96.08966285756999,1e-08
111.10647684721759,9084676535.695463,915323464.3045368,96.18522799753515,1e-08
111.22233344455566,9083767204.17771,916232795.8222904,96.28078357189916,1e-08
111.33819004189374,9082857963.679577,917142036.3204231,96.37632958161927,1e-08
111.45404663923182,9081948814.191956,918051185.8080444,96.47186602765274,1e-08
111.56990323656991,9081039755.70573,918960244.2942696,96.56739291095742,1e-08
111.68575983390798,9080130788.2118,919869211.7882004,96.66291023248978,1e-08
111.80161643124606,9079221911.701052,920778088.2989483,96.75841799320726,1e-08
111.91747302858413,9078313126.164381,921686873.835619,96.85391619406671,1e-08
112.0333296259222,9077404431.592678,922595568.4073219,96.94940483602541,1e-08
112.1491862232603,9076495827.976841,923504172.023159,97.04488392003981,1e-08
112.26504282059838,9075587315.307766,924412684.692234,97.14035344706654,1e-08
112.38089941793645,9074678893.57635,925321106.4236507,97.23581341806228,1e-08
112.49675601527453,9073770562.773487,926229437.2265129,97.33126383398368,1e-08
112.61261261261261,9072862322.890078,927137677.1099224,97.4267046957872,1e-08
112.7284692099507,9071954173.91702,928045826.0829792,97.52213600442906,1e-08
112.84432580728877,9071046115.845219,928953884.1547813,97.61755776086535,1e-08
112.96018240462685,9070138148.665571,929861851.3344288,97.71296996605233,1e-08
113.07603900196492,9069230272.36898,930769727.6310196,97.80837262094602,1e-08
113.191895599303,9068322486.946348,931677513.0536518,97.90376572650248,1e-08
113.30775219664109,9067414792.388582,932585207.6114178,97.99914928367718,1e-08
113.42360879397917,9066507188.686583,933492811.3134174,98.09452329342638,1e-08
113.53946539131724,9065599675.831259,934400324.1687412,98.1898877567053,1e-08
113.65532198865532,9064692253.813515,935307746.1864853,98.28524267446983,1e-08
113.77117858599338,9063784922.624262,936215077.3757381,98.380588047675,1e-08
113.88703518333149,9062877682.254404,937122317.7455959,98.47592387727666,1e-08
114.00289178066956,9061970532.694855,938029467.3051453,98.57125016422967,1e-08
114.11874837800764,9061063473.93652,938936526.0634804,98.66656690948967,1e-08
114.2346049753457,9060156505.970316,939843494.0296841,98.76187411401112,1e-08
114.35046157268378,9059249628.787151,940750371.2128487,98.8571717787495,1e-08
114.46631817002188,9058342842.37794,941657157.6220608,98.9524599046596,1e-08
114.58217476735996,9057436146.733597,942563853.2664032,99.04773849269593,1e-08
114.69803136469802,9056529541.845036,943470458.1549644,99.1430075438135,1e-08
114.8138879620361,9055623027.703173,944376972.2968273,99.23826705896678,1e-08
114.9297445593742,9054716604.298923,945283395.7010765,99.33351703911042,1e-08
115.04560115671227,9053810271.623209,946189728.376791,99.42875748519846,1e-08
115.16145775405035,9052904029.666945,947095970.3330555,99.52398839818555,1e-08
115.27731435138843,9051997878.42105,948002121.5789509,99.61920977902595,1e-08
115.39317094872649,9051091817.876446,948908182.1235542,99.7144216286735,1e-08
115.50902754606459,9050185848.024054,949814151.9759464,99.80962394808247,1e-08
115.62488414340267,9049279968.854797,950720031.1452026,99.90481673820648,1e-08
115.74074074074075,9048374180.359594,951625819.6404057,100.0,1e-08
0.0,10000000000.0,0.0,0.0,1e-07
0.11585659733807882,9989994998.333752,10005001.666248322,0.15827679588193644,1e-07
0.23171319467615764,9980000006.673338,19999993.326662064,0.31639523580321355,1e-07
0.34756979201423643,9970015015.003744,29984984.996255875,0.4743554781990303,1e-07
0.4634263893523153,9960040013.319983,39959986.68001747,0.6321576813459618,1e-07
0.5792829866903941,9950074991.627066,49925008.37293434,0.7898020033623822,1e-07
0.6951395840284729,9940119939.940012,59880060.05998802,0.9472886022083734,1e-07
0.8109961813665517,9930174848.28383,69825151.71616936,1.104617635685967,1e-07
0.9268527787046306,9920239706.693508,79760293.30649185,1.2617892614393555,1e-07
1.0427093760427093,9910314505.214005,89685494.78599548,1.4188036369549528,1e-07
1.1585659733807883,9900399233.900234,99600766.09976578,1.575660919561695,1e-07
1.274422570718867,9890493882.817062,109506117.18293762,1.732361266431102,1e-07
1.3902791680569457,9880598442.039303,119401557.96069717,1.8889048345773072,1e-07
1.5061357653950247,9870712901.65169,129287098.34831047,2.0452917808575095,1e-07
1.6219923627331034,9860837251.74888,139162748.2511196,2.2015222619719133,1e-07
1.7378489600711822,9850971482.435446,149028517.5645542,2.35759643446391,1e-07
1.8537055574092611,9841115583.825851,158884416.17414856,2.5135144547203505,1e-07
1.9695621547473399,9831269546.04446,168730453.9555397,2.669276478971512,1e-07
2.0854187520854186,9821433359.22551,178566640.77449036,2.8248826632914623,1e-07
2.2012753494234976,9811607013.51311,188392986.4868908,2.98033316359809,1e-07
2.3171319467615765,9801790499.061232,198209500.9387684,3.1356281356532545,1e-07
2.432988544099655,9791983806.033699,208016193.96630096,3.2907677350629987,1e-07
2.548845141437734,9782186924.604176,217813075.39582443,3.4457521172776664,1e-07
2.664701738775813,9772399844.956154,227600155.04384613,3.600581437592118,1e-07
2.7805583361138915,9762622557.28295,237377442.71705055,3.7552558511458183,1e-07
2.8964149334519704,9752855051.787693,247144948.21230698,3.9097755129229563,1e-07
3.0122715307900494,9743097318.683311,256902681.31668854,4.06414057775275,1e-07
3.1281281281281283,9733349348.192528,266650651.80747223,4.218351200309443,1e-07
3.243984725466207,9723611130.547842,276388869.452158,4.37240753511261,1e-07
3.3598413228042854,9713882655.991533,286117344.0084667,4.526309736527124,1e-07
3.4756979201423643,9704163914.77564,295836085.2243595,4.680057958763457,1e-07
3.5915545174804437,9694454897.161953,305545102.838047,4.833652355877833,1e-07
3.7074111148185223,9684755593.422005,315244406.5779953,4.98709308177232,1e-07
3.8232677121566008,9675065993.837065,324934006.16293526,5.140380290194977,1e-07
3.9391243094946797,9665386088.698124,334613911.30187607,5.293514134740067,1e-07
4.054980906832759,9655715868.30589,344284131.6941109,5.44649476884815,1e-07
4.170837504170837,9646055322.970766,353944677.02923393,5.599322345806349,1e-07
4.286694101508916,9636404443.012863,363595556.98713684,5.751997018748292,1e-07
4.402550698846995,9626763218.761963,373236781.2380371,5.9045189406545715,1e-07
4.5184072961850745,9617131640.557535,382868359.4424648,6.056888264352521,1e-07
4.634263893523153,9607509698.748703,392490301.251297,6.2091051425167665,1e-07
4.750120490861232,9597897383.694256,402102616.3057442,6.361169727669015,1e-07
4.86597708819931,9588294685.76262,411705314.2373791,6.5130821721785015,1e-07
4.9818336855373895,9578701595.331867,421298404.6681328,6.664842628261935,1e-07
5.097690282875468,9569118102.789688,430881897.2103119,6.816451247983768,1e-07
5.2135468802135465,9559544198.533396,440455801.46660423,6.967908183256284,1e-07
5.329403477551626,9549979872.969904,450020127.03009605,7.119213585839873,1e-07
5.445260074889704,9540425116.515734,459574883.4842663,7.27036760734294,1e-07
5.561116672227783,9530879919.596989,469120080.4030113,7.421370399222295,1e-07
5.6769732695658615,9521344272.649351,478655727.3506489,7.5722221127832166,1e-07
5.792829866903941,9511818166.118073,488181833.8819275,7.7229228991796015,1e-07
5.90868646424202,9502301590.457966,497698409.54203415,7.873472909414085,1e-07
6.024543061580099,9492794536.133392,507205463.86660767,8.02387229433825,1e-07
6.140399658918177,9483296993.618256,516703006.3817444,8.174121204652725,1e-07
6.256256256256257,9473808953.395988,526191046.60401154,8.324219790907385,1e-07
6.372112853594335,9464330405.959543,535669594.0404568,8.474168203501508,1e-07
6.487969450932414,9454861341.81139,545138658.1886101,8.623966592683807,1e-07
6.603826048270492,9445401751.463491,554598248.5365086,8.773615108552821,1e-07
6.719682645608571,9435951625.437315,564048374.562685,8.923113901056729,1e-07
6.83553924294665,9426510954.2638,573489045.7362003,9.072463119993868,1e-07
6.951395840284729,9417079728.483368,582920271.5166321,9.221662915012551,1e-07
7.067252437622807,9407657938.6459,592342061.3540993,9.370713435611465,1e-07
7.1831090349608875,9398245575.310736,601754424.6892643,9.519614831139684,1e-07
7.298965632298966,9388842629.046656,611157370.9533443,9.668367250796871,1e-07
7.4148222296370445,9379449090.43188,620550909.568119,9.816970843633381,1e-07
7.530678826975123,9370064950.054054,629935049.9459457,9.96542575855052,1e-07
7.6465354243132015,9360690198.51024,639309801.4897594,10.113732144300524,1e-07
7.762392021651281,9351324826.406908,648675173.593092,10.261890149486883,1e-07
7.8782486189893595,9341968824.359924,658031175.6400757,10.409899922564382,1e-07
7.994105216327438,9332622182.994547,667377817.0054531,10.557761611839267,1e-07
8.109961813665517,9323284892.945415,676715107.0545845,10.705475365469352,1e-07
8.225818411003596,9313956944.856533,686043055.143467,10.853041331464336,1e-07
8.341675008341674,9304638329.381266,695361670.6187344,11.000459657685786,1e-07
8.457531605679753,9295329037.182337,704670962.8176632,11.147730491847243,1e-07
8.573388203017831,9286029058.931803,713970941.0681973,11.294853981514606,1e-07
8.689244800355912,9276738385.311058,723261614.688942,11.44183027410604,1e-07
8.80510139769399,9267457007.01082,732542992.9891796,11.588659516892225,1e-07
8.920957995032069,9258184914.731117,741815085.2688828,11.735341856996557,1e-07
9.036814592370149,9248922099.181284,751077900.818716,11.88187744139519,1e-07
9.152671189708228,9239668551.079954,760331448.9200459,12.028266416917175,1e-07
9.268527787046306,9230424261.15504,769575738.8449593,12.174508930244773,1e-07
9.384384384384385,9221189220.143738,778810779.8562622,12.320605127913415,1e-07
9.500240981722463,9211963418.792503,788036581.2074966,12.46655515631198,1e-07
9.616097579060542,9202746847.85706,797253152.1429405,12.61235916168279,1e-07
9.73195417639862,9193539498.102373,806460501.8976269,12.75801729012192,1e-07
9.847810773736699,9184341360.302649,815658639.6973515,12.903529687579304,1e-07
9.963667371074779,9175152425.241327,824847574.7586727,13.048896499858756,1e-07
10.079523968412857,9165972683.711065,834027316.2889347,13.19411787261831,1e-07
10.195380565750936,9156802126.513733,843197873.4862671,13.339193951370238,1e-07
10.311237163089015,9147640744.460405,852359255.5395947,13.484124881481186,1e-07
10.427093760427093,9138488528.37135,861511471.6286507,13.628910808172398,1e-07
10.542950357765173,9129345469.076014,870654530.9239864,13.773551876519862,1e-07
10.658806955103252,9120211557.413027,879788442.5869732,13.918048231454334,1e-07
10.77466355244133,9111086784.230183,888913215.7698174,14.062400017761586,1e-07
10.890520149779409,9101971140.384426,898028859.6155739,14.206607380082623,1e-07
11.006376747117487,9092864616.741858,907135383.2581425,14.350670462913605,1e-07
11.122233344455566,9083767204.17771,916232795.8222904,14.49458941060623,1e-07
11.238089941793644,9074678893.57635,925321106.4236507,14.638364367367684,1e-07
11.353946539131723,9065599675.831259,934400324.1687412,14.781995477260962,1e-07
11.469803136469803,9056529541.845036,943470458.1549644,14.925482884204852,1e-07
11.585659733807882,9047468482.529377,952531517.470623,15.068826731974186,1e-07
11.70151633114596,9038416488.805073,961583511.1949272,15.21202716419995,1e-07
11.81737292848404,9029373551.602,970626448.3980007,15.355084324369395,1e-07
11.933229525822119,9020339661.859102,979660338.1408978,15.497998355826281,1e-07
12.049086123160198,9011314810.5244,988685189.4755993,15.640769401770847,1e-07
12.164942720498276,9002298988.554962,997701011.4450378,15.783397605260172,1e-07
12.280799317836355,8993292186.916906,1006707813.0830936,15.925883109208138,1e-07
12.396655915174433,8984294396.58539,1015705603.4146099,16.06822605638567,1e-07
12.512512512512513,8975305608.5446,1024694391.4554005,16.21042658942083,1e-07
12.62836910985059,8966325813.78774,1033674186.2122593,16.35248485079901,1e-07
12.74422570718867,8957355003.317034,1042644996.6829662,16.494400982862985,1e-07
12.860082304526747,8948393168.143698,1051606831.8563023,16.636175127813186,1e-07
12.975938901864827,8939440299.287945,1060559700.7120552,16.777807427707756,1e-07
13.091795499202908,8930496387.778975,1069503612.2210255,16.91929802446267,1e-07
13.207652096540984,8921561424.65496,1078438575.3450394,17.060647059851934,1e-07
13.323508693879065,8912635400.963037,1087364599.0369625,17.201854675507793,1e-07
13.439365291217142,8903718307.759308,1096281692.2406921,17.342921012920627,1e-07
13.555221888555222,8894810136.108814,1105189863.8911858,17.48384621343937,1e-07
13.6710784858933,8885910877.08554,1114089122.9144592,17.624630418271526,1e-07
13.786935083231379,8877020521.772404,1122979478.2275963,17.765273768483272,1e-07
13.902791680569457,8868139061.261238,1131860938.738762,17.90577640499971,1e-07
14.018648277907538,8859266486.652794,1140733513.347206,18.0461384686049,1e-07
14.134504875245614,8850402789.056725,1149597210.9432755,18.186360099942053,1e-07
14.250361472583695,8841547959.591576,1158452040.4084244,18.32644143951371,1e-07
14.366218069921775,8832701989.384783,1167298010.6152172,18.466382627681774,1e-07
14.482074667259852,8823864869.572657,1176135130.4273434,18.606183804667744,1e-07
14.597931264597932,8815036591.300373,1184963408.699627,18.745845110552875,1e-07
14.713787861936009,8806217145.721973,1193782854.2780266,18.885366685278175,1e-07
14.829644459274089,8797406524.000343,1202593475.9996567,19.02474866864473,1e-07
14.94550105661217,8788604717.307217,1211395282.6927834,19.163991200313664,1e-07
15.061357653950246,8779811716.823149,1220188283.1768513,19.303094419806524,1e-07
15.177214251288326,8771027513.737534,1228972486.2624664,19.442058466505053,1e-07
15.293070848626403,8762252099.248568,1237747900.7514324,19.580883479651728,1e-07
15.408927445964482,8753485464.563261,1246514535.436739,19.719569598349608,1e-07
15.524784043302562,8744727600.897417,1255272399.102583,19.85811696156263,1e-07
15.640640640640639,8735978499.47563,1264021500.5243702,19.99652570811568,1e-07
15.756497237978719,8727238151.531275,1272761848.4687252,20.134795976694704,1e-07
15.8723538353168,8718506548.306492,1281493451.6935081,20.27292790584702,1e-07
15.988210432654876,8709783681.052193,1290216318.9478073,20.410921633981165,1e-07
16.104067029992954,8701069541.028032,1298930458.9719677,20.548777299367362,1e-07
16.219923627331035,8692364119.50242,1307635880.4975796,20.686495040137327,1e-07
16.33578022466911,8683667407.752495,1316332592.2475052,20.82407499428472,1e-07
16.451636822007192,8674979397.064123,1325020602.9358768,20.96151729966508,1e-07
16.56749341934527,8666300078.731894,1333699921.2681065,21.098822093995988,1e-07
16.68335001668335,8657629444.059101,1342370555.940899,21.2359895148573,1e-07
16.79920661402143,8648967484.357744,1351032515.6422558,21.373019699691177,1e-07
16.915063211359506,8640314190.948511,1359685809.0514889,21.509912785802303,1e-07
17.030919808697586,8631669555.160776,1368330444.8392239,21.64666891035796,1e-07
17.146776406035663,8623033568.332588,1376966431.6674118,21.783288210388196,1e-07
17.262633003373743,8614406221.81066,1385593778.1893406,21.91977082278601,1e-07
17.378489600711823,8605787506.950363,1394212493.0496368,22.056116884307382,1e-07
17.4943461980499,8597177415.115723,1402822584.8842773,22.192326531571453,1e-07
17.61020279538798,8588575937.679395,1411424062.3206053,22.32839990106078,1e-07
17.72605939272606,8579983066.022676,1420016933.9773235,22.46433712912124,1e-07
17.841915990064138,8571398791.535482,1428601208.4645176,22.600138351962375,1e-07
17.957772587402218,8562823105.616343,1437176894.3836575,22.735803705657442,1e-07
18.073629184740298,8554255999.672396,1445744000.3276043,22.871333326143496,1e-07
18.189485782078375,8545697465.119371,1454302534.8806286,23.006727349221705,1e-07
18.305342379416455,8537147493.381594,1462852506.6184063,23.14198591055726,1e-07
18.421198976754532,8528606075.891965,1471393924.108035,23.27710914567965,1e-07
18.537055574092612,8520073204.091957,1479926795.908043,23.412097189982795,1e-07
18.65291217143069,8511548869.431607,1488451130.5683928,23.54695017872512,1e-07
18.76876876876877,8503033063.369506,1496966936.630494,23.681668247029727,1e-07
18.884625366106846,8494525777.372787,1505474222.6272125,23.816251529884568,1e-07
19.000481963444926,8486027002.917127,1513972997.0828733,23.950700162142482,1e-07
19.116338560783003,8477536731.486726,1522463268.5132742,24.085014278521406,1e-07
19.232195158121083,8469054954.574306,1530945045.4256945,24.219194013604515,1e-07
19.34805175545916,8460581663.681098,1539418336.318902,24.35323950184034,1e-07
19.46390835279724,8452116850.316843,1547883149.683157,24.487150877542813,1e-07
19.57976495013532,8443660505.999768,1556339494.0002317,24.620928274891604,1e-07
19.695621547473397,8435212622.256592,1564787377.7434082,24.754571827932057,1e-07
19.811478144811478,8426773190.622507,1573226809.377493,24.88808167057544,1e-07
19.927334742149558,8418342202.64118,1581657797.35882,25.021457936598985,1e-07
20.043191339487635,8409919649.864734,1590080350.1352663,25.154700759646143,1e-07
20.159047936825715,8401505523.853742,1598494476.1462584,25.28781027322667,1e-07
20.27490453416379,8393099816.177226,1606900183.822774,25.42078661071667,1e-07
20.390761131501872,8384702518.4126425,1615297481.5873575,25.553629905358843,1e-07
20.506617728839952,8376313622.145871,1623686377.8541288,25.686340290262592,1e-07
20.62247432617803,8367933118.971212,1632066881.0287876,25.81891789840414,1e-07
20.73833092351611,8359561000.491376,1640438999.508624,25.95136286262666,1e-07
20.854187520854186,8351197258.317474,1648802741.6825256,26.083675315640388,1e-07
20.970044118192266,8342841884.06901,1657158115.9309902,26.215855390022853,1e-07
21.085900715530347,8334494869.373874,1665505130.6261263,26.347903218218864,1e-07
21.201757312868423,8326156205.868331,1673843794.131669,26.479818932540766,1e-07
21.317613910206504,8317825885.197017,1682174114.8029833,26.611602665168476,1e-07
21.433470507544584,8309503899.01292,1690496100.9870796,26.743254548149764,1e-07
21.54932710488266,8301190238.977387,1698809761.0226126,26.8747747134002,1e-07
21.66518370222074,8292884896.760106,1707115103.239894,27.006163292703377,1e-07
21.781040299558818,8284587864.039097,1715412135.9609032,27.137420417711066,1e-07
21.896896896896898,8276299132.500709,1723700867.4992914,27.268546219943303,1e-07
22.012753494234975,8268018693.839603,1731981306.1603966,27.399540830788588,1e-07
22.12861009157305,8259746539.7587595,1740253460.2412405,27.53040438150388,1e-07
22.24446668891113,8251482661.969453,1748517338.0305471,27.661137003214858,1e-07
22.360323286249212,8243227052.19125,1756772947.8087502,27.791738826916056,1e-07
22.47617988358729,8234979702.152006,1765020297.8479939,27.922209983470868,1e-07
22.59203648092537,8226740603.587851,1773259396.4121494,28.052550603611813,1e-07
22.707893078263446,8218509748.243182,1781490251.7568178,28.182760817940576,1e-07
22.823749675601526,8210287127.870657,1789712872.129343,28.31284075692822,1e-07
22.939606272939606,8202072734.231185,1797927265.768815,28.44279055091522,1e-07
23.055462870277683,8193866559.093918,1806133440.9060822,28.572610330111694,1e-07
23.171319467615763,8185668594.236241,1814331405.7637587,28.702300224597465,1e-07
23.287176064953844,8177478831.443773,1822521168.5562267,28.83186036432216,1e-07
23.40303266229192,8169297262.510343,1830702737.4896574,28.96129087910549,1e-07
23.51888925963,8161123879.237992,1838876120.7620077,29.09059189863723,1e-07
23.63474585696808,8152958673.43697,1847041326.5630302,29.219763552477346,1e-07
23.750602454306158,8144801636.925711,1855198363.0742893,29.34880597005629,1e-07
23.866459051644238,8136652761.530839,1863347238.469161,29.477719280674968,1e-07
23.982315648982315,8128512039.08716,1871487960.91284,29.606503613504852,1e-07
24.098172246320395,8120379461.437641,1879620538.5623589,29.735159097588305,1e-07
24.214028843658475,8112255020.433415,1887744979.5665846,29.863685861838498,1e-07
24.329885440996552,8104138707.933769,1895861292.0662308,29.992084035039618,1e-07
24.44574203833463,8096030515.80613,1903969484.1938696,30.12035374584708,1e-07
24.56159863567271,8087930435.926066,1912069564.0739336,30.2484951227875,1e-07
24.67745523301079,8079838460.177272,1920161539.8227282,30.376508294258947,1e-07
24.793311830348866,8071754580.451563,1928245419.548437,30.504393388530993,1e-07
24.909168427686947,8063678788.648866,1936321211.3511343,30.632150533744923,1e-07
25.025025025025027,8055611076.677214,1944388923.3227863,30.759779857913767,1e-07
25.140881622363104,8047551436.452733,1952448563.547267,30.887281488922525,1e-07
25.25673821970118,8039499859.89964,1960500140.10036,31.014655554528204,1e-07
25.37259481703926,8031456338.950231,1968543661.0497694,31.141902182360013,1e-07
25.48845141437734,8023420865.54487,1976579134.4551296,31.269021499919496,1e-07
25.60430801171542,8015393431.631992,1984606568.3680077,31.396013634580555,1e-07
25.720164609053494,8007374029.16808,1992625970.8319197,31.522878713589748,1e-07
25.836021206391575,7999362650.117671,2000637349.882329,31.649616864066232,1e-07
25.951877803729655,7991359286.453336,2008640713.5466642,31.77622821300206,1e-07
26.067734401067735,7983363930.155679,2016636069.8443213,31.9027128872622,1e-07
26.183590998405815,7975376573.213332,2024623426.7866678,32.029071013584634,1e-07
26.29944759574389,7967397207.622936,2032602792.3770638,32.15530271858065,1e-07
26.41530419308197,7959425825.389144,2040574174.610856,32.28140812873475,1e-07
26.53116079042005,7951462418.524603,2048537581.475397,32.40738737040503,1e-07
26.64701738775813,7943506979.049958,2056493020.9500418,32.53324056982299,1e-07
26.76287398509621,7935559498.993833,2064440501.0061674,32.65896785309399,1e-07
26.878730582434283,7927619970.392829,2072380029.607171,32.784569346197095,1e-07
26.994587179772363,7919688385.2915125,2080311614.7084875,32.91004517498544,1e-07
27.110443777110444,7911764735.742412,2088235264.2575884,33.03539546518618,1e-07
27.226300374448524,7903849013.806005,2096150986.1939955,33.16062034240068,1e-07
27.3421569717866,7895941211.550714,2104058788.4492865,33.28571993210467,1e-07
27.45801356912468,7888041321.052897,2111958678.9471025,33.4106943596483,1e-07
27.573870166462758,7880149334.396841,2119850665.603159,33.53554375025635,1e-07
27.689726763800838,7872265243.674747,2127734756.3252525,33.66026822902832,1e-07
27.805583361138915,7864389040.986735,2135610959.0132647,33.78486792093848,1e-07
27.921439958476995,7856520718.440825,2143479281.5591745,33.90934295083613,1e-07
28.037296555815075,7848660268.152935,2151339731.847065,34.03369344344559,1e-07
28.153153153153152,7840807682.246866,2159192317.753134,34.15791952336651,1e-07
28.26900975049123,7832962952.854304,2167037047.1456957,34.28202131507377,1e-07
28.38486634782931,7825126072.114807,2174873927.885193,34.40599894291774,1e-07
28.50072294516739,7817297032.1757965,2182702967.8242035,34.52985253112439,1e-07
28.61657954250547,7809475825.192549,2190524174.8074512,34.6535822037954,1e-07
28.73243613984355,7801662443.328191,2198337556.671809,34.7771880849083,1e-07
28.848292737181623,7793856878.75369,2206143121.24631,34.90067029831655,1e-07
28.964149334519703,7786059123.647847,2213940876.352153,35.02402896774969,1e-07
29.080005931857784,7778269170.197287,2221730829.8027134,35.147264216813525,1e-07
29.195862529195864,7770487010.596452,2229512989.4035482,35.270376168990126,1e-07
29.311719126533944,7762712637.047593,2237287362.952407,35.39336494763808,1e-07
29.427575723872017,7754946041.760766,2245053958.239234,35.516230675992496,1e-07
29.543432321210098,7747187216.953818,2252812783.0461817,35.63897347716521,1e-07
29.659288918548178,7739436154.852382,2260563845.1476183,35.76159347414491,1e-07
29.77514551588626,7731692847.68987,2268307152.31013,35.88409078979719,1e-07
29.89100211322434,7723957287.707463,2276042712.2925367,36.00646554686477,1e-07
30.006858710562412,7716229467.15411,2283770532.84589,36.12871786796748,1e-07
30.122715307900492,7708509378.286507,2291490621.7134933,36.250847875602574,1e-07
30.238571905238572,7700797013.369102,2299202986.6308985,36.37285569214468,1e-07
30.354428502576653,7693092364.674083,2306907635.3259172,36.494741439845996,1e-07
30.47028509991473,7685395424.481365,2314604575.518635,36.61650524083645,1e-07
30.586141697252806,7677706185.078593,2322293814.9214067,36.73814721712372,1e-07
30.701998294590886,7670024638.761126,2329975361.2388744,36.85966749059344,1e-07
30.817854891928963,7662350777.832028,2337649222.1679716,36.981066183009304,1e-07
30.933711489267044,7654684594.60207,2345315405.39793,37.10234341601317,1e-07
31.049568086605124,7647026081.389709,2352973918.6102905,37.22349931112522,1e-07
31.165424683943204,7639375230.521095,2360624769.4789047,37.34453398974401,1e-07
31.281281281281277,7631732034.330049,2368267965.6699514,37.46544757314669,1e-07
31.397137878619358,7624096485.158065,2375903514.841935,37.58624018248902,1e-07
31.512994475957438,7616468575.354301,2383531424.6456985,37.70691193880556,1e-07
31.628851073295518,7608848297.275565,2391151702.724435,37.827462963009836,1e-07
31.7447076706336,7601235643.28632,2398764356.7136803,37.94789337589426,1e-07
31.86056426797167,7593630605.7586565,2406369394.2413435,38.06820329813056,1e-07
31.976420865309752,7586033177.072307,2413966822.9276934,38.18839285026962,1e-07
32.092277462647836,7578443349.614625,2421556650.385375,38.308462152741726,1e-07
32.20813405998591,7570861115.780579,2429138884.2194214,38.4284113258567,1e-07
32.32399065732399,7563286467.972746,2436713532.027254,38.548240489804,1e-07
32.43984725466207,7555719398.601308,2444280601.398692,38.667949764652796,1e-07
32.55570385200014,7548159900.084037,2451840099.915963,38.787539270352156,1e-07
32.67156044933822,7540607964.8462925,2459392035.1537075,38.907009126731126,1e-07
32.7874170466763,7533063585.321011,2466936414.6789894,39.026359453498905,1e-07
32.903273644014384,7525526753.948702,2474473246.051298,39.14559037024485,1e-07
33.019130241352464,7517997463.177436,2482002536.822564,39.26470199643874,1e-07
33.13498683869054,7510475705.462842,2489524294.537158,39.38369445143076,1e-07
33.25084343602862,7502961473.268095,2497038526.731905,39.50256785445173,1e-07
33.3667000333667,7495454759.06391,2504545240.9360905,39.6213223246132,1e-07
33.48255663070478,7487955555.328538,2512044444.671462,39.739957980907455,1e-07
33.59841322804286,7480463854.547752,2519536145.4522476,39.85847494220783,1e-07
33.71426982538093,7472979649.214846,2527020350.7851543,39.976873327268684,1e-07
33.83012642271901,7465502931.830624,2534497068.1693764,40.09515325472553,1e-07
33.94598302005709,7458033694.903388,2541966305.096612,40.213314843095276,1e-07
34.06183961739517,7450571930.948944,2549428069.051056,40.33135821077615,1e-07
34.17769621473325,7443117632.490578,2556882367.5094223,40.44928347604802,1e-07
34.293552812071326,7435670792.059064,2564329207.940936,40.56709075707231,1e-07
34.409409409409406,7428231402.192641,2571768597.8073587,40.68478017189231,1e-07
34.525266006747486,7420799455.437019,2579200544.5629807,40.802351838433175,1e-07
34.64112260408557,7413374944.345365,2586625055.6546354,40.91980587450209,1e-07
34.75697920142365,7405957861.478295,2594042138.5217047,41.037142397788315,1e-07
34.87283579876173,7398548199.40387,2601451800.5961304,41.15436152586346,1e-07
34.9886923960998,7391145950.697584,2608854049.302416,41.27146337618143,1e-07
35.10454899343788,7383751107.942363,2616248892.057637,41.388448066078645,1e-07
35.22040559077596,7376363663.72855,2623636336.27145,41.505315712774134,1e-07
35.33626218811404,7368983610.653904,2631016389.346096,41.622066433369625,1e-07
35.45211878545212,7361610941.323588,2638389058.6764116,41.73870034484972,1e-07
35.567975382790195,7354245648.350167,2645754351.6498327,41.85521756408192,1e-07
35.683831980128275,7346887724.353592,2653112275.646408,41.97161820781689,1e-07
35.799688577466355,7339537161.961204,2660462838.0387964,42.08790239268838,1e-07
35.915545174804436,7332193953.807712,2667806046.1922884,42.20407023521355,1e-07
36.031401772142516,7324858092.535201,2675141907.464799,42.320121851792905,1e-07
36.147258369480596,7317529570.793117,2682470429.2068834,42.436057358710535,1e-07
36.26311496681867,7310208381.2382555,2689791618.7617445,42.551876872134194,1e-07
36.37897156415675,7302894516.534764,2697105483.4652357,42.66758050811536,1e-07
36.49482816149483,7295587969.354128,2704412030.645872,42.78316838258945,1e-07
36.61068475883291,7288288732.375163,2711711267.624837,42.89864061137586,1e-07
36.72654135617099,7280996798.284012,2719003201.715988,43.013997310178134,1e-07
36.842397953509064,7273712159.774134,2726287840.2258663,43.12923859458404,1e-07
36.958254550847144,7266434809.546298,2733565190.453702,43.2443645800657,1e-07
37.074111148185224,7259164740.308579,2740835259.6914206,43.35937538197969,1e-07
37.189967745523305,7251901944.776343,2748098055.2236567,43.474271115567205,1e-07
37.30582434286138,7244646415.672247,2755353584.327753,43.589051895954135,1e-07
37.42168094019946,7237398145.72623,2762601854.2737703,43.70371783815114,1e-07
37.53753753753754,7230157127.6755,2769842872.3245,43.81826905705389,1e-07
37.65339413487562,7222923354.264537,2777076645.735463,43.93270566744303,1e-07
37.76925073221369,7215696818.245076,2784303181.754924,44.04702778398442,1e-07
37.88510732955177,7208477512.376108,2791522487.623892,44.161235521229145,1e-07
38.00096392688985,7201265429.423864,2798734570.5761356,44.27532899361373,1e-07
38.11682052422793,7194060562.161816,2805939437.8381844,44.389308315460205,1e-07
38.232677121566006,7186862903.370665,2813137096.6293354,44.50317360097614,1e-07
38.348533718904086,7179672445.838332,2820327554.161668,44.61692496425497,1e-07
38.46439031624217,7172489182.359959,2827510817.6400414,44.73056251927589,1e-07
38.58024691358025,7165313105.737893,2834686894.262107,44.84408637990406,1e-07
38.69610351091832,7158144208.781683,2841855791.218317,44.95749665989077,1e-07
38.8119601082564,7150982484.308071,2849017515.691929,45.07079347287347,1e-07
38.92781670559448,7143827925.140991,2856172074.859009,45.183976932375856,1e-07
39.04367330293256,7136680524.111547,2863319475.8884525,45.2970471518082,1e-07
39.15952990027064,7129540274.058026,2870459725.9419737,45.41000424446713,1e-07
39.275386497608714,7122407167.825872,2877592832.1741276,45.522848323536046,1e-07
39.391243094946795,7115281198.267693,2884718801.7323074,45.63557950208505,1e-07
39.507099692284875,7108162358.243243,2891837641.756757,45.74819789307113,1e-07
39.622956289622955,7101050640.619424,2898949359.380576,45.86070360933827,1e-07
39.738812886961036,7093946038.270273,2906053961.729727,45.97309676361753,1e-07
39.854669484299116,7086848544.076956,2913151455.923044,46.08537746852721,1e-07
39.97052608163719,7079758150.927762,2920241849.072238,46.197545836572914,1e-07
40.08638267897527,7072674851.718095,2927325148.281905,46.309601980147704,1e-07
40.20223927631335,7065598639.350468,2934401360.6495323,46.42154601153218,1e-07
40.31809587365143,7058529506.734493,2941470493.2655067,46.5333780428946,1e-07
40.43395247098951,7051467446.786879,2948532553.2131214,46.64509818629101,1e-07
40.54980906832758,7044412452.431418,2955587547.5685816,46.75670655366533,1e-07
40.665665665665664,7037364516.598988,2962635483.4010124,46.86820325684948,1e-07
40.781522263003744,7030323632.2275305,2969676367.7724695,46.97958840756354,1e-07
40.897378860341824,7023289792.262061,2976710207.737939,47.09086211741573,1e-07
41.013235457679905,7016262989.654648,2983737010.345352,47.2020244979027,1e-07
41.12909205501798,7009243217.364415,2990756782.635585,47.313075660409446,1e-07
41.24494865235606,7002230468.357528,2997769531.6424723,47.42401571620961,1e-07
41.36080524969414,6995224735.60719,3004775264.39281,47.53484477646547,1e-07
41.47666184703222,6988226012.0936365,3011773987.9063635,47.645562952228076,1e-07
41.5925184443703,6981234290.804125,3018765709.195875,47.75617035443737,1e-07
41.70837504170837,6974249564.732929,3025750435.267071,47.86666709392232,1e-07
41.82423163904645,6967271826.8813305,3032728173.1186695,47.97705328140101,1e-07
41.94008823638453,6960301070.257615,3039698929.742385,48.08732902748074,1e-07
42.05594483372261,6953337287.877063,3046662712.122937,48.197494442658154,1e-07
42.17180143106069,6946380472.761943,3053619527.238057,48.307549637319305,1e-07
42.28765802839877,6939430617.941505,3060569382.0584946,48.41749472173987,1e-07
42.40351462573685,6932487716.451974,3067512283.548026,48.52732980608514,1e-07
42.51937122307493,6925551761.336538,3074448238.6634617,48.63705500041024,1e-07
42.63522782041301,6918622745.645352,3081377254.3546476,48.74667041466012,1e-07
42.75108441775109,6911700662.435519,3088299337.564481,48.8561761586698,1e-07
42.86694101508917,6904785504.771091,3095214495.2289085,48.96557234216433,1e-07
42.98279761242724,6897877265.723061,3102122734.2769394,49.07485907475903,1e-07
43.09865420976532,6890975938.369346,3109024061.6306543,49.1840364659596,1e-07
43.2145108071034,6884081515.7948,3115918484.2052,49.29310462516206,1e-07
43.33036740444148,6877193991.091188,3122806008.9088116,49.40206366165306,1e-07
43.446224001779555,6870313357.357189,3129686642.642811,49.510913684609925,1e-07
43.562080599117635,6863439607.698389,3136560392.301611,49.61965480310065,1e-07
43.677937196455716,6856572735.227267,3143427264.7727327,49.72828712608422,1e-07
43.793793793793796,6849712733.063197,3150287266.936803,49.836810762410536,1e-07
43.90965039113187,6842859594.332436,3157140405.6675644,49.945225820820625,1e-07
44.02550698846995,6836013312.168116,3163986687.8318844,50.05353240994672,1e-07
44.14136358580803,6829173879.71024,3170826120.2897596,50.16173063831236,1e-07
44.2572201831461,6822341290.105681,3177658709.8943186,50.26982061433246,1e-07
44.37307678048418,6815515536.508159,3184484463.4918413,50.37780244631357,1e-07
44.48893337782226,6808696612.078249,3191303387.921751,50.485676242453756,1e-07
44.604789975160344,6801884509.983366,3198115490.016634,50.593442110842965,1e-07
44.720646572498424,6795079223.397764,3204920776.602236,50.70110015946289,1e-07
44.8365031698365,6788280745.502526,3211719254.4974737,50.80865049618721,1e-07
44.95235976717458,6781489069.485555,3218510930.5144453,50.91609322878173,1e-07
45.06821636451266,6774704188.541571,3225295811.4584293,51.02342846490438,1e-07
45.18407296185074,6767926095.8721,3232073904.1279,51.13065631210543,1e-07
45.29992955918882,6761154784.685475,3238845215.3145247,51.23777687782746,1e-07
45.41578615652689,6754390248.196822,3245609751.803178,51.34479026940563,1e-07
45.53164275386497,6747632479.628052,3252367520.3719482,51.45169659406772,1e-07
45.64749935120305,6740881472.20786,3259118527.79214,51.55849595893417,1e-07
45.76335594854113,6734137219.171718,3265862780.8282824,51.66518847101826,1e-07
45.87921254587921,6727399713.761863,3272600286.2381372,51.77177423722623,1e-07
45.99506914321729,6720668949.227292,3279331050.772708,51.87825336435736,1e-07
46.110925740555366,6713944918.823759,3286055081.176241,51.98462595910407,1e-07
46.22678233789345,6707227615.813766,3292772384.1862345,52.090892128052005,1e-07
46.34263893523153,6700517033.466553,3299482966.5334473,52.19705197768019,1e-07
46.45849553256961,6693813165.058098,3306186834.941902,52.303105614361115,1e-07
46.57435212990769,6687116003.871102,3312883996.1288977,52.409053144360875,1e-07
46.69020872724576,6680425543.194989,3319574456.805011,52.514894673839244,1e-07
46.80606532458384,6673741776.325898,3326258223.674102,52.62063030884971,1e-07
46.92192192192192,6667064696.566672,3332935303.4333277,52.726260155339745,1e-07
47.03777851926,6660394297.226858,3339605702.773142,52.83178431915078,1e-07
47.15363511659808,6653730571.622696,3346269428.377304,52.937202906018314,1e-07
47.26949171393616,6647073513.077111,3352926486.9228888,53.04251602157212,1e-07
47.385348311274235,6640423114.919709,3359576885.080291,53.147723771336274,1e-07
47.501204908612316,6633779370.4867735,3366220629.5132265,53.25282626072925,1e-07
47.617061505950396,6627142273.121248,3372857726.8787518,53.357823595064104,1e-07
47.732918103288476,6620511816.172744,3379488183.827256,53.46271587954844,1e-07
47.84877470062656,6613887992.997521,3386112007.0024786,53.56750321928466,1e-07
47.96463129796463,6607270796.958489,3392729203.0415106,53.672185719270026,1e-07
48.08048789530271,6600660221.425198,3399339778.5748024,53.77676348439672,1e-07
48.19634449264079,6594056259.773828,3405943740.2261724,53.88123661945197,1e-07
48.31220108997887,6587458905.38719,3412541094.61281,53.98560522911819,1e-07
48.42805768731695,6580868151.654716,3419131848.3452845,54.089869417973055,1e-07
48.543914284655024,6574283991.972449,3425716008.0275507,54.194029290489595,1e-07
48.659770881993104,6567706419.743041,3432293580.256959,54.298084951036344,1e-07
48.775627479331185,6561135428.375745,3438864571.624255,54.40203650387736,1e-07
48.89148407666926,6554571011.286407,3445428988.7135925,54.50588405317242,1e-07
49.007340674007345,6548013161.897461,3451986838.102539,54.609627702977136,1e-07
49.12319727134542,6541461873.637921,3458538126.3620787,54.713267557242915,1e-07
49.2390538686835,6534917139.943376,3465082860.0566244,54.81680371981725,1e-07
49.35491046602158,6528378954.255983,3471621045.7440166,54.92023629444367,1e-07
49.47076706335965,6521847310.02446,3478152689.97554,55.02356538476194,1e-07
49.58662366069773,6515322200.704079,3484677799.2959213,55.12679109430814,1e-07
49.70248025803581,6508803619.75666,3491196380.2433395,55.22991352651471,1e-07
49.81833685537389,6502291560.650565,3497708439.349435,55.3329327847107,1e-07
49.934193452711966,6495786016.860691,3504213983.139309,55.43584897212169,1e-07
50.050050050050054,6489286981.868462,3510713018.1315384,55.538662191870046,1e-07
50.16590664738813,6482794449.161826,3517205550.838174,55.6413725469749,1e-07
50.28176324472621,6476308412.235246,3523691587.7647543,55.74398014035234,1e-07
50.39761984206429,6469828864.58969,3530171135.41031,55.84648507481553,1e-07
50.51347643940236,6463355799.732635,3536644200.2673655,55.94888745307469,1e-07
50.62933303674045,6456889211.178046,3543110788.821954,56.05118737773736,1e-07
50.74518963407852,6450429092.446383,3549570907.5536165,56.15338495130836,1e-07
50.861046231416594,6443975437.06459,3556024562.9354095,56.25548027618995,1e-07
50.97690282875468,6437528238.56608,3562471761.43392,56.357473454682015,1e-07
51.092759426092755,6431087490.490744,3568912509.5092564,56.45936458898198,1e-07
51.20861602343084,6424653186.384928,3575346813.6150723,56.56115378118511,1e-07
51.324472620768915,6418225319.801443,3581774680.198557,56.66284113328448,1e-07
51.44032921810699,6411803884.299546,3588196115.7004538,56.76442674717113,1e-07
51.556185815445076,6405388873.444939,3594611126.5550613,56.86591072463415,1e-07
51.67204241278315,6398980280.809761,3601019719.190239,56.96729316736081,1e-07
51.78789901012124,6392578099.97258,3607421900.02742,57.06857417693666,1e-07
51.90375560745931,6386182324.518395,3613817675.4816046,57.16975385484553,1e-07
52.01961220479738,6379792948.038618,3620207051.961382,57.2708323024698,1e-07
52.13546880213547,6373409964.131074,3626590035.868926,57.371809621090364,1e-07
52.251325399473544,6367033366.399992,3632966633.600008,57.472685911886835,1e-07
52.36718199681163,6360663148.456003,3639336851.543997,57.57346127593755,1e-07
52.483038594149704,6354299303.916129,3645700696.083871,57.67413581421973,1e-07
52.59889519148778,6347941826.403777,3652058173.596223,57.774709627609596,1e-07
52.714751788825865,6341590709.548735,3658409290.4512653,57.87518281688242,1e-07
52.83060838616394,6335245946.9871645,3664754053.0128355,57.97555548271263,1e-07
52.946464983502025,6328907532.361594,3671092467.638406,58.075827725673946,1e-07
53.0623215808401,6322575459.320914,3677424540.6790857,58.175999646239454,1e-07
53.17817817817817,6316249721.520365,3683750278.4796352,58.276071344781776,1e-07
53.29403477551626,6309930312.621539,3690069687.378461,58.376042921573024,1e-07
53.40989137285433,6303617226.292371,3696382773.707629,58.47591447678502,1e-07
53.52574797019242,6297310456.207126,3702689543.7928743,58.5756861104894,1e-07
53.64160456753049,6291009996.046402,3708990003.953598,58.67535792265763,1e-07
53.757461164868566,6284715839.497119,3715284160.502881,58.774930013161175,1e-07
53.87331776220665,6278427980.252512,3721572019.747488,58.87440248177159,1e-07
53.98917435954473,6272146412.012129,3727853587.987871,58.97377542816056,1e-07
54.105030956882814,6265871128.481813,3734128871.5181866,59.073048951900155,1e-07
54.22088755422089,6259602123.373718,3740397876.6262817,59.172223152462664,1e-07
54.33674415155897,6253339390.406278,3746660609.5937223,59.271298129220995,1e-07
54.45260074889705,6247082923.3042145,3752917076.6957855,59.370273981448584,1e-07
54.56845734623512,6240832715.79853,3759167284.2014704,59.46915080831951,1e-07
54.6843139435732,6234588761.626495,3765411238.3735046,59.56792870890869,1e-07
54.80017054091128,6228351054.5316515,3771648945.4683485,59.66660778219186,1e-07
54.91602713824936,6222119588.263794,3777880411.736206,59.76518812704579,1e-07
55.03188373558744,6215894356.578976,3784105643.4210243,59.86366984224826,1e-07
55.147740332925515,6209675353.239496,3790324646.760504,59.962053026478245,1e-07
55.263596930263596,6203462572.013894,3796537427.986106,60.06033777831602,1e-07
55.379453527601676,6197256006.676944,3802743993.323056,60.1585241962432,1e-07
55.495310124939756,6191055651.009646,3808944348.9903536,60.256612378642906,1e-07
55.61116672227783,6184861498.799228,3815138501.2007723,60.354602423799754,1e-07
55.72702331961591,6178673543.839128,3821326456.1608725,60.452494429900106,1e-07
55.84287991695399,6172491779.928996,3827508220.071004,60.550288495032035,1e-07
55.95873651429206,6166316200.874686,3833683799.1253138,60.64798471718552,1e-07
56.07459311163015,6160146800.48825,3839853199.51175,60.74558319425245,1e-07
56.190449708968224,6153983572.587928,3846016427.412072,60.843084024026815,1e-07
56.306306306306304,6147826510.998148,3852173489.001852,60.94048730420474,1e-07
56.422162903644384,6141675609.549513,3858324390.450487,61.037793132384635,1e-07
56.53801950098246,6135530862.078803,3864469137.921197,61.1350016060672,1e-07
56.653876098320545,6129392262.428961,3870607737.571039,61.23211282265567,1e-07
56.76973269565862,6123259804.449092,3876740195.550908,61.32912687945574,1e-07
56.88558929299669,6117133481.994453,3882866518.0055466,61.42604387367583,1e-07
57.00144589033478,6111013288.926452,3888986711.0735483,61.52286390242705,1e-07
57.11730248767285,6104899219.112634,3895100780.8873663,61.61958706272338,1e-07
57.23315908501094,6098791266.426684,3901208733.5733156,61.71621345148169,1e-07
57.34901568234901,6092689424.748414,3907310575.251586,61.81274316552198,1e-07
57.4648722796871,6086593687.963759,3913406312.0362406,61.90917630156727,1e-07
57.58072887702517,6080504049.964774,3919495950.035226,62.00551295624389,1e-07
57.696585474363246,6074420504.649621,3925579495.350379,62.10175322608145,1e-07
57.812442071701334,6068343045.922569,3931656954.0774307,62.19789720751301,1e-07
57.92829866903941,6062271667.693988,3937728332.306012,62.2939449968751,1e-07
58.044155266377494,6056206363.880334,3943793636.119666,62.389896690407966,1e-07
58.16001186371557,6050147128.404159,3949852871.5958414,62.48575238425541,1e-07
58.27586846105364,6044093955.194085,3955906044.805915,62.58151217446524,1e-07
58.39172505839173,6038046838.184817,3961953161.8151827,62.67717615698898,1e-07
58.5075816557298,6032005771.317125,3967994228.6828747,62.77274442768227,1e-07
58.62343825306789,6025970748.53784,3974029251.46216,62.868217082304824,1e-07
58.73929485040596,6019941763.79985,3980058236.2001495,62.96359421652053,1e-07
58.855151447744035,6013918811.062098,3986081188.9379025,63.05887592589752,1e-07
58.97100804508212,6007901884.289562,3992098115.710438,63.15406230590842,1e-07
59.086864642420196,6001890977.453265,3998109022.546735,63.249153451930255,1e-07
59.20272123975828,5995886084.530258,4004113915.469742,63.34414945924467,1e-07
59.318577837096356,5989887199.503622,4010112800.496378,63.439050423037926,1e-07
59.43443443443443,5983894316.362454,4016105683.6375456,63.533856438401095,1e-07
59.55029103177252,5977907429.101869,4022092570.8981314,63.628567600330086,1e-07
59.66614762911059,5971926531.722985,4028073468.2770147,63.72318400372578,1e-07
59.78200422644868,5965951618.232924,4034048381.7670755,63.817705743394136,1e-07
59.89786082378675,5959982682.644807,4040017317.355193,63.9121329140462,1e-07
60.013717421124824,5954019718.977738,4045980281.0222616,64.00646561029829,1e-07
60.12957401846291,5948062721.256815,4051937278.743185,64.10070392667204,1e-07
60.245430615800984,5942111683.513103,4057888316.4868975,64.19484795759458,1e-07
60.361287213139065,5936166599.783644,4063833400.2163563,64.28889779739849,1e-07
60.477143810477145,5930227464.111447,4069772535.8885527,64.382853540322,1e-07
60.59300040781522,5924294270.545481,4075705729.4545193,64.47671528050907,1e-07
60.708857005153305,5918367013.140665,4081632986.859335,64.57048311200944,1e-07
60.82471360249138,5912445685.957871,4087554314.0421286,64.66415712877875,1e-07
60.94057019982946,5906530283.06391,4093469716.9360905,64.7577374246787,1e-07
61.05642679716754,5900620798.531529,4099379201.4684706,64.851224093477,1e-07
61.17228339450561,5894717226.439408,4105282773.5605917,64.94461722884759,1e-07
61.28813999184369,5888819560.87215,4111180439.1278496,65.03791692437066,1e-07
61.40399658918177,5882927795.920274,4117072204.079726,65.13112327353284,1e-07
61.51985318651985,5877041925.680213,4122958074.319787,65.22423636972717,1e-07
61.635709783857926,5871161944.25431,4128838055.7456903,65.31725630625319,1e-07
61.751566381196014,5865287845.750802,4134712154.249198,65.41018317631725,1e-07
61.86742297853409,5859419624.283826,4140580375.716174,65.50301707303231,1e-07
61.98327957587217,5853557273.973406,4146442726.026594,65.59575808941824,1e-07
62.09913617321025,5847700788.945446,4152299211.054554,65.68840631840186,1e-07
62.21499277054832,5841850163.331735,4158149836.6682653,65.7809618528169,1e-07
62.33084936788641,5836005391.269923,4163994608.730077,65.87342478540437,1e-07
62.44670596522448,5830166466.903535,4169833533.096465,65.96579520881234,1e-07
62.562562562562555,5824333384.381947,4175666615.6180534,66.05807321559634,1e-07
62.67841915990064,5818506137.8603945,4181493862.1396055,66.15025889821914,1e-07
62.794275757238715,5812684721.499957,4187315278.500043,66.24235234905115,1e-07
62.9101323545768,5806869129.467559,4193130870.532441,66.33435366037023,1e-07
63.025988951914876,5801059355.935958,4198940644.064042,66.42626292436202,1e-07
63.14184554925295,5795255395.083744,4204744604.916256,66.51808023311986,1e-07
63.257702146591036,5789457241.095328,4210542758.9046717,66.609805678645,1e-07
63.37355874392911,5783664888.160945,4216335111.839055,66.70143935284662,1e-07
63.4894153412672,5777878330.476638,4222121669.523362,66.79298134754191,1e-07
63.60527193860527,5772097562.244258,4227902437.755742,66.88443175445626,1e-07
63.72112853594334,5766322577.671457,4233677422.3285427,66.97579066522327,1e-07
63.83698513328143,5760553370.971685,4239446629.0283146,67.0670581713848,1e-07
63.952841730619504,5754789936.364177,4245210063.6358232,67.15823436439123,1e-07
64.06869832795759,5749032268.073953,4250967731.9260473,67.24931933560137,1e-07
64.18455492529567,5743280360.331814,4256719639.668186,67.34031317628263,1e-07
64.30041152263374,5737534207.374329,4262465792.6256714,67.43121597761113,1e-07
64.41626811997182,5731793803.443834,4268206196.5561657,67.52202783067176,1e-07
64.5321247173099,5726059142.78843,4273940857.21157,67.61274882645824,1e-07
64.64798131464798,5720330219.661966,4279669780.3380337,67.70337905587336,1e-07
64.76383791198606,5714607028.324046,4285392971.675954,67.79391860972882,1e-07
64.87969450932414,5708889563.040011,4291110436.9599886,67.88436757874558,1e-07
64.99555110666222,5703177818.080947,4296822181.919053,67.97472605355377,1e-07
65.11140770400029,5697471787.723666,4302528212.276334,68.06499412469284,1e-07
65.22726430133838,5691771466.250708,4308228533.749292,68.15517188261173,1e-07
65.34312089867645,5686076847.950335,4313923152.049665,68.24525941766875,1e-07
65.45897749601454,5680387927.116518,4319612072.883482,68.33525682013195,1e-07
65.5748340933526,5674704698.0489435,4325295301.9510565,68.42516418017901,1e-07
65.69069069069069,5669027155.0529995,4330972844.9470005,68.51498158789734,1e-07
65.80654728802877,5663355292.439768,4336644707.560232,68.60470913328429,1e-07
65.92240388536685,5657689104.526027,4342310895.473973,68.69434690624712,1e-07
66.03826048270493,5652028585.634236,4347971414.365764,68.78389499660318,1e-07
66.15411708004301,5646373730.092541,4353626269.907459,68.87335349407991,1e-07
66.26997367738107,5640724532.234757,4359275467.765243,68.96272248831501,1e-07
66.38583027471917,5635080986.400372,4364919013.599628,69.0520020688565,1e-07
66.50168687205723,5629443086.934533,4370556913.065467,69.14119232516276,1e-07
66.61754346939533,5623810828.18805,4376189171.81195,69.23029334660274,1e-07
66.7334000667334,5618184204.517382,4381815795.482618,69.31930522245591,1e-07
66.84925666407148,5612563210.284634,4387436789.715366,69.40822804191245,1e-07
66.96511326140956,5606947839.857552,4393052160.142448,69.49706189407331,1e-07
67.08096985874764,5601338087.609516,4398661912.390484,69.58580686795031,1e-07
67.19682645608572,5595733947.919541,4404266052.080459,69.67446305246612,1e-07
67.3126830534238,5590135415.172259,4409864584.827741,69.76303053645458,1e-07
67.42853965076186,5584542483.757924,4415457516.242076,69.85150940866055,1e-07
67.54439624809996,5578955148.072401,4421044851.927599,69.93989975774012,1e-07
67.66025284543802,5573373402.517162,4426626597.482838,70.0282016722607,1e-07
67.77610944277612,5567797241.499281,4432202758.500719,70.11641524070113,1e-07
67.89196604011418,5562226659.431427,4437773340.568573,70.20454055145161,1e-07
68.00782263745226,5556661650.731861,4443338349.268139,70.29257769281399,1e-07
68.12367923479034,5551102209.824427,4448897790.175573,70.38052675300177,1e-07
68.23953583212842,5545548331.138546,4454451668.861454,70.4683878201402,1e-07
68.3553924294665,5540000009.109215,4459999990.890785,70.5561609822663,1e-07
68.47124902680459,5534457238.177,4465542761.823,70.64384632732906,1e-07
68.58710562414265,5528920012.788026,4471079987.211974,70.73144394318949,1e-07
68.70296222148075,5523388327.393976,4476611672.606024,70.81895391762065,1e-07
68.81881881881881,5517862176.4520855,4482137823.5479145,70.9063763383078,1e-07
68.9346754161569,5512341554.425131,4487658445.574869,70.99371129284852,1e-07
69.05053201349497,5506826455.781436,4493173544.218564,71.08095886875265,1e-07
69.16638861083305,5501316874.994853,4498683125.005147,71.16811915344253,1e-07
69.28224520817113,5495812806.5447645,4504187193.4552355,71.25519223425307,1e-07
69.39810180550921,5490314244.916077,4509685755.083923,71.34217819843177,1e-07
69.5139584028473,5484821184.5992155,4515178815.4007845,71.42907713313879,1e-07
69.62981500018537,5479333620.0901165,4520666379.9098835,71.51588912544716,1e-07
69.74567159752345,5473851545.8902235,4526148454.1097765,71.60261426234277,1e-07
69.86152819486152,5468374956.506481,4531625043.493519,71.68925263072445,1e-07
69.9773847921996,5462903846.451329,4537096153.548671,71.77580431740414,1e-07
70.09324138953768,5457438210.242699,4542561789.757301,71.86226940910689,1e-07
70.20909798687576,5451978042.404007,4548021957.595993,71.94864799247097,1e-07
70.32495458421384,5446523337.464147,4553476662.535853,72.034940154048,1e-07
70.44081118155192,5441074089.957487,4558925910.042513,72.12114598030301,1e-07
70.55666777889,5435630294.423866,4564369705.576134,72.20726555761449,1e-07
70.67252437622808,5430191945.408585,4569808054.591415,72.2932989722745,1e-07
70.78838097356615,5424759037.462398,4575240962.537602,72.37924631048884,1e-07
70.90423757090424,5419331565.141518,4580668434.858482,72.46510765837694,1e-07
71.02009416824231,5413909523.007599,4586090476.992401,72.55088310197218,1e-07
71.13595076558039,5408492905.627738,4591507094.372262,72.6365727272218,1e-07
71.25180736291847,5403081707.574468,4596918292.425532,72.72217661998711,1e-07
71.36766396025655,5397675923.425751,4602324076.574249,72.80769486604345,1e-07
71.48352055759463,5392275547.764977,4607724452.235023,72.89312755108031,1e-07
71.59937715493271,5386880575.180951,4613119424.819049,72.9784747607016,1e-07
71.71523375227078,5381491000.267895,4618508999.732105,73.06373658042543,1e-07
71.83109034960887,5376106817.625437,4623893182.374563,73.1489130956844,1e-07
71.94694694694694,5370728021.858609,4629271978.141391,73.2340043918257,1e-07
72.06280354428503,5365354607.577844,4634645392.422156,73.319010554111,1e-07
72.1786601416231,5359986569.39896,4640013430.60104,73.40393166771679,1e-07
72.29451673896119,5354623901.94317,4645376098.05683,73.48876781773426,1e-07
72.41037333629926,5349266599.837062,4650733400.162938,73.57351908916951,1e-07
72.52622993363734,5343914657.712604,4656085342.287396,73.65818556694356,1e-07
72.64208653097542,5338568070.207133,4661431929.792867,73.7427673358925,1e-07
72.7579431283135,5333226831.963353,4666773168.036647,73.82726448076748,1e-07
72.87379972565158,5327890937.629326,4672109062.370674,73.91167708623495,1e-07
72.98965632298966,5322560381.858469,4677439618.141531,73.99600523687658,1e-07
73.10551292032773,5317235159.309549,4682764840.690451,74.08024901718944,1e-07
73.22136951766582,5311915264.646676,4688084735.353324,74.16440851158609,1e-07
73.33722611500389,5306600692.539301,4693399307.460699,74.24848380439454,1e-07
73.45308271234198,5301291437.662204,4698708562.337796,74.33247497985855,1e-07
73.56893930968005,5295987494.695496,4704012505.304504,74.41638212213749,1e-07
73.68479590701813,5290688858.324609,4709311141.675391,74.50020531530663,1e-07
73.80065250435621,5285395523.240296,4714604476.759704,74.58394464335699,1e-07
73.91650910169429,5280107484.138616,4719892515.861384,74.66760019019573,1e-07
74.03236569903237,5274824735.720938,4725175264.279062,74.7511720396459,1e-07
74.14822229637045,5269547272.693932,4730452727.306068,74.83466027544678,1e-07
74.26407889370851,5264275089.769565,4735724910.230435,74.9180649812538,1e-07
74.37993549104661,5259008181.6650915,4740991818.3349085,75.00138624063878,1e-07
74.49579208838468,5253746543.103054,4746253456.896946,75.08462413708988,1e-07
74.61164868572276,5248490168.811274,4751509831.188726,75.1677787540117,1e-07
74.72750528306084,5243239053.522849,4756760946.477151,75.25085017472544,1e-07
74.84336188039892,5237993191.976146,4762006808.023854,75.33383848246889,1e-07
74.959218477737,5232752578.914794,4767247421.085206,75.41674376039663,1e-07
75.07507507507508,5227517209.087683,4772482790.912317,75.49956609158,1e-07
75.19093167241316,5222287077.248957,4777712922.751043,75.5823055590072,1e-07
75.30678826975124,5217062178.158007,4782937821.841993,75.66496224558345,1e-07
75.4226448670893,5211842506.579467,4788157493.420533,75.74753623413105,1e-07
75.53850146442738,5206628057.283213,4793371942.716787,75.83002760738928,1e-07
75.65435806176546,5201418825.044347,4798581174.955653,75.91243644801487,1e-07
75.77021465910354,5196214804.643205,4803785195.356795,75.99476283858166,1e-07
75.88607125644162,5191015990.865339,4808984009.134661,76.07700686158101,1e-07
76.0019278537797,5185822378.501527,4814177621.498473,76.1591685994216,1e-07
76.11778445111779,5180633962.34775,4819366037.65225,76.24124813442981,1e-07
76.23364104845587,5175450737.205198,4824549262.794802,76.32324554884957,1e-07
76.34949764579395,5170272697.880266,4829727302.119734,76.40516092484253,1e-07
76.46535424313201,5165099839.184541,4834900160.815459,76.48699434448817,1e-07
76.5812108404701,5159932155.934803,4840067844.065197,76.56874588978381,1e-07
76.69706743780817,5154769642.953017,4845230357.046983,76.65041564264476,1e-07
76.81292403514625,5149612295.06633,4850387704.93367,76.73200368490437,1e-07
76.92878063248433,5144460107.107062,4855539892.892938,76.81351009831413,1e-07
77.04463722982241,5139313073.912707,4860686926.087293,76.89493496454364,1e-07
77.1604938271605,5134171190.32592,4865828809.67408,76.97627836518095,1e-07
77.27635042449857,5129034451.194518,4870965548.805482,77.05754038173237,1e-07
77.39220702183664,5123902851.371474,4876097148.628526,77.13872109562267,1e-07
77.50806361917473,5118776385.714907,4881223614.285093,77.21982058819523,1e-07
77.6239202165128,5113655049.088084,4886344950.911916,77.30083894071193,1e-07
77.7397768138509,5108538836.359409,4891461163.640591,77.38177623435345,1e-07
77.85563341118896,5103427742.402423,4896572257.597577,77.46263255021918,1e-07
77.97149000852704,5098321762.095792,4901678237.904208,77.54340796932742,1e-07
78.08734660586512,5093220890.323308,4906779109.676692,77.62410257261539,1e-07
78.2032032032032,5088125121.973882,4911874878.026118,77.70471644093932,1e-07
78.31905980054128,5083034451.94154,4916965548.05846,77.78524965507457,1e-07
78.43491639787936,5077948875.125412,4922051124.874588,77.86570229571565,1e-07
78.55077299521743,5072868386.429736,4927131613.570264,77.94607444347636,1e-07
78.66662959255552,5067792980.763847,4932207019.236153,78.02636617888984,1e-07
78.78248618989359,5062722653.042173,4937277346.957827,78.10657758240868,1e-07
78.89834278723168,5057657398.184229,4942342601.815771,78.18670873440492,1e-07
79.01419938456975,5052597211.1146145,4947402788.8853855,78.26675971517022,1e-07
79.13005598190783,5047542086.763006,4952457913.236994,78.34673060491596,1e-07
79.24591257924591,5042492020.064154,4957507979.935846,78.42662148377318,1e-07
79.36176917658399,5037447005.957874,4962552994.042126,78.50643243179279,1e-07
79.47762577392207,5032407039.3890505,4967592960.6109495,78.58616352894558,1e-07
79.59348237126015,5027372115.307618,4972627884.692382,78.66581485512239,1e-07
79.70933896859823,5022342228.668567,4977657771.331433,78.74538649013412,1e-07
79.82519556593631,5017317374.431936,4982682625.568064,78.82487851371175,1e-07
79.94105216327438,5012297547.562808,4987702452.437192,78.90429100550652,1e-07
80.05690876061247,5007282743.031299,4992717256.968701,78.98362404509002,1e-07
80.17276535795054,5002272955.812558,4997727044.187442,79.06287771195421,1e-07
80.28862195528862,4997268180.886765,5002731819.113235,79.14205208551151,1e-07
80.4044785526267,4992268413.239119,5007731586.760881,79.22114724509485,1e-07
80.52033514996478,4987273647.859837,5012726352.140163,79.30016326995786,1e-07
80.63619174730286,4982283879.744149,5017716120.255851,79.37910023927483,1e-07
80.75204834464094,4977299103.892293,5022700896.107707,79.45795823214084,1e-07
80.86790494197902,4972319315.309506,5027680684.690494,79.53673732757187,1e-07
80.9837615393171,4967344509.006028,5032655490.993972,79.61543760450476,1e-07
81.09961813665517,4962374679.997085,5037625320.002915,79.6940591417975,1e-07
81.21547473399325,4957409823.302893,5042590176.697107,79.77260201822904,1e-07
81.33133133133133,4952449933.94865,5047550066.05135,79.85106631249965,1e-07
81.44718792866941,4947495006.964534,5052504993.035466,79.92945210323076,1e-07
81.56304452600749,4942545037.38569,5057454962.61431,80.00775946896519,1e-07
81.67890112334557,4937600020.252234,5062399979.747766,80.08598848816715,1e-07
81.79475772068365,4932659950.609245,5067340049.390755,80.16413923922237,1e-07
81.91061431802173,4927724823.506758,5072275176.493242,80.24221180043811,1e-07
82.02647091535981,4922794633.999758,5077205366.000242,80.32020625004337,1e-07
82.14232751269788,4917869377.148181,5082130622.851819,80.3981226661888,1e-07
82.25818411003596,4912949048.016905,5087050951.983095,80.4759611269469,1e-07
82.37404070737404,4908033641.675745,5091966358.324255,80.553721710312,1e-07
82.48989730471212,4903123153.199448,5096876846.800552,80.63140449420054,1e-07
82.6057539020502,4898217577.667689,5101782422.332311,80.70900955645084,1e-07
82.72161049938828,4893316910.165068,5106683089.834932,80.78653697482343,1e-07
82.83746709672634,4888421145.7811,5111578854.2189,80.863986827001,1e-07
82.95332369406444,4883530279.610213,5116469720.389787,80.94135919058859,1e-07
83.0691802914025,4878644306.751746,5121355693.248254,81.0186541431135,1e-07
83.1850368887406,4873763222.3099375,5126236777.6900625,81.09587176202552,1e-07
83.30089348607866,4868887021.393927,5131112978.606073,81.17301212469697,1e-07
83.41675008341674,4864015699.117745,5135984300.882255,81.25007530842268,1e-07
83.53260668075482,4859149250.600311,5140850749.399689,81.32706139042028,1e-07
83.6484632780929,4854287670.965431,5145712329.034569,81.40397044782999,1e-07
83.76431987543099,4849430955.3417845,5150569044.6582155,81.48080255771497,1e-07
83.88017647276907,4844579098.862929,5155420901.137071,81.5575577970612,1e-07
83.99603307010715,4839732096.66729,5160267903.33271,81.63423624277765,1e-07
84.11188966744523,4834889943.898155,5165110056.101845,81.71083797169638,1e-07
84.22774626478329,4830052635.703672,5169947364.296328,81.78736306057259,1e-07
84.34360286212139,4825220167.236843,5174779832.763157,81.86381158608462,1e-07
84.45945945945945,4820392533.655521,5179607466.344479,81.94018362483413,1e-07
84.57531605679755,4815569730.122402,5184430269.877598,82.01647925334615,1e-07
84.69117265413561,4810751751.805021,5189248248.194979,82.09269854806914,1e-07
84.8070292514737,4805938593.87575,5194061406.12425,82.16884158537505,1e-07
84.92288584881177,4801130251.511788,5198869748.488212,82.24490844155945,1e-07
85.03874244614985,4796326719.895164,5203673280.104836,82.32089919284155,1e-07
85.15459904348793,4791527994.212721,5208472005.787279,82.39681391536435,1e-07
85.27045564082601,4786734069.656123,5213265930.343877,82.47265268519462,1e-07
85.38631223816408,4781944941.4218445,5218055058.5781555,82.548415578323,1e-07
85.50216883550218,4777160604.71116,5222839395.28884,82.62410267066423,1e-07
85.61802543284024,4772381054.730153,5227618945.269847,82.69971403805694,1e-07
85.73388203017834,4767606286.689698,5232393713.310302,82.77524975626397,1e-07
85.8497386275164,4762836295.805464,5237163704.194536,82.85070990097235,1e-07
85.96559522485448,4758071077.297903,5241928922.702097,82.9260945477934,1e-07
86.08145182219256,4753310626.392254,5246689373.607746,83.00140377226272,1e-07
86.19730841953064,4748554938.318529,5251445061.681471,83.07663764984041,1e-07
86.31316501686872,4743804008.311514,5256195991.688486,83.15179625591105,1e-07
86.4290216142068,4739057831.610763,5260942168.389237,83.2268796657838,1e-07
86.54487821154487,4734316403.460591,5265683596.539409,83.30188795469245,1e-07
86.66073480888296,4729579719.110074,5270420280.889926,83.37682119779556,1e-07
86.77659140622103,4724847773.813039,5275152226.186961,83.45167947017646,1e-07
86.89244800355911,4720120562.828062,5279879437.171938,83.52646284684336,1e-07
87.00830460089719,4715398081.418464,5284601918.581536,83.60117140272943,1e-07
87.12416119823527,4710680324.852302,5289319675.147698,83.67580521269291,1e-07
87.24001779557335,4705967288.40237,5294032711.59763,83.75036435151708,1e-07
87.35587439291143,4701258967.346193,5298741032.653807,83.82484889391043,1e-07
87.47173099024951,4696555356.966017,5303444643.033983,83.89925891450672,1e-07
87.58758758758759,4691856452.54881,5308143547.45119,83.97359448786497,1e-07
87.70344418492567,4687162249.386254,5312837750.613746,84.04785568846972,1e-07
87.81930078226374,4682472742.774746,5317527257.225254,84.1220425907309,1e-07
87.93515737960182,4677787928.015384,5322212071.984616,84.19615526898397,1e-07
88.0510139769399,4673107800.413969,5326892199.586031,84.27019379749012,1e-07
88.16687057427798,4668432355.280998,5331567644.719002,84.34415825043618,1e-07
88.28272717161606,4663761587.931663,5336238412.068337,84.41804870193472,1e-07
88.39858376895414,4659095493.685839,5340904506.314161,84.49186522602422,1e-07
88.5144403662922,4654434067.868085,5345565932.131915,84.56560789666908,1e-07
88.6302969636303,4649777305.807638,5350222694.192362,84.63927678775967,1e-07
88.74615356096837,4645125202.83841,5354874797.16159,84.71287197311244,1e-07
88.86201015830646,4640477754.298977,5359522245.701023,84.78639352647002,1e-07
88.97786675564453,4635834955.532581,5364165044.467419,84.85984152150121,1e-07
89.09372335298261,4631196801.887126,5368803198.112874,84.93321603180112,1e-07
89.20957995032069,4626563288.715166,5373436711.284834,85.00651713089124,1e-07
89.32543654765877,4621934411.373906,5378065588.626094,85.07974489221954,1e-07
89.44129314499685,4617310165.225197,5382689834.774803,85.15289938916042,1e-07
89.55714974233493,4612690545.63553,5387309454.36447,85.22598069501491,1e-07
89.673006339673,4608075547.976034,5391924452.023966,85.29898888301071,1e-07
89.78886293701109,4603465167.622463,5396534832.377537,85.37192402630228,1e-07
89.90471953434916,4598859399.955206,5401140600.044794,85.44478619797081,1e-07
90.02057613168725,4594258240.359266,5405741759.640734,85.51757547102446,1e-07
90.13643272902532,4589661684.224269,5410338315.775731,85.5902919183983,1e-07
90.2522893263634,4585069726.944451,5414930273.055549,85.6629356129544,1e-07
90.36814592370148,4580482363.918657,5419517636.081343,85.735506627482,1e-07
90.48400252103956,4575899590.550334,5424100409.449666,85.80800503469747,1e-07
90.59985911837764,4571321402.24753,5428678597.75247,85.88043090724446,1e-07
90.71571571571572,4566747794.422886,5433252205.577114,85.95278431769387,1e-07
90.83157231305378,4562178762.493632,5437821237.506368,86.0250653385441,1e-07
90.94742891039188,4557614301.881584,5442385698.118416,86.09727404222092,1e-07
91.06328550772994,4553054408.013141,5446945591.986859,86.16941050107766,1e-07
91.17914210506804,4548499076.319271,5451500923.680729,86.2414747873953,1e-07
91.2949987024061,4543948302.235521,5456051697.764479,86.31346697338248,1e-07
91.4108552997442,4539402081.202,5460597918.798,86.38538713117558,1e-07
91.52671189708227,4534860408.66338,5465139591.33662,86.45723533283883,1e-07
91.64256849442035,4530323280.068892,5469676719.931108,86.52901165036434,1e-07
91.75842509175843,4525790690.872318,5474209309.127682,86.6007161556722,1e-07
91.8742816890965,4521262636.531991,5478737363.468009,86.67234892061056,1e-07
91.99013828643459,4516739112.510786,5483260887.489214,86.74391001695567,1e-07
92.10599488377267,4512220114.276118,5487779885.723882,86.81539951641196,1e-07
92.22185148111073,4507705637.299937,5492294362.700063,86.88681749061212,1e-07
92.33770807844883,4503195677.0587225,5496804322.9412775,86.9581640111172,1e-07
92.4535646757869,4498690229.033482,5501309770.966518,87.0294391494166,1e-07
92.56942127312497,4494189288.70974,5505810711.29026,87.1006429769283,1e-07
92.68527787046305,4489692851.577542,5510307148.422458,87.17177556499868,1e-07
92.80113446780113,4485200913.131445,5514799086.868555,87.24283698490285,1e-07
92.91699106513921,4480713468.87051,5519286531.12949,87.31382730784458,1e-07
93.0328476624773,4476230514.298307,5523769485.701693,87.38474660495636,1e-07
93.14870425981537,4471752044.922901,5528247955.077099,87.45559494729956,1e-07
93.26456085715344,4467278056.256851,5532721943.743149,87.52637240586445,1e-07
93.38041745449152,4462808543.817206,5537191456.182794,87.59707905157026,1e-07
93.4962740518296,4458343503.125502,5541656496.874498,87.66771495526527,1e-07
93.61213064916768,4453882929.707754,5546117070.292246,87.73828018772683,1e-07
93.72798724650576,4449426819.094454,5550573180.905546,87.80877481966158,1e-07
93.84384384384384,4444975166.820565,5555024833.179435,87.87919892170531,1e-07
93.95970044118192,4440527968.425518,5559472031.574482,87.94955256442323,1e-07
94.07555703852,4436085219.453206,5563914780.546794,88.01983581830987,1e-07
94.19141363585807,4431646915.451982,5568353084.548018,88.09004875378929,1e-07
94.30727023319616,4427213051.974648,5572786948.025352,88.16019144121509,1e-07
94.42312683053423,4422783624.5784645,5577216375.4215355,88.23026395087041,1e-07
94.53898342787232,4418358628.825129,5581641371.174871,88.30026635296815,1e-07
94.65484002521039,4413938060.280781,5586061939.719219,88.37019871765092,1e-07
94.77069662254847,4409521914.515998,5590478085.484002,88.44006111499118,1e-07
94.88655321988655,4405110187.105788,5594889812.894212,88.50985361499127,1e-07
95.00240981722463,4400702873.629588,5599297126.370412,88.57957628758348,1e-07
95.11826641456271,4396299969.671255,5603700030.328745,88.64922920263012,1e-07
95.23412301190079,4391901470.819067,5608098529.180933,88.71881242992366,1e-07
95.34997960923886,4387507372.665712,5612492627.334288,88.7883260391867,1e-07
95.46583620657695,4383117670.808292,5616882329.191708,88.8577701000721,1e-07
95.58169280391502,4378732360.848312,5621267639.151688,88.92714468216299,1e-07
95.69754940125311,4374351438.391678,5625648561.608322,88.99644985497297,1e-07
95.81340599859118,4369974899.048692,5630025100.951308,89.06568568794597,1e-07
95.92926259592926,4365602738.434048,5634397261.565952,89.13485225045656,1e-07
96.04511919326734,4361234952.166826,5638765047.833174,89.20394961180985,1e-07
96.16097579060542,4356871535.870494,5643128464.129506,89.27297784124157,1e-07
96.2768323879435,4352512485.172892,5647487514.827108,89.34193700791825,1e-07
96.39268898528158,4348157795.70624,5651842204.29376,89.41082718093718,1e-07
96.50854558261965,4343807463.107125,5656192536.892875,89.4796484293265,1e-07
96.62440217995774,4339461483.0164995,5660538516.9835005,89.5484008220454,1e-07
96.74025877729581,4335119851.0796795,5664880148.9203205,89.61708442798388,1e-07
96.8561153746339,4330782562.946336,5669217437.053664,89.68569931596319,1e-07
96.97197197197197,4326449614.270492,5673550385.729508,89.75424555473565,1e-07
97.08782856931005,4322121000.710521,5677878999.289479,89.82272321298477,1e-07
97.20368516664811,4317796717.929137,5682203282.070863,89.89113235932543,1e-07
97.31954176398621,4313476761.593395,5686523238.406605,89.95947306230379,1e-07
97.43539836132429,4309161127.374689,5690838872.625311,90.0277453903974,1e-07
97.55125495866237,4304849810.948738,5695150189.051262,90.09594941201537,1e-07
97.66711155600044,4300542807.995589,5699457192.004411,90.16408519549836,1e-07
97.78296815333852,4296240114.199613,5703759885.800387,90.23215280911863,1e-07
97.89882475067661,4291941725.2494946,5708058274.750505,90.30015232108013,1e-07
98.01468134801469,4287647636.8382382,5712352363.161762,90.3680837995186,1e-07
98.13053794535276,4283357844.663153,5716642155.336847,90.43594731250154,1e-07
98.24639454269084,4279072344.425854,5720927655.574146,90.50374292802844,1e-07
98.3622511400289,4274791131.832257,5725208868.167744,90.57147071403071,1e-07
98.478107737367,4270514202.5925713,5729485797.407429,90.6391307383718,1e-07
98.59396433470508,4266241552.4213037,5733758447.578696,90.70672306884727,1e-07
98.70982093204316,4261973177.0372443,5738026822.962755,90.77424777318483,1e-07
98.82567752938122,4257709072.163469,5742290927.836531,90.84170491904445,1e-07
98.9415341267193,4253449233.5273294,5746550766.472671,90.90909457401838,1e-07
99.0573907240574,4249193656.8604536,5750806343.139546,90.97641680563133,1e-07
99.17324732139546,4244942337.8987436,5755057662.101256,91.0436716813403,1e-07
99.28910391873355,4240695272.382364,5759304727.617636,91.11085926853491,1e-07
99.40496051607163,4236452456.0557404,5763547543.94426,91.17797963453734,1e-07
99.52081711340969,4232213884.667558,5767786115.332441,91.2450328466024,1e-07
99.63667371074779,4227979553.970756,5772020446.029243,91.31201897191762,1e-07
99.75253030808587,4223749459.722522,5776250540.277478,91.37893807760332,1e-07
99.86838690542393,4219523597.6842875,5780476402.315712,91.44579023071262,1e-07
99.98424350276201,4215301963.6217275,5784698036.378273,91.5125754982316,1e-07
100.10010010010011,4211084553.304749,5788915446.695251,91.5792939470793,1e-07
100.21595669743819,4206871362.507497,5793128637.492503,91.64594564410778,1e-07
100.33181329477625,4202662387.008339,5797337612.991661,91.7125306561023,1e-07
100.44766989211433,4198457622.589869,5801542377.410131,91.77904904978122,1e-07
100.56352648945241,4194257065.038901,5805742934.9611,91.84550089179618,1e-07
100.67938308679051,4190060710.1464615,5809939289.8535385,91.91188624873213,1e-07
100.79523968412857,4185868553.7077923,5814131446.292208,91.9782051871074,1e-07
100.91109628146666,4181680591.5223374,5818319408.477663,92.04445777337381,1e-07
101.02695287880472,4177496819.393748,5822503180.606253,92.11064407391657,1e-07
101.1428094761428,4173317233.12987,5826682766.870131,92.17676415505464,1e-07
101.2586660734809,4169141828.5427446,5830858171.457255,92.24281808304052,1e-07
101.37452267081898,4164970601.448605,5835029398.551395,92.30880592406044,1e-07
101.49037926815704,4160803547.6678686,5839196452.332131,92.37472774423439,1e-07
101.60623586549512,4156640663.0251336,5843359336.974867,92.4405836096163,1e-07
101.72209246283319,4152481943.349178,5847518056.650822,92.5063735861939,1e-07
101.8379490601713,4148327384.4729495,5851672615.52705,92.572097739889,1e-07
101.95380565750936,4144176982.23357,5855823017.76643,92.63775613655739,1e-07
102.06966225484744,4140030732.4723225,5859969267.527678,92.70334884198894,1e-07
102.18551885218551,4135888631.0346527,5864111368.965347,92.76887592190778,1e-07
102.30137544952359,4131750673.770161,5868249326.229839,92.83433744197225,1e-07
102.41723204686168,4127616856.5326004,5872383143.4674,92.89973346777501,1e-07
102.53308864419976,4123487175.1798763,5876512824.820124,92.96506406484302,1e-07
102.64894524153783,4119361625.5740333,5880638374.425966,93.0303292986378,1e-07
102.76480183887591,4115240203.5812593,5884759796.418741,93.09552923455527,1e-07
102.88065843621398,4111122905.071875,5888877094.928125,93.16066393792602,1e-07
102.99651503355207,4107009725.920335,5892990274.079665,93.22573347401519,1e-07
103.11237163089015,4102900662.005222,5897099337.994778,93.29073790802263,1e-07
103.22822822822823,4098795709.2092404,5901204290.79076,93.35567730508305,1e-07
103.3440848255663,4094694863.419216,5905305136.580784,93.42055173026587,1e-07
103.45994142290438,4090598120.5260873,5909401879.473913,93.48536124857549,1e-07
103.57579802024247,4086505476.424905,5913494523.575095,93.55010592495125,1e-07
103.69165461758054,4082416927.014828,5917583072.985172,93.61478582426753,1e-07
103.80751121491862,4078332468.1991177,5921667531.800882,93.67940101133372,1e-07
103.9233678122567,4074252095.8851337,5925747904.114866,93.7439515508945,1e-07
104.03922440959477,4070175805.984329,5929824194.015671,93.80843750762968,1e-07
104.15508100693286,4066103594.4122486,5933896405.587751,93.87285894615444,1e-07
104.27093760427094,4062035457.0885253,5937964542.911474,93.9372159310192,1e-07
104.38679420160902,4057971389.9368725,5942028610.0631275,94.00150852670987,1e-07
104.50265079894709,4053911388.8850827,5946088611.114918,94.06573679764784,1e-07
104.61850739628517,4049855449.8650208,5950144550.134979,94.12990080819003,1e-07
104.73436399362326,4045803568.812623,5954196431.187377,94.19400062262902,1e-07
104.85022059096133,4041755741.6678953,5958244258.332105,94.25803630519295,1e-07
104.96607718829941,4037711964.3748994,5962288035.625101,94.32200792004582,1e-07
105.08193378563749,4033672232.8817596,5966327767.11824,94.38591553128735,1e-07
105.19779038297555,4029636543.1406517,5970363456.859348,94.4497592029532,1e-07
105.31364698031365,4025604891.1078014,5974395108.892199,94.51353899901491,1e-07
105.42950357765173,4021577272.7434816,5978422727.256518,94.57725498338004,1e-07
105.5453601749898,4017553684.012007,5982446315.987993,94.64090721989218,1e-07
105.66121677232788,4013534120.88173,5986465879.11827,94.70449577233107,1e-07
105.77707336966596,4009518579.325033,5990481420.674967,94.76802070441268,1e-07
105.89292996700405,4005507055.3183327,5994492944.681667,94.83148207978915,1e-07
106.00878656434212,4001499544.842069,5998500455.15793,94.89487996204899,1e-07
106.1246431616802,3997496043.8807063,6002503956.119293,94.95821441471703,1e-07
106.24049975901828,3993496548.4227214,6006503451.577278,95.02148550125466,1e-07
106.35635635635634,3989501054.460609,6010498945.539391,95.08469328505964,1e-07
106.47221295369444,3985509557.9908705,6014490442.00913,95.14783782946643,1e-07
106.58806955103252,3981522055.0140157,6018477944.985985,95.210919197746,1e-07
106.70392614837058,3977538541.534554,6022461458.465446,95.27393745310607,1e-07
106.81978274570866,3973559013.5609922,6026440986.439008,95.33689265869117,1e-07
106.93563934304674,3969583467.105831,6030416532.894169,95.39978487758259,1e-07
107.05149594038484,3965611898.1855597,6034388101.81444,95.46261417279854,1e-07
107.1673525377229,3961644302.8206553,6038355697.179344,95.52538060729414,1e-07
107.28320913506099,3957680677.0355754,6042319322.964424,95.58808424396157,1e-07
107.39906573239905,3953721016.8587537,6046278983.141247,95.65072514563009,1e-07
107.51492232973713,3949765318.3225985,6050234681.677402,95.71330337506603,1e-07
107.63077892707523,3945813577.4634867,6054186422.536513,95.77581899497302,1e-07
107.7466355244133,3941865790.321764,6058134209.678236,95.83827206799185,1e-07
107.86249212175137,3937921952.9417353,6062078047.058265,95.9006626567007,1e-07
107.97834871908945,3933982061.371661,6066017938.628339,95.96299082361519,1e-07
108.09420531642755,3930046111.663759,6069953888.336241,96.0252566311883,1e-07
108.21006191376563,3926114099.874196,6073885900.125804,96.08746014181054,1e-07
108.3259185111037,3922186022.0630836,6077813977.936916,96.14960141781003,1e-07
108.44177510844177,3918261874.294477,6081738125.705523,96.21168052145252,1e-07
108.55763170577984,3914341652.6363654,6085658347.363634,96.27369751494149,1e-07
108.67348830311794,3910425353.1606755,6089574646.839325,96.33565246041816,1e-07
108.78934490045602,3906512971.9432645,6093487028.056736,96.39754541996155,1e-07
108.9052014977941,3902604505.063913,6097395494.936087,96.45937645558857,1e-07
109.02105809513216,3898699948.606326,6101300051.393674,96.52114562925416,1e-07
109.13691469247024,3894799298.6581254,6105200701.341875,96.58285300285121,1e-07
109.25277128980834,3890902551.310847,6109097448.689154,96.6444986382107,1e-07
109.3686278871464,3887009702.65994,6112990297.34006,96.70608259710173,1e-07
109.48448448448448,3883120748.8047557,6116879251.195244,96.76760494123164,1e-07
109.60034108182256,3879235685.8485527,6120764314.151447,96.82906573224598,1e-07
109.71619767916063,3875354509.8984847,6124645490.101515,96.89046503172865,1e-07
109.83205427649872,3871477217.0656,6128522782.934401,96.95180290120203,1e-07
109.9479108738368,3867603803.464842,6132396196.535158,97.01307940212672,1e-07
110.06376747117488,3863734265.2150364,6136265734.784964,97.07429459590205,1e-07
110.17962406851295,3859868598.438895,6140131401.561105,97.13544854386578,1e-07
110.29548066585103,3856006799.263007,6143993200.736993,97.19654130729441,1e-07
110.41133726318913,3852148863.8178368,6147851136.182163,97.25757294740306,1e-07
110.52719386052719,3848294788.237724,6151705211.762276,97.31854352534558,1e-07
110.64305045786527,3844444568.660871,6155555431.3391285,97.37945310221471,1e-07
110.75890705520335,3840598201.229346,6159401798.770655,97.44030173904206,1e-07
110.87476365254142,3836755682.089077,6163244317.910923,97.5010894967981,1e-07
110.99062024987951,3832917007.3898473,6167082992.610153,97.5618164363924,1e-07
111.10647684721759,3829082173.2852945,6170917826.714705,97.6224826186735,1e-07
111.22233344455566,3825251175.932903,6174748824.067097,97.68308810442912,1e-07
111.33819004189374,3821424011.494,6178575988.5060005,97.74363295438616,1e-07
111.45404663923182,3817600676.1337566,6182399323.866243,97.8041172292107,1e-07
111.56990323656991,3813781166.021177,6186218833.978823,97.86454098950821,1e-07
111.68575983390798,3809965477.329102,6190034522.670898,97.92490429582351,1e-07
111.80161643124606,3806153606.2341995,6193846393.7658,97.98520720864074,1e-07
111.91747302858413,3802345548.9169626,6197654451.083037,98.04544978838366,1e-07
112.0333296259222,3798541301.5617065,6201458698.438293,98.1056320954155,1e-07
112.1491862232603,3794740860.3565617,6205259139.643438,98.16575419003917,1e-07
112.26504282059838,3790944221.493477,6209055778.506523,98.22581613249712,1e-07
112.38089941793645,3787151381.168207,6212848618.831793,98.28581798297162,1e-07
112.49675601527453,3783362335.580316,6216637664.419683,98.34575980158472,1e-07
112.61261261261261,3779577080.933165,6220422919.066835,98.40564164839834,1e-07
112.7284692099507,3775795613.4339194,6224204386.56608,98.46546358341423,1e-07
112.84432580728877,3772017929.293538,6227982070.706462,98.52522566657417,1e-07
112.96018240462685,3768244024.726768,6231755975.2732315,98.58492795775994,1e-07
113.07603900196492,3764473895.952146,6235526104.047853,98.64457051679344,1e-07
113.191895599303,3760707539.191991,6239292460.808009,98.7041534034367,1e-07
113.30775219664109,3756944950.672402,6243055049.327599,98.76367667739194,1e-07
113.42360879397917,3753186126.6232533,6246813873.376747,98.82314039830167,1e-07
113.53946539131724,3749431063.278193,6250568936.7218075,98.88254462574872,1e-07
113.65532198865532,3745679756.874635,6254320243.125364,98.94188941925628,1e-07
113.77117858599338,3741932203.653759,6258067796.346241,99.00117483828808,1e-07
113.88703518333149,3738188399.8605037,6261811600.139496,99.06040094224828,1e-07
114.00289178066956,3734448341.7435684,6265551658.256432,99.11956779048157,1e-07
114.11874837800764,3730712025.5554028,6269287974.444597,99.17867544227333,1e-07
114.2346049753457,3726979447.552205,6273020552.447795,99.23772395684965,1e-07
114.35046157268378,3723250603.9939218,6276749396.006079,99.2967133933773,1e-07
114.46631817002188,3719525491.1442394,6280474508.855761,99.35564381096387,1e-07
114.58217476735996,3715804105.270584,6284195894.729416,99.41451526865782,1e-07
114.69803136469802,3712086442.6441164,6287913557.355884,99.47332782544852,1e-07
114.8138879620361,3708372499.539725,6291627500.460276,99.53208154026638,1e-07
114.9297445593742,3704662272.2360277,6295337727.763972,99.59077647198276,1e-07
115.04560115671227,3700955757.0153666,6299044242.984633,99.6494126794102,1e-07
115.16145775405035,3697252950.1638017,6302747049.836199,99.70799022130232,1e-07
115.27731435138843,3693553847.9711094,6306446152.028891,99.766509156354,1e-07
115.39317094872649,3689858446.730777,6310141553.269223,99.82496954320142,1e-07
115.50902754606459,3686166742.74,6313833257.26,99.88337144042208,1e-07
115.62488414340267,3682478732.2996817,6317521267.700318,99.94171490653481,1e-07
115.74074074074075,3678794411.714423,6321205588.285577,100.0,1e-07
0.0,10000000000.0,0.0,0.0,1e-06
0.11585659733807882,9900399233.900234,99600766.09976578,0.9960528817285279,1e-06
0.23171319467615764,9801790499.061232,198209500.9387684,1.9821850004474804,1e-06
0.34756979201423643,9704163914.77564,295836085.2243595,2.958495167716412,1e-06
0.4634263893523153,9607509698.748703,392490301.251297,3.9250812109242577,1e-06
0.5792829866903941,9511818166.118073,488181833.8819275,4.882039983091604,1e-06
0.6951395840284729,9417079728.483368,582920271.5166321,5.829467372575588,1e-06
0.8109961813665517,9323284892.945415,676715107.0545845,6.7674583126779115,1e-06
0.9268527787046306,9230424261.15504,769575738.8449593,7.696106791157356,1e-06
1.0427093760427093,9138488528.37135,861511471.6286507,8.615505859647403,1e-06
1.1585659733807883,9047468482.529377,952531517.470623,9.525747642980157,1e-06
1.274422570718867,8957355003.317034,1042644996.6829662,10.426923348417318,1e-06
1.3902791680569457,8868139061.261238,1131860938.738762,11.319123274789266,1e-06
1.5061357653950247,8779811716.823149,1220188283.1768513,12.202436821543142,1e-06
1.6219923627331034,8692364119.50242,1307635880.4975796,13.076952497700697,1e-06
1.7378489600711822,8605787506.950363,1394212493.0496368,13.942757930727117,1e-06
1.8537055574092611,8520073204.091957,1479926795.908043,14.799939875311258,1e-06
1.9695621547473399,8435212622.256592,1564787377.7434082,15.648584222058645,1e-06
2.0854187520854186,8351197258.317473,1648802741.6825266,16.48877600609781,1e-06
2.2012753494234976,8268018693.839603,1731981306.1603966,17.320599415600878,1e-06
2.3171319467615765,8185668594.236241,1814331405.7637587,18.14413780021932,1e-06
2.432988544099655,8104138707.933769,1895861292.0662308,18.959473679435686,1e-06
2.548845141437734,8023420865.544871,1976579134.4551287,19.766688750832213,1e-06
2.664701738775813,7943506979.049958,2056493020.9500418,20.565863898276902,1e-06
2.7805583361138915,7864389040.986735,2135610959.0132647,21.35707920002826,1e-06
2.8964149334519704,7786059123.647847,2213940876.352153,22.140413936759167,1e-06
3.0122715307900494,7708509378.286507,2291490621.7134933,22.91594659950099,1e-06
3.1281281281281283,7631732034.330049,2368267965.6699514,23.683754897508372,1e-06
3.243984725466207,7555719398.601308,2444280601.398692,24.44391576604582,1e-06
3.3598413228042854,7480463854.547752,2519536145.4522476,25.196505374096716,1e-06
3.4756979201423643,7405957861.478295,2594042138.5217047,25.941599131995563,1e-06
3.5915545174804437,7332193953.807712,2667806046.1922884,26.67927169898413,1e-06
3.7074111148185223,7259164740.308579,2740835259.6914206,27.409596990692396,1e-06
3.8232677121566008,7186862903.370665,2813137096.6293354,28.132648186545055,1e-06
3.9391243094946797,7115281198.267693,2884718801.7323074,28.848497737094092,1e-06
4.054980906832759,7044412452.431418,2955587547.5685816,29.557217371278444,1e-06
4.170837504170837,6974249564.732928,3025750435.2670717,30.258878103611313,1e-06
4.286694101508916,6904785504.771092,3095214495.2289076,30.95355024129593,1e-06
4.402550698846995,6836013312.168116,3163986687.8318844,31.641303391270398,1e-06
4.5184072961850745,6767926095.8721,3232073904.1279,32.32220646718238,1e-06
4.634263893523153,6700517033.466553,3299482966.5334473,32.9963276962943,1e-06
4.750120490861232,6633779370.4867735,3366220629.5132265,33.663734626319844,1e-06
4.86597708819931,6567706419.743041,3432293580.256959,34.32449413219232,1e-06
4.9818336855373895,6502291560.650565,3497708439.349435,34.97867242276553,1e-06
5.097690282875468,6437528238.56608,3562471761.43392,35.62633504744805,1e-06
5.2135468802135465,6373409964.131074,3626590035.868926,36.2675469027713,1e-06
5.329403477551626,6309930312.62154,3690069687.37846,36.90237223889231,1e-06
5.445260074889704,6247082923.3042145,3752917076.6957855,37.530874666031615,1e-06
5.561116672227783,6184861498.799228,3815138501.2007723,38.153117160847046,1e-06
5.6769732695658615,6123259804.449092,3876740195.550908,38.76916207274414,1e-06
5.792829866903941,6062271667.693988,3937728332.306012,39.37907113012354,1e-06
5.90868646424202,6001890977.453265,3998109022.546735,39.98290544656632,1e-06
6.024543061580099,5942111683.513103,4057888316.4868975,40.58072552695761,1e-06
6.140399658918177,5882927795.920274,4117072204.079726,41.172591273549216,1e-06
6.256256256256257,5824333384.381947,4175666615.6180534,41.758561991961955,1e-06
6.372112853594335,5766322577.671457,4233677422.3285427,42.33869639712809,1e-06
6.487969450932414,5708889563.040011,4291110436.9599886,42.91305261917469,1e-06
6.603826048270492,5652028585.634236,4347971414.365764,43.48168820924829,1e-06
6.719682645608571,5595733947.919541,4404266052.080459,44.0446601452816,1e-06
6.83553924294665,5540000009.109215,4459999990.890785,44.60202483770275,1e-06
6.951395840284729,5484821184.5992155,4515178815.4007845,45.15383813508768,1e-06
7.067252437622807,5430191945.408585,4569808054.591415,45.70015532975626,1e-06
7.1831090349608875,5376106817.625437,4623893182.374563,46.24103116331259,1e-06
7.298965632298966,5322560381.858469,4677439618.141531,46.77651983213022,1e-06
7.4148222296370445,5269547272.693932,4730452727.306068,47.30667499278265,1e-06
7.530678826975123,5217062178.158008,4782937821.841992,47.831549767419794,1e-06
7.6465354243132015,5165099839.184542,4834900160.815458,48.351196749090924,1e-06
7.762392021651281,5113655049.088084,4886344950.911916,48.86566800701447,1e-06
7.8782486189893595,5062722653.042173,4937277346.957827,49.375015091795454,1e-06
7.994105216327438,5012297547.562808,4987702452.437192,49.87928904059096,1e-06
8.109961813665517,4962374679.997085,5037625320.002915,50.378540382224045,1e-06
8.225818411003596,4912949048.016905,5087050951.983095,50.872819142246826,1e-06
8.341675008341674,4864015699.117744,5135984300.882256,51.3621748479531,1e-06
8.457531605679753,4815569730.122402,5184430269.877598,51.846656533341005,1e-06
8.573388203017831,4767606286.689699,5232393713.310301,52.32631274402632,1e-06
8.689244800355912,4720120562.828062,5279879437.171938,52.801191542106764,1e-06
8.80510139769399,4673107800.413969,5326892199.586031,53.27134051097786,1e-06
8.920957995032069,4626563288.715166,5373436711.284834,53.736806760100905,1e-06
9.036814592370149,4580482363.918656,5419517636.081344,54.19763692972334,1e-06
9.152671189708228,4534860408.66338,5465139591.33662,54.65387719555213,1e-06
9.268527787046306,4489692851.577542,5510307148.422458,55.105573273380706,1e-06
9.384384384384385,4444975166.820565,5555024833.179435,55.55277042366969,1e-06
9.500240981722463,4400702873.629588,5599297126.370412,55.99551345608204,1e-06
9.616097579060542,4356871535.870494,5643128464.129506,56.43384673397301,1e-06
9.73195417639862,4313476761.593396,5686523238.406604,56.867814178835495,1e-06
9.847810773736699,4270514202.5925717,5729485797.407429,57.29745927470093,1e-06
9.963667371074779,4227979553.970756,5772020446.029243,57.72282507249642,1e-06
10.079523968412857,4185868553.7077923,5814131446.292208,58.143954194358614,1e-06
10.195380565750936,4144176982.2335706,5855823017.76643,58.560888837904365,1e-06
10.311237163089015,4102900662.0052223,5897099337.994778,58.973670780459045,1e-06
10.427093760427093,4062035457.088526,5937964542.911474,59.382341383242675,1e-06
10.542950357765173,4021577272.7434816,5978422727.256518,59.78694159551433,1e-06
10.658806955103252,3981522055.014016,6018477944.985984,60.187511958675344,1e-06
10.77466355244133,3941865790.3217645,6058134209.678236,60.584092610331595,1e-06
10.890520149779409,3902604505.063913,6097395494.936087,60.976723288315306,1e-06
11.006376747117487,3863734265.2150364,6136265734.784964,61.36544333466687,1e-06
11.122233344455566,3825251175.932903,6174748824.067097,61.75029169957694,1e-06
11.238089941793644,3787151381.1682076,6212848618.831793,62.131306945289296,1e-06
11.353946539131723,3749431063.2781935,6250568936.721807,62.50852724996477,1e-06
11.469803136469803,3712086442.644116,6287913557.355885,62.88199041150685,1e-06
11.585659733807882,3675113777.292525,6324886222.707476,63.25173385134896,1e-06
11.70151633114596,3638509362.520311,6361490637.479689,63.617794618204194,1e-06
11.81737292848404,3602269530.52349,6397730469.47651,63.98020939177768,1e-06
11.933229525822119,3566390650.029691,6433609349.970308,64.33901448644176,1e-06
12.049086123160198,3530869125.934292,6469130874.065708,64.69424585487494,1e-06
12.164942720498276,3495701398.9401836,6504298601.059816,65.04593909166427,1e-06
12.280799317836355,3460883945.2011375,6539116054.798862,65.39412943687194,1e-06
12.396655915174433,3426413275.968695,6573586724.031305,65.73885177956652,1e-06
12.512512512512513,3392285937.2426057,6607714062.757395,66.08014066131867,1e-06
12.62836910985059,3358498509.424723,6641501490.575277,66.41803027966243,1e-06
12.74422570718867,3325047606.9763603,6674952393.02364,66.75255449152178,1e-06
12.860082304526747,3291929878.0790563,6708070121.920944,67.08374681660312,1e-06
12.975938901864827,3259142004.298718,6740857995.7012825,67.41164044075401,1e-06
13.091795499202908,3226680700.253109,6773319299.746891,67.73626821928845,1e-06
13.207652096540984,3194542713.2826552,6805457286.717344,68.05766268027892,1e-06
13.323508693879065,3162724823.1245165,6837275176.8754835,68.37585602781596,1e-06
13.439365291217142,3131223841.589922,6868776158.410078,68.6908801452347,1e-06
13.555221888555222,3100036612.244701,6899963387.755299,69.00276659830996,1e-06
13.6710784858933,3069160010.0930104,6930839989.90699,69.311546638419,1e-06
13.786935083231379,3038590941.2642074,6961409058.735792,69.61725120567291,1e-06
13.902791680569457,3008326342.7028346,6991673657.297165,69.91991093201696,1e-06
14.018648277907538,2978363181.861703,7021636818.138297,70.21955614429987,1e-06
14.134504875245614,2948698456.3980274,7051301543.601973,70.51621686731262,1e-06
14.250361472583695,2919329193.8725824,7080670806.127418,70.809922826797,1e-06
14.366218069921775,2890252451.4518695,7109747548.54813,71.1007034524241,1e-06
14.482074667259852,2861465315.6132364,7138534684.386764,71.38858788074326,1e-06
14.597931264597932,2832964901.852937,7167035098.147062,71.67360495810155,1e-06
14.713787861936009,2804748354.3971076,7195251645.602892,71.95578324353417,1e-06
14.829644459274089,2776812845.9156055,7223187154.084394,72.23515101162626,1e-06
14.94550105661217,2749155577.238719,7250844422.761281,72.51173625534577,1e-06
15.061357653950246,2721773777.076677,7278226222.923323,72.78556668884862,1e-06
15.177214251288326,2694664701.7419667,7305335298.258034,73.05666975025568,1e-06
15.293070848626403,2667825634.8744173,7332174365.125583,73.3250726044019,1e-06
15.408927445964482,2641253887.169008,7358746112.830992,73.59080214555848,1e-06
15.524784043302562,2614946796.106406,7385053203.893594,73.85388500012763,1e-06
15.640640640640639,2588901725.6861734,7411098274.313827,74.11434752931049,1e-06
15.756497237978719,2563116066.1626377,7436883933.837362,74.37221583174866,1e-06
15.8723538353168,2537587233.7833962,7462412766.216604,74.62751574613927,1e-06
15.988210432654876,2512312670.5304146,7487687329.469585,74.88027285382401,1e-06
16.104067029992954,2487289843.863716,7512710156.136284,75.13051248135251,1e-06
16.219923627331035,2462516246.4676166,7537483753.532383,75.37825970301996,1e-06
16.33578022466911,2437989395.999487,7562010604.000513,75.6235393433797,1e-06
16.451636822007192,2413706834.841021,7586293165.158979,75.8663759797306,1e-06
16.56749341934527,2389666129.85198,7610333870.14802,76.10679394457974,1e-06
16.68335001668335,2365864872.126388,7634135127.873611,76.34481732808054,1e-06
16.79920661402143,2342300676.7511563,7657699323.248844,76.58046998044674,1e-06
16.915063211359506,2318971182.567115,7681028817.432885,76.813775514342,1e-06
17.030919808697586,2295874051.932418,7704125948.067582,77.04475730724613,1e-06
17.146776406035663,2273006970.4883137,7726993029.511686,77.27343850379744,1e-06
17.262633003373743,2250367646.927239,7749632353.072762,77.49984201811185,1e-06
17.378489600711823,2227953812.7632303,7772046187.23677,77.72399053607889,1e-06
17.4943461980499,2205763222.104619,7794236777.895381,77.94590651763498,1e-06
17.61020279538798,2183793651.428988,7816206348.5710125,78.16561219901381,1e-06
17.72605939272606,2162042899.3603745,7837957100.639626,78.38312959497443,1e-06
17.841915990064138,2140508786.448689,7859491213.5513115,78.5984805010073,1e-06
17.957772587402218,2119189154.9513316,7880810845.048668,78.81168649551805,1e-06
18.073629184740298,2098081868.6169841,7901918131.383016,79.02276894198977,1e-06
18.189485782078375,2077184812.4715564,7922815187.528443,79.23174899112358,1e-06
18.305342379416455,2056495892.6062596,7943504107.393741,79.4386475829581,1e-06
18.421198976754532,2036013035.967799,7963986964.032201,79.64348544896744,1e-06
18.537055574092612,2015734190.1506484,7984265809.849352,79.8462831141387,1e-06
18.65291217143069,1995657323.1913981,8004342676.808601,80.04706089902852,1e-06
18.76876876876877,1975780423.3651514,8024219576.634849,80.24583892179926,1e-06
18.884625366106846,1956101498.983942,8043898501.016058,80.44263710023483,1e-06
19.000481963444926,1936618578.1971717,8063381421.802828,80.63747515373649,1e-06
19.116338560783003,1917329708.7940238,8082670291.2059765,80.83037260529872,1e-06
19.232195158121083,1898232958.0078511,8101767041.992149,81.02134878346551,1e-06
19.34805175545916,1879326412.32251,8120673587.67749,81.2104228242671,1e-06
19.46390835279724,1860608177.2806253,8139391822.719375,81.39761367313734,1e-06
19.57976495013532,1842076377.2937608,8157923622.70624,81.58294008681214,1e-06
19.695621547473397,1823729155.4544868,8176270844.545513,81.7664206352089,1e-06
19.811478144811478,1805564673.3503122,8194435326.649688,81.94807370328718,1e-06
19.927334742149558,1787581110.879475,8212418889.120525,82.12791749289097,1e-06
20.043191339487635,1769776666.0685687,8230223333.931431,82.30597002457245,1e-06
20.159047936825715,1752149554.891976,8247850445.108024,82.48224913939781,1e-06
20.27490453416379,1734698011.093116,8265301988.906884,82.65677250073476,1e-06
20.390761131501872,1717420286.0074542,8282579713.992546,82.82955759602257,1e-06
20.506617728839952,1700314648.3872917,8299685351.612708,83.00062173852425,1e-06
20.62247432617803,1683379384.2282887,8316620615.771711,83.1699820690614,1e-06
20.73833092351611,1666612796.5977192,8333387203.402281,83.3376555577317,1e-06
20.854187520854186,1650013205.464439,8349986794.535561,83.50365900560936,1e-06
20.970044118192266,1633578947.5305398,8366421052.4694605,83.66800904642868,1e-06
21.085900715530347,1617308376.0646904,8382691623.935309,83.83072214825056,1e-06
21.201757312868423,1601199860.7371292,8398800139.262871,83.99181461511286,1e-06
21.317613910206504,1585251787.4563036,8414748212.543696,84.15130258866391,1e-06
21.433470507544584,1569462558.207136,8430537441.792864,84.30920204978003,1e-06
21.54932710488266,1553830590.890903,8446169409.109097,84.46552882016675,1e-06
21.66518370222074,1538354319.166704,8461645680.833296,84.62029856394425,1e-06
21.781040299558818,1523032192.2945151,8476967807.705484,84.77352678921679,1e-06
21.896896896896898,1507862674.9798014,8492137325.020199,84.92522884962682,1e-06
22.012753494234975,1492844247.2196777,8507155752.780322,85.07541994589327,1e-06
22.12861009157305,1477975404.150607,8522024595.849393,85.22411512733477,1e-06
22.24446668891113,1463254655.8976054,8536745344.102394,85.37132929337758,1e-06
22.360323286249212,1448680527.4249601,8551319472.57504,85.51707719504854,1e-06
22.47617988358729,1434251558.3884263,8565748441.611574,85.66137343645312,1e-06
22.59203648092537,1419966302.988899,8580033697.011101,85.80423247623875,1e-06
22.707893078263446,1405823329.8275445,8594176670.172455,85.9456686290437,1e-06
22.823749675601526,1391821221.7623696,8608178778.23763,86.08569606693129,1e-06
22.939606272939606,1377958575.7662246,8622041424.233776,86.22432882081003,1e-06
23.055462870277683,1364234002.7862191,8635765997.213781,86.36158078183949,1e-06
23.171319467615763,1350646127.6045332,8649353872.395466,86.4974657028222,1e-06
23.287176064953844,1337193588.7006228,8662806411.299377,86.63199719958182,1e-06
23.40303266229192,1323875038.1147957,8676124961.885204,86.76518875232723,1e-06
23.51888925963,1310689141.3131363,8689310858.686863,86.8970537070035,1e-06
23.63474585696808,1297634577.0537925,8702365422.946207,87.02760527662903,1e-06
23.750602454306158,1284710037.2545824,8715289962.745419,87.15685654261954,1e-06
23.866459051644238,1271914226.86192,8728085773.13808,87.28482045609884,1e-06
23.982315648982315,1259245863.721057,8740754136.278942,87.41150983919655,1e-06
24.098172246320395,1246703678.4475987,8753296321.5524,87.53693738633297,1e-06
24.214028843658475,1234286414.3003204,8765713585.69968,87.66111566549093,1e-06
24.329885440996552,1221992827.0552359,8778007172.944763,87.78405711947512,1e-06
24.44574203833463,1209821684.8809242,8790178315.119076,87.90577406715913,1e-06
24.56159863567271,1197771768.215099,8802228231.7849,88.02627870471945,1e-06
24.67745523301079,1185841869.6424096,8814158130.35759,88.14558310685781,1e-06
24.793311830348866,1174030793.7734525,8825969206.226547,88.26369922801099,1e-06
24.909168427686947,1162337357.1249971,8837662642.875004,88.38063890354863,1e-06
25.025025025025027,1150760388.0013943,8849239611.998606,88.49641385095912,1e-06
25.140881622363104,1139298726.3771746,8860701273.622826,88.6110356710239,1e-06
25.25673821970118,1127951223.780809,8872048776.21919,88.72451584897966,1e-06
25.37259481703926,1116716743.1796346,8883283256.820366,88.83686575566928,1e-06
25.48845141437734,1105594158.8659217,8894405841.134079,88.94809664868114,1e-06
25.60430801171542,1094582356.3440745,8905417643.655926,89.0582196734772,1e-06
25.720164609053494,1083680232.218959,8916319767.78104,89.16724586450975,1e-06
25.836021206391575,1072886694.085341,8927113305.91466,89.27518614632717,1e-06
25.951877803729655,1062200660.4184263,8937799339.581573,89.38205133466836,1e-06
26.067734401067735,1051621060.4654905,8948378939.53451,89.48785213754672,1e-06
26.183590998405815,1041146834.1385891,8958853165.86141,89.59259915632303,1e-06
26.29944759574389,1030776931.9083346,8969223068.091665,89.69630288676767,1e-06
26.41530419308197,1020510314.6987308,8979489685.30127,89.79897372011233,1e-06
26.53116079042005,1010345953.7830602,8989654046.21694,89.90062194409127,1e-06
26.64701738775813,1000282830.6808003,8999717169.3192,90.00125774397212,1e-06
26.76287398509621,990319937.0555753,9009680062.944426,90.10089120357644,1e-06
26.878730582434283,980456274.6141149,9019543725.385885,90.19953230629017,1e-06
26.994587179772363,970690855.006226,9029309144.993774,90.29719093606398,1e-06
27.110443777110444,961022699.7257601,9038977300.27424,90.39387687840365,1e-06
27.226300374448524,951450840.0125645,9048549159.987436,90.48959982135048,1e-06
27.3421569717866,941974316.7554127,9058025683.244587,90.58436935645223,1e-06
27.45801356912468,932592180.3958983,9067407819.604101,90.67819497972408,1e-06
27.573870166462758,923303490.8332903,9076696509.16671,90.77108609260016,1e-06
27.689726763800838,914107317.3303318,9085892682.669668,90.8630520028756,1e-06
27.805583361138915,905002738.419981,9094997261.580019,90.95410192563922,1e-06
27.921439958476995,895988841.8130794,9104011158.18692,91.04424498419677,1e-06
28.037296555815075,887064724.3069369,9112935275.693064,91.13349021098523,1e-06
28.153153153153152,878229491.6948323,9121770508.305168,91.22184654847779,1e-06
28.26900975049123,869482258.6764109,9130517741.32359,91.30932285007994,1e-06
28.38486634782931,860822148.7689778,9139177851.231022,91.39592788101659,1e-06
28.50072294516739,852248294.2196741,9147751705.780327,91.48167031921032,1e-06
28.61657954250547,843759835.9185241,9156240164.081476,91.56655875615088,1e-06
28.73243613984355,835355923.3123542,9164644076.687645,91.65060169775622,1e-06
28.848292737181623,827035714.3195657,9172964285.680435,91.73380756522465,1e-06
28.964149334519703,818798375.2457558,9181201624.754244,91.81618469587869,1e-06
29.080005931857784,810643080.7001835,9189356919.299816,91.89774134400051,1e-06
29.195862529195864,802569013.5130621,9197430986.486938,91.978485681659,1e-06
29.311719126533944,794575364.6536787,9205424635.346321,92.05842579952855,1e-06
29.427575723872017,786661333.1493281,9213338666.850672,92.13756970769992,1e-06
29.543432321210098,778826126.0050541,9221173873.994946,92.21592533648271,1e-06
29.659288918548178,771068958.1241924,9228931041.875807,92.29350053719999,1e-06
29.77514551588626,763389052.2297006,9236610947.7703,92.3703030829751,1e-06
29.89100211322434,755785638.7862751,9244214361.213724,92.44634066951043,1e-06
30.006858710562412,748257955.9232441,9251742044.076756,92.52162091585865,1e-06
30.122715307900492,740805249.358224,9259194750.641775,92.596151365186,1e-06
30.238571905238572,733426772.3215429,9266573227.678457,92.6699394855283,1e-06
30.354428502576653,726121785.4814124,9273878214.518587,92.74299267053907,1e-06
30.47028509991473,718889556.8698444,9281110443.130156,92.81531824023054,1e-06
30.586141697252806,711729361.8093089,9288270638.190691,92.88692344170701,1e-06
30.701998294590886,704640482.8401183,9295359517.159882,92.95781544989111,1e-06
30.817854891928963,697622209.6485394,9302377790.351461,93.02800136824267,1e-06
30.933711489267044,690673838.9956188,9309326161.004381,93.0974882294705,1e-06
31.049568086605124,683794674.6467158,9316205325.353285,93.1662829962371,1e-06
31.165424683943204,676984027.3017404,9323015972.69826,93.23439256185635,1e-06
31.281281281281277,670241214.5260847,9329758785.473915,93.30182375098416,1e-06
31.397137878619358,663565560.6822407,9336434439.317759,93.36858332030235,1e-06
31.512994475957438,656956396.8621036,9343043603.137896,93.43467795919568,1e-06
31.628851073295518,650413060.8199428,9349586939.180058,93.50011429042215,1e-06
31.7447076706336,643934896.9060467,9356065103.093954,93.5648988707765,1e-06
31.86056426797167,637521256.0010253,9362478743.998974,93.62903819174737,1e-06
31.976420865309752,631171495.4507662,9368828504.549234,93.69253868016769,1e-06
32.092277462647836,624884979.002043,9375115020.997957,93.75540669885855,1e-06
32.20813405998591,618661076.738759,9381338923.261242,93.81764854726694,1e-06
32.32399065732399,612499165.0188303,9387500834.98117,93.87927046209684,1e-06
32.43984725466207,606398626.411696,9393601373.588305,93.94027861793417,1e-06
32.55570385200014,600358849.6364509,9399641150.363548,94.00067912786551,1e-06
32.67156044933822,594379229.5005943,9405620770.499405,94.06047804409067,1e-06
32.7874170466763,588459166.8393894,9411540833.16061,94.11968135852904,1e-06
32.903273644014384,582598068.455826,9417401931.544174,94.17829500342005,1e-06
33.019130241352464,576795347.0611817,9423204652.938818,94.23632485191753,1e-06
33.13498683869054,571050421.2161741,9428949578.783825,94.29377671867832,1e-06
33.25084343602862,565362715.2727016,9434637284.727299,94.3506563604448,1e-06
33.3667000333667,559731659.316161,9440268340.68384,94.40696947662173,1e-06
33.48255663070478,554156689.1083426,9445843310.891657,94.46272170984736,1e-06
33.59841322804286,548637246.0308925,9451362753.969107,94.51791864655891,1e-06
33.71426982538093,543172777.0293385,9456827222.970661,94.57256581755217,1e-06
33.83012642271901,537762734.5576723,9462237265.442327,94.62666869853584,1e-06
33.94598302005709,532406576.52348727,9467593423.476513,94.68023271068009,1e-06
34.06183961739517,527103766.23365784,9472896233.766342,94.73326322115983,1e-06
34.17769621473325,521853772.3405634,9478146227.659437,94.78576554369253,1e-06
34.293552812071326,516656068.78884625,9483343931.211153,94.83774493907059,1e-06
34.409409409409406,511510134.7626998,9488489865.2373,94.88920661568858,1e-06
34.525266006747486,506415454.63368374,9493584545.366316,94.94015573006494,1e-06
34.64112260408557,501371517.90905607,9498628482.090944,94.99059738735892,1e-06
34.75697920142365,496377819.1806216,9503622180.819378,95.04053664188191,1e-06
34.87283579876173,491433858.0740894,9508566141.92591,95.08997849760401,1e-06
34.9886923960998,486539139.1989351,9513460860.801065,95.13892790865538,1e-06
35.10454899343788,481693172.09876156,9518306827.901237,95.18738977982265,1e-06
35.22040559077596,476895471.20215523,9523104528.797844,95.23536896704044,1e-06
35.33626218811404,472145555.7740308,9527854444.22597,95.28287027787788,1e-06
35.45211878545212,467442949.86746144,9532557050.132538,95.32989847202028,1e-06
35.567975382790195,462787182.27598804,9537212817.724012,95.3764582617462,1e-06
35.683831980128275,458177786.48640394,9541822213.513596,95.42255431239948,1e-06
35.799688577466355,453614300.6320098,9546385699.36799,95.46819124285688,1e-06
35.915545174804436,449096267.446334,9550903732.553665,95.51337362599065,1e-06
36.031401772142516,444623234.2173139,9555376765.782686,95.558105989127,1e-06
36.147258369480596,440194752.74193364,9559805247.258066,95.60239281449955,1e-06
36.26311496681867,435810379.28131443,9564189620.718685,95.6462385396986,1e-06
36.37897156415675,431469674.51624954,9568530325.483751,95.68964755811564,1e-06
36.49482816149483,427172203.503186,9572827796.496815,95.7326242193837,1e-06
36.61068475883291,422917535.63064164,9577082464.369358,95.77517282981304,1e-06
36.72654135617099,418705244.5760578,9581294755.423943,95.8172976528229,1e-06
36.842397953509064,414534908.2630814,9585465091.73692,95.85900290936837,1e-06
36.958254550847144,410406108.8192714,9589593891.180729,95.90029277836362,1e-06
37.074111148185224,406318432.53422904,9593681567.46577,95.94117139710046,1e-06
37.189967745523305,402271469.8181425,9597728530.181858,95.98164286166299,1e-06
37.30582434286138,398264815.1607457,9601735184.839254,96.02171122733793,1e-06
37.42168094019946,394298067.0906866,9605701932.909313,96.06138050902112,1e-06
37.53753753753754,390370828.13529766,9609629171.864702,96.10065468161969,1e-06
37.65339413487562,386482704.78077,9613517295.21923,96.13953768045039,1e-06
37.76925073221369,382633307.43272257,9617366692.567278,96.1780334016339,1e-06
37.88510732955177,378822250.3771637,9621177749.622837,96.21614570248528,1e-06
38.00096392688985,375049151.7418435,9624950848.258156,96.25387840190037,1e-06
38.11682052422793,371313633.457988,9628686366.542011,96.29123528073859,1e-06
38.232677121566006,367615321.22241765,9632384678.777582,96.3282200822017,1e-06
38.348533718904086,363953844.46004117,9636046155.539959,96.36483651220883,1e-06
38.46439031624217,360328836.2867236,9639671163.713276,96.40108823976787,1e-06
38.58024691358025,356739933.4725239,9643260066.527475,96.4369788973432,1e-06
38.69610351091832,353186776.4052998,9646813223.5947,96.47251208121949,1e-06
38.8119601082564,349669009.05467224,9650330990.945328,96.50769135186219,1e-06
38.92781670559448,346186278.9363531,9653813721.063646,96.54252023427419,1e-06
39.04367330293256,342738237.0768242,9657261762.923176,96.57700221834914,1e-06
39.15952990027064,339324537.97837055,9660675462.02163,96.61114075922103,1e-06
39.275386497608714,335944839.5844612,9664055160.415539,96.64493927761049,1e-06
39.391243094946795,332598803.2454736,9667401196.754526,96.67840116016748,1e-06
39.507099692284875,329286093.6847621,9670713906.315237,96.71152975981069,1e-06
39.622956289622955,326006378.96506196,9673993621.034939,96.74432839606348,1e-06
39.738812886961036,322759330.4552287,9677240669.544771,96.77680035538648,1e-06
39.854669484299116,319544622.7973098,9680455377.20269,96.80894889150696,1e-06
39.97052608163719,316361933.8739426,9683638066.126057,96.84077722574476,1e-06
40.08638267897527,313210944.7760778,9686789055.223923,96.8722885473352,1e-06
40.20223927631335,310091339.7710249,9689908660.228975,96.90348601374852,1e-06
40.31809587365143,307002806.270815,9692997193.729185,96.93437275100632,1e-06
40.43395247098951,303945034.80087984,9696054965.19912,96.96495185399479,1e-06
40.54980906832758,300917718.9690412,9699082281.030958,96.99522638677483,1e-06
40.665665665665664,297920555.4348101,9702079444.56519,97.02519938288906,1e-06
40.781522263003744,294953243.8789926,9705046756.121008,97.05487384566578,1e-06
40.897378860341824,292015486.9735966,9707984513.026403,97.08425274851986,1e-06
41.013235457679905,289106990.3520399,9710893009.64796,97.1133390352508,1e-06
41.12909205501798,286227462.5796539,9713772537.420345,97.14213562033758,1e-06
41.24494865235606,283376615.1244813,9716623384.875519,97.17064538923084,1e-06
41.36080524969414,280554162.32836556,9719445837.671635,97.19887119864175,1e-06
41.47666184703222,277759821.37832713,9722240178.621674,97.22681587682858,1e-06
41.5925184443703,274993312.2782255,9725006687.721775,97.2544822238798,1e-06
41.70837504170837,272254357.82070327,9727745642.179296,97.28187301199486,1e-06
41.82423163904645,269542683.559409,9730457316.440592,97.30899098576192,1e-06
41.94008823638453,266858017.7814986,9733141982.218502,97.33583886243274,1e-06
42.05594483372261,264200091.48040837,9735799908.519592,97.3624193321951,1e-06
42.17180143106069,261568638.32890055,9738431361.671099,97.3887350584423,1e-06
42.28765802839877,258963394.65237743,9741036605.347622,97.41478867804003,1e-06
42.40351462573685,256384099.40246022,9743615900.59754,97.44058280159061,1e-06
42.51937122307493,253830494.13083184,9746169505.869167,97.4661200136945,1e-06
42.63522782041301,251302322.9633405,9748697677.03666,97.49140287320948,1e-06
42.75108441775109,248799332.5743604,9751200667.42564,97.51643391350676,1e-06
42.86694101508917,246321272.16140872,9753678727.83859,97.54121564272504,1e-06
42.98279761242724,243867893.42001426,9756132106.579987,97.5657505440218,1e-06
43.09865420976532,241438950.51883727,9758561049.481163,97.59004107582199,1e-06
43.2145108071034,239034200.07503733,9760965799.924963,97.61408967206457,1e-06
43.33036740444148,236653401.12988532,9763346598.870115,97.63789874244621,1e-06
43.446224001779555,234296315.12462014,9765703684.87538,97.66147067266283,1e-06
43.562080599117635,231962705.87654367,9768037294.123457,97.68480782464867,1e-06
43.677937196455716,229652339.5553559,9770347660.444645,97.70791253681286,1e-06
43.793793793793796,227364984.65972418,9772635015.340277,97.73078712427385,1e-06
43.90965039113187,225100411.99408704,9774899588.005913,97.75343387909128,1e-06
44.02550698846995,222858394.6456886,9777141605.354311,97.77585507049578,1e-06
44.14136358580803,220638707.96184114,9779361292.038158,97.7980529451162,1e-06
44.2572201831461,218441129.52741504,9781558870.472586,97.82002972720484,1e-06
44.37307678048418,216265439.1425521,9783734560.857449,97.84178761886022,1e-06
44.48893337782226,214111418.80060196,9785888581.199398,97.86332880024783,1e-06
44.604789975160344,211978852.66627717,9788021147.333723,97.88465542981857,1e-06
44.720646572498424,209867527.05402607,9790132472.945974,97.90576964452494,1e-06
44.8365031698365,207777230.4066217,9792222769.593378,97.92667356003528,1e-06
44.95235976717458,205707753.27396297,9794292246.726036,97.94736927094569,1e-06
45.06821636451266,203658888.292088,9796341111.707912,97.96785885098994,1e-06
45.18407296185074,201630430.16239613,9798369569.837605,97.98814435324724,1e-06
45.29992955918882,199622175.6310761,9800377824.368923,98.00822781034798,1e-06
45.41578615652689,197633923.46874043,9802366076.53126,98.0281112346774,1e-06
45.53164275386497,195665474.45026156,9804334525.549738,98.04779661857724,1e-06
45.64749935120305,193716631.33480948,9806283368.66519,98.06728593454532,1e-06
45.76335594854113,191787198.8460881,9808212801.153912,98.0865811354333,1e-06
45.87921254587921,189876983.65276822,9810123016.34723,98.10568415464222,1e-06
45.99506914321729,187985794.34911537,9812014205.650885,98.12459690631637,1e-06
46.110925740555366,186113441.43581092,9813886558.56419,98.14332128553491,1e-06
46.22678233789345,184259737.30096385,9815740262.699036,98.16185916850196,1e-06
46.34263893523153,182424496.20131204,9817575503.798689,98.18021241273449,1e-06
46.45849553256961,180607534.2436106,9819392465.75639,98.1983828572484,1e-06
46.57435212990769,178808669.36620507,9821191330.633795,98.21637232274293,1e-06
46.69020872724576,177027721.3207898,9822972278.67921,98.23418261178296,1e-06
46.80606532458384,175264511.65434515,9824735488.345655,98.2518155089797,1e-06
46.92192192192192,173518863.69125772,9826481136.308743,98.2692727811695,1e-06
47.03777851926,171790602.51561671,9828209397.484383,98.28655617759088,1e-06
47.15363511659808,170079554.95368695,9829920445.046312,98.30366743005983,1e-06
47.26949171393616,168385549.55655748,9831614450.443443,98.32060825314332,1e-06
47.385348311274235,166708416.5829613,9833291583.417038,98.33738034433104,1e-06
47.501204908612316,165047987.98226708,9834952012.017733,98.35398538420563,1e-06
47.617061505950396,163404097.37764117,9836595902.622358,98.37042503661095,1e-06
47.732918103288476,161776580.04937565,9838223419.950624,98.38670094881888,1e-06
47.84877470062656,160165272.91838384,9839834727.081615,98.40281475169431,1e-06
47.96463129796463,158570014.52985904,9841429985.47014,98.41876805985864,1e-06
48.08048789530271,156990645.03709653,9843009354.962904,98.43456247185146,1e-06
48.19634449264079,155427006.18547738,9844572993.814522,98.4501995702908,1e-06
48.31220108997887,153878941.2966107,9846121058.70339,98.46568092203178,1e-06
48.42805768731695,152346295.25263423,9847653704.747366,98.48100807832336,1e-06
48.543914284655024,150828914.480672,9849171085.519327,98.49618257496404,1e-06
48.659770881993104,149326646.93744475,9850673353.062555,98.51120593245571,1e-06
48.775627479331185,147839342.09403697,9852160657.905964,98.5260796561558,1e-06
48.89148407666926,146366850.92081183,9853633149.079187,98.54080523642834,1e-06
49.007340674007345,144909025.87247938,9855090974.127522,98.55538414879328,1e-06
49.12319727134542,143465720.8733125,9856534279.126688,98.56981785407415,1e-06
49.2390538686835,142036791.30250865,9857963208.69749,98.58410779854465,1e-06
49.35491046602158,140622093.9797005,9859377906.0203,98.59825541407349,1e-06
49.47076706335965,139221487.15060738,9860778512.849392,98.61226211826781,1e-06
49.58662366069773,137834830.4728323,9862165169.527168,98.62612931461531,1e-06
49.70248025803581,136461985.00179985,9863538014.9982,98.6398583926248,1e-06
49.81833685537389,135102813.17683232,9864897186.823168,98.65345072796555,1e-06
49.934193452711966,133757178.80736783,9866242821.192633,98.666907682605,1e-06
50.050050050050054,132424947.05931197,9867575052.940687,98.68023060494528,1e-06
50.16590664738813,131105984.44152911,9868894015.558472,98.69342082995841,1e-06
50.28176324472621,129800158.79246518,9870199841.207535,98.7064796793199,1e-06
50.39761984206429,128507339.26690498,9871492660.733095,98.7194084615413,1e-06
50.51347643940236,127227396.32286245,9872772603.677137,98.7322084721013,1e-06
50.62933303674045,125960201.70859876,9874039798.2914,98.74488099357552,1e-06
50.74518963407852,124705628.449773,9875294371.550226,98.75742729576501,1e-06
50.861046231416594,123463550.83671807,9876536449.163282,98.76984863582354,1e-06
50.97690282875468,122233844.4118445,9877766155.588156,98.78214625838348,1e-06
51.092759426092755,121016385.95717068,9878983614.04283,98.79432139568058,1e-06
51.20861602343084,119811053.48197463,9880188946.518024,98.80637526767748,1e-06
51.324472620768915,118617726.21057215,9881382273.789429,98.81830908218586,1e-06
51.44032921810699,117436284.5702137,9882563715.429787,98.83012403498746,1e-06
51.556185815445076,116266610.17910326,9883733389.820896,98.84182130995403,1e-06
51.67204241278315,115108585.8345372,9884891414.165462,98.8534020791658,1e-06
51.78789901012124,113962095.50115901,9886037904.49884,98.86486750302902,1e-06
51.90375560745931,112827024.29933411,9887172975.700666,98.87621873039221,1e-06
52.01961220479738,111703258.49363703,9888296741.506363,98.88745689866121,1e-06
52.13546880213547,110590685.48145628,9889409314.518543,98.89858313391332,1e-06
52.251325399473544,109489193.78171122,9890510806.218288,98.90959855100994,1e-06
52.36718199681163,108398673.02368072,9891601326.976318,98.92050425370836,1e-06
52.483038594149704,107319013.93594514,9892680986.064054,98.93130133477244,1e-06
52.59889519148778,106250108.33543596,9893749891.664564,98.94199087608197,1e-06
52.714751788825865,105191849.1165966,9894808150.883404,98.95257394874113,1e-06
52.83060838616394,104144130.24065027,9895855869.75935,98.96305161318581,1e-06
52.946464983502025,103106846.72497392,9896893153.275026,98.97342491928995,1e-06
53.0623215808401,102079894.63258015,9897920105.36742,98.98369490647059,1e-06
53.17817817817817,101063171.0617013,9898936828.9383,98.99386260379211,1e-06
53.29403477551626,100056574.1354795,9899943425.864521,99.00392903006939,1e-06
53.40989137285433,99060002.99175839,9900939997.008242,99.01389519396973,1e-06
53.52574797019242,98073357.77297586,9901926642.227024,99.02376209411413,1e-06
53.64160456753049,97096539.61615945,9902903460.38384,99.0335307191772,1e-06
53.757461164868566,96129450.64301886,9903870549.356981,99.04320204798624,1e-06
53.87331776220665,95171993.95013933,9904828006.04986,99.05277704961944,1e-06
53.98917435954473,94224073.59927179,9905775926.400728,99.06225668350282,1e-06
54.105030956882814,93285594.60771888,9906714405.39228,99.07164189950649,1e-06
54.22088755422089,92356462.93881886,9907643537.061182,99.08093363803978,1e-06
54.33674415155897,91436585.49252167,9908563414.507479,99.09013283014542,1e-06
54.45260074889705,90525870.09606147,9909474129.903938,99.09924039759295,1e-06
54.56845734623512,89624225.49471997,9910375774.50528,99.10825725297096,1e-06
54.6843139435732,88731561.34268264,9911268438.657318,99.11718429977864,1e-06
54.80017054091128,87847788.19398677,9912152211.806013,99.12602243251621,1e-06
54.91602713824936,86972817.49355757,9913027182.506443,99.13477253677462,1e-06
55.03188373558744,86106561.56833622,9913893438.431664,99.14343548932426,1e-06
55.147740332925515,85248933.618494,9914751066.381506,99.15201215820285,1e-06
55.263596930263596,84399847.7087349,9915600152.291265,99.16050340280235,1e-06
55.379453527601676,83559218.7596856,9916440781.240314,99.16891007395512,1e-06
55.495310124939756,82726962.53936927,9917273037.46063,99.17723301401918,1e-06
55.61116672227783,81902995.65476646,9918097004.345234,99.18547305696258,1e-06
55.72702331961591,81087235.54345849,9918912764.456541,99.19363102844699,1e-06
55.84287991695399,80279600.46535434,9919720399.534645,99.20170774591043,1e-06
55.95873651429206,79480009.49450116,9920519990.505499,99.20970401864919,1e-06
56.07459311163015,78688382.51097418,9921311617.489025,99.21762064789887,1e-06
56.190449708968224,77904640.19284973,9922095359.80715,99.22545842691473,1e-06
56.306306306306304,77128704.00825635,9922871295.991743,99.23321814105114,1e-06
56.422162903644384,76360496.20750582,9923639503.792494,99.24090056784028,1e-06
56.53801950098246,75599939.8153033,9924400060.184696,99.24850647707005,1e-06
56.653876098320545,74846958.62303318,9925153041.376966,99.25603663086122,1e-06
56.76973269565862,74101477.18112402,9925898522.818876,99.26349178374372,1e-06
56.88558929299669,73363420.79148765,9926636579.208513,99.27087268273239,1e-06
57.00144589033478,72632715.5000344,9927367284.499966,99.27818006740166,1e-06
57.11730248767285,71909288.08926348,9928090711.910736,99.28541466995982,1e-06
57.23315908501094,71193066.07092547,9928806933.929075,99.29257721532227,1e-06
57.34901568234901,70483977.67875992,9929516022.32124,99.29966842118415,1e-06
57.4648722796871,69781951.86130358,9930218048.138697,99.30668899809241,1e-06
57.58072887702517,69086918.27477129,9930913081.72523,99.31363964951684,1e-06
57.696585474363246,68398807.27600743,9931601192.723993,99.32052107192057,1e-06
57.812442071701334,67717549.9155073,9932282450.084494,99.32733395482998,1e-06
57.92829866903941,67043077.930508934,9932956922.06949,99.33407898090366,1e-06
58.044155266377494,66375323.73815242,9933624676.261848,99.34075682600093,1e-06
58.16001186371557,65714220.42870843,9934285779.571291,99.34736815924943,1e-06
58.27586846105364,65059701.75887365,9934940298.241127,99.35391364311229,1e-06
58.39172505839173,64411702.145132974,9935588297.854868,99.36039393345443,1e-06
58.5075816557298,63770156.65718845,9936229843.342812,99.3668096796083,1e-06
58.62343825306789,63135001.01145264,9936864998.988548,99.37316152443897,1e-06
58.73929485040596,62506171.56460761,9937493828.435392,99.37945010440849,1e-06
58.855151447744035,61883605.30722783,9938116394.692772,99.38567604963977,1e-06
58.97100804508212,61267239.85746622,9938732760.142534,99.39183998397958,1e-06
59.086864642420196,60657013.45480405,9939342986.545197,99.39794252506114,1e-06
59.20272123975828,60052864.9538618,9939947135.046139,99.403984284366,1e-06
59.318577837096356,59454733.81827276,9940545266.181726,99.40996586728534,1e-06
59.43443443443443,58862560.11461704,9941137439.885384,99.41588787318055,1e-06
59.55029103177252,58276284.506416045,9941723715.493584,99.42175089544335,1e-06
59.66614762911059,57695848.2481874,9942304151.751812,99.42755552155525,1e-06
59.78200422644868,57121193.17955781,9942878806.820442,99.4333023331464,1e-06
59.89786082378675,56552261.71943613,9943447738.280563,99.43899190605381,1e-06
60.013717421124824,55988996.86024315,9944011003.139757,99.44462481037921,1e-06
60.12957401846291,55431342.16219933,9944568657.837801,99.450201610546,1e-06
60.245430615800984,54879241.74767004,9945120758.25233,99.45572286535587,1e-06
60.361287213139065,54332640.29556577,9945667359.704433,99.46118912804484,1e-06
60.477143810477145,53791483.03579963,9946208516.964201,99.46660094633867,1e-06
60.59300040781522,53255715.743798845,9946744284.2562,99.4719588625077,1e-06
60.708857005153305,52725284.73507142,9947274715.264929,99.47726341342123,1e-06
60.82471360249138,52200136.859827325,9947799863.140173,99.48251513060126,1e-06
60.94057019982946,51680219.49765213,9948319780.502348,99.48771454027585,1e-06
61.05642679716754,51165480.552235104,9948834519.447765,99.49286216343174,1e-06
61.17228339450561,50655868.44614861,9949344131.553852,99.49795851586664,1e-06
61.28813999184369,50151332.115680024,9949848667.88432,99.50300410824086,1e-06
61.40399658918177,49651821.00571551,9950348178.994284,99.5079994461285,1e-06
61.51985318651985,49157285.06467369,9950842714.935326,99.51294503006808,1e-06
61.635709783857926,48667674.739491075,9951332325.26051,99.51784135561275,1e-06
61.751566381196014,48182940.97065631,9951817059.029345,99.52268891337988,1e-06
61.86742297853409,47703035.187294595,9952296964.812706,99.52748818910028,1e-06
61.98327957587217,47227909.30230077,9952772090.697699,99.53223966366681,1e-06
62.09913617321025,46757515.70752078,9953242484.292479,99.53694381318267,1e-06
62.21499277054832,46291807.26898169,9953708192.731018,99.54160110900897,1e-06
62.33084936788641,45830737.32216835,9954169262.677832,99.54621201781204,1e-06
62.44670596522448,45374259.66734783,9954625740.332653,99.5507770016102,1e-06
62.562562562562555,44922328.56494012,9955077671.43506,99.55529651782,1e-06
62.67841915990064,44474898.730934724,9955525101.269066,99.5597710193021,1e-06
62.794275757238715,44031925.33235366,9955968074.667646,99.56420095440664,1e-06
62.9101323545768,43593363.98275865,9956406636.01724,99.56858676701818,1e-06
63.025988951914876,43159170.737803765,9956840829.262196,99.5729288966001,1e-06
63.14184554925295,42729302.09083222,9957270697.909168,99.57722777823875,1e-06
63.257702146591036,42303714.96851665,9957696285.031483,99.58148384268692,1e-06
63.37355874392911,41882366.726543605,9958117633.273457,99.58569751640715,1e-06
63.4894153412672,41465215.14534009,9958534784.85466,99.58986922161431,1e-06
63.60527193860527,41052218.42584334,9958947781.574156,99.59399937631801,1e-06
63.72112853594334,40643335.18531248,9959356664.814688,99.59808839436445,1e-06
63.83698513328143,40238524.453181766,9959761475.546818,99.60213668547789,1e-06
63.952841730619504,39837745.666955665,9960162254.333044,99.6061446553017,1e-06
64.06869832795759,39440958.66814402,9960559041.331856,99.61011270543901,1e-06
64.18455492529567,39048123.69823837,9960951876.301762,99.61404123349297,1e-06
64.30041152263374,38659201.39472811,9961340798.605272,99.61793063310654,1e-06
64.41626811997182,38274152.78715606,9961725847.212845,99.621781294002,1e-06
64.5321247173099,37892939.29321404,9962107060.706785,99.62559360201992,1e-06
64.64798131464798,37515522.71487643,9962484477.285124,99.62936793915796,1e-06
64.76383791198606,37141865.23457294,9962858134.765427,99.63310468360892,1e-06
64.87969450932414,36771929.41139916,9963228070.5886,99.63680420979888,1e-06
64.99555110666222,36405678.17736497,9963594321.822636,99.6404668884246,1e-06
65.11140770400029,36043074.83368026,9963956925.166319,99.64409308649056,1e-06
65.22726430133838,35684083.04707768,9964315916.952923,99.64768316734602,1e-06
65.34312089867645,35328666.84617201,9964671333.153828,99.6512374907211,1e-06
65.45897749601454,34976790.617855795,9965023209.382145,99.65475641276308,1e-06
65.5748340933526,34628419.10373084,9965371580.896269,99.65824028607193,1e-06
65.69069069069069,34283517.3965753,9965716482.603424,99.66168945973573,1e-06
65.80654728802877,33942050.93684594,9966057949.063154,99.6651042793656,1e-06
65.92240388536685,33603985.50921523,9966396014.490786,99.66848508713035,1e-06
66.03826048270493,33269287.239142895,9966730712.760857,99.67183222179074,1e-06
66.15411708004301,32937922.589481708,9967062077.410519,99.6751460187335,1e-06
66.26997367738107,32609858.35711699,9967390141.642883,99.67842681000484,1e-06
66.38583027471917,32285061.669639617,9967714938.33036,99.68167492434378,1e-06
66.50168687205723,31963499.982052185,9968036500.017948,99.68489068721506,1e-06
66.61754346939533,31645141.073507957,9968354858.926493,99.68807442084179,1e-06
66.7334000667334,31329953.044082295,9968670046.955917,99.69122644423769,1e-06
66.84925666407148,31017904.311576292,9968982095.688423,99.69434707323907,1e-06
66.96511326140956,30708963.60835204,9969291036.391647,99.69743662053654,1e-06
67.08096985874764,30403099.978199866,9969596900.021801,99.70049539570626,1e-06
67.19682645608572,30100282.77323621,9969899717.226765,99.70352370524094,1e-06
67.3126830534238,29800481.650832817,9970199518.349167,99.70652185258064,1e-06
67.42853965076186,29503666.570576344,9970496333.429424,99.70949013814317,1e-06
67.54439624809996,29209807.791258167,9970790192.208742,99.71242885935409,1e-06
67.66025284543802,28918875.867894545,9971081124.132105,99.7153383106766,1e-06
67.77610944277612,28630841.64877591,9971369158.351225,99.71821878364106,1e-06
67.89196604011418,28345676.272545986,9971654323.727453,99.7210705668741,1e-06
68.00782263745226,28063351.165309854,9971936648.83469,99.72389394612769,1e-06
68.12367923479034,27783838.037770666,9972216161.962229,99.7266892043076,1e-06
68.23953583212842,27507108.882395286,9972492891.117605,99.72945662150192,1e-06
68.3553924294665,27233135.970607657,9972766864.029392,99.73219647500893,1e-06
68.47124902680459,26961891.850010496,9973038108.14999,99.73490903936515,1e-06
68.58710562414265,26693349.34163451,9973306650.658365,99.73759458637255,1e-06
68.70296222148075,26427481.537214935,9973572518.462786,99.74025338512604,1e-06
68.81881881881881,26164261.796495523,9973835738.203505,99.74288570204021,1e-06
68.9346754161569,25903663.744558945,9974096336.255442,99.7454918008763,1e-06
69.05053201349497,25645661.269184064,9974354338.730816,99.7480719427683,1e-06
69.16638861083305,25390228.518229473,9974609771.481771,99.75062638624941,1e-06
69.28224520817113,25137339.897043098,9974862660.102957,99.75315538727773,1e-06
69.39810180550921,24886970.065897524,9975113029.934103,99.75565919926208,1e-06
69.5139584028473,24639093.937450983,9975360906.06255,99.75813807308724,1e-06
69.62981500018537,24393686.67423356,9975606313.325766,99.7605922571392,1e-06
69.74567159752345,24150723.686158426,9975849276.31384,99.76302199732999,1e-06
69.86152819486152,23910180.62805791,9976089819.371943,99.76542753712233,1e-06
69.9773847921996,23672033.397244073,9976327966.602757,99.76780911755405,1e-06
70.09324138953768,23436258.131093595,9976563741.868906,99.77016697726222,1e-06
70.20909798687576,23202831.204656716,9976797168.795343,99.77250135250706,1e-06
70.32495458421384,22971729.228289973,9977028270.77171,99.77481247719562,1e-06
70.44081118155192,22742929.045312565,9977257070.954687,99.77710058290523,1e-06
70.55666777889,22516407.72968599,9977483592.270313,99.77936589890669,1e-06
70.67252437622808,22292142.583716843,9977707857.416283,99.78160865218723,1e-06
70.78838097356615,22070111.135782503,9977929888.864218,99.78382906747328,1e-06
70.90423757090424,21850291.13807941,9978149708.861921,99.78602736725296,1e-06
71.02009416824231,21632660.56439384,9978367339.435606,99.78820377179842,1e-06
71.13595076558039,21417197.607894856,9978582802.392105,99.79035849918787,1e-06
71.25180736291847,21203880.678949215,9978796119.32105,99.79249176532747,1e-06
71.36766396025655,20992688.402958073,9979007311.597042,99.79460378397289,1e-06
71.48352055759463,20783599.618215244,9979216400.381784,99.79669476675078,1e-06
71.59937715493271,20576593.373786736,9979423406.626213,99.79876492318003,1e-06
71.71523375227078,20371648.92741148,9979628351.072588,99.80081446069264,1e-06
71.83109034960887,20168745.743422914,9979831254.256577,99.8028435846546,1e-06
71.94694694694694,19967863.49069128,9980032136.509308,99.80485249838645,1e-06
72.06280354428503,19768982.040586438,9980231017.959414,99.80684140318365,1e-06
72.1786601416231,19572081.464960944,9980427918.53504,99.8088104983367,1e-06
72.29451673896119,19377142.034153208,9980622857.965847,99.81075998115115,1e-06
72.41037333629926,19184144.21501066,9980815855.784988,99.81269004696742,1e-06
72.52622993363734,18993068.668932315,9981006931.331068,99.81460088918031,1e-06
72.64208653097542,18803896.2499312,9981196103.750069,99.81649269925836,1e-06
72.7579431283135,18616608.002715833,9981383391.997284,99.81836566676311,1e-06
72.87379972565158,18431185.16079086,9981568814.839209,99.82021997936802,1e-06
72.98965632298966,18247609.144576732,9981752390.855423,99.82205582287733,1e-06
73.10551292032773,18065861.559547838,9981934138.440453,99.82387338124465,1e-06
73.22136951766582,17885924.194389507,9982114075.80561,99.82567283659137,1e-06
73.33722611500389,17707779.019173153,9982292220.980827,99.827454369225,1e-06
73.45308271234198,17531408.183549635,9982468591.81645,99.8292181576571,1e-06
73.56893930968005,17356794.014960725,9982643205.985039,99.8309643786213,1e-06
73.68479590701813,17183919.01686813,9982816080.983131,99.83269320709091,1e-06
73.80065250435621,17012765.867000487,9982987234.133,99.83440481629653,1e-06
73.91650910169429,16843317.415617567,9983156682.584383,99.83609937774334,1e-06
74.03236569903237,16675556.683791844,9983324443.316208,99.8377770612283,1e-06
74.14822229637045,16509466.861707285,9983490533.138292,99.83943803485722,1e-06
74.26407889370851,16345031.30697481,9983654968.693026,99.84108246506158,1e-06
74.37993549104661,16182233.542964872,9983817766.457035,99.8427105166151,1e-06
74.49579208838468,16021057.257156407,9983978942.742844,99.84432235265042,1e-06
74.61164868572276,15861486.299502293,9984138513.700499,99.84591813467537,1e-06
74.72750528306084,15703504.680811167,9984296495.31919,99.84749802258908,1e-06
74.84336188039892,15547096.57114516,9984452903.428854,99.84906217469812,1e-06
74.959218477737,15392246.298233846,9984607753.701767,99.85061074773236,1e-06
75.07507507507508,15238938.345903808,9984761061.654097,99.85214389686051,1e-06
75.19093167241316,15087157.352523882,9984912842.647476,99.8536617757059,1e-06
75.30678826975124,14936888.109465985,9985063111.890533,99.85516453636171,1e-06
75.4226448670893,14788115.559581053,9985211884.440418,99.85665232940624,1e-06
75.53850146442738,14640824.795690438,9985359175.20431,99.8581253039181,1e-06
75.65435806176546,14495001.059092114,9985504998.940908,99.85958360749098,1e-06
75.77021465910354,14350629.738081848,9985649370.261919,99.86102738624854,1e-06
75.88607125644162,14207696.366489157,9985792303.63351,99.86245678485905,1e-06
76.0019278537797,14066186.622227637,9985933813.377773,99.8638719465499,1e-06
76.11778445111779,13926086.32586002,9986073913.67414,99.86527301312191,1e-06
76.23364104845587,13787381.439177306,9986212618.560823,99.86666012496353,1e-06
76.34949764579395,13650058.06379213,9986349941.936209,99.86803342106492,1e-06
76.46535424313201,13514102.43974613,9986485897.560253,99.86939303903192,1e-06
76.5812108404701,13379500.944131173,9986620499.055868,99.87073911509982,1e-06
76.69706743780817,13246240.089724384,9986753759.910276,99.872071784147,1e-06
76.81292403514625,13114306.523636583,9986885693.476364,99.87339117970834,1e-06
76.92878063248433,12983687.025974447,9987016312.974026,99.87469743398881,1e-06
77.04463722982241,12854368.50851578,9987145631.491484,99.87599067787657,1e-06
77.1604938271605,12726338.01339808,9987273661.986603,99.87727104095615,1e-06
77.27635042449857,12599582.711820187,9987400417.28818,99.87853865152135,1e-06
77.39220702183664,12474089.90275672,9987525910.097242,99.8797936365882,1e-06
77.50806361917473,12349847.011685526,9987650152.988314,99.88103612190767,1e-06
77.6239202165128,12226841.589327646,9987773158.410673,99.88226623197818,1e-06
77.7397768138509,12105061.310399884,9987894938.6896,99.88348409005812,1e-06
77.85563341118896,11984493.972379846,9988015506.02762,99.8846898181783,1e-06
77.97149000852704,11865127.49428314,9988134872.505716,99.885883537154,1e-06
78.08734660586512,11746949.915452939,9988253050.084547,99.8870653665973,1e-06
78.2032032032032,11629949.394361468,9988370050.605639,99.88823542492878,1e-06
78.31905980054128,11514114.207423465,9988485885.792576,99.88939382938963,1e-06
78.43491639787936,11399432.747821515,9988600567.252178,99.89054069605332,1e-06
78.55077299521743,11285893.524342937,9988714106.475657,99.89167613983717,1e-06
78.66662959255552,11173485.16022844,9988826514.839771,99.89280027451395,1e-06
78.78248618989359,11062196.392032128,9988937803.607967,99.89391321272323,1e-06
78.89834278723168,10952016.06849287,9989047983.931507,99.89501506598269,1e-06
79.01419938456975,10842933.149416994,9989157066.850582,99.89610594469926,1e-06
79.13005598190783,10734936.704571946,9989265063.295427,99.89718595818024,1e-06
79.24591257924591,10628015.912591157,9989371984.087408,99.89825521464422,1e-06
79.36176917658399,10522160.059889698,9989477839.940111,99.89931382123191,1e-06
79.47762577392207,10417358.539590752,9989582641.46041,99.90036188401687,1e-06
79.59348237126015,10313600.85046284,9989686399.149538,99.90139950801623,1e-06
79.70933896859823,10210876.595867502,9989789123.404133,99.90242679720102,1e-06
79.82519556593631,10109175.482717654,9989890824.517282,99.90344385450685,1e-06
79.94105216327438,10008487.320446087,9989991512.679554,99.90445078184399,1e-06
80.05690876061247,9908802.019984456,9990091197.980015,99.90544768010771,1e-06
80.17276535795054,9810109.592752326,9990189890.407248,99.90643464918837,1e-06
80.28862195528862,9712400.149656236,9990287599.850344,99.90741178798136,1e-06
80.4044785526267,9615663.90009892,9990384336.099901,99.90837919439713,1e-06
80.52033514996478,9519891.150998147,9990480108.849,99.90933696537085,1e-06
80.63619174730286,9425072.305815557,9990574927.694185,99.91028519687234,1e-06
80.75204834464094,9331197.863595074,9990668802.136404,99.91122398391539,1e-06
80.86790494197902,9238258.418010807,9990761741.58199,99.9121534205676,1e-06
80.9837615393171,9146244.656424666,9990853755.343575,99.91307359995953,1e-06
81.09961813665517,9055147.358953087,9990944852.641047,99.91398461429424,1e-06
81.21547473399325,8964957.397543278,9991035042.602457,99.91488655485638,1e-06
81.33133133133133,8875665.735058578,9991124334.264942,99.91577951202143,1e-06
81.44718792866941,8787263.42437284,9991212736.575626,99.91666357526468,1e-06
81.56304452600749,8699741.60747405,9991300258.392527,99.91753883317033,1e-06
81.67890112334557,8613091.514576605,9991386908.485424,99.91840537344017,1e-06
81.79475772068365,8527304.463242674,9991472695.536757,99.91926328290252,1e-06
81.91061431802173,8442371.85751219,9991557628.142488,99.92011264752094,1e-06
82.02647091535981,8358285.1870414475,9991641714.812958,99.92095355240266,1e-06
82.14232751269788,8275036.02625049,9991724963.97375,99.92178608180734,1e-06
82.25818411003596,8192616.033478717,9991807383.966522,99.9226103191554,1e-06
82.37404070737404,8111016.950149138,9991888983.04985,99.92342634703628,1e-06
82.48989730471212,8030230.599940841,9991969769.400059,99.92423424721699,1e-06
82.6057539020502,7950248.887969644,9992049751.11203,99.92503410064998,1e-06
82.72161049938828,7871063.79997709,9992128936.200024,99.92582598748152,1e-06
82.83746709672634,7792667.401527305,9992207332.598473,99.92660998705954,1e-06
82.95332369406444,7715051.837212018,9992284948.162788,99.92738617794171,1e-06
83.0691802914025,7638209.329863452,9992361790.670137,99.92815463790322,1e-06
83.1850368887406,7562132.179774967,9992437867.820225,99.92891544394465,1e-06
83.30089348607866,7486812.763929644,9992513187.23607,99.92966867229961,1e-06
83.41675008341674,7412243.535236353,9992587756.464764,99.93041439844245,1e-06
83.53260668075482,7338417.021773595,9992661582.978226,99.93115269709578,1e-06
83.6484632780929,7265325.826040773,9992734674.17396,99.93188364223798,1e-06
83.76431987543099,7192962.624216958,9992807037.375784,99.93260730711057,1e-06
83.88017647276907,7121320.1654270645,9992878679.834574,99.93332376422556,1e-06
83.99603307010715,7050391.271015232,9992949608.728985,99.9340330853728,1e-06
84.11188966744523,6980168.833825616,9993019831.166174,99.93473534162707,1e-06
84.22774626478329,6910645.817490141,9993089354.18251,99.93543060335529,1e-06
84.34360286212139,6841815.255723517,9993158184.744276,99.93611894022338,1e-06
84.45945945945945,6773670.251625211,9993226329.748375,99.93680042120356,1e-06
84.57531605679755,6706203.976988297,9993293796.023012,99.93747511458096,1e-06
84.69117265413561,6639409.67161537,9993360590.328384,99.93814308796063,1e-06
84.8070292514737,6573280.64264106,9993426719.357359,99.93880440827428,1e-06
84.92288584881177,6507810.263861473,9993492189.73614,99.93945914178693,1e-06
85.03874244614985,6442991.975070225,9993557008.02493,99.94010735410363,1e-06
85.15459904348793,6378819.281401056,9993621180.7186,99.94074911017601,1e-06
85.27045564082601,6315285.75267711,9993684714.247322,99.94138447430872,1e-06
85.38631223816408,6252385.022766551,9993747614.977234,99.94201351016602,1e-06
85.50216883550218,6190110.78894472,9993809889.211056,99.94263628077798,1e-06
85.61802543284024,6128456.811262593,9993871543.188738,99.94325284854693,1e-06
85.73388203017834,6067416.911921479,9993932583.08808,99.94386327525368,1e-06
85.8497386275164,6006984.974654078,9993993015.025347,99.94446762206366,1e-06
85.96559522485448,5947154.944111544,9994052845.05589,99.9450659495331,1e-06
86.08145182219256,5887920.825256786,9994112079.174744,99.94565831761511,1e-06
86.19730841953064,5829276.682763756,9994170723.317236,99.94624478566566,1e-06
86.31316501686872,5771216.640422674,9994228783.359577,99.94682541244948,1e-06
86.4290216142068,5713734.880551296,9994286265.11945,99.94740025614607,1e-06
86.54487821154487,5656825.643411909,9994343174.356588,99.94796937435538,1e-06
86.66073480888296,5600483.226634242,9994399516.773365,99.94853282410374,1e-06
86.77659140622103,5544701.98464408,9994455298.015356,99.94909066184943,1e-06
86.89244800355911,5489476.32809753,9994510523.671902,99.94964294348844,1e-06
87.00830460089719,5434800.723321029,9994565199.276678,99.95018972436,1e-06
87.12416119823527,5380669.6917567905,9994619330.308243,99.95073105925223,1e-06
87.24001779557335,5327077.809413913,9994672922.190586,99.95126700240743,1e-06
87.35587439291143,5274019.706324848,9994725980.293674,99.95179760752777,1e-06
87.47173099024951,5221490.066007322,9994778509.933992,99.95232292778043,1e-06
87.58758758758759,5169483.6249316605,9994830516.375069,99.95284301580315,1e-06
87.70344418492567,5117995.171993317,9994882004.828007,99.95335792370933,1e-06
87.81930078226374,5067019.547990773,9994932980.45201,99.95386770309331,1e-06
87.93515737960182,5016551.645108539,9994983448.35489,99.95437240503556,1e-06
88.0510139769399,4966586.406405349,9995033413.593596,99.9548720801078,1e-06
88.16687057427798,4917118.8253074875,9995082881.174692,99.95536677837804,1e-06
88.28272717161606,4868143.945107061,9995131856.054893,99.95585654941563,1e-06
88.39858376895414,4819656.858465401,9995180343.141535,99.95634144229614,1e-06
88.5144403662922,4771652.706921291,9995228347.29308,99.95682150560643,1e-06
88.6302969636303,4724126.680404148,9995275873.319595,99.95729678744935,1e-06
88.74615356096837,4677074.016752091,9995322925.983248,99.95776733544872,1e-06
88.86201015830646,4630490.001234705,9995369509.998766,99.95823319675398,1e-06
88.97786675564453,4584369.966080676,9995415630.033918,99.95869441804491,1e-06
89.09372335298261,4538709.290010041,9995461290.70999,99.95915104553647,1e-06
89.20957995032069,4493503.397771124,9995506496.602228,99.95960312498325,1e-06
89.32543654765877,4448747.759682137,9995551252.240318,99.96005070168408,1e-06
89.44129314499685,4404437.891177236,9995595562.108822,99.96049382048669,1e-06
89.55714974233493,4360569.352357226,9995639430.647642,99.96093252579207,1e-06
89.673006339673,4317137.747544636,9995682862.252455,99.96136686155901,1e-06
89.78886293701109,4274138.7248432655,9995725861.275156,99.96179687130845,1e-06
89.90471953434916,4231567.975702163,9995768432.024298,99.96222259812784,1e-06
90.02057613168725,4189421.2344838413,9995810578.765516,99.96264408467547,1e-06
90.13643272902532,4147694.278036919,9995852305.721964,99.96306137318483,1e-06
90.2522893263634,4106382.9252729123,9995893617.074728,99.96347450546864,1e-06
90.36814592370148,4065483.0367472908,9995934516.963253,99.96388352292325,1e-06
90.48400252103956,4024990.51424473,9995975009.485756,99.9642884665327,1e-06
90.59985911837764,3984901.3003684203,9996015098.69963,99.96468937687274,1e-06
90.71571571571572,3945211.3781335545,9996054788.621866,99.96508629411511,1e-06
90.83157231305378,3905916.770564796,9996094083.229435,99.96547925803134,1e-06
90.94742891039188,3867013.5402977746,9996132986.459702,99.96586830799684,1e-06
91.06328550772994,3828497.789184595,9996171502.210815,99.96625348299489,1e-06
91.17914210506804,3790365.6579031865,9996209634.342096,99.96663482162046,1e-06
91.2949987024061,3752613.3255706495,9996247386.674429,99.96701236208409,1e-06
91.4108552997442,3715237.009360343,9996284762.990639,99.96738614221577,1e-06
91.52671189708227,3678232.9641228933,9996321767.035877,99.96775619946874,1e-06
91.64256849442035,3641597.482010891,9996358402.517988,99.96812257092309,1e-06
91.75842509175843,3605326.892107361,9996394673.107893,99.9684852932897,1e-06
91.8742816890965,3569417.5600579656,9996430582.439941,99.96884440291373,1e-06
91.99013828643459,3533865.8877067887,9996466134.112293,99.96919993577843,1e-06
92.10599488377267,3498668.312735846,9996501331.687263,99.96955192750853,1e-06
92.22185148111073,3463821.308308102,9996536178.691692,99.96990041337405,1e-06
92.33770807844883,3429321.3827140806,9996570678.617287,99.97024542829365,1e-06
92.4535646757869,3395165.07902202,9996604834.920979,99.9705870068382,1e-06
92.56942127312497,3361348.97473144,9996638651.025269,99.9709251832343,1e-06
92.68527787046305,3327869.6814302513,9996672130.31857,99.97125999136756,1e-06
92.80113446780113,3294723.8444551877,9996705276.155544,99.97159146478619,1e-06
92.91699106513921,3261908.142555697,9996738091.857445,99.97191963670417,1e-06
93.0328476624773,3229419.287561135,9996770580.712439,99.9722445400047,1e-06
93.14870425981537,3197254.024051284,9996802745.975948,99.97256620724346,1e-06
93.26456085715344,3165409.129030183,9996834590.87097,99.9728846706519,1e-06
93.38041745449152,3133881.411603123,9996866118.588396,99.97319996214037,1e-06
93.4962740518296,3102667.712656974,9996897332.287344,99.97351211330148,1e-06
93.61213064916768,3071764.904543609,9996928235.095457,99.9738211554131,1e-06
93.72798724650576,3041169.8907665117,9996958830.109234,99.97412711944162,1e-06
93.84384384384384,3010879.6056705276,9996989120.39433,99.97443003604496,1e-06
93.95970044118192,2980891.0141346334,9997019108.985865,99.97472993557575,1e-06
94.07555703852,2951201.1112678605,9997048798.888733,99.97502684808424,1e-06
94.19141363585807,2921806.9221081845,9997078193.077892,99.97532080332138,1e-06
94.30727023319616,2892705.5013244217,9997107294.498676,99.97561183074184,1e-06
94.42312683053423,2863893.9329211344,9997136106.06708,99.9758999595069,1e-06
94.53898342787232,2835369.3299463876,9997164630.670053,99.97618521848737,1e-06
94.65484002521039,2807128.8342025485,9997192871.165798,99.97646763626656,1e-06
94.77069662254847,2779169.615959816,9997220830.38404,99.97674724114304,1e-06
94.88655321988655,2751488.873672732,9997248511.126328,99.9770240611335,1e-06
95.00240981722463,2724083.833699458,9997275916.1663,99.97729812397567,1e-06
95.11826641456271,2696951.7500238074,9997303048.249977,99.97756945713094,1e-06
95.23412301190079,2670089.9039801643,9997329910.09602,99.97783808778719,1e-06
95.34997960923886,2643495.6039809966,9997356504.396019,99.97810404286152,1e-06
95.46583620657695,2617166.1852472047,9997382833.814753,99.97836734900294,1e-06
95.58169280391502,2591099.009541107,9997408900.99046,99.97862803259501,1e-06
95.69754940125311,2565291.4649020378,9997434708.535097,99.97888611975854,1e-06
95.81340599859118,2539740.965384699,9997460259.034615,99.97914163635416,1e-06
95.92926259592926,2514444.950799971,9997485555.0492,99.9793946079849,1e-06
96.04511919326734,2489400.8864584337,9997510599.11354,99.9796450599988,1e-06
96.16097579060542,2464606.2629163642,9997535393.737083,99.97989301749148,1e-06
96.2768323879435,2440058.5957242846,9997559941.404276,99.98013850530853,1e-06
96.39268898528158,2415755.4251780426,9997584244.574821,99.98038154804813,1e-06
96.50854558261965,2391694.3160723024,9997608305.683928,99.9806221700634,1e-06
96.62440217995774,2367872.8574565765,9997632127.142544,99.98086039546499,1e-06
96.74025877729581,2344288.662393625,9997655711.337606,99.98109624812331,1e-06
96.8561153746339,2320939.3677202803,9997679060.63228,99.98132975167108,1e-06
96.97197197197197,2297822.6338106794,9997702177.36619,99.98156092950565,1e-06
97.08782856931005,2274936.144341787,9997725063.855658,99.98178980479125,1e-06
97.20368516664811,2252277.6060613375,9997747722.393938,99.98201640046148,1e-06
97.31954176398621,2229844.7485580277,9997770155.251442,99.98224073922147,1e-06
97.43539836132429,2207635.3240340357,9997792364.675966,99.98246284355024,1e-06
97.55125495866237,2185647.1070797695,9997814352.89292,99.98268273570285,1e-06
97.66711155600044,2163877.894450881,9997836122.105549,99.9829004377128,1e-06
97.78296815333852,2142325.5048475154,9997857674.495153,99.98311597139407,1e-06
97.89882475067661,2120987.7786957235,9997879012.221304,99.98332935834333,1e-06
98.01468134801469,2099862.57793109,9997900137.42207,99.98354061994225,1e-06
98.13053794535276,2078947.7857844764,9997921052.214216,99.98374977735945,1e-06
98.24639454269084,2058241.3065699216,9997941758.69343,99.98395685155273,1e-06
98.3622511400289,2037741.0654746667,9997962258.934525,99.9841618632712,1e-06
98.478107737367,2017445.0083512398,9997982554.99165,99.98436483305726,1e-06
98.59396433470508,1997351.1015116465,9998002648.898489,99.98456578124869,1e-06
98.70982093204316,1977457.3315235726,9998022542.668476,99.98476472798072,1e-06
98.82567752938122,1957761.7050086376,9998042238.29499,99.98496169318808,1e-06
98.9415341267193,1938262.2484426731,9998061737.751556,99.98515669660688,1e-06
99.0573907240574,1918957.0079579551,9998081042.992043,99.9853497577767,1e-06
99.17324732139546,1899844.049147442,9998100155.950853,99.98554089604248,1e-06
99.28910391873355,1880921.4568709284,9998119078.543129,99.98573013055646,1e-06
99.40496051607163,1862187.335063145,9998137812.664936,99.9859174802802,1e-06
99.52081711340969,1843639.8065437877,9998156360.193457,99.98610296398635,1e-06
99.63667371074779,1825277.0128294057,9998174722.987171,99.98628660026057,1e-06
99.75253030808587,1807097.1139471957,9998192902.886053,99.98646840750342,1e-06
99.86838690542393,1789098.288250617,9998210901.71175,99.98664840393222,1e-06
99.98424350276201,1771278.7322368624,9998228721.267763,99.98682660758278,1e-06
100.10010010010011,1753636.6603661578,9998246363.339634,99.98700303631135,1e-06
100.21595669743819,1736170.304882847,9998263829.695118,99.98717770779626,1e-06
100.33181329477625,1718877.9156382473,9998281122.084362,99.98735063953978,1e-06
100.44766989211433,1701757.7599152965,9998298242.240086,99.98752184886992,1e-06
100.56352648945241,1684808.1222549176,9998315191.877745,99.98769135294198,1e-06
100.67938308679051,1668027.3042841447,9998331972.695715,99.98785916874051,1e-06
100.79523968412857,1651413.6245459416,9998348586.375454,99.98802531308084,1e-06
100.91109628146666,1634965.418330705,9998365034.581669,99.9881898026108,1e-06
101.02695287880472,1618681.0375094714,9998381318.96249,99.98835265381246,1e-06
101.1428094761428,1602558.8503687605,9998397441.149632,99.98851388300366,1e-06
101.2586660734809,1586597.2414470885,9998413402.758553,99.98867350633975,1e-06
101.37452267081898,1570794.6113730979,9998429205.388626,99.98883153981521,1e-06
101.49037926815704,1555149.376705283,9998444850.623295,99.98898799926513,1e-06
101.60623586549512,1539659.969773344,9998460340.030226,99.98914290036694,1e-06
101.72209246283319,1524324.8385210868,9998475675.161478,99.98929625864193,1e-06
101.8379490601713,1509142.446350924,9998490857.55365,99.98944808945674,1e-06
101.95380565750936,1494111.271969901,9998505888.72803,99.98959840802499,1e-06
102.06966225484744,1479229.809237251,9998520770.190763,99.98974722940882,1e-06
102.18551885218551,1464496.5670134895,9998535503.432987,99.98989456852024,1e-06
102.30137544952359,1449910.0690109872,9998550089.930988,99.99004044012281,1e-06
102.41723204686168,1435468.8536460586,9998564531.146355,99.99018485883308,1e-06
102.53308864419976,1421171.4738925085,9998578828.526108,99.99032783912189,1e-06
102.64894524153783,1407016.4971366255,9998592983.502863,99.9904693953161,1e-06
102.76480183887591,1393002.505033646,9998606997.494967,99.99060954159977,1e-06
102.88065843621398,1379128.0933656218,9998620871.906635,99.99074829201571,1e-06
102.99651503355207,1365391.8719007263,9998634608.1281,99.99088566046687,1e-06
103.11237163089015,1351792.4642539558,9998648207.535746,99.99102166071772,1e-06
103.22822822822823,1338328.5077491996,9998661671.49225,99.99115630639568,1e-06
103.3440848255663,1324998.6532827017,9998675001.346718,99.99128961099237,1e-06
103.45994142290438,1311801.56518789,9998688198.434813,99.99142158786506,1e-06
103.57579802024247,1298735.921101529,9998701264.0789,99.99155225023799,1e-06
103.69165461758054,1285800.411831229,9998714199.58817,99.99168161120366,1e-06
103.80751121491862,1272993.7412242529,9998727006.258776,99.99180968372421,1e-06
103.9233678122567,1260314.6260376384,9998739685.373962,99.99193648063266,1e-06
104.03922440959477,1247761.7958096291,9998752238.204191,99.99206201463417,1e-06
104.15508100693286,1235333.9927323612,9998764666.007267,99.9921862983074,1e-06
104.27093760427094,1223029.9715258384,9998776970.028475,99.99230934410576,1e-06
104.38679420160902,1210848.4993131456,9998789151.500687,99.9924311643585,1e-06
104.50265079894709,1198788.3554969113,9998801211.644503,99.9925517712722,1e-06
104.61850739628517,1186848.331637014,9998813151.668364,99.99267117693182,1e-06
104.73436399362326,1175027.2313294844,9998824972.768671,99.99278939330192,1e-06
104.85022059096133,1163323.8700866338,9998836676.129913,99.9929064322279,1e-06
104.96607718829941,1151737.0752183583,9998848262.924782,99.99302230543722,1e-06
105.08193378563749,1140265.685714633,9998859734.314285,99.99313702454049,1e-06
105.19779038297555,1128908.5521291879,9998871091.44787,99.99325060103271,1e-06
105.31364698031365,1117664.5364643212,9998882335.463535,99.99336304629438,1e-06
105.42950357765173,1106532.5120568823,9998893467.487944,99.99347437159261,1e-06
105.5453601749898,1095511.3634653678,9998904488.636534,99.99358458808233,1e-06
105.66121677232788,1084599.9863581527,9998915400.013641,99.99369370680739,1e-06
105.77707336966596,1073797.287402846,9998926202.712597,99.99380173870158,1e-06
105.89292996700405,1063102.1841567266,9998936897.815844,99.99390869458983,1e-06
106.00878656434212,1052513.6049582919,9998947486.395042,99.99401458518926,1e-06
106.1246431616802,1042030.4888198664,9998957969.51118,99.99411942111018,1e-06
106.24049975901828,1031651.7853212891,9998968348.214678,99.99422321285729,1e-06
106.35635635635634,1021376.4545046698,9998978623.545496,99.99432597083067,1e-06
106.47221295369444,1011203.466770175,9998988796.53323,99.99442770532676,1e-06
106.58806955103252,1001131.8027728702,9998998868.197227,99.99452842653947,1e-06
106.70392614837058,991160.45332057,9999008839.546679,99.99462814456118,1e-06
106.81978274570866,981288.4192727179,9999018711.580727,99.99472686938375,1e-06
106.93563934304674,971514.7114402788,9999028485.288559,99.99482461089954,1e-06
107.05149594038484,961838.3504866124,9999038161.649513,99.99492137890233,1e-06
107.1673525377229,952258.3668293521,9999047741.633171,99.99501718308842,1e-06
107.28320913506099,942773.8005432421,9999057226.199457,99.99511203305747,1e-06
107.39906573239905,933383.7012639525,9999066616.298737,99.99520593831355,1e-06
107.51492232973713,924087.12809286,9999075912.871906,99.99529890826608,1e-06
107.63077892707523,914883.1495027601,9999085116.850496,99.99539095223076,1e-06
107.7466355244133,905770.8432445358,9999094229.156755,99.99548207943052,1e-06
107.86249212175137,896749.2962547387,9999103250.703745,99.99557229899638,1e-06
107.97834871908945,887817.6045640989,9999112182.395435,99.99566161996844,1e-06
108.09420531642755,878974.8732069528,9999121025.126793,99.99575005129681,1e-06
108.21006191376563,870220.216131567,9999129779.783869,99.99583760184235,1e-06
108.3259185111037,861552.7561113462,9999138447.243889,99.99592428037775,1e-06
108.44177510844177,852971.6246569421,9999147028.375343,99.99601009558829,1e-06
108.55763170577984,844475.9619292226,9999155524.03807,99.99609505607278,1e-06
108.67348830311794,836064.9166531224,9999163935.083347,99.99617917034432,1e-06
108.78934490045602,827737.6460323434,9999172262.353968,99.99626244683128,1e-06
108.9052014977941,819493.3156648994,9999180506.684336,99.99634489387805,1e-06
109.02105809513216,811331.0994595147,9999188668.900541,99.99642651974591,1e-06
109.13691469247024,803250.1795528413,9999196749.820448,99.99650733261387,1e-06
109.25277128980834,795249.7462275161,9999204750.253773,99.99658734057948,1e-06
109.3686278871464,787328.9978310255,9999212671.002169,99.9966665516596,1e-06
109.48448448448448,779487.1406953722,9999220512.859304,99.99674497379132,1e-06
109.60034108182256,771723.389057556,9999228276.610943,99.99682261483261,1e-06
109.71619767916063,764036.964980832,9999235963.035019,99.99689948256317,1e-06
109.83205427649872,756427.0982767674,9999243572.901724,99.99697558468525,1e-06
109.9479108738368,748893.0264280684,9999251106.973572,99.99705092882434,1e-06
110.06376747117488,741433.9945121675,9999258566.005487,99.99712552253006,1e-06
110.17962406851295,734049.2551255868,9999265950.744875,99.99719937327673,1e-06
110.29548066585103,726738.0683090396,9999273261.93169,99.99727248846432,1e-06
110.41133726318913,719499.7014732937,9999280500.298527,99.99734487541905,1e-06
110.52719386052719,712333.4293257643,9999287666.570675,99.99741654139416,1e-06
110.64305045786527,705238.5337978323,9999294761.466202,99.99748749357065,1e-06
110.75890705520335,698214.3039728994,9999301785.696028,99.99755773905805,1e-06
110.87476365254142,691260.0360151478,9999308739.963985,99.997627284895,1e-06
110.99062024987951,684375.0330990205,9999315624.966902,99.9976961380501,1e-06
111.10647684721759,677558.6053393988,9999322441.39466,99.99776430542248,1e-06
111.22233344455566,670810.0697224694,9999329189.930277,99.99783179384261,1e-06
111.33819004189374,664128.7500372911,9999335871.249962,99.99789861007291,1e-06
111.45404663923182,657513.9768080317,9999342486.023191,99.99796476080844,1e-06
111.56990323656991,650965.087226892,9999349034.912773,99.99803025267758,1e-06
111.68575983390798,644481.4250876921,9999355518.574913,99.9980950922427,1e-06
111.80161643124606,638062.3407201117,9999361937.65928,99.99815928600077,1e-06
111.91747302858413,631707.1909245994,9999368292.809076,99.99822284038409,1e-06
112.0333296259222,625415.3389079173,9999374584.661093,99.99828576176087,1e-06
112.1491862232603,619186.1542193387,9999380813.845781,99.99834805643594,1e-06
112.26504282059838,613019.0126874773,9999386980.987312,99.99840973065125,1e-06
112.38089941793645,606913.2963577376,9999393086.703642,99.99847079058667,1e-06
112.49675601527453,600868.3934304022,9999399131.60657,99.99853124236044,1e-06
112.61261261261261,594883.6981993217,9999405116.3018,99.99859109202993,1e-06
112.7284692099507,588958.6109912293,9999411041.38901,99.99865034559213,1e-06
112.84432580728877,583092.5381056512,9999416907.461895,99.99870900898429,1e-06
112.96018240462685,577284.891755413,9999422715.108244,99.99876708808458,1e-06
113.07603900196492,571535.0900077481,9999428464.909992,99.99882458871258,1e-06
113.191895599303,565842.556725981,9999434157.443274,99.99888151662991,1e-06
113.30775219664109,560206.7215118041,9999439793.278488,99.99893787754084,1e-06
113.42360879397917,554627.0196481226,9999445372.980352,99.99899367709278,1e-06
113.53946539131724,549102.8920424642,9999450897.107958,99.9990489208769,1e-06
113.65532198865532,543633.7851709626,9999456366.214828,99.99910361442869,1e-06
113.77117858599338,538219.1510228881,9999461780.848978,99.99915776322854,1e-06
113.88703518333149,532858.4470457427,9999467141.552954,99.99921137270216,1e-06
114.00289178066956,527551.1360908938,9999472448.863909,99.99926444822134,1e-06
114.11874837800764,522296.68635974824,9999477703.31364,99.99931699510428,1e-06
114.2346049753457,517094.57135046914,9999482905.42865,99.99936901861624,1e-06
114.35046157268378,511944.2698052154,9999488055.730194,99.99942052397002,1e-06
114.46631817002188,506845.26565791597,9999493154.734343,99.99947151632655,1e-06
114.58217476735996,501797.04798255913,9999498202.952017,99.99952200079528,1e-06
114.69803136469802,496799.11094199267,9999503200.889057,99.99957198243486,1e-06
114.8138879620361,491850.95373724296,9999508149.046263,99.99962146625346,1e-06
114.9297445593742,486952.08055732906,9999513047.919443,99.99967045720946,1e-06
115.04560115671227,482102.0005295906,9999517897.99947,99.99971896021177,1e-06
115.16145775405035,477300.2276704928,9999522699.77233,99.99976698012046,1e-06
115.27731435138843,472546.28083693533,9999527453.719164,99.99981452174718,1e-06
115.39317094872649,467839.6836780408,9999532160.316322,99.99986158985566,1e-06
115.50902754606459,463179.9645874194,9999536820.035412,99.99990818916216,1e-06
115.62488414340267,458566.65665592236,9999541433.343344,99.99995432433602,1e-06
115.74074074074075,453999.29762484855,9999546000.702375,100.0,1e-06
