x,y,u,v,p,psi
0.0,0.0,0.0,0.0,0.0,0.0
0.03389830508474576,0.0,0.0,0.0,0.0,0.0
0.06779661016949153,0.0,0.0,0.0,0.0,0.0
0.1016949152542373,0.0,0.0,0.0,0.0,0.0
0.13559322033898305,0.0,0.0,0.0,0.0,0.0
0.1694915254237288,0.0,0.0,0.0,0.0,0.0
0.2033898305084746,0.0,0.0,0.0,0.0,0.0
0.23728813559322035,0.0,0.0,0.0,0.0,0.0
0.2711864406779661,0.0,0.0,0.0,0.0,0.0
0.3050847457627119,0.0,0.0,0.0,0.0,0.0
0.3389830508474576,0.0,0.0,0.0,0.0,0.0
0.3728813559322034,0.0,0.0,0.0,0.0,0.0
0.4067796610169492,0.0,0.0,0.0,0.0,0.0
0.4406779661016949,0.0,0.0,0.0,0.0,0.0
0.4745762711864407,0.0,0.0,0.0,0.0,0.0
0.5084745762711864,0.0,0.0,0.0,0.0,0.0
0.5423728813559322,0.0,0.0,0.0,0.0,0.0
0.576271186440678,0.0,0.0,0.0,0.0,0.0
0.6101694915254238,0.0,0.0,0.0,0.0,0.0
0.6440677966101694,0.0,0.0,0.0,0.0,0.0
0.6779661016949152,0.0,0.0,0.0,0.0,0.0
0.711864406779661,0.0,0.0,0.0,0.0,0.0
0.7457627118644068,0.0,0.0,0.0,0.0,0.0
0.7796610169491526,0.0,0.0,0.0,0.0,0.0
0.8135593220338984,0.0,0.0,0.0,0.0,0.0
0.847457627118644,0.0,0.0,0.0,0.0,0.0
0.8813559322033898,0.0,0.0,0.0,0.0,0.0
0.9152542372881356,0.0,0.0,0.0,0.0,0.0
0.9491525423728814,0.0,0.0,0.0,0.0,0.0
0.9830508474576272,0.0,0.0,0.0,0.0,0.0
1.0169491525423728,0.0,0.0,0.0,0.0,0.0
1.0508474576271187,0.0,0.0,0.0,0.0,0.0
1.0847457627118644,0.0,0.0,0.0,0.0,0.0
1.11864406779661,0.0,0.0,0.0,0.0,0.0
1.152542372881356,0.0,0.0,0.0,0.0,0.0
1.1864406779661016,0.0,0.0,0.0,0.0,0.0
1.2203389830508475,0.0,0.0,0.0,0.0,0.0
1.2542372881355932,0.0,0.0,0.0,0.0,0.0
1.2881355932203389,0.0,0.0,0.0,0.0,0.0
1.3220338983050848,0.0,0.0,0.0,0.0,0.0
1.3559322033898304,0.0,0.0,0.0,0.0,0.0
1.3898305084745763,0.0,0.0,0.0,0.0,0.0
1.423728813559322,0.0,0.0,0.0,0.0,0.0
1.4576271186440677,0.0,0.0,0.0,0.0,0.0
1.4915254237288136,0.0,0.0,0.0,0.0,0.0
1.5254237288135593,0.0,0.0,0.0,0.0,0.0
1.5593220338983051,0.0,0.0,0.0,0.0,0.0
1.5932203389830508,0.0,0.0,0.0,0.0,0.0
1.6271186440677967,0.0,0.0,0.0,0.0,0.0
1.6610169491525424,0.0,0.0,0.0,0.0,0.0
1.694915254237288,0.0,0.0,0.0,0.0,0.0
1.728813559322034,0.0,0.0,0.0,0.0,0.0
1.7627118644067796,0.0,0.0,0.0,0.0,0.0
1.7966101694915255,0.0,0.0,0.0,0.0,0.0
1.8305084745762712,0.0,0.0,0.0,0.0,0.0
1.8644067796610169,0.0,0.0,0.0,0.0,0.0
1.8983050847457628,0.0,0.0,0.0,0.0,0.0
1.9322033898305084,0.0,0.0,0.0,0.0,0.0
1.9661016949152543,0.0,0.0,0.0,0.0,0.0
2.0,0.0,0.0,0.0,0.0,0.0
0.0,0.03409090909090909,0.0,0.0,0.0,0.0
0.03389830508474576,0.03409090909090909,0.0,0.0,0.0,0.0
0.06779661016949153,0.03409090909090909,0.0,0.0,0.0,0.0
0.1016949152542373,0.03409090909090909,0.0,0.0,0.0,0.0
0.13559322033898305,0.03409090909090909,0.0,0.0,0.0,0.0
0.1694915254237288,0.03409090909090909,0.0,0.0,0.0,0.0
0.2033898305084746,0.03409090909090909,0.0,0.0,0.0,0.0
0.23728813559322035,0.03409090909090909,0.0,0.0,0.0,0.0
0.2711864406779661,0.03409090909090909,0.0,0.0,0.0,0.0
0.3050847457627119,0.03409090909090909,0.0,0.0,0.0,0.0
0.3389830508474576,0.03409090909090909,0.0,0.0,0.0,0.0
0.3728813559322034,0.03409090909090909,0.0,0.0,0.0,0.0
0.4067796610169492,0.03409090909090909,0.0,0.0,0.0,0.0
0.4406779661016949,0.03409090909090909,0.0,0.0,0.0,0.0
0.4745762711864407,0.03409090909090909,0.0,0.0,0.0,0.0
0.5084745762711864,0.03409090909090909,0.0,0.0,0.0,0.0
0.5423728813559322,0.03409090909090909,0.0,0.0,0.0,0.0
0.576271186440678,0.03409090909090909,0.0,0.0,0.0,0.0
0.6101694915254238,0.03409090909090909,0.0,0.0,0.0,0.0
0.6440677966101694,0.03409090909090909,0.0,0.0,0.0,0.0
0.6779661016949152,0.03409090909090909,0.0,0.0,0.0,0.0
0.711864406779661,0.03409090909090909,0.0,0.0,0.0,0.0
0.7457627118644068,0.03409090909090909,0.0,0.0,0.0,0.0
0.7796610169491526,0.03409090909090909,0.0,0.0,0.0,0.0
0.8135593220338984,0.03409090909090909,0.0,0.0,0.0,0.0
0.847457627118644,0.03409090909090909,0.0,0.0,0.0,0.0
0.8813559322033898,0.03409090909090909,0.0,0.0,0.0,0.0
0.9152542372881356,0.03409090909090909,0.0,0.0,0.0,0.0
0.9491525423728814,0.03409090909090909,0.0,0.0,0.0,0.0
0.9830508474576272,0.03409090909090909,0.0,0.0,0.0,0.0
1.0169491525423728,0.03409090909090909,0.0,0.0,0.0,0.0
1.0508474576271187,0.03409090909090909,0.0,0.0,0.0,0.0
1.0847457627118644,0.03409090909090909,0.0,0.0,0.0,0.0
1.11864406779661,0.03409090909090909,0.0,0.0,0.0,0.0
1.152542372881356,0.03409090909090909,0.0,0.0,0.0,0.0
1.1864406779661016,0.03409090909090909,0.0,0.0,0.0,0.0
1.2203389830508475,0.03409090909090909,0.0,0.0,0.0,0.0
1.2542372881355932,0.03409090909090909,0.0,0.0,0.0,0.0
1.2881355932203389,0.03409090909090909,0.0,0.0,0.0,0.0
1.3220338983050848,0.03409090909090909,0.0,0.0,0.0,0.0
1.3559322033898304,0.03409090909090909,0.0,0.0,0.0,0.0
1.3898305084745763,0.03409090909090909,0.0,0.0,0.0,0.0
1.423728813559322,0.03409090909090909,0.0,0.0,0.0,0.0
1.4576271186440677,0.03409090909090909,0.0,0.0,0.0,0.0
1.4915254237288136,0.03409090909090909,0.0,0.0,0.0,0.0
1.5254237288135593,0.03409090909090909,0.0,0.0,0.0,0.0
1.5593220338983051,0.03409090909090909,0.0,0.0,0.0,0.0
1.5932203389830508,0.03409090909090909,0.0,0.0,0.0,0.0
1.6271186440677967,0.03409090909090909,0.0,0.0,0.0,0.0
1.6610169491525424,0.03409090909090909,0.0,0.0,0.0,0.0
1.694915254237288,0.03409090909090909,0.0,0.0,0.0,0.0
1.728813559322034,0.03409090909090909,0.0,0.0,0.0,0.0
1.7627118644067796,0.03409090909090909,0.0,0.0,0.0,0.0
1.7966101694915255,0.03409090909090909,0.0,0.0,0.0,0.0
1.8305084745762712,0.03409090909090909,0.0,0.0,0.0,0.0
1.8644067796610169,0.03409090909090909,0.0,0.0,0.0,0.0
1.8983050847457628,0.03409090909090909,0.0,0.0,0.0,0.0
1.9322033898305084,0.03409090909090909,0.0,0.0,0.0,0.0
1.9661016949152543,0.03409090909090909,0.0,0.0,0.0,0.0
2.0,0.03409090909090909,0.0,0.0,0.0,0.0
0.0,0.06818181818181818,0.0,0.0,0.0,0.0
0.03389830508474576,0.06818181818181818,0.0,0.0,0.0,0.0
0.06779661016949153,0.06818181818181818,0.0,0.0,0.0,0.0
0.1016949152542373,0.06818181818181818,0.0,0.0,0.0,0.0
0.13559322033898305,0.06818181818181818,0.0,0.0,0.0,0.0
0.1694915254237288,0.06818181818181818,0.0,0.0,0.0,0.0
0.2033898305084746,0.06818181818181818,0.0,0.0,0.0,0.0
0.23728813559322035,0.06818181818181818,0.0,0.0,0.0,0.0
0.2711864406779661,0.06818181818181818,0.0,0.0,0.0,0.0
0.3050847457627119,0.06818181818181818,0.0,0.0,0.0,0.0
0.3389830508474576,0.06818181818181818,0.0,0.0,0.0,0.0
0.3728813559322034,0.06818181818181818,0.0,0.0,0.0,0.0
0.4067796610169492,0.06818181818181818,0.0,0.0,0.0,0.0
0.4406779661016949,0.06818181818181818,0.0,0.0,0.0,0.0
0.4745762711864407,0.06818181818181818,0.0,0.0,0.0,0.0
0.5084745762711864,0.06818181818181818,0.0,0.0,0.0,0.0
0.5423728813559322,0.06818181818181818,0.0,0.0,0.0,0.0
0.576271186440678,0.06818181818181818,0.0,0.0,0.0,0.0
0.6101694915254238,0.06818181818181818,0.0,0.0,0.0,0.0
0.6440677966101694,0.06818181818181818,0.0,0.0,0.0,0.0
0.6779661016949152,0.06818181818181818,0.0,0.0,0.0,0.0
0.711864406779661,0.06818181818181818,0.0,0.0,0.0,0.0
0.7457627118644068,0.06818181818181818,0.0,0.0,0.0,0.0
0.7796610169491526,0.06818181818181818,0.0,0.0,0.0,0.0
0.8135593220338984,0.06818181818181818,0.0,0.0,0.0,0.0
0.847457627118644,0.06818181818181818,0.0,0.0,0.0,0.0
0.8813559322033898,0.06818181818181818,0.0,0.0,0.0,0.0
0.9152542372881356,0.06818181818181818,0.0,0.0,0.0,0.0
0.9491525423728814,0.06818181818181818,0.0,0.0,0.0,0.0
0.9830508474576272,0.06818181818181818,0.0,0.0,0.0,0.0
1.0169491525423728,0.06818181818181818,0.0,0.0,0.0,0.0
1.0508474576271187,0.06818181818181818,0.0,0.0,0.0,0.0
1.0847457627118644,0.06818181818181818,0.0,0.0,0.0,0.0
1.11864406779661,0.06818181818181818,0.0,0.0,0.0,0.0
1.152542372881356,0.06818181818181818,0.0,0.0,0.0,0.0
1.1864406779661016,0.06818181818181818,0.0,0.0,0.0,0.0
1.2203389830508475,0.06818181818181818,0.0,0.0,0.0,0.0
1.2542372881355932,0.06818181818181818,0.0,0.0,0.0,0.0
1.2881355932203389,0.06818181818181818,0.0,0.0,0.0,0.0
1.3220338983050848,0.06818181818181818,0.0,0.0,0.0,0.0
1.3559322033898304,0.06818181818181818,0.0,0.0,0.0,0.0
1.3898305084745763,0.06818181818181818,0.0,0.0,0.0,0.0
1.423728813559322,0.06818181818181818,0.0,0.0,0.0,0.0
1.4576271186440677,0.06818181818181818,0.0,0.0,0.0,0.0
1.4915254237288136,0.06818181818181818,0.0,0.0,0.0,0.0
1.5254237288135593,0.06818181818181818,0.0,0.0,0.0,0.0
1.5593220338983051,0.06818181818181818,0.0,0.0,0.0,0.0
1.5932203389830508,0.06818181818181818,0.0,0.0,0.0,0.0
1.6271186440677967,0.06818181818181818,0.0,0.0,0.0,0.0
1.6610169491525424,0.06818181818181818,0.0,0.0,0.0,0.0
1.694915254237288,0.06818181818181818,0.0,0.0,0.0,0.0
1.728813559322034,0.06818181818181818,0.0,0.0,0.0,0.0
1.7627118644067796,0.06818181818181818,0.0,0.0,0.0,0.0
1.7966101694915255,0.06818181818181818,0.0,0.0,0.0,0.0
1.8305084745762712,0.06818181818181818,0.0,0.0,0.0,0.0
1.8644067796610169,0.06818181818181818,0.0,0.0,0.0,0.0
1.8983050847457628,0.06818181818181818,0.0,0.0,0.0,0.0
1.9322033898305084,0.06818181818181818,0.0,0.0,0.0,0.0
1.9661016949152543,0.06818181818181818,0.0,0.0,0.0,0.0
2.0,0.06818181818181818,0.0,0.0,0.0,0.0
0.0,0.10227272727272727,0.0,0.0,0.0,0.0
0.03389830508474576,0.10227272727272727,0.0,0.0,0.0,0.0
0.06779661016949153,0.10227272727272727,0.0,0.0,0.0,0.0
0.1016949152542373,0.10227272727272727,0.0,0.0,0.0,0.0
0.13559322033898305,0.10227272727272727,0.0,0.0,0.0,0.0
0.1694915254237288,0.10227272727272727,0.0,0.0,0.0,0.0
0.2033898305084746,0.10227272727272727,0.0,0.0,0.0,0.0
0.23728813559322035,0.10227272727272727,0.0,0.0,0.0,0.0
0.2711864406779661,0.10227272727272727,0.0,0.0,0.0,0.0
0.3050847457627119,0.10227272727272727,0.0,0.0,0.0,0.0
0.3389830508474576,0.10227272727272727,0.0,0.0,0.0,0.0
0.3728813559322034,0.10227272727272727,0.0,0.0,0.0,0.0
0.4067796610169492,0.10227272727272727,0.0,0.0,0.0,0.0
0.4406779661016949,0.10227272727272727,0.0,0.0,0.0,0.0
0.4745762711864407,0.10227272727272727,0.0,0.0,0.0,0.0
0.5084745762711864,0.10227272727272727,0.0,0.0,0.0,0.0
0.5423728813559322,0.10227272727272727,0.0,0.0,0.0,0.0
0.576271186440678,0.10227272727272727,0.0,0.0,0.0,0.0
0.6101694915254238,0.10227272727272727,0.0,0.0,0.0,0.0
0.6440677966101694,0.10227272727272727,0.0,0.0,0.0,0.0
0.6779661016949152,0.10227272727272727,0.0,0.0,0.0,0.0
0.711864406779661,0.10227272727272727,0.0,0.0,0.0,0.0
0.7457627118644068,0.10227272727272727,0.0,0.0,0.0,0.0
0.7796610169491526,0.10227272727272727,0.0,0.0,0.0,0.0
0.8135593220338984,0.10227272727272727,0.0,0.0,0.0,0.0
0.847457627118644,0.10227272727272727,0.0,0.0,0.0,0.0
0.8813559322033898,0.10227272727272727,0.0,0.0,0.0,0.0
0.9152542372881356,0.10227272727272727,0.0,0.0,0.0,0.0
0.9491525423728814,0.10227272727272727,0.0,0.0,0.0,0.0
0.9830508474576272,0.10227272727272727,0.0,0.0,0.0,0.0
1.0169491525423728,0.10227272727272727,0.0,0.0,0.0,0.0
1.0508474576271187,0.10227272727272727,0.0,0.0,0.0,0.0
1.0847457627118644,0.10227272727272727,0.0,0.0,0.0,0.0
1.11864406779661,0.10227272727272727,0.0,0.0,0.0,0.0
1.152542372881356,0.10227272727272727,0.0,0.0,0.0,0.0
1.1864406779661016,0.10227272727272727,0.0,0.0,0.0,0.0
1.2203389830508475,0.10227272727272727,0.0,0.0,0.0,0.0
1.2542372881355932,0.10227272727272727,0.0,0.0,0.0,0.0
1.2881355932203389,0.10227272727272727,0.0,0.0,0.0,0.0
1.3220338983050848,0.10227272727272727,0.0,0.0,0.0,0.0
1.3559322033898304,0.10227272727272727,0.0,0.0,0.0,0.0
1.3898305084745763,0.10227272727272727,0.0,0.0,0.0,0.0
1.423728813559322,0.10227272727272727,0.0,0.0,0.0,0.0
1.4576271186440677,0.10227272727272727,0.0,0.0,0.0,0.0
1.4915254237288136,0.10227272727272727,0.0,0.0,0.0,0.0
1.5254237288135593,0.10227272727272727,0.0,0.0,0.0,0.0
1.5593220338983051,0.10227272727272727,0.0,0.0,0.0,0.0
1.5932203389830508,0.10227272727272727,0.0,0.0,0.0,0.0
1.6271186440677967,0.10227272727272727,0.0,0.0,0.0,0.0
1.6610169491525424,0.10227272727272727,0.0,0.0,0.0,0.0
1.694915254237288,0.10227272727272727,0.0,0.0,0.0,0.0
1.728813559322034,0.10227272727272727,0.0,0.0,0.0,0.0
1.7627118644067796,0.10227272727272727,0.0,0.0,0.0,0.0
1.7966101694915255,0.10227272727272727,0.0,0.0,0.0,0.0
1.8305084745762712,0.10227272727272727,0.0,0.0,0.0,0.0
1.8644067796610169,0.10227272727272727,0.0,0.0,0.0,0.0
1.8983050847457628,0.10227272727272727,0.0,0.0,0.0,0.0
1.9322033898305084,0.10227272727272727,0.0,0.0,0.0,0.0
1.9661016949152543,0.10227272727272727,0.0,0.0,0.0,0.0
2.0,0.10227272727272727,0.0,0.0,0.0,0.0
0.0,0.13636363636363635,0.0,0.0,0.0,0.0
0.03389830508474576,0.13636363636363635,0.0,0.0,0.0,0.0
0.06779661016949153,0.13636363636363635,0.0,0.0,0.0,0.0
0.1016949152542373,0.13636363636363635,0.0,0.0,0.0,0.0
0.13559322033898305,0.13636363636363635,0.0,0.0,0.0,0.0
0.1694915254237288,0.13636363636363635,0.0,0.0,0.0,0.0
0.2033898305084746,0.13636363636363635,0.0,0.0,0.0,0.0
0.23728813559322035,0.13636363636363635,0.0,0.0,0.0,0.0
0.2711864406779661,0.13636363636363635,0.0,0.0,0.0,0.0
0.3050847457627119,0.13636363636363635,0.0,0.0,0.0,0.0
0.3389830508474576,0.13636363636363635,0.0,0.0,0.0,0.0
0.3728813559322034,0.13636363636363635,0.0,0.0,0.0,0.0
0.4067796610169492,0.13636363636363635,0.0,0.0,0.0,0.0
0.4406779661016949,0.13636363636363635,0.0,0.0,0.0,0.0
0.4745762711864407,0.13636363636363635,0.0,0.0,0.0,0.0
0.5084745762711864,0.13636363636363635,0.0,0.0,0.0,0.0
0.5423728813559322,0.13636363636363635,0.0,0.0,0.0,0.0
0.576271186440678,0.13636363636363635,0.0,0.0,0.0,0.0
0.6101694915254238,0.13636363636363635,0.0,0.0,0.0,0.0
0.6440677966101694,0.13636363636363635,0.0,0.0,0.0,0.0
0.6779661016949152,0.13636363636363635,0.0,0.0,0.0,0.0
0.711864406779661,0.13636363636363635,0.0,0.0,0.0,0.0
0.7457627118644068,0.13636363636363635,0.0,0.0,0.0,0.0
0.7796610169491526,0.13636363636363635,0.0,0.0,0.0,0.0
0.8135593220338984,0.13636363636363635,0.0,0.0,0.0,0.0
0.847457627118644,0.13636363636363635,0.0,0.0,0.0,0.0
0.8813559322033898,0.13636363636363635,0.0,0.0,0.0,0.0
0.9152542372881356,0.13636363636363635,0.0,0.0,0.0,0.0
0.9491525423728814,0.13636363636363635,0.0,0.0,0.0,0.0
0.9830508474576272,0.13636363636363635,0.0,0.0,0.0,0.0
1.0169491525423728,0.13636363636363635,0.0,0.0,0.0,0.0
1.0508474576271187,0.13636363636363635,0.0,0.0,0.0,0.0
1.0847457627118644,0.13636363636363635,0.0,0.0,0.0,0.0
1.11864406779661,0.13636363636363635,0.0,0.0,0.0,0.0
1.152542372881356,0.13636363636363635,0.0,0.0,0.0,0.0
1.1864406779661016,0.13636363636363635,0.0,0.0,0.0,0.0
1.2203389830508475,0.13636363636363635,0.0,0.0,0.0,0.0
1.2542372881355932,0.13636363636363635,0.0,0.0,0.0,0.0
1.2881355932203389,0.13636363636363635,0.0,0.0,0.0,0.0
1.3220338983050848,0.13636363636363635,0.0,0.0,0.0,0.0
1.3559322033898304,0.13636363636363635,0.0,0.0,0.0,0.0
1.3898305084745763,0.13636363636363635,0.0,0.0,0.0,0.0
1.423728813559322,0.13636363636363635,0.0,0.0,0.0,0.0
1.4576271186440677,0.13636363636363635,0.0,0.0,0.0,0.0
1.4915254237288136,0.13636363636363635,0.0,0.0,0.0,0.0
1.5254237288135593,0.13636363636363635,0.0,0.0,0.0,0.0
1.5593220338983051,0.13636363636363635,0.0,0.0,0.0,0.0
1.5932203389830508,0.13636363636363635,0.0,0.0,0.0,0.0
1.6271186440677967,0.13636363636363635,0.0,0.0,0.0,0.0
1.6610169491525424,0.13636363636363635,0.0,0.0,0.0,0.0
1.694915254237288,0.13636363636363635,0.0,0.0,0.0,0.0
1.728813559322034,0.13636363636363635,0.0,0.0,0.0,0.0
1.7627118644067796,0.13636363636363635,0.0,0.0,0.0,0.0
1.7966101694915255,0.13636363636363635,0.0,0.0,0.0,0.0
1.8305084745762712,0.13636363636363635,0.0,0.0,0.0,0.0
1.8644067796610169,0.13636363636363635,0.0,0.0,0.0,0.0
1.8983050847457628,0.13636363636363635,0.0,0.0,0.0,0.0
1.9322033898305084,0.13636363636363635,0.0,0.0,0.0,0.0
1.9661016949152543,0.13636363636363635,0.0,0.0,0.0,0.0
2.0,0.13636363636363635,0.0,0.0,0.0,0.0
0.0,0.17045454545454544,0.0,0.0,0.0,0.0
0.03389830508474576,0.17045454545454544,0.0,0.0,0.0,0.0
0.06779661016949153,0.17045454545454544,0.0,0.0,0.0,0.0
0.1016949152542373,0.17045454545454544,0.0,0.0,0.0,0.0
0.13559322033898305,0.17045454545454544,0.0,0.0,0.0,0.0
0.1694915254237288,0.17045454545454544,0.0,0.0,0.0,0.0
0.2033898305084746,0.17045454545454544,0.0,0.0,0.0,0.0
0.23728813559322035,0.17045454545454544,0.0,0.0,0.0,0.0
0.2711864406779661,0.17045454545454544,0.0,0.0,0.0,0.0
0.3050847457627119,0.17045454545454544,0.0,0.0,0.0,0.0
0.3389830508474576,0.17045454545454544,0.0,0.0,0.0,0.0
0.3728813559322034,0.17045454545454544,0.0,0.0,0.0,0.0
0.4067796610169492,0.17045454545454544,0.0,0.0,0.0,0.0
0.4406779661016949,0.17045454545454544,0.0,0.0,0.0,0.0
0.4745762711864407,0.17045454545454544,0.0,0.0,0.0,0.0
0.5084745762711864,0.17045454545454544,0.0,0.0,0.0,0.0
0.5423728813559322,0.17045454545454544,0.0,0.0,0.0,0.0
0.576271186440678,0.17045454545454544,0.0,0.0,0.0,0.0
0.6101694915254238,0.17045454545454544,0.0,0.0,0.0,0.0
0.6440677966101694,0.17045454545454544,0.0,0.0,0.0,0.0
0.6779661016949152,0.17045454545454544,0.0,0.0,0.0,0.0
0.711864406779661,0.17045454545454544,0.0,0.0,0.0,0.0
0.7457627118644068,0.17045454545454544,0.0,0.0,0.0,0.0
0.7796610169491526,0.17045454545454544,0.0,0.0,0.0,0.0
0.8135593220338984,0.17045454545454544,0.0,0.0,0.0,0.0
0.847457627118644,0.17045454545454544,0.0,0.0,0.0,0.0
0.8813559322033898,0.17045454545454544,0.0,0.0,0.0,0.0
0.9152542372881356,0.17045454545454544,0.0,0.0,0.0,0.0
0.9491525423728814,0.17045454545454544,0.0,0.0,0.0,0.0
0.9830508474576272,0.17045454545454544,0.0,0.0,0.0,0.0
1.0169491525423728,0.17045454545454544,0.0,0.0,0.0,0.0
1.0508474576271187,0.17045454545454544,0.0,0.0,0.0,0.0
1.0847457627118644,0.17045454545454544,0.0,0.0,0.0,0.0
1.11864406779661,0.17045454545454544,0.0,0.0,0.0,0.0
1.152542372881356,0.17045454545454544,0.0,0.0,0.0,0.0
1.1864406779661016,0.17045454545454544,0.0,0.0,0.0,0.0
1.2203389830508475,0.17045454545454544,0.0,0.0,0.0,0.0
1.2542372881355932,0.17045454545454544,0.0,0.0,0.0,0.0
1.2881355932203389,0.17045454545454544,0.0,0.0,0.0,0.0
1.3220338983050848,0.17045454545454544,0.0,0.0,0.0,0.0
1.3559322033898304,0.17045454545454544,0.0,0.0,0.0,0.0
1.3898305084745763,0.17045454545454544,0.0,0.0,0.0,0.0
1.423728813559322,0.17045454545454544,0.0,0.0,0.0,0.0
1.4576271186440677,0.17045454545454544,0.0,0.0,0.0,0.0
1.4915254237288136,0.17045454545454544,0.0,0.0,0.0,0.0
1.5254237288135593,0.17045454545454544,0.0,0.0,0.0,0.0
1.5593220338983051,0.17045454545454544,0.0,0.0,0.0,0.0
1.5932203389830508,0.17045454545454544,0.0,0.0,0.0,0.0
1.6271186440677967,0.17045454545454544,0.0,0.0,0.0,0.0
1.6610169491525424,0.17045454545454544,0.0,0.0,0.0,0.0
1.694915254237288,0.17045454545454544,0.0,0.0,0.0,0.0
1.728813559322034,0.17045454545454544,0.0,0.0,0.0,0.0
1.7627118644067796,0.17045454545454544,0.0,0.0,0.0,0.0
1.7966101694915255,0.17045454545454544,0.0,0.0,0.0,0.0
1.8305084745762712,0.17045454545454544,0.0,0.0,0.0,0.0
1.8644067796610169,0.17045454545454544,0.0,0.0,0.0,0.0
1.8983050847457628,0.17045454545454544,0.0,0.0,0.0,0.0
1.9322033898305084,0.17045454545454544,0.0,0.0,0.0,0.0
1.9661016949152543,0.17045454545454544,0.0,0.0,0.0,0.0
2.0,0.17045454545454544,0.0,0.0,0.0,0.0
0.0,0.20454545454545453,0.0,0.0,0.0,0.0
0.03389830508474576,0.20454545454545453,0.0,0.0,0.0,0.0
0.06779661016949153,0.20454545454545453,0.0,0.0,0.0,0.0
0.1016949152542373,0.20454545454545453,0.0,0.0,0.0,0.0
0.13559322033898305,0.20454545454545453,0.0,0.0,0.0,0.0
0.1694915254237288,0.20454545454545453,0.0,0.0,0.0,0.0
0.2033898305084746,0.20454545454545453,0.0,0.0,0.0,0.0
0.23728813559322035,0.20454545454545453,0.0,0.0,0.0,0.0
0.2711864406779661,0.20454545454545453,0.0,0.0,0.0,0.0
0.3050847457627119,0.20454545454545453,0.0,0.0,0.0,0.0
0.3389830508474576,0.20454545454545453,0.0,0.0,0.0,0.0
0.3728813559322034,0.20454545454545453,0.0,0.0,0.0,0.0
0.4067796610169492,0.20454545454545453,0.0,0.0,0.0,0.0
0.4406779661016949,0.20454545454545453,0.0,0.0,0.0,0.0
0.4745762711864407,0.20454545454545453,0.0,0.0,0.0,0.0
0.5084745762711864,0.20454545454545453,0.0,0.0,0.0,0.0
0.5423728813559322,0.20454545454545453,0.0,0.0,0.0,0.0
0.576271186440678,0.20454545454545453,0.0,0.0,0.0,0.0
0.6101694915254238,0.20454545454545453,0.0,0.0,0.0,0.0
0.6440677966101694,0.20454545454545453,0.0,0.0,0.0,0.0
0.6779661016949152,0.20454545454545453,0.0,0.0,0.0,0.0
0.711864406779661,0.20454545454545453,0.0,0.0,0.0,0.0
0.7457627118644068,0.20454545454545453,0.0,0.0,0.0,0.0
0.7796610169491526,0.20454545454545453,0.0,0.0,0.0,0.0
0.8135593220338984,0.20454545454545453,0.0,0.0,0.0,0.0
0.847457627118644,0.20454545454545453,0.0,0.0,0.0,0.0
0.8813559322033898,0.20454545454545453,0.0,0.0,0.0,0.0
0.9152542372881356,0.20454545454545453,0.0,0.0,0.0,0.0
0.9491525423728814,0.20454545454545453,0.0,0.0,0.0,0.0
0.9830508474576272,0.20454545454545453,0.0,0.0,0.0,0.0
1.0169491525423728,0.20454545454545453,0.0,0.0,0.0,0.0
1.0508474576271187,0.20454545454545453,0.0,0.0,0.0,0.0
1.0847457627118644,0.20454545454545453,0.0,0.0,0.0,0.0
1.11864406779661,0.20454545454545453,0.0,0.0,0.0,0.0
1.152542372881356,0.20454545454545453,0.0,0.0,0.0,0.0
1.1864406779661016,0.20454545454545453,0.0,0.0,0.0,0.0
1.2203389830508475,0.20454545454545453,0.0,0.0,0.0,0.0
1.2542372881355932,0.20454545454545453,0.0,0.0,0.0,0.0
1.2881355932203389,0.20454545454545453,0.0,0.0,0.0,0.0
1.3220338983050848,0.20454545454545453,0.0,0.0,0.0,0.0
1.3559322033898304,0.20454545454545453,0.0,0.0,0.0,0.0
1.3898305084745763,0.20454545454545453,0.0,0.0,0.0,0.0
1.423728813559322,0.20454545454545453,0.0,0.0,0.0,0.0
1.4576271186440677,0.20454545454545453,0.0,0.0,0.0,0.0
1.4915254237288136,0.20454545454545453,0.0,0.0,0.0,0.0
1.5254237288135593,0.20454545454545453,0.0,0.0,0.0,0.0
1.5593220338983051,0.20454545454545453,0.0,0.0,0.0,0.0
1.5932203389830508,0.20454545454545453,0.0,0.0,0.0,0.0
1.6271186440677967,0.20454545454545453,0.0,0.0,0.0,0.0
1.6610169491525424,0.20454545454545453,0.0,0.0,0.0,0.0
1.694915254237288,0.20454545454545453,0.0,0.0,0.0,0.0
1.728813559322034,0.20454545454545453,0.0,0.0,0.0,0.0
1.7627118644067796,0.20454545454545453,0.0,0.0,0.0,0.0
1.7966101694915255,0.20454545454545453,0.0,0.0,0.0,0.0
1.8305084745762712,0.20454545454545453,0.0,0.0,0.0,0.0
1.8644067796610169,0.20454545454545453,0.0,0.0,0.0,0.0
1.8983050847457628,0.20454545454545453,0.0,0.0,0.0,0.0
1.9322033898305084,0.20454545454545453,0.0,0.0,0.0,0.0
1.9661016949152543,0.20454545454545453,0.0,0.0,0.0,0.0
2.0,0.20454545454545453,0.0,0.0,0.0,0.0
0.0,0.23863636363636362,0.0,0.0,0.0,0.0
0.03389830508474576,0.23863636363636362,0.0,0.0,0.0,0.0
0.06779661016949153,0.23863636363636362,0.0,0.0,0.0,0.0
0.1016949152542373,0.23863636363636362,0.0,0.0,0.0,0.0
0.13559322033898305,0.23863636363636362,0.0,0.0,0.0,0.0
0.1694915254237288,0.23863636363636362,0.0,0.0,0.0,0.0
0.2033898305084746,0.23863636363636362,0.0,0.0,0.0,0.0
0.23728813559322035,0.23863636363636362,0.0,0.0,0.0,0.0
0.2711864406779661,0.23863636363636362,0.0,0.0,0.0,0.0
0.3050847457627119,0.23863636363636362,0.0,0.0,0.0,0.0
0.3389830508474576,0.23863636363636362,0.0,0.0,0.0,0.0
0.3728813559322034,0.23863636363636362,0.0,0.0,0.0,0.0
0.4067796610169492,0.23863636363636362,0.0,0.0,0.0,0.0
0.4406779661016949,0.23863636363636362,0.0,0.0,0.0,0.0
0.4745762711864407,0.23863636363636362,0.0,0.0,0.0,0.0
0.5084745762711864,0.23863636363636362,0.0,0.0,0.0,0.0
0.5423728813559322,0.23863636363636362,0.0,0.0,0.0,0.0
0.576271186440678,0.23863636363636362,0.0,0.0,0.0,0.0
0.6101694915254238,0.23863636363636362,0.0,0.0,0.0,0.0
0.6440677966101694,0.23863636363636362,0.0,0.0,0.0,0.0
0.6779661016949152,0.23863636363636362,0.0,0.0,0.0,0.0
0.711864406779661,0.23863636363636362,0.0,0.0,0.0,0.0
0.7457627118644068,0.23863636363636362,0.0,0.0,0.0,0.0
0.7796610169491526,0.23863636363636362,0.0,0.0,0.0,0.0
0.8135593220338984,0.23863636363636362,0.0,0.0,0.0,0.0
0.847457627118644,0.23863636363636362,0.0,0.0,0.0,0.0
0.8813559322033898,0.23863636363636362,0.0,0.0,0.0,0.0
0.9152542372881356,0.23863636363636362,0.0,0.0,0.0,0.0
0.9491525423728814,0.23863636363636362,0.0,0.0,0.0,0.0
0.9830508474576272,0.23863636363636362,0.0,0.0,0.0,0.0
1.0169491525423728,0.23863636363636362,0.0,0.0,0.0,0.0
1.0508474576271187,0.23863636363636362,0.0,0.0,0.0,0.0
1.0847457627118644,0.23863636363636362,0.0,0.0,0.0,0.0
1.11864406779661,0.23863636363636362,0.0,0.0,0.0,0.0
1.152542372881356,0.23863636363636362,0.0,0.0,0.0,0.0
1.1864406779661016,0.23863636363636362,0.0,0.0,0.0,0.0
1.2203389830508475,0.23863636363636362,0.0,0.0,0.0,0.0
1.2542372881355932,0.23863636363636362,0.0,0.0,0.0,0.0
1.2881355932203389,0.23863636363636362,0.0,0.0,0.0,0.0
1.3220338983050848,0.23863636363636362,0.0,0.0,0.0,0.0
1.3559322033898304,0.23863636363636362,0.0,0.0,0.0,0.0
1.3898305084745763,0.23863636363636362,0.0,0.0,0.0,0.0
1.423728813559322,0.23863636363636362,0.0,0.0,0.0,0.0
1.4576271186440677,0.23863636363636362,0.0,0.0,0.0,0.0
1.4915254237288136,0.23863636363636362,0.0,0.0,0.0,0.0
1.5254237288135593,0.23863636363636362,0.0,0.0,0.0,0.0
1.5593220338983051,0.23863636363636362,0.0,0.0,0.0,0.0
1.5932203389830508,0.23863636363636362,0.0,0.0,0.0,0.0
1.6271186440677967,0.23863636363636362,0.0,0.0,0.0,0.0
1.6610169491525424,0.23863636363636362,0.0,0.0,0.0,0.0
1.694915254237288,0.23863636363636362,0.0,0.0,0.0,0.0
1.728813559322034,0.23863636363636362,0.0,0.0,0.0,0.0
1.7627118644067796,0.23863636363636362,0.0,0.0,0.0,0.0
1.7966101694915255,0.23863636363636362,0.0,0.0,0.0,0.0
1.8305084745762712,0.23863636363636362,0.0,0.0,0.0,0.0
1.8644067796610169,0.23863636363636362,0.0,0.0,0.0,0.0
1.8983050847457628,0.23863636363636362,0.0,0.0,0.0,0.0
1.9322033898305084,0.23863636363636362,0.0,0.0,0.0,0.0
1.9661016949152543,0.23863636363636362,0.0,0.0,0.0,0.0
2.0,0.23863636363636362,0.0,0.0,0.0,0.0
0.0,0.2727272727272727,0.0,0.0,0.0,0.0
0.03389830508474576,0.2727272727272727,0.0,0.0,0.0,0.0
0.06779661016949153,0.2727272727272727,0.0,0.0,0.0,0.0
0.1016949152542373,0.2727272727272727,0.0,0.0,0.0,0.0
0.13559322033898305,0.2727272727272727,0.0,0.0,0.0,0.0
0.1694915254237288,0.2727272727272727,0.0,0.0,0.0,0.0
0.2033898305084746,0.2727272727272727,0.0,0.0,0.0,0.0
0.23728813559322035,0.2727272727272727,0.0,0.0,0.0,0.0
0.2711864406779661,0.2727272727272727,0.0,0.0,0.0,0.0
0.3050847457627119,0.2727272727272727,0.0,0.0,0.0,0.0
0.3389830508474576,0.2727272727272727,0.0,0.0,0.0,0.0
0.3728813559322034,0.2727272727272727,0.0,0.0,0.0,0.0
0.4067796610169492,0.2727272727272727,0.0,0.0,0.0,0.0
0.4406779661016949,0.2727272727272727,0.0,0.0,0.0,0.0
0.4745762711864407,0.2727272727272727,0.0,0.0,0.0,0.0
0.5084745762711864,0.2727272727272727,0.0,0.0,0.0,0.0
0.5423728813559322,0.2727272727272727,0.0,0.0,0.0,0.0
0.576271186440678,0.2727272727272727,0.0,0.0,0.0,0.0
0.6101694915254238,0.2727272727272727,0.0,0.0,0.0,0.0
0.6440677966101694,0.2727272727272727,0.0,0.0,0.0,0.0
0.6779661016949152,0.2727272727272727,0.0,0.0,0.0,0.0
0.711864406779661,0.2727272727272727,0.0,0.0,0.0,0.0
0.7457627118644068,0.2727272727272727,0.0,0.0,0.0,0.0
0.7796610169491526,0.2727272727272727,0.0,0.0,0.0,0.0
0.8135593220338984,0.2727272727272727,0.0,0.0,0.0,0.0
0.847457627118644,0.2727272727272727,0.0,0.0,0.0,0.0
0.8813559322033898,0.2727272727272727,0.0,0.0,0.0,0.0
0.9152542372881356,0.2727272727272727,0.0,0.0,0.0,0.0
0.9491525423728814,0.2727272727272727,0.0,0.0,0.0,0.0
0.9830508474576272,0.2727272727272727,0.0,0.0,0.0,0.0
1.0169491525423728,0.2727272727272727,0.0,0.0,0.0,0.0
1.0508474576271187,0.2727272727272727,0.0,0.0,0.0,0.0
1.0847457627118644,0.2727272727272727,0.0,0.0,0.0,0.0
1.11864406779661,0.2727272727272727,0.0,0.0,0.0,0.0
1.152542372881356,0.2727272727272727,0.0,0.0,0.0,0.0
1.1864406779661016,0.2727272727272727,0.0,0.0,0.0,0.0
1.2203389830508475,0.2727272727272727,0.0,0.0,0.0,0.0
1.2542372881355932,0.2727272727272727,0.0,0.0,0.0,0.0
1.2881355932203389,0.2727272727272727,0.0,0.0,0.0,0.0
1.3220338983050848,0.2727272727272727,0.0,0.0,0.0,0.0
1.3559322033898304,0.2727272727272727,0.0,0.0,0.0,0.0
1.3898305084745763,0.2727272727272727,0.0,0.0,0.0,0.0
1.423728813559322,0.2727272727272727,0.0,0.0,0.0,0.0
1.4576271186440677,0.2727272727272727,0.0,0.0,0.0,0.0
1.4915254237288136,0.2727272727272727,0.0,0.0,0.0,0.0
1.5254237288135593,0.2727272727272727,0.0,0.0,0.0,0.0
1.5593220338983051,0.2727272727272727,0.0,0.0,0.0,0.0
1.5932203389830508,0.2727272727272727,0.0,0.0,0.0,0.0
1.6271186440677967,0.2727272727272727,0.0,0.0,0.0,0.0
1.6610169491525424,0.2727272727272727,0.0,0.0,0.0,0.0
1.694915254237288,0.2727272727272727,0.0,0.0,0.0,0.0
1.728813559322034,0.2727272727272727,0.0,0.0,0.0,0.0
1.7627118644067796,0.2727272727272727,0.0,0.0,0.0,0.0
1.7966101694915255,0.2727272727272727,0.0,0.0,0.0,0.0
1.8305084745762712,0.2727272727272727,0.0,0.0,0.0,0.0
1.8644067796610169,0.2727272727272727,0.0,0.0,0.0,0.0
1.8983050847457628,0.2727272727272727,0.0,0.0,0.0,0.0
1.9322033898305084,0.2727272727272727,0.0,0.0,0.0,0.0
1.9661016949152543,0.2727272727272727,0.0,0.0,0.0,0.0
2.0,0.2727272727272727,0.0,0.0,0.0,0.0
0.0,0.30681818181818177,0.0,0.0,0.0,0.0
0.03389830508474576,0.30681818181818177,0.0,0.0,0.0,0.0
0.06779661016949153,0.30681818181818177,0.0,0.0,0.0,0.0
0.1016949152542373,0.30681818181818177,0.0,0.0,0.0,0.0
0.13559322033898305,0.30681818181818177,0.0,0.0,0.0,0.0
0.1694915254237288,0.30681818181818177,0.0,0.0,0.0,0.0
0.2033898305084746,0.30681818181818177,0.0,0.0,0.0,0.0
0.23728813559322035,0.30681818181818177,0.0,0.0,0.0,0.0
0.2711864406779661,0.30681818181818177,0.0,0.0,0.0,0.0
0.3050847457627119,0.30681818181818177,0.0,0.0,0.0,0.0
0.3389830508474576,0.30681818181818177,0.0,0.0,0.0,0.0
0.3728813559322034,0.30681818181818177,0.0,0.0,0.0,0.0
0.4067796610169492,0.30681818181818177,0.0,0.0,0.0,0.0
0.4406779661016949,0.30681818181818177,0.0,0.0,0.0,0.0
0.4745762711864407,0.30681818181818177,0.0,0.0,0.0,0.0
0.5084745762711864,0.30681818181818177,0.0,0.0,0.0,0.0
0.5423728813559322,0.30681818181818177,0.0,0.0,0.0,0.0
0.576271186440678,0.30681818181818177,0.0,0.0,0.0,0.0
0.6101694915254238,0.30681818181818177,0.0,0.0,0.0,0.0
0.6440677966101694,0.30681818181818177,0.0,0.0,0.0,0.0
0.6779661016949152,0.30681818181818177,0.0,0.0,0.0,0.0
0.711864406779661,0.30681818181818177,0.0,0.0,0.0,0.0
0.7457627118644068,0.30681818181818177,0.0,0.0,0.0,0.0
0.7796610169491526,0.30681818181818177,0.0,0.0,0.0,0.0
0.8135593220338984,0.30681818181818177,0.0,0.0,0.0,0.0
0.847457627118644,0.30681818181818177,0.0,0.0,0.0,0.0
0.8813559322033898,0.30681818181818177,0.0,0.0,0.0,0.0
0.9152542372881356,0.30681818181818177,0.0,0.0,0.0,0.0
0.9491525423728814,0.30681818181818177,0.0,0.0,0.0,0.0
0.9830508474576272,0.30681818181818177,0.0,0.0,0.0,0.0
1.0169491525423728,0.30681818181818177,0.0,0.0,0.0,0.0
1.0508474576271187,0.30681818181818177,0.0,0.0,0.0,0.0
1.0847457627118644,0.30681818181818177,0.0,0.0,0.0,0.0
1.11864406779661,0.30681818181818177,0.0,0.0,0.0,0.0
1.152542372881356,0.30681818181818177,0.0,0.0,0.0,0.0
1.1864406779661016,0.30681818181818177,0.0,0.0,0.0,0.0
1.2203389830508475,0.30681818181818177,0.0,0.0,0.0,0.0
1.2542372881355932,0.30681818181818177,0.0,0.0,0.0,0.0
1.2881355932203389,0.30681818181818177,0.0,0.0,0.0,0.0
1.3220338983050848,0.30681818181818177,0.0,0.0,0.0,0.0
1.3559322033898304,0.30681818181818177,0.0,0.0,0.0,0.0
1.3898305084745763,0.30681818181818177,0.0,0.0,0.0,0.0
1.423728813559322,0.30681818181818177,0.0,0.0,0.0,0.0
1.4576271186440677,0.30681818181818177,0.0,0.0,0.0,0.0
1.4915254237288136,0.30681818181818177,0.0,0.0,0.0,0.0
1.5254237288135593,0.30681818181818177,0.0,0.0,0.0,0.0
1.5593220338983051,0.30681818181818177,0.0,0.0,0.0,0.0
1.5932203389830508,0.30681818181818177,0.0,0.0,0.0,0.0
1.6271186440677967,0.30681818181818177,0.0,0.0,0.0,0.0
1.6610169491525424,0.30681818181818177,0.0,0.0,0.0,0.0
1.694915254237288,0.30681818181818177,0.0,0.0,0.0,0.0
1.728813559322034,0.30681818181818177,0.0,0.0,0.0,0.0
1.7627118644067796,0.30681818181818177,0.0,0.0,0.0,0.0
1.7966101694915255,0.30681818181818177,0.0,0.0,0.0,0.0
1.8305084745762712,0.30681818181818177,0.0,0.0,0.0,0.0
1.8644067796610169,0.30681818181818177,0.0,0.0,0.0,0.0
1.8983050847457628,0.30681818181818177,0.0,0.0,0.0,0.0
1.9322033898305084,0.30681818181818177,0.0,0.0,0.0,0.0
1.9661016949152543,0.30681818181818177,0.0,0.0,0.0,0.0
2.0,0.30681818181818177,0.0,0.0,0.0,0.0
0.0,0.3409090909090909,0.0,0.0,0.0,0.0
0.03389830508474576,0.3409090909090909,0.0,0.0,0.0,0.0
0.06779661016949153,0.3409090909090909,0.0,0.0,0.0,0.0
0.1016949152542373,0.3409090909090909,0.0,0.0,0.0,0.0
0.13559322033898305,0.3409090909090909,0.0,0.0,0.0,0.0
0.1694915254237288,0.3409090909090909,0.0,0.0,0.0,0.0
0.2033898305084746,0.3409090909090909,0.0,0.0,0.0,0.0
0.23728813559322035,0.3409090909090909,0.0,0.0,0.0,0.0
0.2711864406779661,0.3409090909090909,0.0,0.0,0.0,0.0
0.3050847457627119,0.3409090909090909,0.0,0.0,0.0,0.0
0.3389830508474576,0.3409090909090909,0.0,0.0,0.0,0.0
0.3728813559322034,0.3409090909090909,0.0,0.0,0.0,0.0
0.4067796610169492,0.3409090909090909,0.0,0.0,0.0,0.0
0.4406779661016949,0.3409090909090909,0.0,0.0,0.0,0.0
0.4745762711864407,0.3409090909090909,0.0,0.0,0.0,0.0
0.5084745762711864,0.3409090909090909,0.0,0.0,0.0,0.0
0.5423728813559322,0.3409090909090909,0.0,0.0,0.0,0.0
0.576271186440678,0.3409090909090909,0.0,0.0,0.0,0.0
0.6101694915254238,0.3409090909090909,0.0,0.0,0.0,0.0
0.6440677966101694,0.3409090909090909,0.0,0.0,0.0,0.0
0.6779661016949152,0.3409090909090909,0.0,0.0,0.0,0.0
0.711864406779661,0.3409090909090909,0.0,0.0,0.0,0.0
0.7457627118644068,0.3409090909090909,0.0,0.0,0.0,0.0
0.7796610169491526,0.3409090909090909,0.0,0.0,0.0,0.0
0.8135593220338984,0.3409090909090909,0.0,0.0,0.0,0.0
0.847457627118644,0.3409090909090909,0.0,0.0,0.0,0.0
0.8813559322033898,0.3409090909090909,0.0,0.0,0.0,0.0
0.9152542372881356,0.3409090909090909,0.0,0.0,0.0,0.0
0.9491525423728814,0.3409090909090909,0.0,0.0,0.0,0.0
0.9830508474576272,0.3409090909090909,0.0,0.0,0.0,0.0
1.0169491525423728,0.3409090909090909,0.0,0.0,0.0,0.0
1.0508474576271187,0.3409090909090909,0.0,0.0,0.0,0.0
1.0847457627118644,0.3409090909090909,0.0,0.0,0.0,0.0
1.11864406779661,0.3409090909090909,0.0,0.0,0.0,0.0
1.152542372881356,0.3409090909090909,0.0,0.0,0.0,0.0
1.1864406779661016,0.3409090909090909,0.0,0.0,0.0,0.0
1.2203389830508475,0.3409090909090909,0.0,0.0,0.0,0.0
1.2542372881355932,0.3409090909090909,0.0,0.0,0.0,0.0
1.2881355932203389,0.3409090909090909,0.0,0.0,0.0,0.0
1.3220338983050848,0.3409090909090909,0.0,0.0,0.0,0.0
1.3559322033898304,0.3409090909090909,0.0,0.0,0.0,0.0
1.3898305084745763,0.3409090909090909,0.0,0.0,0.0,0.0
1.423728813559322,0.3409090909090909,0.0,0.0,0.0,0.0
1.4576271186440677,0.3409090909090909,0.0,0.0,0.0,0.0
1.4915254237288136,0.3409090909090909,0.0,0.0,0.0,0.0
1.5254237288135593,0.3409090909090909,0.0,0.0,0.0,0.0
1.5593220338983051,0.3409090909090909,0.0,0.0,0.0,0.0
1.5932203389830508,0.3409090909090909,0.0,0.0,0.0,0.0
1.6271186440677967,0.3409090909090909,0.0,0.0,0.0,0.0
1.6610169491525424,0.3409090909090909,0.0,0.0,0.0,0.0
1.694915254237288,0.3409090909090909,0.0,0.0,0.0,0.0
1.728813559322034,0.3409090909090909,0.0,0.0,0.0,0.0
1.7627118644067796,0.3409090909090909,0.0,0.0,0.0,0.0
1.7966101694915255,0.3409090909090909,0.0,0.0,0.0,0.0
1.8305084745762712,0.3409090909090909,0.0,0.0,0.0,0.0
1.8644067796610169,0.3409090909090909,0.0,0.0,0.0,0.0
1.8983050847457628,0.3409090909090909,0.0,0.0,0.0,0.0
1.9322033898305084,0.3409090909090909,0.0,0.0,0.0,0.0
1.9661016949152543,0.3409090909090909,0.0,0.0,0.0,0.0
2.0,0.3409090909090909,0.0,0.0,0.0,0.0
0.0,0.375,0.0,0.0,0.0,0.0
0.03389830508474576,0.375,0.0,0.0,0.0,0.0
0.06779661016949153,0.375,0.0,0.0,0.0,0.0
0.1016949152542373,0.375,0.0,0.0,0.0,0.0
0.13559322033898305,0.375,0.0,0.0,0.0,0.0
0.1694915254237288,0.375,0.0,0.0,0.0,0.0
0.2033898305084746,0.375,0.0,0.0,0.0,0.0
0.23728813559322035,0.375,0.0,0.0,0.0,0.0
0.2711864406779661,0.375,0.0,0.0,0.0,0.0
0.3050847457627119,0.375,0.0,0.0,0.0,0.0
0.3389830508474576,0.375,0.0,0.0,0.0,0.0
0.3728813559322034,0.375,0.0,0.0,0.0,0.0
0.4067796610169492,0.375,0.0,0.0,0.0,0.0
0.4406779661016949,0.375,0.0,0.0,0.0,0.0
0.4745762711864407,0.375,0.0,0.0,0.0,0.0
0.5084745762711864,0.375,0.0,0.0,0.0,0.0
0.5423728813559322,0.375,0.0,0.0,0.0,0.0
0.576271186440678,0.375,0.0,0.0,0.0,0.0
0.6101694915254238,0.375,0.0,0.0,0.0,0.0
0.6440677966101694,0.375,0.0,0.0,0.0,0.0
0.6779661016949152,0.375,0.0,0.0,0.0,0.0
0.711864406779661,0.375,0.0,0.0,0.0,0.0
0.7457627118644068,0.375,0.0,0.0,0.0,0.0
0.7796610169491526,0.375,0.0,0.0,0.0,0.0
0.8135593220338984,0.375,0.0,0.0,0.0,0.0
0.847457627118644,0.375,0.0,0.0,0.0,0.0
0.8813559322033898,0.375,0.0,0.0,0.0,0.0
0.9152542372881356,0.375,0.0,0.0,0.0,0.0
0.9491525423728814,0.375,0.0,0.0,0.0,0.0
0.9830508474576272,0.375,0.0,0.0,0.0,0.0
1.0169491525423728,0.375,0.0,0.0,0.0,0.0
1.0508474576271187,0.375,0.0,0.0,0.0,0.0
1.0847457627118644,0.375,0.0,0.0,0.0,0.0
1.11864406779661,0.375,0.0,0.0,0.0,0.0
1.152542372881356,0.375,0.0,0.0,0.0,0.0
1.1864406779661016,0.375,0.0,0.0,0.0,0.0
1.2203389830508475,0.375,0.0,0.0,0.0,0.0
1.2542372881355932,0.375,0.0,0.0,0.0,0.0
1.2881355932203389,0.375,0.0,0.0,0.0,0.0
1.3220338983050848,0.375,0.0,0.0,0.0,0.0
1.3559322033898304,0.375,0.0,0.0,0.0,0.0
1.3898305084745763,0.375,0.0,0.0,0.0,0.0
1.423728813559322,0.375,0.0,0.0,0.0,0.0
1.4576271186440677,0.375,0.0,0.0,0.0,0.0
1.4915254237288136,0.375,0.0,0.0,0.0,0.0
1.5254237288135593,0.375,0.0,0.0,0.0,0.0
1.5593220338983051,0.375,0.0,0.0,0.0,0.0
1.5932203389830508,0.375,0.0,0.0,0.0,0.0
1.6271186440677967,0.375,0.0,0.0,0.0,0.0
1.6610169491525424,0.375,0.0,0.0,0.0,0.0
1.694915254237288,0.375,0.0,0.0,0.0,0.0
1.728813559322034,0.375,0.0,0.0,0.0,0.0
1.7627118644067796,0.375,0.0,0.0,0.0,0.0
1.7966101694915255,0.375,0.0,0.0,0.0,0.0
1.8305084745762712,0.375,0.0,0.0,0.0,0.0
1.8644067796610169,0.375,0.0,0.0,0.0,0.0
1.8983050847457628,0.375,0.0,0.0,0.0,0.0
1.9322033898305084,0.375,0.0,0.0,0.0,0.0
1.9661016949152543,0.375,0.0,0.0,0.0,0.0
2.0,0.375,0.0,0.0,0.0,0.0
0.0,0.40909090909090906,0.0,0.0,0.0,0.0
0.03389830508474576,0.40909090909090906,0.0,0.0,0.0,0.0
0.06779661016949153,0.40909090909090906,0.0,0.0,0.0,0.0
0.1016949152542373,0.40909090909090906,0.0,0.0,0.0,0.0
0.13559322033898305,0.40909090909090906,0.0,0.0,0.0,0.0
0.1694915254237288,0.40909090909090906,0.0,0.0,0.0,0.0
0.2033898305084746,0.40909090909090906,0.0,0.0,0.0,0.0
0.23728813559322035,0.40909090909090906,0.0,0.0,0.0,0.0
0.2711864406779661,0.40909090909090906,0.0,0.0,0.0,0.0
0.3050847457627119,0.40909090909090906,0.0,0.0,0.0,0.0
0.3389830508474576,0.40909090909090906,0.0,0.0,0.0,0.0
0.3728813559322034,0.40909090909090906,0.0,0.0,0.0,0.0
0.4067796610169492,0.40909090909090906,0.0,0.0,0.0,0.0
0.4406779661016949,0.40909090909090906,0.0,0.0,0.0,0.0
0.4745762711864407,0.40909090909090906,0.0,0.0,0.0,0.0
0.5084745762711864,0.40909090909090906,0.0,0.0,0.0,0.0
0.5423728813559322,0.40909090909090906,0.0,0.0,0.0,0.0
0.576271186440678,0.40909090909090906,0.0,0.0,0.0,0.0
0.6101694915254238,0.40909090909090906,0.0,0.0,0.0,0.0
0.6440677966101694,0.40909090909090906,0.0,0.0,0.0,0.0
0.6779661016949152,0.40909090909090906,0.0,0.0,0.0,0.0
0.711864406779661,0.40909090909090906,0.0,0.0,0.0,0.0
0.7457627118644068,0.40909090909090906,0.0,0.0,0.0,0.0
0.7796610169491526,0.40909090909090906,0.0,0.0,0.0,0.0
0.8135593220338984,0.40909090909090906,0.0,0.0,0.0,0.0
0.847457627118644,0.40909090909090906,0.0,0.0,0.0,0.0
0.8813559322033898,0.40909090909090906,0.0,0.0,0.0,0.0
0.9152542372881356,0.40909090909090906,0.0,0.0,0.0,0.0
0.9491525423728814,0.40909090909090906,0.0,0.0,0.0,0.0
0.9830508474576272,0.40909090909090906,0.0,0.0,0.0,0.0
1.0169491525423728,0.40909090909090906,0.0,0.0,0.0,0.0
1.0508474576271187,0.40909090909090906,0.0,0.0,0.0,0.0
1.0847457627118644,0.40909090909090906,0.0,0.0,0.0,0.0
1.11864406779661,0.40909090909090906,0.0,0.0,0.0,0.0
1.152542372881356,0.40909090909090906,0.0,0.0,0.0,0.0
1.1864406779661016,0.40909090909090906,0.0,0.0,0.0,0.0
1.2203389830508475,0.40909090909090906,0.0,0.0,0.0,0.0
1.2542372881355932,0.40909090909090906,0.0,0.0,0.0,0.0
1.2881355932203389,0.40909090909090906,0.0,0.0,0.0,0.0
1.3220338983050848,0.40909090909090906,0.0,0.0,0.0,0.0
1.3559322033898304,0.40909090909090906,0.0,0.0,0.0,0.0
1.3898305084745763,0.40909090909090906,0.0,0.0,0.0,0.0
1.423728813559322,0.40909090909090906,0.0,0.0,0.0,0.0
1.4576271186440677,0.40909090909090906,0.0,0.0,0.0,0.0
1.4915254237288136,0.40909090909090906,0.0,0.0,0.0,0.0
1.5254237288135593,0.40909090909090906,0.0,0.0,0.0,0.0
1.5593220338983051,0.40909090909090906,0.0,0.0,0.0,0.0
1.5932203389830508,0.40909090909090906,0.0,0.0,0.0,0.0
1.6271186440677967,0.40909090909090906,0.0,0.0,0.0,0.0
1.6610169491525424,0.40909090909090906,0.0,0.0,0.0,0.0
1.694915254237288,0.40909090909090906,0.0,0.0,0.0,0.0
1.728813559322034,0.40909090909090906,0.0,0.0,0.0,0.0
1.7627118644067796,0.40909090909090906,0.0,0.0,0.0,0.0
1.7966101694915255,0.40909090909090906,0.0,0.0,0.0,0.0
1.8305084745762712,0.40909090909090906,0.0,0.0,0.0,0.0
1.8644067796610169,0.40909090909090906,0.0,0.0,0.0,0.0
1.8983050847457628,0.40909090909090906,0.0,0.0,0.0,0.0
1.9322033898305084,0.40909090909090906,0.0,0.0,0.0,0.0
1.9661016949152543,0.40909090909090906,0.0,0.0,0.0,0.0
2.0,0.40909090909090906,0.0,0.0,0.0,0.0
0.0,0.4431818181818181,0.0,0.0,0.0,0.0
0.03389830508474576,0.4431818181818181,0.0,0.0,0.0,0.0
0.06779661016949153,0.4431818181818181,0.0,0.0,0.0,0.0
0.1016949152542373,0.4431818181818181,0.0,0.0,0.0,0.0
0.13559322033898305,0.4431818181818181,0.0,0.0,0.0,0.0
0.1694915254237288,0.4431818181818181,0.0,0.0,0.0,0.0
0.2033898305084746,0.4431818181818181,0.0,0.0,0.0,0.0
0.23728813559322035,0.4431818181818181,0.0,0.0,0.0,0.0
0.2711864406779661,0.4431818181818181,0.0,0.0,0.0,0.0
0.3050847457627119,0.4431818181818181,0.0,0.0,0.0,0.0
0.3389830508474576,0.4431818181818181,0.0,0.0,0.0,0.0
0.3728813559322034,0.4431818181818181,0.0,0.0,0.0,0.0
0.4067796610169492,0.4431818181818181,0.0,0.0,0.0,0.0
0.4406779661016949,0.4431818181818181,0.0,0.0,0.0,0.0
0.4745762711864407,0.4431818181818181,0.0,0.0,0.0,0.0
0.5084745762711864,0.4431818181818181,0.0,0.0,0.0,0.0
0.5423728813559322,0.4431818181818181,0.0,0.0,0.0,0.0
0.576271186440678,0.4431818181818181,0.0,0.0,0.0,0.0
0.6101694915254238,0.4431818181818181,0.0,0.0,0.0,0.0
0.6440677966101694,0.4431818181818181,0.0,0.0,0.0,0.0
0.6779661016949152,0.4431818181818181,0.0,0.0,0.0,0.0
0.711864406779661,0.4431818181818181,0.0,0.0,0.0,0.0
0.7457627118644068,0.4431818181818181,0.0,0.0,0.0,0.0
0.7796610169491526,0.4431818181818181,0.0,0.0,0.0,0.0
0.8135593220338984,0.4431818181818181,0.0,0.0,0.0,0.0
0.847457627118644,0.4431818181818181,0.0,0.0,0.0,0.0
0.8813559322033898,0.4431818181818181,0.0,0.0,0.0,0.0
0.9152542372881356,0.4431818181818181,0.0,0.0,0.0,0.0
0.9491525423728814,0.4431818181818181,0.0,0.0,0.0,0.0
0.9830508474576272,0.4431818181818181,0.0,0.0,0.0,0.0
1.0169491525423728,0.4431818181818181,0.0,0.0,0.0,0.0
1.0508474576271187,0.4431818181818181,0.0,0.0,0.0,0.0
1.0847457627118644,0.4431818181818181,0.0,0.0,0.0,0.0
1.11864406779661,0.4431818181818181,0.0,0.0,0.0,0.0
1.152542372881356,0.4431818181818181,0.0,0.0,0.0,0.0
1.1864406779661016,0.4431818181818181,0.0,0.0,0.0,0.0
1.2203389830508475,0.4431818181818181,0.0,0.0,0.0,0.0
1.2542372881355932,0.4431818181818181,0.0,0.0,0.0,0.0
1.2881355932203389,0.4431818181818181,0.0,0.0,0.0,0.0
1.3220338983050848,0.4431818181818181,0.0,0.0,0.0,0.0
1.3559322033898304,0.4431818181818181,0.0,0.0,0.0,0.0
1.3898305084745763,0.4431818181818181,0.0,0.0,0.0,0.0
1.423728813559322,0.4431818181818181,0.0,0.0,0.0,0.0
1.4576271186440677,0.4431818181818181,0.0,0.0,0.0,0.0
1.4915254237288136,0.4431818181818181,0.0,0.0,0.0,0.0
1.5254237288135593,0.4431818181818181,0.0,0.0,0.0,0.0
1.5593220338983051,0.4431818181818181,0.0,0.0,0.0,0.0
1.5932203389830508,0.4431818181818181,0.0,0.0,0.0,0.0
1.6271186440677967,0.4431818181818181,0.0,0.0,0.0,0.0
1.6610169491525424,0.4431818181818181,0.0,0.0,0.0,0.0
1.694915254237288,0.4431818181818181,0.0,0.0,0.0,0.0
1.728813559322034,0.4431818181818181,0.0,0.0,0.0,0.0
1.7627118644067796,0.4431818181818181,0.0,0.0,0.0,0.0
1.7966101694915255,0.4431818181818181,0.0,0.0,0.0,0.0
1.8305084745762712,0.4431818181818181,0.0,0.0,0.0,0.0
1.8644067796610169,0.4431818181818181,0.0,0.0,0.0,0.0
1.8983050847457628,0.4431818181818181,0.0,0.0,0.0,0.0
1.9322033898305084,0.4431818181818181,0.0,0.0,0.0,0.0
1.9661016949152543,0.4431818181818181,0.0,0.0,0.0,0.0
2.0,0.4431818181818181,0.0,0.0,0.0,0.0
0.0,0.47727272727272724,0.0,0.0,0.0,0.0
0.03389830508474576,0.47727272727272724,0.0,0.0,0.0,0.0
0.06779661016949153,0.47727272727272724,0.0,0.0,0.0,0.0
0.1016949152542373,0.47727272727272724,0.0,0.0,0.0,0.0
0.13559322033898305,0.47727272727272724,0.0,0.0,0.0,0.0
0.1694915254237288,0.47727272727272724,0.0,0.0,0.0,0.0
0.2033898305084746,0.47727272727272724,0.0,0.0,0.0,0.0
0.23728813559322035,0.47727272727272724,0.0,0.0,0.0,0.0
0.2711864406779661,0.47727272727272724,0.0,0.0,0.0,0.0
0.3050847457627119,0.47727272727272724,0.0,0.0,0.0,0.0
0.3389830508474576,0.47727272727272724,0.0,0.0,0.0,0.0
0.3728813559322034,0.47727272727272724,0.0,0.0,0.0,0.0
0.4067796610169492,0.47727272727272724,0.0,0.0,0.0,0.0
0.4406779661016949,0.47727272727272724,0.0,0.0,0.0,0.0
0.4745762711864407,0.47727272727272724,0.0,0.0,0.0,0.0
0.5084745762711864,0.47727272727272724,0.0,0.0,0.0,0.0
0.5423728813559322,0.47727272727272724,0.0,0.0,0.0,0.0
0.576271186440678,0.47727272727272724,0.0,0.0,0.0,0.0
0.6101694915254238,0.47727272727272724,0.0,0.0,0.0,0.0
0.6440677966101694,0.47727272727272724,0.0,0.0,0.0,0.0
0.6779661016949152,0.47727272727272724,0.0,0.0,0.0,0.0
0.711864406779661,0.47727272727272724,0.0,0.0,0.0,0.0
0.7457627118644068,0.47727272727272724,0.0,0.0,0.0,0.0
0.7796610169491526,0.47727272727272724,0.0,0.0,0.0,0.0
0.8135593220338984,0.47727272727272724,0.0,0.0,0.0,0.0
0.847457627118644,0.47727272727272724,0.0,0.0,0.0,0.0
0.8813559322033898,0.47727272727272724,0.0,0.0,0.0,0.0
0.9152542372881356,0.47727272727272724,0.0,0.0,0.0,0.0
0.9491525423728814,0.47727272727272724,0.0,0.0,0.0,0.0
0.9830508474576272,0.47727272727272724,0.0,0.0,0.0,0.0
1.0169491525423728,0.47727272727272724,0.0,0.0,0.0,0.0
1.0508474576271187,0.47727272727272724,0.0,0.0,0.0,0.0
1.0847457627118644,0.47727272727272724,0.0,0.0,0.0,0.0
1.11864406779661,0.47727272727272724,0.0,0.0,0.0,0.0
1.152542372881356,0.47727272727272724,0.0,0.0,0.0,0.0
1.1864406779661016,0.47727272727272724,0.0,0.0,0.0,0.0
1.2203389830508475,0.47727272727272724,0.0,0.0,0.0,0.0
1.2542372881355932,0.47727272727272724,0.0,0.0,0.0,0.0
1.2881355932203389,0.47727272727272724,0.0,0.0,0.0,0.0
1.3220338983050848,0.47727272727272724,0.0,0.0,0.0,0.0
1.3559322033898304,0.47727272727272724,0.0,0.0,0.0,0.0
1.3898305084745763,0.47727272727272724,0.0,0.0,0.0,0.0
1.423728813559322,0.47727272727272724,0.0,0.0,0.0,0.0
1.4576271186440677,0.47727272727272724,0.0,0.0,0.0,0.0
1.4915254237288136,0.47727272727272724,0.0,0.0,0.0,0.0
1.5254237288135593,0.47727272727272724,0.0,0.0,0.0,0.0
1.5593220338983051,0.47727272727272724,0.0,0.0,0.0,0.0
1.5932203389830508,0.47727272727272724,0.0,0.0,0.0,0.0
1.6271186440677967,0.47727272727272724,0.0,0.0,0.0,0.0
1.6610169491525424,0.47727272727272724,0.0,0.0,0.0,0.0
1.694915254237288,0.47727272727272724,0.0,0.0,0.0,0.0
1.728813559322034,0.47727272727272724,0.0,0.0,0.0,0.0
1.7627118644067796,0.47727272727272724,0.0,0.0,0.0,0.0
1.7966101694915255,0.47727272727272724,0.0,0.0,0.0,0.0
1.8305084745762712,0.47727272727272724,0.0,0.0,0.0,0.0
1.8644067796610169,0.47727272727272724,0.0,0.0,0.0,0.0
1.8983050847457628,0.47727272727272724,0.0,0.0,0.0,0.0
1.9322033898305084,0.47727272727272724,0.0,0.0,0.0,0.0
1.9661016949152543,0.47727272727272724,0.0,0.0,0.0,0.0
2.0,0.47727272727272724,0.0,0.0,0.0,0.0
0.0,0.5113636363636364,0.0,0.0,0.0,0.0
0.03389830508474576,0.5113636363636364,0.0,0.0,0.0,0.0
0.06779661016949153,0.5113636363636364,0.0,0.0,0.0,0.0
0.1016949152542373,0.5113636363636364,0.0,0.0,0.0,0.0
0.13559322033898305,0.5113636363636364,0.0,0.0,0.0,0.0
0.1694915254237288,0.5113636363636364,0.0,0.0,0.0,0.0
0.2033898305084746,0.5113636363636364,0.0,0.0,0.0,0.0
0.23728813559322035,0.5113636363636364,0.0,0.0,0.0,0.0
0.2711864406779661,0.5113636363636364,0.0,0.0,0.0,0.0
0.3050847457627119,0.5113636363636364,0.0,0.0,0.0,0.0
0.3389830508474576,0.5113636363636364,0.0,0.0,0.0,0.0
0.3728813559322034,0.5113636363636364,0.0,0.0,0.0,0.0
0.4067796610169492,0.5113636363636364,0.0,0.0,0.0,0.0
0.4406779661016949,0.5113636363636364,0.0,0.0,0.0,0.0
0.4745762711864407,0.5113636363636364,0.0,0.0,0.0,0.0
0.5084745762711864,0.5113636363636364,0.0,0.0,0.0,0.0
0.5423728813559322,0.5113636363636364,0.0,0.0,0.0,0.0
0.576271186440678,0.5113636363636364,0.0,0.0,0.0,0.0
0.6101694915254238,0.5113636363636364,0.0,0.0,0.0,0.0
0.6440677966101694,0.5113636363636364,0.0,0.0,0.0,0.0
0.6779661016949152,0.5113636363636364,0.0,0.0,0.0,0.0
0.711864406779661,0.5113636363636364,0.0,0.0,0.0,0.0
0.7457627118644068,0.5113636363636364,0.0,0.0,0.0,0.0
0.7796610169491526,0.5113636363636364,0.0,0.0,0.0,0.0
0.8135593220338984,0.5113636363636364,0.0,0.0,0.0,0.0
0.847457627118644,0.5113636363636364,0.0,0.0,0.0,0.0
0.8813559322033898,0.5113636363636364,0.0,0.0,0.0,0.0
0.9152542372881356,0.5113636363636364,0.0,0.0,0.0,0.0
0.9491525423728814,0.5113636363636364,0.0,0.0,0.0,0.0
0.9830508474576272,0.5113636363636364,0.0,0.0,0.0,0.0
1.0169491525423728,0.5113636363636364,0.0,0.0,0.0,0.0
1.0508474576271187,0.5113636363636364,0.0,0.0,0.0,0.0
1.0847457627118644,0.5113636363636364,0.0,0.0,0.0,0.0
1.11864406779661,0.5113636363636364,0.0,0.0,0.0,0.0
1.152542372881356,0.5113636363636364,0.0,0.0,0.0,0.0
1.1864406779661016,0.5113636363636364,0.0,0.0,0.0,0.0
1.2203389830508475,0.5113636363636364,0.0,0.0,0.0,0.0
1.2542372881355932,0.5113636363636364,0.0,0.0,0.0,0.0
1.2881355932203389,0.5113636363636364,0.0,0.0,0.0,0.0
1.3220338983050848,0.5113636363636364,0.0,0.0,0.0,0.0
1.3559322033898304,0.5113636363636364,0.0,0.0,0.0,0.0
1.3898305084745763,0.5113636363636364,0.0,0.0,0.0,0.0
1.423728813559322,0.5113636363636364,0.0,0.0,0.0,0.0
1.4576271186440677,0.5113636363636364,0.0,0.0,0.0,0.0
1.4915254237288136,0.5113636363636364,0.0,0.0,0.0,0.0
1.5254237288135593,0.5113636363636364,0.0,0.0,0.0,0.0
1.5593220338983051,0.5113636363636364,0.0,0.0,0.0,0.0
1.5932203389830508,0.5113636363636364,0.0,0.0,0.0,0.0
1.6271186440677967,0.5113636363636364,0.0,0.0,0.0,0.0
1.6610169491525424,0.5113636363636364,0.0,0.0,0.0,0.0
1.694915254237288,0.5113636363636364,0.0,0.0,0.0,0.0
1.728813559322034,0.5113636363636364,0.0,0.0,0.0,0.0
1.7627118644067796,0.5113636363636364,0.0,0.0,0.0,0.0
1.7966101694915255,0.5113636363636364,0.0,0.0,0.0,0.0
1.8305084745762712,0.5113636363636364,0.0,0.0,0.0,0.0
1.8644067796610169,0.5113636363636364,0.0,0.0,0.0,0.0
1.8983050847457628,0.5113636363636364,0.0,0.0,0.0,0.0
1.9322033898305084,0.5113636363636364,0.0,0.0,0.0,0.0
1.9661016949152543,0.5113636363636364,0.0,0.0,0.0,0.0
2.0,0.5113636363636364,0.0,0.0,0.0,0.0
0.0,0.5454545454545454,0.0,0.0,0.0,0.0
0.03389830508474576,0.5454545454545454,0.0,0.0,0.0,0.0
0.06779661016949153,0.5454545454545454,0.0,0.0,0.0,0.0
0.1016949152542373,0.5454545454545454,0.0,0.0,0.0,0.0
0.13559322033898305,0.5454545454545454,0.0,0.0,0.0,0.0
0.1694915254237288,0.5454545454545454,0.0,0.0,0.0,0.0
0.2033898305084746,0.5454545454545454,0.0,0.0,0.0,0.0
0.23728813559322035,0.5454545454545454,0.0,0.0,0.0,0.0
0.2711864406779661,0.5454545454545454,0.0,0.0,0.0,0.0
0.3050847457627119,0.5454545454545454,0.0,0.0,0.0,0.0
0.3389830508474576,0.5454545454545454,0.0,0.0,0.0,0.0
0.3728813559322034,0.5454545454545454,0.0,0.0,0.0,0.0
0.4067796610169492,0.5454545454545454,0.0,0.0,0.0,0.0
0.4406779661016949,0.5454545454545454,0.0,0.0,0.0,0.0
0.4745762711864407,0.5454545454545454,0.0,0.0,0.0,0.0
0.5084745762711864,0.5454545454545454,0.0,0.0,0.0,0.0
0.5423728813559322,0.5454545454545454,0.0,0.0,0.0,0.0
0.576271186440678,0.5454545454545454,0.0,0.0,0.0,0.0
0.6101694915254238,0.5454545454545454,0.0,0.0,0.0,0.0
0.6440677966101694,0.5454545454545454,0.0,0.0,0.0,0.0
0.6779661016949152,0.5454545454545454,0.0,0.0,0.0,0.0
0.711864406779661,0.5454545454545454,0.0,0.0,0.0,0.0
0.7457627118644068,0.5454545454545454,0.0,0.0,0.0,0.0
0.7796610169491526,0.5454545454545454,0.0,0.0,0.0,0.0
0.8135593220338984,0.5454545454545454,0.0,0.0,0.0,0.0
0.847457627118644,0.5454545454545454,0.0,0.0,0.0,0.0
0.8813559322033898,0.5454545454545454,0.0,0.0,0.0,0.0
0.9152542372881356,0.5454545454545454,0.0,0.0,0.0,0.0
0.9491525423728814,0.5454545454545454,0.0,0.0,0.0,0.0
0.9830508474576272,0.5454545454545454,0.0,0.0,0.0,0.0
1.0169491525423728,0.5454545454545454,0.0,0.0,0.0,0.0
1.0508474576271187,0.5454545454545454,0.0,0.0,0.0,0.0
1.0847457627118644,0.5454545454545454,0.0,0.0,0.0,0.0
1.11864406779661,0.5454545454545454,0.0,0.0,0.0,0.0
1.152542372881356,0.5454545454545454,0.0,0.0,0.0,0.0
1.1864406779661016,0.5454545454545454,0.0,0.0,0.0,0.0
1.2203389830508475,0.5454545454545454,0.0,0.0,0.0,0.0
1.2542372881355932,0.5454545454545454,0.0,0.0,0.0,0.0
1.2881355932203389,0.5454545454545454,0.0,0.0,0.0,0.0
1.3220338983050848,0.5454545454545454,0.0,0.0,0.0,0.0
1.3559322033898304,0.5454545454545454,0.0,0.0,0.0,0.0
1.3898305084745763,0.5454545454545454,0.0,0.0,0.0,0.0
1.423728813559322,0.5454545454545454,0.0,0.0,0.0,0.0
1.4576271186440677,0.5454545454545454,0.0,0.0,0.0,0.0
1.4915254237288136,0.5454545454545454,0.0,0.0,0.0,0.0
1.5254237288135593,0.5454545454545454,0.0,0.0,0.0,0.0
1.5593220338983051,0.5454545454545454,0.0,0.0,0.0,0.0
1.5932203389830508,0.5454545454545454,0.0,0.0,0.0,0.0
1.6271186440677967,0.5454545454545454,0.0,0.0,0.0,0.0
1.6610169491525424,0.5454545454545454,0.0,0.0,0.0,0.0
1.694915254237288,0.5454545454545454,0.0,0.0,0.0,0.0
1.728813559322034,0.5454545454545454,0.0,0.0,0.0,0.0
1.7627118644067796,0.5454545454545454,0.0,0.0,0.0,0.0
1.7966101694915255,0.5454545454545454,0.0,0.0,0.0,0.0
1.8305084745762712,0.5454545454545454,0.0,0.0,0.0,0.0
1.8644067796610169,0.5454545454545454,0.0,0.0,0.0,0.0
1.8983050847457628,0.5454545454545454,0.0,0.0,0.0,0.0
1.9322033898305084,0.5454545454545454,0.0,0.0,0.0,0.0
1.9661016949152543,0.5454545454545454,0.0,0.0,0.0,0.0
2.0,0.5454545454545454,0.0,0.0,0.0,0.0
0.0,0.5795454545454545,0.0,0.0,0.0,0.0
0.03389830508474576,0.5795454545454545,0.0,0.0,0.0,0.0
0.06779661016949153,0.5795454545454545,0.0,0.0,0.0,0.0
0.1016949152542373,0.5795454545454545,0.0,0.0,0.0,0.0
0.13559322033898305,0.5795454545454545,0.0,0.0,0.0,0.0
0.1694915254237288,0.5795454545454545,0.0,0.0,0.0,0.0
0.2033898305084746,0.5795454545454545,0.0,0.0,0.0,0.0
0.23728813559322035,0.5795454545454545,0.0,0.0,0.0,0.0
0.2711864406779661,0.5795454545454545,0.0,0.0,0.0,0.0
0.3050847457627119,0.5795454545454545,0.0,0.0,0.0,0.0
0.3389830508474576,0.5795454545454545,0.0,0.0,0.0,0.0
0.3728813559322034,0.5795454545454545,0.0,0.0,0.0,0.0
0.4067796610169492,0.5795454545454545,0.0,0.0,0.0,0.0
0.4406779661016949,0.5795454545454545,0.0,0.0,0.0,0.0
0.4745762711864407,0.5795454545454545,0.0,0.0,0.0,0.0
0.5084745762711864,0.5795454545454545,0.0,0.0,0.0,0.0
0.5423728813559322,0.5795454545454545,0.0,0.0,0.0,0.0
0.576271186440678,0.5795454545454545,0.0,0.0,0.0,0.0
0.6101694915254238,0.5795454545454545,0.0,0.0,0.0,0.0
0.6440677966101694,0.5795454545454545,0.0,0.0,0.0,0.0
0.6779661016949152,0.5795454545454545,0.0,0.0,0.0,0.0
0.711864406779661,0.5795454545454545,0.0,0.0,0.0,0.0
0.7457627118644068,0.5795454545454545,0.0,0.0,0.0,0.0
0.7796610169491526,0.5795454545454545,0.0,0.0,0.0,0.0
0.8135593220338984,0.5795454545454545,0.0,0.0,0.0,0.0
0.847457627118644,0.5795454545454545,0.0,0.0,0.0,0.0
0.8813559322033898,0.5795454545454545,0.0,0.0,0.0,0.0
0.9152542372881356,0.5795454545454545,0.0,0.0,0.0,0.0
0.9491525423728814,0.5795454545454545,0.0,0.0,0.0,0.0
0.9830508474576272,0.5795454545454545,0.0,0.0,0.0,0.0
1.0169491525423728,0.5795454545454545,0.0,0.0,0.0,0.0
1.0508474576271187,0.5795454545454545,0.0,0.0,0.0,0.0
1.0847457627118644,0.5795454545454545,0.0,0.0,0.0,0.0
1.11864406779661,0.5795454545454545,0.0,0.0,0.0,0.0
1.152542372881356,0.5795454545454545,0.0,0.0,0.0,0.0
1.1864406779661016,0.5795454545454545,0.0,0.0,0.0,0.0
1.2203389830508475,0.5795454545454545,0.0,0.0,0.0,0.0
1.2542372881355932,0.5795454545454545,0.0,0.0,0.0,0.0
1.2881355932203389,0.5795454545454545,0.0,0.0,0.0,0.0
1.3220338983050848,0.5795454545454545,0.0,0.0,0.0,0.0
1.3559322033898304,0.5795454545454545,0.0,0.0,0.0,0.0
1.3898305084745763,0.5795454545454545,0.0,0.0,0.0,0.0
1.423728813559322,0.5795454545454545,0.0,0.0,0.0,0.0
1.4576271186440677,0.5795454545454545,0.0,0.0,0.0,0.0
1.4915254237288136,0.5795454545454545,0.0,0.0,0.0,0.0
1.5254237288135593,0.5795454545454545,0.0,0.0,0.0,0.0
1.5593220338983051,0.5795454545454545,0.0,0.0,0.0,0.0
1.5932203389830508,0.5795454545454545,0.0,0.0,0.0,0.0
1.6271186440677967,0.5795454545454545,0.0,0.0,0.0,0.0
1.6610169491525424,0.5795454545454545,0.0,0.0,0.0,0.0
1.694915254237288,0.5795454545454545,0.0,0.0,0.0,0.0
1.728813559322034,0.5795454545454545,0.0,0.0,0.0,0.0
1.7627118644067796,0.5795454545454545,0.0,0.0,0.0,0.0
1.7966101694915255,0.5795454545454545,0.0,0.0,0.0,0.0
1.8305084745762712,0.5795454545454545,0.0,0.0,0.0,0.0
1.8644067796610169,0.5795454545454545,0.0,0.0,0.0,0.0
1.8983050847457628,0.5795454545454545,0.0,0.0,0.0,0.0
1.9322033898305084,0.5795454545454545,0.0,0.0,0.0,0.0
1.9661016949152543,0.5795454545454545,0.0,0.0,0.0,0.0
2.0,0.5795454545454545,0.0,0.0,0.0,0.0
0.0,0.6136363636363635,0.0,0.0,0.0,0.0
0.03389830508474576,0.6136363636363635,0.0,0.0,0.0,0.0
0.06779661016949153,0.6136363636363635,0.0,0.0,0.0,0.0
0.1016949152542373,0.6136363636363635,0.0,0.0,0.0,0.0
0.13559322033898305,0.6136363636363635,0.0,0.0,0.0,0.0
0.1694915254237288,0.6136363636363635,0.0,0.0,0.0,0.0
0.2033898305084746,0.6136363636363635,0.0,0.0,0.0,0.0
0.23728813559322035,0.6136363636363635,0.0,0.0,0.0,0.0
0.2711864406779661,0.6136363636363635,0.0,0.0,0.0,0.0
0.3050847457627119,0.6136363636363635,0.0,0.0,0.0,0.0
0.3389830508474576,0.6136363636363635,0.0,0.0,0.0,0.0
0.3728813559322034,0.6136363636363635,0.0,0.0,0.0,0.0
0.4067796610169492,0.6136363636363635,0.0,0.0,0.0,0.0
0.4406779661016949,0.6136363636363635,0.0,0.0,0.0,0.0
0.4745762711864407,0.6136363636363635,0.0,0.0,0.0,0.0
0.5084745762711864,0.6136363636363635,0.0,0.0,0.0,0.0
0.5423728813559322,0.6136363636363635,0.0,0.0,0.0,0.0
0.576271186440678,0.6136363636363635,0.0,0.0,0.0,0.0
0.6101694915254238,0.6136363636363635,0.0,0.0,0.0,0.0
0.6440677966101694,0.6136363636363635,0.0,0.0,0.0,0.0
0.6779661016949152,0.6136363636363635,0.0,0.0,0.0,0.0
0.711864406779661,0.6136363636363635,0.0,0.0,0.0,0.0
0.7457627118644068,0.6136363636363635,0.0,0.0,0.0,0.0
0.7796610169491526,0.6136363636363635,0.0,0.0,0.0,0.0
0.8135593220338984,0.6136363636363635,0.0,0.0,0.0,0.0
0.847457627118644,0.6136363636363635,0.0,0.0,0.0,0.0
0.8813559322033898,0.6136363636363635,0.0,0.0,0.0,0.0
0.9152542372881356,0.6136363636363635,0.0,0.0,0.0,0.0
0.9491525423728814,0.6136363636363635,0.0,0.0,0.0,0.0
0.9830508474576272,0.6136363636363635,0.0,0.0,0.0,0.0
1.0169491525423728,0.6136363636363635,0.0,0.0,0.0,0.0
1.0508474576271187,0.6136363636363635,0.0,0.0,0.0,0.0
1.0847457627118644,0.6136363636363635,0.0,0.0,0.0,0.0
1.11864406779661,0.6136363636363635,0.0,0.0,0.0,0.0
1.152542372881356,0.6136363636363635,0.0,0.0,0.0,0.0
1.1864406779661016,0.6136363636363635,0.0,0.0,0.0,0.0
1.2203389830508475,0.6136363636363635,0.0,0.0,0.0,0.0
1.2542372881355932,0.6136363636363635,0.0,0.0,0.0,0.0
1.2881355932203389,0.6136363636363635,0.0,0.0,0.0,0.0
1.3220338983050848,0.6136363636363635,0.0,0.0,0.0,0.0
1.3559322033898304,0.6136363636363635,0.0,0.0,0.0,0.0
1.3898305084745763,0.6136363636363635,0.0,0.0,0.0,0.0
1.423728813559322,0.6136363636363635,0.0,0.0,0.0,0.0
1.4576271186440677,0.6136363636363635,0.0,0.0,0.0,0.0
1.4915254237288136,0.6136363636363635,0.0,0.0,0.0,0.0
1.5254237288135593,0.6136363636363635,0.0,0.0,0.0,0.0
1.5593220338983051,0.6136363636363635,0.0,0.0,0.0,0.0
1.5932203389830508,0.6136363636363635,0.0,0.0,0.0,0.0
1.6271186440677967,0.6136363636363635,0.0,0.0,0.0,0.0
1.6610169491525424,0.6136363636363635,0.0,0.0,0.0,0.0
1.694915254237288,0.6136363636363635,0.0,0.0,0.0,0.0
1.728813559322034,0.6136363636363635,0.0,0.0,0.0,0.0
1.7627118644067796,0.6136363636363635,0.0,0.0,0.0,0.0
1.7966101694915255,0.6136363636363635,0.0,0.0,0.0,0.0
1.8305084745762712,0.6136363636363635,0.0,0.0,0.0,0.0
1.8644067796610169,0.6136363636363635,0.0,0.0,0.0,0.0
1.8983050847457628,0.6136363636363635,0.0,0.0,0.0,0.0
1.9322033898305084,0.6136363636363635,0.0,0.0,0.0,0.0
1.9661016949152543,0.6136363636363635,0.0,0.0,0.0,0.0
2.0,0.6136363636363635,0.0,0.0,0.0,0.0
0.0,0.6477272727272727,0.0,0.0,0.0,0.0
0.03389830508474576,0.6477272727272727,0.0,0.0,0.0,0.0
0.06779661016949153,0.6477272727272727,0.0,0.0,0.0,0.0
0.1016949152542373,0.6477272727272727,0.0,0.0,0.0,0.0
0.13559322033898305,0.6477272727272727,0.0,0.0,0.0,0.0
0.1694915254237288,0.6477272727272727,0.0,0.0,0.0,0.0
0.2033898305084746,0.6477272727272727,0.0,0.0,0.0,0.0
0.23728813559322035,0.6477272727272727,0.0,0.0,0.0,0.0
0.2711864406779661,0.6477272727272727,0.0,0.0,0.0,0.0
0.3050847457627119,0.6477272727272727,0.0,0.0,0.0,0.0
0.3389830508474576,0.6477272727272727,0.0,0.0,0.0,0.0
0.3728813559322034,0.6477272727272727,0.0,0.0,0.0,0.0
0.4067796610169492,0.6477272727272727,0.0,0.0,0.0,0.0
0.4406779661016949,0.6477272727272727,0.0,0.0,0.0,0.0
0.4745762711864407,0.6477272727272727,0.0,0.0,0.0,0.0
0.5084745762711864,0.6477272727272727,0.0,0.0,0.0,0.0
0.5423728813559322,0.6477272727272727,0.0,0.0,0.0,0.0
0.576271186440678,0.6477272727272727,0.0,0.0,0.0,0.0
0.6101694915254238,0.6477272727272727,0.0,0.0,0.0,0.0
0.6440677966101694,0.6477272727272727,0.0,0.0,0.0,0.0
0.6779661016949152,0.6477272727272727,0.0,0.0,0.0,0.0
0.711864406779661,0.6477272727272727,0.0,0.0,0.0,0.0
0.7457627118644068,0.6477272727272727,0.0,0.0,0.0,0.0
0.7796610169491526,0.6477272727272727,0.0,0.0,0.0,0.0
0.8135593220338984,0.6477272727272727,0.0,0.0,0.0,0.0
0.847457627118644,0.6477272727272727,0.0,0.0,0.0,0.0
0.8813559322033898,0.6477272727272727,0.0,0.0,0.0,0.0
0.9152542372881356,0.6477272727272727,0.0,0.0,0.0,0.0
0.9491525423728814,0.6477272727272727,0.0,0.0,0.0,0.0
0.9830508474576272,0.6477272727272727,0.0,0.0,0.0,0.0
1.0169491525423728,0.6477272727272727,0.0,0.0,0.0,0.0
1.0508474576271187,0.6477272727272727,0.0,0.0,0.0,0.0
1.0847457627118644,0.6477272727272727,0.0,0.0,0.0,0.0
1.11864406779661,0.6477272727272727,0.0,0.0,0.0,0.0
1.152542372881356,0.6477272727272727,0.0,0.0,0.0,0.0
1.1864406779661016,0.6477272727272727,0.0,0.0,0.0,0.0
1.2203389830508475,0.6477272727272727,0.0,0.0,0.0,0.0
1.2542372881355932,0.6477272727272727,0.0,0.0,0.0,0.0
1.2881355932203389,0.6477272727272727,0.0,0.0,0.0,0.0
1.3220338983050848,0.6477272727272727,0.0,0.0,0.0,0.0
1.3559322033898304,0.6477272727272727,0.0,0.0,0.0,0.0
1.3898305084745763,0.6477272727272727,0.0,0.0,0.0,0.0
1.423728813559322,0.6477272727272727,0.0,0.0,0.0,0.0
1.4576271186440677,0.6477272727272727,0.0,0.0,0.0,0.0
1.4915254237288136,0.6477272727272727,0.0,0.0,0.0,0.0
1.5254237288135593,0.6477272727272727,0.0,0.0,0.0,0.0
1.5593220338983051,0.6477272727272727,0.0,0.0,0.0,0.0
1.5932203389830508,0.6477272727272727,0.0,0.0,0.0,0.0
1.6271186440677967,0.6477272727272727,0.0,0.0,0.0,0.0
1.6610169491525424,0.6477272727272727,0.0,0.0,0.0,0.0
1.694915254237288,0.6477272727272727,0.0,0.0,0.0,0.0
1.728813559322034,0.6477272727272727,0.0,0.0,0.0,0.0
1.7627118644067796,0.6477272727272727,0.0,0.0,0.0,0.0
1.7966101694915255,0.6477272727272727,0.0,0.0,0.0,0.0
1.8305084745762712,0.6477272727272727,0.0,0.0,0.0,0.0
1.8644067796610169,0.6477272727272727,0.0,0.0,0.0,0.0
1.8983050847457628,0.6477272727272727,0.0,0.0,0.0,0.0
1.9322033898305084,0.6477272727272727,0.0,0.0,0.0,0.0
1.9661016949152543,0.6477272727272727,0.0,0.0,0.0,0.0
2.0,0.6477272727272727,0.0,0.0,0.0,0.0
0.0,0.6818181818181818,0.0,0.0,0.0,0.0
0.03389830508474576,0.6818181818181818,0.0,0.0,0.0,0.0
0.06779661016949153,0.6818181818181818,0.0,0.0,0.0,0.0
0.1016949152542373,0.6818181818181818,0.0,0.0,0.0,0.0
0.13559322033898305,0.6818181818181818,0.0,0.0,0.0,0.0
0.1694915254237288,0.6818181818181818,0.0,0.0,0.0,0.0
0.2033898305084746,0.6818181818181818,0.0,0.0,0.0,0.0
0.23728813559322035,0.6818181818181818,0.0,0.0,0.0,0.0
0.2711864406779661,0.6818181818181818,0.0,0.0,0.0,0.0
0.3050847457627119,0.6818181818181818,0.0,0.0,0.0,0.0
0.3389830508474576,0.6818181818181818,0.0,0.0,0.0,0.0
0.3728813559322034,0.6818181818181818,0.0,0.0,0.0,0.0
0.4067796610169492,0.6818181818181818,0.0,0.0,0.0,0.0
0.4406779661016949,0.6818181818181818,0.0,0.0,0.0,0.0
0.4745762711864407,0.6818181818181818,0.0,0.0,0.0,0.0
0.5084745762711864,0.6818181818181818,0.0,0.0,0.0,0.0
0.5423728813559322,0.6818181818181818,0.0,0.0,0.0,0.0
0.576271186440678,0.6818181818181818,0.0,0.0,0.0,0.0
0.6101694915254238,0.6818181818181818,0.0,0.0,0.0,0.0
0.6440677966101694,0.6818181818181818,0.0,0.0,0.0,0.0
0.6779661016949152,0.6818181818181818,0.0,0.0,0.0,0.0
0.711864406779661,0.6818181818181818,0.0,0.0,0.0,0.0
0.7457627118644068,0.6818181818181818,0.0,0.0,0.0,0.0
0.7796610169491526,0.6818181818181818,0.0,0.0,0.0,0.0
0.8135593220338984,0.6818181818181818,0.0,0.0,0.0,0.0
0.847457627118644,0.6818181818181818,0.0,0.0,0.0,0.0
0.8813559322033898,0.6818181818181818,0.0,0.0,0.0,0.0
0.9152542372881356,0.6818181818181818,0.0,0.0,0.0,0.0
0.9491525423728814,0.6818181818181818,0.0,0.0,0.0,0.0
0.9830508474576272,0.6818181818181818,0.0,0.0,0.0,0.0
1.0169491525423728,0.6818181818181818,0.0,0.0,0.0,0.0
1.0508474576271187,0.6818181818181818,0.0,0.0,0.0,0.0
1.0847457627118644,0.6818181818181818,0.0,0.0,0.0,0.0
1.11864406779661,0.6818181818181818,0.0,0.0,0.0,0.0
1.152542372881356,0.6818181818181818,0.0,0.0,0.0,0.0
1.1864406779661016,0.6818181818181818,0.0,0.0,0.0,0.0
1.2203389830508475,0.6818181818181818,0.0,0.0,0.0,0.0
1.2542372881355932,0.6818181818181818,0.0,0.0,0.0,0.0
1.2881355932203389,0.6818181818181818,0.0,0.0,0.0,0.0
1.3220338983050848,0.6818181818181818,0.0,0.0,0.0,0.0
1.3559322033898304,0.6818181818181818,0.0,0.0,0.0,0.0
1.3898305084745763,0.6818181818181818,0.0,0.0,0.0,0.0
1.423728813559322,0.6818181818181818,0.0,0.0,0.0,0.0
1.4576271186440677,0.6818181818181818,0.0,0.0,0.0,0.0
1.4915254237288136,0.6818181818181818,0.0,0.0,0.0,0.0
1.5254237288135593,0.6818181818181818,0.0,0.0,0.0,0.0
1.5593220338983051,0.6818181818181818,0.0,0.0,0.0,0.0
1.5932203389830508,0.6818181818181818,0.0,0.0,0.0,0.0
1.6271186440677967,0.6818181818181818,0.0,0.0,0.0,0.0
1.6610169491525424,0.6818181818181818,0.0,0.0,0.0,0.0
1.694915254237288,0.6818181818181818,0.0,0.0,0.0,0.0
1.728813559322034,0.6818181818181818,0.0,0.0,0.0,0.0
1.7627118644067796,0.6818181818181818,0.0,0.0,0.0,0.0
1.7966101694915255,0.6818181818181818,0.0,0.0,0.0,0.0
1.8305084745762712,0.6818181818181818,0.0,0.0,0.0,0.0
1.8644067796610169,0.6818181818181818,0.0,0.0,0.0,0.0
1.8983050847457628,0.6818181818181818,0.0,0.0,0.0,0.0
1.9322033898305084,0.6818181818181818,0.0,0.0,0.0,0.0
1.9661016949152543,0.6818181818181818,0.0,0.0,0.0,0.0
2.0,0.6818181818181818,0.0,0.0,0.0,0.0
0.0,0.7159090909090908,0.0,0.0,0.0,0.0
0.03389830508474576,0.7159090909090908,0.0,0.0,0.0,0.0
0.06779661016949153,0.7159090909090908,0.0,0.0,0.0,0.0
0.1016949152542373,0.7159090909090908,0.0,0.0,0.0,0.0
0.13559322033898305,0.7159090909090908,0.0,0.0,0.0,0.0
0.1694915254237288,0.7159090909090908,0.0,0.0,0.0,0.0
0.2033898305084746,0.7159090909090908,0.0,0.0,0.0,0.0
0.23728813559322035,0.7159090909090908,0.0,0.0,0.0,0.0
0.2711864406779661,0.7159090909090908,0.0,0.0,0.0,0.0
0.3050847457627119,0.7159090909090908,0.0,0.0,0.0,0.0
0.3389830508474576,0.7159090909090908,0.0,0.0,0.0,0.0
0.3728813559322034,0.7159090909090908,0.0,0.0,0.0,0.0
0.4067796610169492,0.7159090909090908,0.0,0.0,0.0,0.0
0.4406779661016949,0.7159090909090908,0.0,0.0,0.0,0.0
0.4745762711864407,0.7159090909090908,0.0,0.0,0.0,0.0
0.5084745762711864,0.7159090909090908,0.0,0.0,0.0,0.0
0.5423728813559322,0.7159090909090908,0.0,0.0,0.0,0.0
0.576271186440678,0.7159090909090908,0.0,0.0,0.0,0.0
0.6101694915254238,0.7159090909090908,0.0,0.0,0.0,0.0
0.6440677966101694,0.7159090909090908,0.0,0.0,0.0,0.0
0.6779661016949152,0.7159090909090908,0.0,0.0,0.0,0.0
0.711864406779661,0.7159090909090908,0.0,0.0,0.0,0.0
0.7457627118644068,0.7159090909090908,0.0,0.0,0.0,0.0
0.7796610169491526,0.7159090909090908,0.0,0.0,0.0,0.0
0.8135593220338984,0.7159090909090908,0.0,0.0,0.0,0.0
0.847457627118644,0.7159090909090908,0.0,0.0,0.0,0.0
0.8813559322033898,0.7159090909090908,0.0,0.0,0.0,0.0
0.9152542372881356,0.7159090909090908,0.0,0.0,0.0,0.0
0.9491525423728814,0.7159090909090908,0.0,0.0,0.0,0.0
0.9830508474576272,0.7159090909090908,0.0,0.0,0.0,0.0
1.0169491525423728,0.7159090909090908,0.0,0.0,0.0,0.0
1.0508474576271187,0.7159090909090908,0.0,0.0,0.0,0.0
1.0847457627118644,0.7159090909090908,0.0,0.0,0.0,0.0
1.11864406779661,0.7159090909090908,0.0,0.0,0.0,0.0
1.152542372881356,0.7159090909090908,0.0,0.0,0.0,0.0
1.1864406779661016,0.7159090909090908,0.0,0.0,0.0,0.0
1.2203389830508475,0.7159090909090908,0.0,0.0,0.0,0.0
1.2542372881355932,0.7159090909090908,0.0,0.0,0.0,0.0
1.2881355932203389,0.7159090909090908,0.0,0.0,0.0,0.0
1.3220338983050848,0.7159090909090908,0.0,0.0,0.0,0.0
1.3559322033898304,0.7159090909090908,0.0,0.0,0.0,0.0
1.3898305084745763,0.7159090909090908,0.0,0.0,0.0,0.0
1.423728813559322,0.7159090909090908,0.0,0.0,0.0,0.0
1.4576271186440677,0.7159090909090908,0.0,0.0,0.0,0.0
1.4915254237288136,0.7159090909090908,0.0,0.0,0.0,0.0
1.5254237288135593,0.7159090909090908,0.0,0.0,0.0,0.0
1.5593220338983051,0.7159090909090908,0.0,0.0,0.0,0.0
1.5932203389830508,0.7159090909090908,0.0,0.0,0.0,0.0
1.6271186440677967,0.7159090909090908,0.0,0.0,0.0,0.0
1.6610169491525424,0.7159090909090908,0.0,0.0,0.0,0.0
1.694915254237288,0.7159090909090908,0.0,0.0,0.0,0.0
1.728813559322034,0.7159090909090908,0.0,0.0,0.0,0.0
1.7627118644067796,0.7159090909090908,0.0,0.0,0.0,0.0
1.7966101694915255,0.7159090909090908,0.0,0.0,0.0,0.0
1.8305084745762712,0.7159090909090908,0.0,0.0,0.0,0.0
1.8644067796610169,0.7159090909090908,0.0,0.0,0.0,0.0
1.8983050847457628,0.7159090909090908,0.0,0.0,0.0,0.0
1.9322033898305084,0.7159090909090908,0.0,0.0,0.0,0.0
1.9661016949152543,0.7159090909090908,0.0,0.0,0.0,0.0
2.0,0.7159090909090908,0.0,0.0,0.0,0.0
0.0,0.75,0.0,0.0,0.0,0.0
0.03389830508474576,0.75,0.0,0.0,0.0,0.0
0.06779661016949153,0.75,0.0,0.0,0.0,0.0
0.1016949152542373,0.75,0.0,0.0,0.0,0.0
0.13559322033898305,0.75,0.0,0.0,0.0,0.0
0.1694915254237288,0.75,0.0,0.0,0.0,0.0
0.2033898305084746,0.75,0.0,0.0,0.0,0.0
0.23728813559322035,0.75,0.0,0.0,0.0,0.0
0.2711864406779661,0.75,0.0,0.0,0.0,0.0
0.3050847457627119,0.75,0.0,0.0,0.0,0.0
0.3389830508474576,0.75,0.0,0.0,0.0,0.0
0.3728813559322034,0.75,0.0,0.0,0.0,0.0
0.4067796610169492,0.75,0.0,0.0,0.0,0.0
0.4406779661016949,0.75,0.0,0.0,0.0,0.0
0.4745762711864407,0.75,0.0,0.0,0.0,0.0
0.5084745762711864,0.75,0.0,0.0,0.0,0.0
0.5423728813559322,0.75,0.0,0.0,0.0,0.0
0.576271186440678,0.75,0.0,0.0,0.0,0.0
0.6101694915254238,0.75,0.0,0.0,0.0,0.0
0.6440677966101694,0.75,0.0,0.0,0.0,0.0
0.6779661016949152,0.75,0.0,0.0,0.0,0.0
0.711864406779661,0.75,0.0,0.0,0.0,0.0
0.7457627118644068,0.75,0.0,0.0,0.0,0.0
0.7796610169491526,0.75,0.0,0.0,0.0,0.0
0.8135593220338984,0.75,0.0,0.0,0.0,0.0
0.847457627118644,0.75,0.0,0.0,0.0,0.0
0.8813559322033898,0.75,0.0,0.0,0.0,0.0
0.9152542372881356,0.75,0.0,0.0,0.0,0.0
0.9491525423728814,0.75,0.0,0.0,0.0,0.0
0.9830508474576272,0.75,0.0,0.0,0.0,0.0
1.0169491525423728,0.75,0.0,0.0,0.0,0.0
1.0508474576271187,0.75,0.0,0.0,0.0,0.0
1.0847457627118644,0.75,0.0,0.0,0.0,0.0
1.11864406779661,0.75,0.0,0.0,0.0,0.0
1.152542372881356,0.75,0.0,0.0,0.0,0.0
1.1864406779661016,0.75,0.0,0.0,0.0,0.0
1.2203389830508475,0.75,0.0,0.0,0.0,0.0
1.2542372881355932,0.75,0.0,0.0,0.0,0.0
1.2881355932203389,0.75,0.0,0.0,0.0,0.0
1.3220338983050848,0.75,0.0,0.0,0.0,0.0
1.3559322033898304,0.75,0.0,0.0,0.0,0.0
1.3898305084745763,0.75,0.0,0.0,0.0,0.0
1.423728813559322,0.75,0.0,0.0,0.0,0.0
1.4576271186440677,0.75,0.0,0.0,0.0,0.0
1.4915254237288136,0.75,0.0,0.0,0.0,0.0
1.5254237288135593,0.75,0.0,0.0,0.0,0.0
1.5593220338983051,0.75,0.0,0.0,0.0,0.0
1.5932203389830508,0.75,0.0,0.0,0.0,0.0
1.6271186440677967,0.75,0.0,0.0,0.0,0.0
1.6610169491525424,0.75,0.0,0.0,0.0,0.0
1.694915254237288,0.75,0.0,0.0,0.0,0.0
1.728813559322034,0.75,0.0,0.0,0.0,0.0
1.7627118644067796,0.75,0.0,0.0,0.0,0.0
1.7966101694915255,0.75,0.0,0.0,0.0,0.0
1.8305084745762712,0.75,0.0,0.0,0.0,0.0
1.8644067796610169,0.75,0.0,0.0,0.0,0.0
1.8983050847457628,0.75,0.0,0.0,0.0,0.0
1.9322033898305084,0.75,0.0,0.0,0.0,0.0
1.9661016949152543,0.75,0.0,0.0,0.0,0.0
2.0,0.75,0.0,0.0,0.0,0.0
0.0,0.7840909090909091,0.0,0.0,0.0,0.0
0.03389830508474576,0.7840909090909091,0.0,0.0,0.0,0.0
0.06779661016949153,0.7840909090909091,0.0,0.0,0.0,0.0
0.1016949152542373,0.7840909090909091,0.0,0.0,0.0,0.0
0.13559322033898305,0.7840909090909091,0.0,0.0,0.0,0.0
0.1694915254237288,0.7840909090909091,0.0,0.0,0.0,0.0
0.2033898305084746,0.7840909090909091,0.0,0.0,0.0,0.0
0.23728813559322035,0.7840909090909091,0.0,0.0,0.0,0.0
0.2711864406779661,0.7840909090909091,0.0,0.0,0.0,0.0
0.3050847457627119,0.7840909090909091,0.0,0.0,0.0,0.0
0.3389830508474576,0.7840909090909091,0.0,0.0,0.0,0.0
0.3728813559322034,0.7840909090909091,0.0,0.0,0.0,0.0
0.4067796610169492,0.7840909090909091,0.0,0.0,0.0,0.0
0.4406779661016949,0.7840909090909091,0.0,0.0,0.0,0.0
0.4745762711864407,0.7840909090909091,0.0,0.0,0.0,0.0
0.5084745762711864,0.7840909090909091,0.0,0.0,0.0,0.0
0.5423728813559322,0.7840909090909091,0.0,0.0,0.0,0.0
0.576271186440678,0.7840909090909091,0.0,0.0,0.0,0.0
0.6101694915254238,0.7840909090909091,0.0,0.0,0.0,0.0
0.6440677966101694,0.7840909090909091,0.0,0.0,0.0,0.0
0.6779661016949152,0.7840909090909091,0.0,0.0,0.0,0.0
0.711864406779661,0.7840909090909091,0.0,0.0,0.0,0.0
0.7457627118644068,0.7840909090909091,0.0,0.0,0.0,0.0
0.7796610169491526,0.7840909090909091,0.0,0.0,0.0,0.0
0.8135593220338984,0.7840909090909091,0.0,0.0,0.0,0.0
0.847457627118644,0.7840909090909091,0.0,0.0,0.0,0.0
0.8813559322033898,0.7840909090909091,0.0,0.0,0.0,0.0
0.9152542372881356,0.7840909090909091,0.0,0.0,0.0,0.0
0.9491525423728814,0.7840909090909091,0.0,0.0,0.0,0.0
0.9830508474576272,0.7840909090909091,0.0,0.0,0.0,0.0
1.0169491525423728,0.7840909090909091,0.0,0.0,0.0,0.0
1.0508474576271187,0.7840909090909091,0.0,0.0,0.0,0.0
1.0847457627118644,0.7840909090909091,0.0,0.0,0.0,0.0
1.11864406779661,0.7840909090909091,0.0,0.0,0.0,0.0
1.152542372881356,0.7840909090909091,0.0,0.0,0.0,0.0
1.1864406779661016,0.7840909090909091,0.0,0.0,0.0,0.0
1.2203389830508475,0.7840909090909091,0.0,0.0,0.0,0.0
1.2542372881355932,0.7840909090909091,0.0,0.0,0.0,0.0
1.2881355932203389,0.7840909090909091,0.0,0.0,0.0,0.0
1.3220338983050848,0.7840909090909091,0.0,0.0,0.0,0.0
1.3559322033898304,0.7840909090909091,0.0,0.0,0.0,0.0
1.3898305084745763,0.7840909090909091,0.0,0.0,0.0,0.0
1.423728813559322,0.7840909090909091,0.0,0.0,0.0,0.0
1.4576271186440677,0.7840909090909091,0.0,0.0,0.0,0.0
1.4915254237288136,0.7840909090909091,0.0,0.0,0.0,0.0
1.5254237288135593,0.7840909090909091,0.0,0.0,0.0,0.0
1.5593220338983051,0.7840909090909091,0.0,0.0,0.0,0.0
1.5932203389830508,0.7840909090909091,0.0,0.0,0.0,0.0
1.6271186440677967,0.7840909090909091,0.0,0.0,0.0,0.0
1.6610169491525424,0.7840909090909091,0.0,0.0,0.0,0.0
1.694915254237288,0.7840909090909091,0.0,0.0,0.0,0.0
1.728813559322034,0.7840909090909091,0.0,0.0,0.0,0.0
1.7627118644067796,0.7840909090909091,0.0,0.0,0.0,0.0
1.7966101694915255,0.7840909090909091,0.0,0.0,0.0,0.0
1.8305084745762712,0.7840909090909091,0.0,0.0,0.0,0.0
1.8644067796610169,0.7840909090909091,0.0,0.0,0.0,0.0
1.8983050847457628,0.7840909090909091,0.0,0.0,0.0,0.0
1.9322033898305084,0.7840909090909091,0.0,0.0,0.0,0.0
1.9661016949152543,0.7840909090909091,0.0,0.0,0.0,0.0
2.0,0.7840909090909091,0.0,0.0,0.0,0.0
0.0,0.8181818181818181,0.0,0.0,0.0,0.0
0.03389830508474576,0.8181818181818181,0.0,0.0,0.0,0.0
0.06779661016949153,0.8181818181818181,0.0,0.0,0.0,0.0
0.1016949152542373,0.8181818181818181,0.0,0.0,0.0,0.0
0.13559322033898305,0.8181818181818181,0.0,0.0,0.0,0.0
0.1694915254237288,0.8181818181818181,0.0,0.0,0.0,0.0
0.2033898305084746,0.8181818181818181,0.0,0.0,0.0,0.0
0.23728813559322035,0.8181818181818181,0.0,0.0,0.0,0.0
0.2711864406779661,0.8181818181818181,0.0,0.0,0.0,0.0
0.3050847457627119,0.8181818181818181,0.0,0.0,0.0,0.0
0.3389830508474576,0.8181818181818181,0.0,0.0,0.0,0.0
0.3728813559322034,0.8181818181818181,0.0,0.0,0.0,0.0
0.4067796610169492,0.8181818181818181,0.0,0.0,0.0,0.0
0.4406779661016949,0.8181818181818181,0.0,0.0,0.0,0.0
0.4745762711864407,0.8181818181818181,0.0,0.0,0.0,0.0
0.5084745762711864,0.8181818181818181,0.0,0.0,0.0,0.0
0.5423728813559322,0.8181818181818181,0.0,0.0,0.0,0.0
0.576271186440678,0.8181818181818181,0.0,0.0,0.0,0.0
0.6101694915254238,0.8181818181818181,0.0,0.0,0.0,0.0
0.6440677966101694,0.8181818181818181,0.0,0.0,0.0,0.0
0.6779661016949152,0.8181818181818181,0.0,0.0,0.0,0.0
0.711864406779661,0.8181818181818181,0.0,0.0,0.0,0.0
0.7457627118644068,0.8181818181818181,0.0,0.0,0.0,0.0
0.7796610169491526,0.8181818181818181,0.0,0.0,0.0,0.0
0.8135593220338984,0.8181818181818181,0.0,0.0,0.0,0.0
0.847457627118644,0.8181818181818181,0.0,0.0,0.0,0.0
0.8813559322033898,0.8181818181818181,0.0,0.0,0.0,0.0
0.9152542372881356,0.8181818181818181,0.0,0.0,0.0,0.0
0.9491525423728814,0.8181818181818181,0.0,0.0,0.0,0.0
0.9830508474576272,0.8181818181818181,0.0,0.0,0.0,0.0
1.0169491525423728,0.8181818181818181,0.0,0.0,0.0,0.0
1.0508474576271187,0.8181818181818181,0.0,0.0,0.0,0.0
1.0847457627118644,0.8181818181818181,0.0,0.0,0.0,0.0
1.11864406779661,0.8181818181818181,0.0,0.0,0.0,0.0
1.152542372881356,0.8181818181818181,0.0,0.0,0.0,0.0
1.1864406779661016,0.8181818181818181,0.0,0.0,0.0,0.0
1.2203389830508475,0.8181818181818181,0.0,0.0,0.0,0.0
1.2542372881355932,0.8181818181818181,0.0,0.0,0.0,0.0
1.2881355932203389,0.8181818181818181,0.0,0.0,0.0,0.0
1.3220338983050848,0.8181818181818181,0.0,0.0,0.0,0.0
1.3559322033898304,0.8181818181818181,0.0,0.0,0.0,0.0
1.3898305084745763,0.8181818181818181,0.0,0.0,0.0,0.0
1.423728813559322,0.8181818181818181,0.0,0.0,0.0,0.0
1.4576271186440677,0.8181818181818181,0.0,0.0,0.0,0.0
1.4915254237288136,0.8181818181818181,0.0,0.0,0.0,0.0
1.5254237288135593,0.8181818181818181,0.0,0.0,0.0,0.0
1.5593220338983051,0.8181818181818181,0.0,0.0,0.0,0.0
1.5932203389830508,0.8181818181818181,0.0,0.0,0.0,0.0
1.6271186440677967,0.8181818181818181,0.0,0.0,0.0,0.0
1.6610169491525424,0.8181818181818181,0.0,0.0,0.0,0.0
1.694915254237288,0.8181818181818181,0.0,0.0,0.0,0.0
1.728813559322034,0.8181818181818181,0.0,0.0,0.0,0.0
1.7627118644067796,0.8181818181818181,0.0,0.0,0.0,0.0
1.7966101694915255,0.8181818181818181,0.0,0.0,0.0,0.0
1.8305084745762712,0.8181818181818181,0.0,0.0,0.0,0.0
1.8644067796610169,0.8181818181818181,0.0,0.0,0.0,0.0
1.8983050847457628,0.8181818181818181,0.0,0.0,0.0,0.0
1.9322033898305084,0.8181818181818181,0.0,0.0,0.0,0.0
1.9661016949152543,0.8181818181818181,0.0,0.0,0.0,0.0
2.0,0.8181818181818181,0.0,0.0,0.0,0.0
0.0,0.8522727272727272,0.0,0.0,0.0,0.0
0.03389830508474576,0.8522727272727272,0.0,0.0,0.0,0.0
0.06779661016949153,0.8522727272727272,0.0,0.0,0.0,0.0
0.1016949152542373,0.8522727272727272,0.0,0.0,0.0,0.0
0.13559322033898305,0.8522727272727272,0.0,0.0,0.0,0.0
0.1694915254237288,0.8522727272727272,0.0,0.0,0.0,0.0
0.2033898305084746,0.8522727272727272,0.0,0.0,0.0,0.0
0.23728813559322035,0.8522727272727272,0.0,0.0,0.0,0.0
0.2711864406779661,0.8522727272727272,0.0,0.0,0.0,0.0
0.3050847457627119,0.8522727272727272,0.0,0.0,0.0,0.0
0.3389830508474576,0.8522727272727272,0.0,0.0,0.0,0.0
0.3728813559322034,0.8522727272727272,0.0,0.0,0.0,0.0
0.4067796610169492,0.8522727272727272,0.0,0.0,0.0,0.0
0.4406779661016949,0.8522727272727272,0.0,0.0,0.0,0.0
0.4745762711864407,0.8522727272727272,0.0,0.0,0.0,0.0
0.5084745762711864,0.8522727272727272,0.0,0.0,0.0,0.0
0.5423728813559322,0.8522727272727272,0.0,0.0,0.0,0.0
0.576271186440678,0.8522727272727272,0.0,0.0,0.0,0.0
0.6101694915254238,0.8522727272727272,0.0,0.0,0.0,0.0
0.6440677966101694,0.8522727272727272,0.0,0.0,0.0,0.0
0.6779661016949152,0.8522727272727272,0.0,0.0,0.0,0.0
0.711864406779661,0.8522727272727272,0.0,0.0,0.0,0.0
0.7457627118644068,0.8522727272727272,0.0,0.0,0.0,0.0
0.7796610169491526,0.8522727272727272,0.0,0.0,0.0,0.0
0.8135593220338984,0.8522727272727272,0.0,0.0,0.0,0.0
0.847457627118644,0.8522727272727272,0.0,0.0,0.0,0.0
0.8813559322033898,0.8522727272727272,0.0,0.0,0.0,0.0
0.9152542372881356,0.8522727272727272,0.0,0.0,0.0,0.0
0.9491525423728814,0.8522727272727272,0.0,0.0,0.0,0.0
0.9830508474576272,0.8522727272727272,0.0,0.0,0.0,0.0
1.0169491525423728,0.8522727272727272,0.0,0.0,0.0,0.0
1.0508474576271187,0.8522727272727272,0.0,0.0,0.0,0.0
1.0847457627118644,0.8522727272727272,0.0,0.0,0.0,0.0
1.11864406779661,0.8522727272727272,0.0,0.0,0.0,0.0
1.152542372881356,0.8522727272727272,0.0,0.0,0.0,0.0
1.1864406779661016,0.8522727272727272,0.0,0.0,0.0,0.0
1.2203389830508475,0.8522727272727272,0.0,0.0,0.0,0.0
1.2542372881355932,0.8522727272727272,0.0,0.0,0.0,0.0
1.2881355932203389,0.8522727272727272,0.0,0.0,0.0,0.0
1.3220338983050848,0.8522727272727272,0.0,0.0,0.0,0.0
1.3559322033898304,0.8522727272727272,0.0,0.0,0.0,0.0
1.3898305084745763,0.8522727272727272,0.0,0.0,0.0,0.0
1.423728813559322,0.8522727272727272,0.0,0.0,0.0,0.0
1.4576271186440677,0.8522727272727272,0.0,0.0,0.0,0.0
1.4915254237288136,0.8522727272727272,0.0,0.0,0.0,0.0
1.5254237288135593,0.8522727272727272,0.0,0.0,0.0,0.0
1.5593220338983051,0.8522727272727272,0.0,0.0,0.0,0.0
1.5932203389830508,0.8522727272727272,0.0,0.0,0.0,0.0
1.6271186440677967,0.8522727272727272,0.0,0.0,0.0,0.0
1.6610169491525424,0.8522727272727272,0.0,0.0,0.0,0.0
1.694915254237288,0.8522727272727272,0.0,0.0,0.0,0.0
1.728813559322034,0.8522727272727272,0.0,0.0,0.0,0.0
1.7627118644067796,0.8522727272727272,0.0,0.0,0.0,0.0
1.7966101694915255,0.8522727272727272,0.0,0.0,0.0,0.0
1.8305084745762712,0.8522727272727272,0.0,0.0,0.0,0.0
1.8644067796610169,0.8522727272727272,0.0,0.0,0.0,0.0
1.8983050847457628,0.8522727272727272,0.0,0.0,0.0,0.0
1.9322033898305084,0.8522727272727272,0.0,0.0,0.0,0.0
1.9661016949152543,0.8522727272727272,0.0,0.0,0.0,0.0
2.0,0.8522727272727272,0.0,0.0,0.0,0.0
0.0,0.8863636363636362,0.0,0.0,0.0,0.0
0.03389830508474576,0.8863636363636362,0.0,0.0,0.0,0.0
0.06779661016949153,0.8863636363636362,0.0,0.0,0.0,0.0
0.1016949152542373,0.8863636363636362,0.0,0.0,0.0,0.0
0.13559322033898305,0.8863636363636362,0.0,0.0,0.0,0.0
0.1694915254237288,0.8863636363636362,0.0,0.0,0.0,0.0
0.2033898305084746,0.8863636363636362,0.0,0.0,0.0,0.0
0.23728813559322035,0.8863636363636362,0.0,0.0,0.0,0.0
0.2711864406779661,0.8863636363636362,0.0,0.0,0.0,0.0
0.3050847457627119,0.8863636363636362,0.0,0.0,0.0,0.0
0.3389830508474576,0.8863636363636362,0.0,0.0,0.0,0.0
0.3728813559322034,0.8863636363636362,0.0,0.0,0.0,0.0
0.4067796610169492,0.8863636363636362,0.0,0.0,0.0,0.0
0.4406779661016949,0.8863636363636362,0.0,0.0,0.0,0.0
0.4745762711864407,0.8863636363636362,0.0,0.0,0.0,0.0
0.5084745762711864,0.8863636363636362,0.0,0.0,0.0,0.0
0.5423728813559322,0.8863636363636362,0.0,0.0,0.0,0.0
0.576271186440678,0.8863636363636362,0.0,0.0,0.0,0.0
0.6101694915254238,0.8863636363636362,0.0,0.0,0.0,0.0
0.6440677966101694,0.8863636363636362,0.0,0.0,0.0,0.0
0.6779661016949152,0.8863636363636362,0.0,0.0,0.0,0.0
0.711864406779661,0.8863636363636362,0.0,0.0,0.0,0.0
0.7457627118644068,0.8863636363636362,0.0,0.0,0.0,0.0
0.7796610169491526,0.8863636363636362,0.0,0.0,0.0,0.0
0.8135593220338984,0.8863636363636362,0.0,0.0,0.0,0.0
0.847457627118644,0.8863636363636362,0.0,0.0,0.0,0.0
0.8813559322033898,0.8863636363636362,0.0,0.0,0.0,0.0
0.9152542372881356,0.8863636363636362,0.0,0.0,0.0,0.0
0.9491525423728814,0.8863636363636362,0.0,0.0,0.0,0.0
0.9830508474576272,0.8863636363636362,0.0,0.0,0.0,0.0
1.0169491525423728,0.8863636363636362,0.0,0.0,0.0,0.0
1.0508474576271187,0.8863636363636362,0.0,0.0,0.0,0.0
1.0847457627118644,0.8863636363636362,0.0,0.0,0.0,0.0
1.11864406779661,0.8863636363636362,0.0,0.0,0.0,0.0
1.152542372881356,0.8863636363636362,0.0,0.0,0.0,0.0
1.1864406779661016,0.8863636363636362,0.0,0.0,0.0,0.0
1.2203389830508475,0.8863636363636362,0.0,0.0,0.0,0.0
1.2542372881355932,0.8863636363636362,0.0,0.0,0.0,0.0
1.2881355932203389,0.8863636363636362,0.0,0.0,0.0,0.0
1.3220338983050848,0.8863636363636362,0.0,0.0,0.0,0.0
1.3559322033898304,0.8863636363636362,0.0,0.0,0.0,0.0
1.3898305084745763,0.8863636363636362,0.0,0.0,0.0,0.0
1.423728813559322,0.8863636363636362,0.0,0.0,0.0,0.0
1.4576271186440677,0.8863636363636362,0.0,0.0,0.0,0.0
1.4915254237288136,0.8863636363636362,0.0,0.0,0.0,0.0
1.5254237288135593,0.8863636363636362,0.0,0.0,0.0,0.0
1.5593220338983051,0.8863636363636362,0.0,0.0,0.0,0.0
1.5932203389830508,0.8863636363636362,0.0,0.0,0.0,0.0
1.6271186440677967,0.8863636363636362,0.0,0.0,0.0,0.0
1.6610169491525424,0.8863636363636362,0.0,0.0,0.0,0.0
1.694915254237288,0.8863636363636362,0.0,0.0,0.0,0.0
1.728813559322034,0.8863636363636362,0.0,0.0,0.0,0.0
1.7627118644067796,0.8863636363636362,0.0,0.0,0.0,0.0
1.7966101694915255,0.8863636363636362,0.0,0.0,0.0,0.0
1.8305084745762712,0.8863636363636362,0.0,0.0,0.0,0.0
1.8644067796610169,0.8863636363636362,0.0,0.0,0.0,0.0
1.8983050847457628,0.8863636363636362,0.0,0.0,0.0,0.0
1.9322033898305084,0.8863636363636362,0.0,0.0,0.0,0.0
1.9661016949152543,0.8863636363636362,0.0,0.0,0.0,0.0
2.0,0.8863636363636362,0.0,0.0,0.0,0.0
0.0,0.9204545454545454,0.0,0.0,0.0,0.0
0.03389830508474576,0.9204545454545454,0.0,0.0,0.0,0.0
0.06779661016949153,0.9204545454545454,0.0,0.0,0.0,0.0
0.1016949152542373,0.9204545454545454,0.0,0.0,0.0,0.0
0.13559322033898305,0.9204545454545454,0.0,0.0,0.0,0.0
0.1694915254237288,0.9204545454545454,0.0,0.0,0.0,0.0
0.2033898305084746,0.9204545454545454,0.0,0.0,0.0,0.0
0.23728813559322035,0.9204545454545454,0.0,0.0,0.0,0.0
0.2711864406779661,0.9204545454545454,0.0,0.0,0.0,0.0
0.3050847457627119,0.9204545454545454,0.0,0.0,0.0,0.0
0.3389830508474576,0.9204545454545454,0.0,0.0,0.0,0.0
0.3728813559322034,0.9204545454545454,0.0,0.0,0.0,0.0
0.4067796610169492,0.9204545454545454,0.0,0.0,0.0,0.0
0.4406779661016949,0.9204545454545454,0.0,0.0,0.0,0.0
0.4745762711864407,0.9204545454545454,0.0,0.0,0.0,0.0
0.5084745762711864,0.9204545454545454,0.0,0.0,0.0,0.0
0.5423728813559322,0.9204545454545454,0.0,0.0,0.0,0.0
0.576271186440678,0.9204545454545454,0.0,0.0,0.0,0.0
0.6101694915254238,0.9204545454545454,0.0,0.0,0.0,0.0
0.6440677966101694,0.9204545454545454,0.0,0.0,0.0,0.0
0.6779661016949152,0.9204545454545454,0.0,0.0,0.0,0.0
0.711864406779661,0.9204545454545454,0.0,0.0,0.0,0.0
0.7457627118644068,0.9204545454545454,0.0,0.0,0.0,0.0
0.7796610169491526,0.9204545454545454,0.0,0.0,0.0,0.0
0.8135593220338984,0.9204545454545454,0.0,0.0,0.0,0.0
0.847457627118644,0.9204545454545454,0.0,0.0,0.0,0.0
0.8813559322033898,0.9204545454545454,0.0,0.0,0.0,0.0
0.9152542372881356,0.9204545454545454,0.0,0.0,0.0,0.0
0.9491525423728814,0.9204545454545454,0.0,0.0,0.0,0.0
0.9830508474576272,0.9204545454545454,0.0,0.0,0.0,0.0
1.0169491525423728,0.9204545454545454,0.0,0.0,0.0,0.0
1.0508474576271187,0.9204545454545454,0.0,0.0,0.0,0.0
1.0847457627118644,0.9204545454545454,0.0,0.0,0.0,0.0
1.11864406779661,0.9204545454545454,0.0,0.0,0.0,0.0
1.152542372881356,0.9204545454545454,0.0,0.0,0.0,0.0
1.1864406779661016,0.9204545454545454,0.0,0.0,0.0,0.0
1.2203389830508475,0.9204545454545454,0.0,0.0,0.0,0.0
1.2542372881355932,0.9204545454545454,0.0,0.0,0.0,0.0
1.2881355932203389,0.9204545454545454,0.0,0.0,0.0,0.0
1.3220338983050848,0.9204545454545454,0.0,0.0,0.0,0.0
1.3559322033898304,0.9204545454545454,0.0,0.0,0.0,0.0
1.3898305084745763,0.9204545454545454,0.0,0.0,0.0,0.0
1.423728813559322,0.9204545454545454,0.0,0.0,0.0,0.0
1.4576271186440677,0.9204545454545454,0.0,0.0,0.0,0.0
1.4915254237288136,0.9204545454545454,0.0,0.0,0.0,0.0
1.5254237288135593,0.9204545454545454,0.0,0.0,0.0,0.0
1.5593220338983051,0.9204545454545454,0.0,0.0,0.0,0.0
1.5932203389830508,0.9204545454545454,0.0,0.0,0.0,0.0
1.6271186440677967,0.9204545454545454,0.0,0.0,0.0,0.0
1.6610169491525424,0.9204545454545454,0.0,0.0,0.0,0.0
1.694915254237288,0.9204545454545454,0.0,0.0,0.0,0.0
1.728813559322034,0.9204545454545454,0.0,0.0,0.0,0.0
1.7627118644067796,0.9204545454545454,0.0,0.0,0.0,0.0
1.7966101694915255,0.9204545454545454,0.0,0.0,0.0,0.0
1.8305084745762712,0.9204545454545454,0.0,0.0,0.0,0.0
1.8644067796610169,0.9204545454545454,0.0,0.0,0.0,0.0
1.8983050847457628,0.9204545454545454,0.0,0.0,0.0,0.0
1.9322033898305084,0.9204545454545454,0.0,0.0,0.0,0.0
1.9661016949152543,0.9204545454545454,0.0,0.0,0.0,0.0
2.0,0.9204545454545454,0.0,0.0,0.0,0.0
0.0,0.9545454545454545,0.0,0.0,0.0,0.0
0.03389830508474576,0.9545454545454545,0.0,0.0,0.0,0.0
0.06779661016949153,0.9545454545454545,0.0,0.0,0.0,0.0
0.1016949152542373,0.9545454545454545,0.0,0.0,0.0,0.0
0.13559322033898305,0.9545454545454545,0.0,0.0,0.0,0.0
0.1694915254237288,0.9545454545454545,0.0,0.0,0.0,0.0
0.2033898305084746,0.9545454545454545,0.0,0.0,0.0,0.0
0.23728813559322035,0.9545454545454545,0.0,0.0,0.0,0.0
0.2711864406779661,0.9545454545454545,0.0,0.0,0.0,0.0
0.3050847457627119,0.9545454545454545,0.0,0.0,0.0,0.0
0.3389830508474576,0.9545454545454545,0.0,0.0,0.0,0.0
0.3728813559322034,0.9545454545454545,0.0,0.0,0.0,0.0
0.4067796610169492,0.9545454545454545,0.0,0.0,0.0,0.0
0.4406779661016949,0.9545454545454545,0.0,0.0,0.0,0.0
0.4745762711864407,0.9545454545454545,0.0,0.0,0.0,0.0
0.5084745762711864,0.9545454545454545,0.0,0.0,0.0,0.0
0.5423728813559322,0.9545454545454545,0.0,0.0,0.0,0.0
0.576271186440678,0.9545454545454545,0.0,0.0,0.0,0.0
0.6101694915254238,0.9545454545454545,0.0,0.0,0.0,0.0
0.6440677966101694,0.9545454545454545,0.0,0.0,0.0,0.0
0.6779661016949152,0.9545454545454545,0.0,0.0,0.0,0.0
0.711864406779661,0.9545454545454545,0.0,0.0,0.0,0.0
0.7457627118644068,0.9545454545454545,0.0,0.0,0.0,0.0
0.7796610169491526,0.9545454545454545,0.0,0.0,0.0,0.0
0.8135593220338984,0.9545454545454545,0.0,0.0,0.0,0.0
0.847457627118644,0.9545454545454545,0.0,0.0,0.0,0.0
0.8813559322033898,0.9545454545454545,0.0,0.0,0.0,0.0
0.9152542372881356,0.9545454545454545,0.0,0.0,0.0,0.0
0.9491525423728814,0.9545454545454545,0.0,0.0,0.0,0.0
0.9830508474576272,0.9545454545454545,0.0,0.0,0.0,0.0
1.0169491525423728,0.9545454545454545,0.0,0.0,0.0,0.0
1.0508474576271187,0.9545454545454545,0.0,0.0,0.0,0.0
1.0847457627118644,0.9545454545454545,0.0,0.0,0.0,0.0
1.11864406779661,0.9545454545454545,0.0,0.0,0.0,0.0
1.152542372881356,0.9545454545454545,0.0,0.0,0.0,0.0
1.1864406779661016,0.9545454545454545,0.0,0.0,0.0,0.0
1.2203389830508475,0.9545454545454545,0.0,0.0,0.0,0.0
1.2542372881355932,0.9545454545454545,0.0,0.0,0.0,0.0
1.2881355932203389,0.9545454545454545,0.0,0.0,0.0,0.0
1.3220338983050848,0.9545454545454545,0.0,0.0,0.0,0.0
1.3559322033898304,0.9545454545454545,0.0,0.0,0.0,0.0
1.3898305084745763,0.9545454545454545,0.0,0.0,0.0,0.0
1.423728813559322,0.9545454545454545,0.0,0.0,0.0,0.0
1.4576271186440677,0.9545454545454545,0.0,0.0,0.0,0.0
1.4915254237288136,0.9545454545454545,0.0,0.0,0.0,0.0
1.5254237288135593,0.9545454545454545,0.0,0.0,0.0,0.0
1.5593220338983051,0.9545454545454545,0.0,0.0,0.0,0.0
1.5932203389830508,0.9545454545454545,0.0,0.0,0.0,0.0
1.6271186440677967,0.9545454545454545,0.0,0.0,0.0,0.0
1.6610169491525424,0.9545454545454545,0.0,0.0,0.0,0.0
1.694915254237288,0.9545454545454545,0.0,0.0,0.0,0.0
1.728813559322034,0.9545454545454545,0.0,0.0,0.0,0.0
1.7627118644067796,0.9545454545454545,0.0,0.0,0.0,0.0
1.7966101694915255,0.9545454545454545,0.0,0.0,0.0,0.0
1.8305084745762712,0.9545454545454545,0.0,0.0,0.0,0.0
1.8644067796610169,0.9545454545454545,0.0,0.0,0.0,0.0
1.8983050847457628,0.9545454545454545,0.0,0.0,0.0,0.0
1.9322033898305084,0.9545454545454545,0.0,0.0,0.0,0.0
1.9661016949152543,0.9545454545454545,0.0,0.0,0.0,0.0
2.0,0.9545454545454545,0.0,0.0,0.0,0.0
0.0,0.9886363636363635,0.0,0.0,0.0,0.0
0.03389830508474576,0.9886363636363635,0.0,0.0,0.0,0.0
0.06779661016949153,0.9886363636363635,0.0,0.0,0.0,0.0
0.1016949152542373,0.9886363636363635,0.0,0.0,0.0,0.0
0.13559322033898305,0.9886363636363635,0.0,0.0,0.0,0.0
0.1694915254237288,0.9886363636363635,0.0,0.0,0.0,0.0
0.2033898305084746,0.9886363636363635,0.0,0.0,0.0,0.0
0.23728813559322035,0.9886363636363635,0.0,0.0,0.0,0.0
0.2711864406779661,0.9886363636363635,0.0,0.0,0.0,0.0
0.3050847457627119,0.9886363636363635,0.0,0.0,0.0,0.0
0.3389830508474576,0.9886363636363635,0.0,0.0,0.0,0.0
0.3728813559322034,0.9886363636363635,0.0,0.0,0.0,0.0
0.4067796610169492,0.9886363636363635,0.0,0.0,0.0,0.0
0.4406779661016949,0.9886363636363635,0.0,0.0,0.0,0.0
0.4745762711864407,0.9886363636363635,0.0,0.0,0.0,0.0
0.5084745762711864,0.9886363636363635,0.0,0.0,0.0,0.0
0.5423728813559322,0.9886363636363635,0.0,0.0,0.0,0.0
0.576271186440678,0.9886363636363635,0.0,0.0,0.0,0.0
0.6101694915254238,0.9886363636363635,0.0,0.0,0.0,0.0
0.6440677966101694,0.9886363636363635,0.0,0.0,0.0,0.0
0.6779661016949152,0.9886363636363635,0.0,0.0,0.0,0.0
0.711864406779661,0.9886363636363635,0.0,0.0,0.0,0.0
0.7457627118644068,0.9886363636363635,0.0,0.0,0.0,0.0
0.7796610169491526,0.9886363636363635,0.0,0.0,0.0,0.0
0.8135593220338984,0.9886363636363635,0.0,0.0,0.0,0.0
0.847457627118644,0.9886363636363635,0.0,0.0,0.0,0.0
0.8813559322033898,0.9886363636363635,0.0,0.0,0.0,0.0
0.9152542372881356,0.9886363636363635,0.0,0.0,0.0,0.0
0.9491525423728814,0.9886363636363635,0.0,0.0,0.0,0.0
0.9830508474576272,0.9886363636363635,0.0,0.0,0.0,0.0
1.0169491525423728,0.9886363636363635,0.0,0.0,0.0,0.0
1.0508474576271187,0.9886363636363635,0.0,0.0,0.0,0.0
1.0847457627118644,0.9886363636363635,0.0,0.0,0.0,0.0
1.11864406779661,0.9886363636363635,0.0,0.0,0.0,0.0
1.152542372881356,0.9886363636363635,0.0,0.0,0.0,0.0
1.1864406779661016,0.9886363636363635,0.0,0.0,0.0,0.0
1.2203389830508475,0.9886363636363635,0.0,0.0,0.0,0.0
1.2542372881355932,0.9886363636363635,0.0,0.0,0.0,0.0
1.2881355932203389,0.9886363636363635,0.0,0.0,0.0,0.0
1.3220338983050848,0.9886363636363635,0.0,0.0,0.0,0.0
1.3559322033898304,0.9886363636363635,0.0,0.0,0.0,0.0
1.3898305084745763,0.9886363636363635,0.0,0.0,0.0,0.0
1.423728813559322,0.9886363636363635,0.0,0.0,0.0,0.0
1.4576271186440677,0.9886363636363635,0.0,0.0,0.0,0.0
1.4915254237288136,0.9886363636363635,0.0,0.0,0.0,0.0
1.5254237288135593,0.9886363636363635,0.0,0.0,0.0,0.0
1.5593220338983051,0.9886363636363635,0.0,0.0,0.0,0.0
1.5932203389830508,0.9886363636363635,0.0,0.0,0.0,0.0
1.6271186440677967,0.9886363636363635,0.0,0.0,0.0,0.0
1.6610169491525424,0.9886363636363635,0.0,0.0,0.0,0.0
1.694915254237288,0.9886363636363635,0.0,0.0,0.0,0.0
1.728813559322034,0.9886363636363635,0.0,0.0,0.0,0.0
1.7627118644067796,0.9886363636363635,0.0,0.0,0.0,0.0
1.7966101694915255,0.9886363636363635,0.0,0.0,0.0,0.0
1.8305084745762712,0.9886363636363635,0.0,0.0,0.0,0.0
1.8644067796610169,0.9886363636363635,0.0,0.0,0.0,0.0
1.8983050847457628,0.9886363636363635,0.0,0.0,0.0,0.0
1.9322033898305084,0.9886363636363635,0.0,0.0,0.0,0.0
1.9661016949152543,0.9886363636363635,0.0,0.0,0.0,0.0
2.0,0.9886363636363635,0.0,0.0,0.0,0.0
0.0,1.0227272727272727,0.0,0.0,0.0,0.0
0.03389830508474576,1.0227272727272727,0.0,0.0,0.0,0.0
0.06779661016949153,1.0227272727272727,0.0,0.0,0.0,0.0
0.1016949152542373,1.0227272727272727,0.0,0.0,0.0,0.0
0.13559322033898305,1.0227272727272727,0.0,0.0,0.0,0.0
0.1694915254237288,1.0227272727272727,0.0,0.0,0.0,0.0
0.2033898305084746,1.0227272727272727,0.0,0.0,0.0,0.0
0.23728813559322035,1.0227272727272727,0.0,0.0,0.0,0.0
0.2711864406779661,1.0227272727272727,0.0,0.0,0.0,0.0
0.3050847457627119,1.0227272727272727,0.0,0.0,0.0,0.0
0.3389830508474576,1.0227272727272727,0.0,0.0,0.0,0.0
0.3728813559322034,1.0227272727272727,0.0,0.0,0.0,0.0
0.4067796610169492,1.0227272727272727,0.0,0.0,0.0,0.0
0.4406779661016949,1.0227272727272727,0.0,0.0,0.0,0.0
0.4745762711864407,1.0227272727272727,0.0,0.0,0.0,0.0
0.5084745762711864,1.0227272727272727,0.0,0.0,0.0,0.0
0.5423728813559322,1.0227272727272727,0.0,0.0,0.0,0.0
0.576271186440678,1.0227272727272727,0.0,0.0,0.0,0.0
0.6101694915254238,1.0227272727272727,0.0,0.0,0.0,0.0
0.6440677966101694,1.0227272727272727,0.0,0.0,0.0,0.0
0.6779661016949152,1.0227272727272727,0.0,0.0,0.0,0.0
0.711864406779661,1.0227272727272727,0.0,0.0,0.0,0.0
0.7457627118644068,1.0227272727272727,0.0,0.0,0.0,0.0
0.7796610169491526,1.0227272727272727,0.0,0.0,0.0,0.0
0.8135593220338984,1.0227272727272727,0.0,0.0,0.0,0.0
0.847457627118644,1.0227272727272727,0.0,0.0,0.0,0.0
0.8813559322033898,1.0227272727272727,0.0,0.0,0.0,0.0
0.9152542372881356,1.0227272727272727,0.0,0.0,0.0,0.0
0.9491525423728814,1.0227272727272727,0.0,0.0,0.0,0.0
0.9830508474576272,1.0227272727272727,0.0,0.0,0.0,0.0
1.0169491525423728,1.0227272727272727,0.0,0.0,0.0,0.0
1.0508474576271187,1.0227272727272727,0.0,0.0,0.0,0.0
1.0847457627118644,1.0227272727272727,0.0,0.0,0.0,0.0
1.11864406779661,1.0227272727272727,0.0,0.0,0.0,0.0
1.152542372881356,1.0227272727272727,0.0,0.0,0.0,0.0
1.1864406779661016,1.0227272727272727,0.0,0.0,0.0,0.0
1.2203389830508475,1.0227272727272727,0.0,0.0,0.0,0.0
1.2542372881355932,1.0227272727272727,0.0,0.0,0.0,0.0
1.2881355932203389,1.0227272727272727,0.0,0.0,0.0,0.0
1.3220338983050848,1.0227272727272727,0.0,0.0,0.0,0.0
1.3559322033898304,1.0227272727272727,0.0,0.0,0.0,0.0
1.3898305084745763,1.0227272727272727,0.0,0.0,0.0,0.0
1.423728813559322,1.0227272727272727,0.0,0.0,0.0,0.0
1.4576271186440677,1.0227272727272727,0.0,0.0,0.0,0.0
1.4915254237288136,1.0227272727272727,0.0,0.0,0.0,0.0
1.5254237288135593,1.0227272727272727,0.0,0.0,0.0,0.0
1.5593220338983051,1.0227272727272727,0.0,0.0,0.0,0.0
1.5932203389830508,1.0227272727272727,0.0,0.0,0.0,0.0
1.6271186440677967,1.0227272727272727,0.0,0.0,0.0,0.0
1.6610169491525424,1.0227272727272727,0.0,0.0,0.0,0.0
1.694915254237288,1.0227272727272727,0.0,0.0,0.0,0.0
1.728813559322034,1.0227272727272727,0.0,0.0,0.0,0.0
1.7627118644067796,1.0227272727272727,0.0,0.0,0.0,0.0
1.7966101694915255,1.0227272727272727,0.0,0.0,0.0,0.0
1.8305084745762712,1.0227272727272727,0.0,0.0,0.0,0.0
1.8644067796610169,1.0227272727272727,0.0,0.0,0.0,0.0
1.8983050847457628,1.0227272727272727,0.0,0.0,0.0,0.0
1.9322033898305084,1.0227272727272727,0.0,0.0,0.0,0.0
1.9661016949152543,1.0227272727272727,0.0,0.0,0.0,0.0
2.0,1.0227272727272727,0.0,0.0,0.0,0.0
0.0,1.0568181818181817,0.0,0.0,0.0,0.0
0.03389830508474576,1.0568181818181817,0.0,0.0,0.0,0.0
0.06779661016949153,1.0568181818181817,0.0,0.0,0.0,0.0
0.1016949152542373,1.0568181818181817,0.0,0.0,0.0,0.0
0.13559322033898305,1.0568181818181817,0.0,0.0,0.0,0.0
0.1694915254237288,1.0568181818181817,0.0,0.0,0.0,0.0
0.2033898305084746,1.0568181818181817,0.0,0.0,0.0,0.0
0.23728813559322035,1.0568181818181817,0.0,0.0,0.0,0.0
0.2711864406779661,1.0568181818181817,0.0,0.0,0.0,0.0
0.3050847457627119,1.0568181818181817,0.0,0.0,0.0,0.0
0.3389830508474576,1.0568181818181817,0.0,0.0,0.0,0.0
0.3728813559322034,1.0568181818181817,0.0,0.0,0.0,0.0
0.4067796610169492,1.0568181818181817,0.0,0.0,0.0,0.0
0.4406779661016949,1.0568181818181817,0.0,0.0,0.0,0.0
0.4745762711864407,1.0568181818181817,0.0,0.0,0.0,0.0
0.5084745762711864,1.0568181818181817,0.0,0.0,0.0,0.0
0.5423728813559322,1.0568181818181817,0.0,0.0,0.0,0.0
0.576271186440678,1.0568181818181817,0.0,0.0,0.0,0.0
0.6101694915254238,1.0568181818181817,0.0,0.0,0.0,0.0
0.6440677966101694,1.0568181818181817,0.0,0.0,0.0,0.0
0.6779661016949152,1.0568181818181817,0.0,0.0,0.0,0.0
0.711864406779661,1.0568181818181817,0.0,0.0,0.0,0.0
0.7457627118644068,1.0568181818181817,0.0,0.0,0.0,0.0
0.7796610169491526,1.0568181818181817,0.0,0.0,0.0,0.0
0.8135593220338984,1.0568181818181817,0.0,0.0,0.0,0.0
0.847457627118644,1.0568181818181817,0.0,0.0,0.0,0.0
0.8813559322033898,1.0568181818181817,0.0,0.0,0.0,0.0
0.9152542372881356,1.0568181818181817,0.0,0.0,0.0,0.0
0.9491525423728814,1.0568181818181817,0.0,0.0,0.0,0.0
0.9830508474576272,1.0568181818181817,0.0,0.0,0.0,0.0
1.0169491525423728,1.0568181818181817,0.0,0.0,0.0,0.0
1.0508474576271187,1.0568181818181817,0.0,0.0,0.0,0.0
1.0847457627118644,1.0568181818181817,0.0,0.0,0.0,0.0
1.11864406779661,1.0568181818181817,0.0,0.0,0.0,0.0
1.152542372881356,1.0568181818181817,0.0,0.0,0.0,0.0
1.1864406779661016,1.0568181818181817,0.0,0.0,0.0,0.0
1.2203389830508475,1.0568181818181817,0.0,0.0,0.0,0.0
1.2542372881355932,1.0568181818181817,0.0,0.0,0.0,0.0
1.2881355932203389,1.0568181818181817,0.0,0.0,0.0,0.0
1.3220338983050848,1.0568181818181817,0.0,0.0,0.0,0.0
1.3559322033898304,1.0568181818181817,0.0,0.0,0.0,0.0
1.3898305084745763,1.0568181818181817,0.0,0.0,0.0,0.0
1.423728813559322,1.0568181818181817,0.0,0.0,0.0,0.0
1.4576271186440677,1.0568181818181817,0.0,0.0,0.0,0.0
1.4915254237288136,1.0568181818181817,0.0,0.0,0.0,0.0
1.5254237288135593,1.0568181818181817,0.0,0.0,0.0,0.0
1.5593220338983051,1.0568181818181817,0.0,0.0,0.0,0.0
1.5932203389830508,1.0568181818181817,0.0,0.0,0.0,0.0
1.6271186440677967,1.0568181818181817,0.0,0.0,0.0,0.0
1.6610169491525424,1.0568181818181817,0.0,0.0,0.0,0.0
1.694915254237288,1.0568181818181817,0.0,0.0,0.0,0.0
1.728813559322034,1.0568181818181817,0.0,0.0,0.0,0.0
1.7627118644067796,1.0568181818181817,0.0,0.0,0.0,0.0
1.7966101694915255,1.0568181818181817,0.0,0.0,0.0,0.0
1.8305084745762712,1.0568181818181817,0.0,0.0,0.0,0.0
1.8644067796610169,1.0568181818181817,0.0,0.0,0.0,0.0
1.8983050847457628,1.0568181818181817,0.0,0.0,0.0,0.0
1.9322033898305084,1.0568181818181817,0.0,0.0,0.0,0.0
1.9661016949152543,1.0568181818181817,0.0,0.0,0.0,0.0
2.0,1.0568181818181817,0.0,0.0,0.0,0.0
0.0,1.0909090909090908,0.0,0.0,0.0,0.0
0.03389830508474576,1.0909090909090908,0.0,0.0,0.0,0.0
0.06779661016949153,1.0909090909090908,0.0,0.0,0.0,0.0
0.1016949152542373,1.0909090909090908,0.0,0.0,0.0,0.0
0.13559322033898305,1.0909090909090908,0.0,0.0,0.0,0.0
0.1694915254237288,1.0909090909090908,0.0,0.0,0.0,0.0
0.2033898305084746,1.0909090909090908,0.0,0.0,0.0,0.0
0.23728813559322035,1.0909090909090908,0.0,0.0,0.0,0.0
0.2711864406779661,1.0909090909090908,0.0,0.0,0.0,0.0
0.3050847457627119,1.0909090909090908,0.0,0.0,0.0,0.0
0.3389830508474576,1.0909090909090908,0.0,0.0,0.0,0.0
0.3728813559322034,1.0909090909090908,0.0,0.0,0.0,0.0
0.4067796610169492,1.0909090909090908,0.0,0.0,0.0,0.0
0.4406779661016949,1.0909090909090908,0.0,0.0,0.0,0.0
0.4745762711864407,1.0909090909090908,0.0,0.0,0.0,0.0
0.5084745762711864,1.0909090909090908,0.0,0.0,0.0,0.0
0.5423728813559322,1.0909090909090908,0.0,0.0,0.0,0.0
0.576271186440678,1.0909090909090908,0.0,0.0,0.0,0.0
0.6101694915254238,1.0909090909090908,0.0,0.0,0.0,0.0
0.6440677966101694,1.0909090909090908,0.0,0.0,0.0,0.0
0.6779661016949152,1.0909090909090908,0.0,0.0,0.0,0.0
0.711864406779661,1.0909090909090908,0.0,0.0,0.0,0.0
0.7457627118644068,1.0909090909090908,0.0,0.0,0.0,0.0
0.7796610169491526,1.0909090909090908,0.0,0.0,0.0,0.0
0.8135593220338984,1.0909090909090908,0.0,0.0,0.0,0.0
0.847457627118644,1.0909090909090908,0.0,0.0,0.0,0.0
0.8813559322033898,1.0909090909090908,0.0,0.0,0.0,0.0
0.9152542372881356,1.0909090909090908,0.0,0.0,0.0,0.0
0.9491525423728814,1.0909090909090908,0.0,0.0,0.0,0.0
0.9830508474576272,1.0909090909090908,0.0,0.0,0.0,0.0
1.0169491525423728,1.0909090909090908,0.0,0.0,0.0,0.0
1.0508474576271187,1.0909090909090908,0.0,0.0,0.0,0.0
1.0847457627118644,1.0909090909090908,0.0,0.0,0.0,0.0
1.11864406779661,1.0909090909090908,0.0,0.0,0.0,0.0
1.152542372881356,1.0909090909090908,0.0,0.0,0.0,0.0
1.1864406779661016,1.0909090909090908,0.0,0.0,0.0,0.0
1.2203389830508475,1.0909090909090908,0.0,0.0,0.0,0.0
1.2542372881355932,1.0909090909090908,0.0,0.0,0.0,0.0
1.2881355932203389,1.0909090909090908,0.0,0.0,0.0,0.0
1.3220338983050848,1.0909090909090908,0.0,0.0,0.0,0.0
1.3559322033898304,1.0909090909090908,0.0,0.0,0.0,0.0
1.3898305084745763,1.0909090909090908,0.0,0.0,0.0,0.0
1.423728813559322,1.0909090909090908,0.0,0.0,0.0,0.0
1.4576271186440677,1.0909090909090908,0.0,0.0,0.0,0.0
1.4915254237288136,1.0909090909090908,0.0,0.0,0.0,0.0
1.5254237288135593,1.0909090909090908,0.0,0.0,0.0,0.0
1.5593220338983051,1.0909090909090908,0.0,0.0,0.0,0.0
1.5932203389830508,1.0909090909090908,0.0,0.0,0.0,0.0
1.6271186440677967,1.0909090909090908,0.0,0.0,0.0,0.0
1.6610169491525424,1.0909090909090908,0.0,0.0,0.0,0.0
1.694915254237288,1.0909090909090908,0.0,0.0,0.0,0.0
1.728813559322034,1.0909090909090908,0.0,0.0,0.0,0.0
1.7627118644067796,1.0909090909090908,0.0,0.0,0.0,0.0
1.7966101694915255,1.0909090909090908,0.0,0.0,0.0,0.0
1.8305084745762712,1.0909090909090908,0.0,0.0,0.0,0.0
1.8644067796610169,1.0909090909090908,0.0,0.0,0.0,0.0
1.8983050847457628,1.0909090909090908,0.0,0.0,0.0,0.0
1.9322033898305084,1.0909090909090908,0.0,0.0,0.0,0.0
1.9661016949152543,1.0909090909090908,0.0,0.0,0.0,0.0
2.0,1.0909090909090908,0.0,0.0,0.0,0.0
0.0,1.125,0.0,0.0,0.0,0.0
0.03389830508474576,1.125,0.0,0.0,0.0,0.0
0.06779661016949153,1.125,0.0,0.0,0.0,0.0
0.1016949152542373,1.125,0.0,0.0,0.0,0.0
0.13559322033898305,1.125,0.0,0.0,0.0,0.0
0.1694915254237288,1.125,0.0,0.0,0.0,0.0
0.2033898305084746,1.125,0.0,0.0,0.0,0.0
0.23728813559322035,1.125,0.0,0.0,0.0,0.0
0.2711864406779661,1.125,0.0,0.0,0.0,0.0
0.3050847457627119,1.125,0.0,0.0,0.0,0.0
0.3389830508474576,1.125,0.0,0.0,0.0,0.0
0.3728813559322034,1.125,0.0,0.0,0.0,0.0
0.4067796610169492,1.125,0.0,0.0,0.0,0.0
0.4406779661016949,1.125,0.0,0.0,0.0,0.0
0.4745762711864407,1.125,0.0,0.0,0.0,0.0
0.5084745762711864,1.125,0.0,0.0,0.0,0.0
0.5423728813559322,1.125,0.0,0.0,0.0,0.0
0.576271186440678,1.125,0.0,0.0,0.0,0.0
0.6101694915254238,1.125,0.0,0.0,0.0,0.0
0.6440677966101694,1.125,0.0,0.0,0.0,0.0
0.6779661016949152,1.125,0.0,0.0,0.0,0.0
0.711864406779661,1.125,0.0,0.0,0.0,0.0
0.7457627118644068,1.125,0.0,0.0,0.0,0.0
0.7796610169491526,1.125,0.0,0.0,0.0,0.0
0.8135593220338984,1.125,0.0,0.0,0.0,0.0
0.847457627118644,1.125,0.0,0.0,0.0,0.0
0.8813559322033898,1.125,0.0,0.0,0.0,0.0
0.9152542372881356,1.125,0.0,0.0,0.0,0.0
0.9491525423728814,1.125,0.0,0.0,0.0,0.0
0.9830508474576272,1.125,0.0,0.0,0.0,0.0
1.0169491525423728,1.125,0.0,0.0,0.0,0.0
1.0508474576271187,1.125,0.0,0.0,0.0,0.0
1.0847457627118644,1.125,0.0,0.0,0.0,0.0
1.11864406779661,1.125,0.0,0.0,0.0,0.0
1.152542372881356,1.125,0.0,0.0,0.0,0.0
1.1864406779661016,1.125,0.0,0.0,0.0,0.0
1.2203389830508475,1.125,0.0,0.0,0.0,0.0
1.2542372881355932,1.125,0.0,0.0,0.0,0.0
1.2881355932203389,1.125,0.0,0.0,0.0,0.0
1.3220338983050848,1.125,0.0,0.0,0.0,0.0
1.3559322033898304,1.125,0.0,0.0,0.0,0.0
1.3898305084745763,1.125,0.0,0.0,0.0,0.0
1.423728813559322,1.125,0.0,0.0,0.0,0.0
1.4576271186440677,1.125,0.0,0.0,0.0,0.0
1.4915254237288136,1.125,0.0,0.0,0.0,0.0
1.5254237288135593,1.125,0.0,0.0,0.0,0.0
1.5593220338983051,1.125,0.0,0.0,0.0,0.0
1.5932203389830508,1.125,0.0,0.0,0.0,0.0
1.6271186440677967,1.125,0.0,0.0,0.0,0.0
1.6610169491525424,1.125,0.0,0.0,0.0,0.0
1.694915254237288,1.125,0.0,0.0,0.0,0.0
1.728813559322034,1.125,0.0,0.0,0.0,0.0
1.7627118644067796,1.125,0.0,0.0,0.0,0.0
1.7966101694915255,1.125,0.0,0.0,0.0,0.0
1.8305084745762712,1.125,0.0,0.0,0.0,0.0
1.8644067796610169,1.125,0.0,0.0,0.0,0.0
1.8983050847457628,1.125,0.0,0.0,0.0,0.0
1.9322033898305084,1.125,0.0,0.0,0.0,0.0
1.9661016949152543,1.125,0.0,0.0,0.0,0.0
2.0,1.125,0.0,0.0,0.0,0.0
0.0,1.159090909090909,0.0,0.0,0.0,0.0
0.03389830508474576,1.159090909090909,0.0,0.0,0.0,0.0
0.06779661016949153,1.159090909090909,0.0,0.0,0.0,0.0
0.1016949152542373,1.159090909090909,0.0,0.0,0.0,0.0
0.13559322033898305,1.159090909090909,0.0,0.0,0.0,0.0
0.1694915254237288,1.159090909090909,0.0,0.0,0.0,0.0
0.2033898305084746,1.159090909090909,0.0,0.0,0.0,0.0
0.23728813559322035,1.159090909090909,0.0,0.0,0.0,0.0
0.2711864406779661,1.159090909090909,0.0,0.0,0.0,0.0
0.3050847457627119,1.159090909090909,0.0,0.0,0.0,0.0
0.3389830508474576,1.159090909090909,0.0,0.0,0.0,0.0
0.3728813559322034,1.159090909090909,0.0,0.0,0.0,0.0
0.4067796610169492,1.159090909090909,0.0,0.0,0.0,0.0
0.4406779661016949,1.159090909090909,0.0,0.0,0.0,0.0
0.4745762711864407,1.159090909090909,0.0,0.0,0.0,0.0
0.5084745762711864,1.159090909090909,0.0,0.0,0.0,0.0
0.5423728813559322,1.159090909090909,0.0,0.0,0.0,0.0
0.576271186440678,1.159090909090909,0.0,0.0,0.0,0.0
0.6101694915254238,1.159090909090909,0.0,0.0,0.0,0.0
0.6440677966101694,1.159090909090909,0.0,0.0,0.0,0.0
0.6779661016949152,1.159090909090909,0.0,0.0,0.0,0.0
0.711864406779661,1.159090909090909,0.0,0.0,0.0,0.0
0.7457627118644068,1.159090909090909,0.0,0.0,0.0,0.0
0.7796610169491526,1.159090909090909,0.0,0.0,0.0,0.0
0.8135593220338984,1.159090909090909,0.0,0.0,0.0,0.0
0.847457627118644,1.159090909090909,0.0,0.0,0.0,0.0
0.8813559322033898,1.159090909090909,0.0,0.0,0.0,0.0
0.9152542372881356,1.159090909090909,0.0,0.0,0.0,0.0
0.9491525423728814,1.159090909090909,0.0,0.0,0.0,0.0
0.9830508474576272,1.159090909090909,0.0,0.0,0.0,0.0
1.0169491525423728,1.159090909090909,0.0,0.0,0.0,0.0
1.0508474576271187,1.159090909090909,0.0,0.0,0.0,0.0
1.0847457627118644,1.159090909090909,0.0,0.0,0.0,0.0
1.11864406779661,1.159090909090909,0.0,0.0,0.0,0.0
1.152542372881356,1.159090909090909,0.0,0.0,0.0,0.0
1.1864406779661016,1.159090909090909,0.0,0.0,0.0,0.0
1.2203389830508475,1.159090909090909,0.0,0.0,0.0,0.0
1.2542372881355932,1.159090909090909,0.0,0.0,0.0,0.0
1.2881355932203389,1.159090909090909,0.0,0.0,0.0,0.0
1.3220338983050848,1.159090909090909,0.0,0.0,0.0,0.0
1.3559322033898304,1.159090909090909,0.0,0.0,0.0,0.0
1.3898305084745763,1.159090909090909,0.0,0.0,0.0,0.0
1.423728813559322,1.159090909090909,0.0,0.0,0.0,0.0
1.4576271186440677,1.159090909090909,0.0,0.0,0.0,0.0
1.4915254237288136,1.159090909090909,0.0,0.0,0.0,0.0
1.5254237288135593,1.159090909090909,0.0,0.0,0.0,0.0
1.5593220338983051,1.159090909090909,0.0,0.0,0.0,0.0
1.5932203389830508,1.159090909090909,0.0,0.0,0.0,0.0
1.6271186440677967,1.159090909090909,0.0,0.0,0.0,0.0
1.6610169491525424,1.159090909090909,0.0,0.0,0.0,0.0
1.694915254237288,1.159090909090909,0.0,0.0,0.0,0.0
1.728813559322034,1.159090909090909,0.0,0.0,0.0,0.0
1.7627118644067796,1.159090909090909,0.0,0.0,0.0,0.0
1.7966101694915255,1.159090909090909,0.0,0.0,0.0,0.0
1.8305084745762712,1.159090909090909,0.0,0.0,0.0,0.0
1.8644067796610169,1.159090909090909,0.0,0.0,0.0,0.0
1.8983050847457628,1.159090909090909,0.0,0.0,0.0,0.0
1.9322033898305084,1.159090909090909,0.0,0.0,0.0,0.0
1.9661016949152543,1.159090909090909,0.0,0.0,0.0,0.0
2.0,1.159090909090909,0.0,0.0,0.0,0.0
0.0,1.1931818181818181,0.0,0.0,0.0,0.0
0.03389830508474576,1.1931818181818181,0.0,0.0,0.0,0.0
0.06779661016949153,1.1931818181818181,0.0,0.0,0.0,0.0
0.1016949152542373,1.1931818181818181,0.0,0.0,0.0,0.0
0.13559322033898305,1.1931818181818181,0.0,0.0,0.0,0.0
0.1694915254237288,1.1931818181818181,0.0,0.0,0.0,0.0
0.2033898305084746,1.1931818181818181,0.0,0.0,0.0,0.0
0.23728813559322035,1.1931818181818181,0.0,0.0,0.0,0.0
0.2711864406779661,1.1931818181818181,0.0,0.0,0.0,0.0
0.3050847457627119,1.1931818181818181,0.0,0.0,0.0,0.0
0.3389830508474576,1.1931818181818181,0.0,0.0,0.0,0.0
0.3728813559322034,1.1931818181818181,0.0,0.0,0.0,0.0
0.4067796610169492,1.1931818181818181,0.0,0.0,0.0,0.0
0.4406779661016949,1.1931818181818181,0.0,0.0,0.0,0.0
0.4745762711864407,1.1931818181818181,0.0,0.0,0.0,0.0
0.5084745762711864,1.1931818181818181,0.0,0.0,0.0,0.0
0.5423728813559322,1.1931818181818181,0.0,0.0,0.0,0.0
0.576271186440678,1.1931818181818181,0.0,0.0,0.0,0.0
0.6101694915254238,1.1931818181818181,0.0,0.0,0.0,0.0
0.6440677966101694,1.1931818181818181,0.0,0.0,0.0,0.0
0.6779661016949152,1.1931818181818181,0.0,0.0,0.0,0.0
0.711864406779661,1.1931818181818181,0.0,0.0,0.0,0.0
0.7457627118644068,1.1931818181818181,0.0,0.0,0.0,0.0
0.7796610169491526,1.1931818181818181,0.0,0.0,0.0,0.0
0.8135593220338984,1.1931818181818181,0.0,0.0,0.0,0.0
0.847457627118644,1.1931818181818181,0.0,0.0,0.0,0.0
0.8813559322033898,1.1931818181818181,0.0,0.0,0.0,0.0
0.9152542372881356,1.1931818181818181,0.0,0.0,0.0,0.0
0.9491525423728814,1.1931818181818181,0.0,0.0,0.0,0.0
0.9830508474576272,1.1931818181818181,0.0,0.0,0.0,0.0
1.0169491525423728,1.1931818181818181,0.0,0.0,0.0,0.0
1.0508474576271187,1.1931818181818181,0.0,0.0,0.0,0.0
1.0847457627118644,1.1931818181818181,0.0,0.0,0.0,0.0
1.11864406779661,1.1931818181818181,0.0,0.0,0.0,0.0
1.152542372881356,1.1931818181818181,0.0,0.0,0.0,0.0
1.1864406779661016,1.1931818181818181,0.0,0.0,0.0,0.0
1.2203389830508475,1.1931818181818181,0.0,0.0,0.0,0.0
1.2542372881355932,1.1931818181818181,0.0,0.0,0.0,0.0
1.2881355932203389,1.1931818181818181,0.0,0.0,0.0,0.0
1.3220338983050848,1.1931818181818181,0.0,0.0,0.0,0.0
1.3559322033898304,1.1931818181818181,0.0,0.0,0.0,0.0
1.3898305084745763,1.1931818181818181,0.0,0.0,0.0,0.0
1.423728813559322,1.1931818181818181,0.0,0.0,0.0,0.0
1.4576271186440677,1.1931818181818181,0.0,0.0,0.0,0.0
1.4915254237288136,1.1931818181818181,0.0,0.0,0.0,0.0
1.5254237288135593,1.1931818181818181,0.0,0.0,0.0,0.0
1.5593220338983051,1.1931818181818181,0.0,0.0,0.0,0.0
1.5932203389830508,1.1931818181818181,0.0,0.0,0.0,0.0
1.6271186440677967,1.1931818181818181,0.0,0.0,0.0,0.0
1.6610169491525424,1.1931818181818181,0.0,0.0,0.0,0.0
1.694915254237288,1.1931818181818181,0.0,0.0,0.0,0.0
1.728813559322034,1.1931818181818181,0.0,0.0,0.0,0.0
1.7627118644067796,1.1931818181818181,0.0,0.0,0.0,0.0
1.7966101694915255,1.1931818181818181,0.0,0.0,0.0,0.0
1.8305084745762712,1.1931818181818181,0.0,0.0,0.0,0.0
1.8644067796610169,1.1931818181818181,0.0,0.0,0.0,0.0
1.8983050847457628,1.1931818181818181,0.0,0.0,0.0,0.0
1.9322033898305084,1.1931818181818181,0.0,0.0,0.0,0.0
1.9661016949152543,1.1931818181818181,0.0,0.0,0.0,0.0
2.0,1.1931818181818181,0.0,0.0,0.0,0.0
0.0,1.227272727272727,0.0,0.0,0.0,0.0
0.03389830508474576,1.227272727272727,0.0,0.0,0.0,0.0
0.06779661016949153,1.227272727272727,0.0,0.0,0.0,0.0
0.1016949152542373,1.227272727272727,0.0,0.0,0.0,0.0
0.13559322033898305,1.227272727272727,0.0,0.0,0.0,0.0
0.1694915254237288,1.227272727272727,0.0,0.0,0.0,0.0
0.2033898305084746,1.227272727272727,0.0,0.0,0.0,0.0
0.23728813559322035,1.227272727272727,0.0,0.0,0.0,0.0
0.2711864406779661,1.227272727272727,0.0,0.0,0.0,0.0
0.3050847457627119,1.227272727272727,0.0,0.0,0.0,0.0
0.3389830508474576,1.227272727272727,0.0,0.0,0.0,0.0
0.3728813559322034,1.227272727272727,0.0,0.0,0.0,0.0
0.4067796610169492,1.227272727272727,0.0,0.0,0.0,0.0
0.4406779661016949,1.227272727272727,0.0,0.0,0.0,0.0
0.4745762711864407,1.227272727272727,0.0,0.0,0.0,0.0
0.5084745762711864,1.227272727272727,0.0,0.0,0.0,0.0
0.5423728813559322,1.227272727272727,0.0,0.0,0.0,0.0
0.576271186440678,1.227272727272727,0.0,0.0,0.0,0.0
0.6101694915254238,1.227272727272727,0.0,0.0,0.0,0.0
0.6440677966101694,1.227272727272727,0.0,0.0,0.0,0.0
0.6779661016949152,1.227272727272727,0.0,0.0,0.0,0.0
0.711864406779661,1.227272727272727,0.0,0.0,0.0,0.0
0.7457627118644068,1.227272727272727,0.0,0.0,0.0,0.0
0.7796610169491526,1.227272727272727,0.0,0.0,0.0,0.0
0.8135593220338984,1.227272727272727,0.0,0.0,0.0,0.0
0.847457627118644,1.227272727272727,0.0,0.0,0.0,0.0
0.8813559322033898,1.227272727272727,0.0,0.0,0.0,0.0
0.9152542372881356,1.227272727272727,0.0,0.0,0.0,0.0
0.9491525423728814,1.227272727272727,0.0,0.0,0.0,0.0
0.9830508474576272,1.227272727272727,0.0,0.0,0.0,0.0
1.0169491525423728,1.227272727272727,0.0,0.0,0.0,0.0
1.0508474576271187,1.227272727272727,0.0,0.0,0.0,0.0
1.0847457627118644,1.227272727272727,0.0,0.0,0.0,0.0
1.11864406779661,1.227272727272727,0.0,0.0,0.0,0.0
1.152542372881356,1.227272727272727,0.0,0.0,0.0,0.0
1.1864406779661016,1.227272727272727,0.0,0.0,0.0,0.0
1.2203389830508475,1.227272727272727,0.0,0.0,0.0,0.0
1.2542372881355932,1.227272727272727,0.0,0.0,0.0,0.0
1.2881355932203389,1.227272727272727,0.0,0.0,0.0,0.0
1.3220338983050848,1.227272727272727,0.0,0.0,0.0,0.0
1.3559322033898304,1.227272727272727,0.0,0.0,0.0,0.0
1.3898305084745763,1.227272727272727,0.0,0.0,0.0,0.0
1.423728813559322,1.227272727272727,0.0,0.0,0.0,0.0
1.4576271186440677,1.227272727272727,0.0,0.0,0.0,0.0
1.4915254237288136,1.227272727272727,0.0,0.0,0.0,0.0
1.5254237288135593,1.227272727272727,0.0,0.0,0.0,0.0
1.5593220338983051,1.227272727272727,0.0,0.0,0.0,0.0
1.5932203389830508,1.227272727272727,0.0,0.0,0.0,0.0
1.6271186440677967,1.227272727272727,0.0,0.0,0.0,0.0
1.6610169491525424,1.227272727272727,0.0,0.0,0.0,0.0
1.694915254237288,1.227272727272727,0.0,0.0,0.0,0.0
1.728813559322034,1.227272727272727,0.0,0.0,0.0,0.0
1.7627118644067796,1.227272727272727,0.0,0.0,0.0,0.0
1.7966101694915255,1.227272727272727,0.0,0.0,0.0,0.0
1.8305084745762712,1.227272727272727,0.0,0.0,0.0,0.0
1.8644067796610169,1.227272727272727,0.0,0.0,0.0,0.0
1.8983050847457628,1.227272727272727,0.0,0.0,0.0,0.0
1.9322033898305084,1.227272727272727,0.0,0.0,0.0,0.0
1.9661016949152543,1.227272727272727,0.0,0.0,0.0,0.0
2.0,1.227272727272727,0.0,0.0,0.0,0.0
0.0,1.2613636363636362,0.0,0.0,0.0,0.0
0.03389830508474576,1.2613636363636362,0.0,0.0,0.0,0.0
0.06779661016949153,1.2613636363636362,0.0,0.0,0.0,0.0
0.1016949152542373,1.2613636363636362,0.0,0.0,0.0,0.0
0.13559322033898305,1.2613636363636362,0.0,0.0,0.0,0.0
0.1694915254237288,1.2613636363636362,0.0,0.0,0.0,0.0
0.2033898305084746,1.2613636363636362,0.0,0.0,0.0,0.0
0.23728813559322035,1.2613636363636362,0.0,0.0,0.0,0.0
0.2711864406779661,1.2613636363636362,0.0,0.0,0.0,0.0
0.3050847457627119,1.2613636363636362,0.0,0.0,0.0,0.0
0.3389830508474576,1.2613636363636362,0.0,0.0,0.0,0.0
0.3728813559322034,1.2613636363636362,0.0,0.0,0.0,0.0
0.4067796610169492,1.2613636363636362,0.0,0.0,0.0,0.0
0.4406779661016949,1.2613636363636362,0.0,0.0,0.0,0.0
0.4745762711864407,1.2613636363636362,0.0,0.0,0.0,0.0
0.5084745762711864,1.2613636363636362,0.0,0.0,0.0,0.0
0.5423728813559322,1.2613636363636362,0.0,0.0,0.0,0.0
0.576271186440678,1.2613636363636362,0.0,0.0,0.0,0.0
0.6101694915254238,1.2613636363636362,0.0,0.0,0.0,0.0
0.6440677966101694,1.2613636363636362,0.0,0.0,0.0,0.0
0.6779661016949152,1.2613636363636362,0.0,0.0,0.0,0.0
0.711864406779661,1.2613636363636362,0.0,0.0,0.0,0.0
0.7457627118644068,1.2613636363636362,0.0,0.0,0.0,0.0
0.7796610169491526,1.2613636363636362,0.0,0.0,0.0,0.0
0.8135593220338984,1.2613636363636362,0.0,0.0,0.0,0.0
0.847457627118644,1.2613636363636362,0.0,0.0,0.0,0.0
0.8813559322033898,1.2613636363636362,0.0,0.0,0.0,0.0
0.9152542372881356,1.2613636363636362,0.0,0.0,0.0,0.0
0.9491525423728814,1.2613636363636362,0.0,0.0,0.0,0.0
0.9830508474576272,1.2613636363636362,0.0,0.0,0.0,0.0
1.0169491525423728,1.2613636363636362,0.0,0.0,0.0,0.0
1.0508474576271187,1.2613636363636362,0.0,0.0,0.0,0.0
1.0847457627118644,1.2613636363636362,0.0,0.0,0.0,0.0
1.11864406779661,1.2613636363636362,0.0,0.0,0.0,0.0
1.152542372881356,1.2613636363636362,0.0,0.0,0.0,0.0
1.1864406779661016,1.2613636363636362,0.0,0.0,0.0,0.0
1.2203389830508475,1.2613636363636362,0.0,0.0,0.0,0.0
1.2542372881355932,1.2613636363636362,0.0,0.0,0.0,0.0
1.2881355932203389,1.2613636363636362,0.0,0.0,0.0,0.0
1.3220338983050848,1.2613636363636362,0.0,0.0,0.0,0.0
1.3559322033898304,1.2613636363636362,0.0,0.0,0.0,0.0
1.3898305084745763,1.2613636363636362,0.0,0.0,0.0,0.0
1.423728813559322,1.2613636363636362,0.0,0.0,0.0,0.0
1.4576271186440677,1.2613636363636362,0.0,0.0,0.0,0.0
1.4915254237288136,1.2613636363636362,0.0,0.0,0.0,0.0
1.5254237288135593,1.2613636363636362,0.0,0.0,0.0,0.0
1.5593220338983051,1.2613636363636362,0.0,0.0,0.0,0.0
1.5932203389830508,1.2613636363636362,0.0,0.0,0.0,0.0
1.6271186440677967,1.2613636363636362,0.0,0.0,0.0,0.0
1.6610169491525424,1.2613636363636362,0.0,0.0,0.0,0.0
1.694915254237288,1.2613636363636362,0.0,0.0,0.0,0.0
1.728813559322034,1.2613636363636362,0.0,0.0,0.0,0.0
1.7627118644067796,1.2613636363636362,0.0,0.0,0.0,0.0
1.7966101694915255,1.2613636363636362,0.0,0.0,0.0,0.0
1.8305084745762712,1.2613636363636362,0.0,0.0,0.0,0.0
1.8644067796610169,1.2613636363636362,0.0,0.0,0.0,0.0
1.8983050847457628,1.2613636363636362,0.0,0.0,0.0,0.0
1.9322033898305084,1.2613636363636362,0.0,0.0,0.0,0.0
1.9661016949152543,1.2613636363636362,0.0,0.0,0.0,0.0
2.0,1.2613636363636362,0.0,0.0,0.0,0.0
0.0,1.2954545454545454,0.0,0.0,0.0,0.0
0.03389830508474576,1.2954545454545454,0.0,0.0,0.0,0.0
0.06779661016949153,1.2954545454545454,0.0,0.0,0.0,0.0
0.1016949152542373,1.2954545454545454,0.0,0.0,0.0,0.0
0.13559322033898305,1.2954545454545454,0.0,0.0,0.0,0.0
0.1694915254237288,1.2954545454545454,0.0,0.0,0.0,0.0
0.2033898305084746,1.2954545454545454,0.0,0.0,0.0,0.0
0.23728813559322035,1.2954545454545454,0.0,0.0,0.0,0.0
0.2711864406779661,1.2954545454545454,0.0,0.0,0.0,0.0
0.3050847457627119,1.2954545454545454,0.0,0.0,0.0,0.0
0.3389830508474576,1.2954545454545454,0.0,0.0,0.0,0.0
0.3728813559322034,1.2954545454545454,0.0,0.0,0.0,0.0
0.4067796610169492,1.2954545454545454,0.0,0.0,0.0,0.0
0.4406779661016949,1.2954545454545454,0.0,0.0,0.0,0.0
0.4745762711864407,1.2954545454545454,0.0,0.0,0.0,0.0
0.5084745762711864,1.2954545454545454,0.0,0.0,0.0,0.0
0.5423728813559322,1.2954545454545454,0.0,0.0,0.0,0.0
0.576271186440678,1.2954545454545454,0.0,0.0,0.0,0.0
0.6101694915254238,1.2954545454545454,0.0,0.0,0.0,0.0
0.6440677966101694,1.2954545454545454,0.0,0.0,0.0,0.0
0.6779661016949152,1.2954545454545454,0.0,0.0,0.0,0.0
0.711864406779661,1.2954545454545454,0.0,0.0,0.0,0.0
0.7457627118644068,1.2954545454545454,0.0,0.0,0.0,0.0
0.7796610169491526,1.2954545454545454,0.0,0.0,0.0,0.0
0.8135593220338984,1.2954545454545454,0.0,0.0,0.0,0.0
0.847457627118644,1.2954545454545454,0.0,0.0,0.0,0.0
0.8813559322033898,1.2954545454545454,0.0,0.0,0.0,0.0
0.9152542372881356,1.2954545454545454,0.0,0.0,0.0,0.0
0.9491525423728814,1.2954545454545454,0.0,0.0,0.0,0.0
0.9830508474576272,1.2954545454545454,0.0,0.0,0.0,0.0
1.0169491525423728,1.2954545454545454,0.0,0.0,0.0,0.0
1.0508474576271187,1.2954545454545454,0.0,0.0,0.0,0.0
1.0847457627118644,1.2954545454545454,0.0,0.0,0.0,0.0
1.11864406779661,1.2954545454545454,0.0,0.0,0.0,0.0
1.152542372881356,1.2954545454545454,0.0,0.0,0.0,0.0
1.1864406779661016,1.2954545454545454,0.0,0.0,0.0,0.0
1.2203389830508475,1.2954545454545454,0.0,0.0,0.0,0.0
1.2542372881355932,1.2954545454545454,0.0,0.0,0.0,0.0
1.2881355932203389,1.2954545454545454,0.0,0.0,0.0,0.0
1.3220338983050848,1.2954545454545454,0.0,0.0,0.0,0.0
1.3559322033898304,1.2954545454545454,0.0,0.0,0.0,0.0
1.3898305084745763,1.2954545454545454,0.0,0.0,0.0,0.0
1.423728813559322,1.2954545454545454,0.0,0.0,0.0,0.0
1.4576271186440677,1.2954545454545454,0.0,0.0,0.0,0.0
1.4915254237288136,1.2954545454545454,0.0,0.0,0.0,0.0
1.5254237288135593,1.2954545454545454,0.0,0.0,0.0,0.0
1.5593220338983051,1.2954545454545454,0.0,0.0,0.0,0.0
1.5932203389830508,1.2954545454545454,0.0,0.0,0.0,0.0
1.6271186440677967,1.2954545454545454,0.0,0.0,0.0,0.0
1.6610169491525424,1.2954545454545454,0.0,0.0,0.0,0.0
1.694915254237288,1.2954545454545454,0.0,0.0,0.0,0.0
1.728813559322034,1.2954545454545454,0.0,0.0,0.0,0.0
1.7627118644067796,1.2954545454545454,0.0,0.0,0.0,0.0
1.7966101694915255,1.2954545454545454,0.0,0.0,0.0,0.0
1.8305084745762712,1.2954545454545454,0.0,0.0,0.0,0.0
1.8644067796610169,1.2954545454545454,0.0,0.0,0.0,0.0
1.8983050847457628,1.2954545454545454,0.0,0.0,0.0,0.0
1.9322033898305084,1.2954545454545454,0.0,0.0,0.0,0.0
1.9661016949152543,1.2954545454545454,0.0,0.0,0.0,0.0
2.0,1.2954545454545454,0.0,0.0,0.0,0.0
0.0,1.3295454545454544,0.0,0.0,0.0,0.0
0.03389830508474576,1.3295454545454544,0.0,0.0,0.0,0.0
0.06779661016949153,1.3295454545454544,0.0,0.0,0.0,0.0
0.1016949152542373,1.3295454545454544,0.0,0.0,0.0,0.0
0.13559322033898305,1.3295454545454544,0.0,0.0,0.0,0.0
0.1694915254237288,1.3295454545454544,0.0,0.0,0.0,0.0
0.2033898305084746,1.3295454545454544,0.0,0.0,0.0,0.0
0.23728813559322035,1.3295454545454544,0.0,0.0,0.0,0.0
0.2711864406779661,1.3295454545454544,0.0,0.0,0.0,0.0
0.3050847457627119,1.3295454545454544,0.0,0.0,0.0,0.0
0.3389830508474576,1.3295454545454544,0.0,0.0,0.0,0.0
0.3728813559322034,1.3295454545454544,0.0,0.0,0.0,0.0
0.4067796610169492,1.3295454545454544,0.0,0.0,0.0,0.0
0.4406779661016949,1.3295454545454544,0.0,0.0,0.0,0.0
0.4745762711864407,1.3295454545454544,0.0,0.0,0.0,0.0
0.5084745762711864,1.3295454545454544,0.0,0.0,0.0,0.0
0.5423728813559322,1.3295454545454544,0.0,0.0,0.0,0.0
0.576271186440678,1.3295454545454544,0.0,0.0,0.0,0.0
0.6101694915254238,1.3295454545454544,0.0,0.0,0.0,0.0
0.6440677966101694,1.3295454545454544,0.0,0.0,0.0,0.0
0.6779661016949152,1.3295454545454544,0.0,0.0,0.0,0.0
0.711864406779661,1.3295454545454544,0.0,0.0,0.0,0.0
0.7457627118644068,1.3295454545454544,0.0,0.0,0.0,0.0
0.7796610169491526,1.3295454545454544,0.0,0.0,0.0,0.0
0.8135593220338984,1.3295454545454544,0.0,0.0,0.0,0.0
0.847457627118644,1.3295454545454544,0.0,0.0,0.0,0.0
0.8813559322033898,1.3295454545454544,0.0,0.0,0.0,0.0
0.9152542372881356,1.3295454545454544,0.0,0.0,0.0,0.0
0.9491525423728814,1.3295454545454544,0.0,0.0,0.0,0.0
0.9830508474576272,1.3295454545454544,0.0,0.0,0.0,0.0
1.0169491525423728,1.3295454545454544,0.0,0.0,0.0,0.0
1.0508474576271187,1.3295454545454544,0.0,0.0,0.0,0.0
1.0847457627118644,1.3295454545454544,0.0,0.0,0.0,0.0
1.11864406779661,1.3295454545454544,0.0,0.0,0.0,0.0
1.152542372881356,1.3295454545454544,0.0,0.0,0.0,0.0
1.1864406779661016,1.3295454545454544,0.0,0.0,0.0,0.0
1.2203389830508475,1.3295454545454544,0.0,0.0,0.0,0.0
1.2542372881355932,1.3295454545454544,0.0,0.0,0.0,0.0
1.2881355932203389,1.3295454545454544,0.0,0.0,0.0,0.0
1.3220338983050848,1.3295454545454544,0.0,0.0,0.0,0.0
1.3559322033898304,1.3295454545454544,0.0,0.0,0.0,0.0
1.3898305084745763,1.3295454545454544,0.0,0.0,0.0,0.0
1.423728813559322,1.3295454545454544,0.0,0.0,0.0,0.0
1.4576271186440677,1.3295454545454544,0.0,0.0,0.0,0.0
1.4915254237288136,1.3295454545454544,0.0,0.0,0.0,0.0
1.5254237288135593,1.3295454545454544,0.0,0.0,0.0,0.0
1.5593220338983051,1.3295454545454544,0.0,0.0,0.0,0.0
1.5932203389830508,1.3295454545454544,0.0,0.0,0.0,0.0
1.6271186440677967,1.3295454545454544,0.0,0.0,0.0,0.0
1.6610169491525424,1.3295454545454544,0.0,0.0,0.0,0.0
1.694915254237288,1.3295454545454544,0.0,0.0,0.0,0.0
1.728813559322034,1.3295454545454544,0.0,0.0,0.0,0.0
1.7627118644067796,1.3295454545454544,0.0,0.0,0.0,0.0
1.7966101694915255,1.3295454545454544,0.0,0.0,0.0,0.0
1.8305084745762712,1.3295454545454544,0.0,0.0,0.0,0.0
1.8644067796610169,1.3295454545454544,0.0,0.0,0.0,0.0
1.8983050847457628,1.3295454545454544,0.0,0.0,0.0,0.0
1.9322033898305084,1.3295454545454544,0.0,0.0,0.0,0.0
1.9661016949152543,1.3295454545454544,0.0,0.0,0.0,0.0
2.0,1.3295454545454544,0.0,0.0,0.0,0.0
0.0,1.3636363636363635,0.0,0.0,0.0,0.0
0.03389830508474576,1.3636363636363635,0.0,0.0,0.0,0.0
0.06779661016949153,1.3636363636363635,0.0,0.0,0.0,0.0
0.1016949152542373,1.3636363636363635,0.0,0.0,0.0,0.0
0.13559322033898305,1.3636363636363635,0.0,0.0,0.0,0.0
0.1694915254237288,1.3636363636363635,0.0,0.0,0.0,0.0
0.2033898305084746,1.3636363636363635,0.0,0.0,0.0,0.0
0.23728813559322035,1.3636363636363635,0.0,0.0,0.0,0.0
0.2711864406779661,1.3636363636363635,0.0,0.0,0.0,0.0
0.3050847457627119,1.3636363636363635,0.0,0.0,0.0,0.0
0.3389830508474576,1.3636363636363635,0.0,0.0,0.0,0.0
0.3728813559322034,1.3636363636363635,0.0,0.0,0.0,0.0
0.4067796610169492,1.3636363636363635,0.0,0.0,0.0,0.0
0.4406779661016949,1.3636363636363635,0.0,0.0,0.0,0.0
0.4745762711864407,1.3636363636363635,0.0,0.0,0.0,0.0
0.5084745762711864,1.3636363636363635,0.0,0.0,0.0,0.0
0.5423728813559322,1.3636363636363635,0.0,0.0,0.0,0.0
0.576271186440678,1.3636363636363635,0.0,0.0,0.0,0.0
0.6101694915254238,1.3636363636363635,0.0,0.0,0.0,0.0
0.6440677966101694,1.3636363636363635,0.0,0.0,0.0,0.0
0.6779661016949152,1.3636363636363635,0.0,0.0,0.0,0.0
0.711864406779661,1.3636363636363635,0.0,0.0,0.0,0.0
0.7457627118644068,1.3636363636363635,0.0,0.0,0.0,0.0
0.7796610169491526,1.3636363636363635,0.0,0.0,0.0,0.0
0.8135593220338984,1.3636363636363635,0.0,0.0,0.0,0.0
0.847457627118644,1.3636363636363635,0.0,0.0,0.0,0.0
0.8813559322033898,1.3636363636363635,0.0,0.0,0.0,0.0
0.9152542372881356,1.3636363636363635,0.0,0.0,0.0,0.0
0.9491525423728814,1.3636363636363635,0.0,0.0,0.0,0.0
0.9830508474576272,1.3636363636363635,0.0,0.0,0.0,0.0
1.0169491525423728,1.3636363636363635,0.0,0.0,0.0,0.0
1.0508474576271187,1.3636363636363635,0.0,0.0,0.0,0.0
1.0847457627118644,1.3636363636363635,0.0,0.0,0.0,0.0
1.11864406779661,1.3636363636363635,0.0,0.0,0.0,0.0
1.152542372881356,1.3636363636363635,0.0,0.0,0.0,0.0
1.1864406779661016,1.3636363636363635,0.0,0.0,0.0,0.0
1.2203389830508475,1.3636363636363635,0.0,0.0,0.0,0.0
1.2542372881355932,1.3636363636363635,0.0,0.0,0.0,0.0
1.2881355932203389,1.3636363636363635,0.0,0.0,0.0,0.0
1.3220338983050848,1.3636363636363635,0.0,0.0,0.0,0.0
1.3559322033898304,1.3636363636363635,0.0,0.0,0.0,0.0
1.3898305084745763,1.3636363636363635,0.0,0.0,0.0,0.0
1.423728813559322,1.3636363636363635,0.0,0.0,0.0,0.0
1.4576271186440677,1.3636363636363635,0.0,0.0,0.0,0.0
1.4915254237288136,1.3636363636363635,0.0,0.0,0.0,0.0
1.5254237288135593,1.3636363636363635,0.0,0.0,0.0,0.0
1.5593220338983051,1.3636363636363635,0.0,0.0,0.0,0.0
1.5932203389830508,1.3636363636363635,0.0,0.0,0.0,0.0
1.6271186440677967,1.3636363636363635,0.0,0.0,0.0,0.0
1.6610169491525424,1.3636363636363635,0.0,0.0,0.0,0.0
1.694915254237288,1.3636363636363635,0.0,0.0,0.0,0.0
1.728813559322034,1.3636363636363635,0.0,0.0,0.0,0.0
1.7627118644067796,1.3636363636363635,0.0,0.0,0.0,0.0
1.7966101694915255,1.3636363636363635,0.0,0.0,0.0,0.0
1.8305084745762712,1.3636363636363635,0.0,0.0,0.0,0.0
1.8644067796610169,1.3636363636363635,0.0,0.0,0.0,0.0
1.8983050847457628,1.3636363636363635,0.0,0.0,0.0,0.0
1.9322033898305084,1.3636363636363635,0.0,0.0,0.0,0.0
1.9661016949152543,1.3636363636363635,0.0,0.0,0.0,0.0
2.0,1.3636363636363635,0.0,0.0,0.0,0.0
0.0,1.3977272727272727,0.0,0.0,0.0,0.0
0.03389830508474576,1.3977272727272727,0.0,0.0,0.0,0.0
0.06779661016949153,1.3977272727272727,0.0,0.0,0.0,0.0
0.1016949152542373,1.3977272727272727,0.0,0.0,0.0,0.0
0.13559322033898305,1.3977272727272727,0.0,0.0,0.0,0.0
0.1694915254237288,1.3977272727272727,0.0,0.0,0.0,0.0
0.2033898305084746,1.3977272727272727,0.0,0.0,0.0,0.0
0.23728813559322035,1.3977272727272727,0.0,0.0,0.0,0.0
0.2711864406779661,1.3977272727272727,0.0,0.0,0.0,0.0
0.3050847457627119,1.3977272727272727,0.0,0.0,0.0,0.0
0.3389830508474576,1.3977272727272727,0.0,0.0,0.0,0.0
0.3728813559322034,1.3977272727272727,0.0,0.0,0.0,0.0
0.4067796610169492,1.3977272727272727,0.0,0.0,0.0,0.0
0.4406779661016949,1.3977272727272727,0.0,0.0,0.0,0.0
0.4745762711864407,1.3977272727272727,0.0,0.0,0.0,0.0
0.5084745762711864,1.3977272727272727,0.0,0.0,0.0,0.0
0.5423728813559322,1.3977272727272727,0.0,0.0,0.0,0.0
0.576271186440678,1.3977272727272727,0.0,0.0,0.0,0.0
0.6101694915254238,1.3977272727272727,0.0,0.0,0.0,0.0
0.6440677966101694,1.3977272727272727,0.0,0.0,0.0,0.0
0.6779661016949152,1.3977272727272727,0.0,0.0,0.0,0.0
0.711864406779661,1.3977272727272727,0.0,0.0,0.0,0.0
0.7457627118644068,1.3977272727272727,0.0,0.0,0.0,0.0
0.7796610169491526,1.3977272727272727,0.0,0.0,0.0,0.0
0.8135593220338984,1.3977272727272727,0.0,0.0,0.0,0.0
0.847457627118644,1.3977272727272727,0.0,0.0,0.0,0.0
0.8813559322033898,1.3977272727272727,0.0,0.0,0.0,0.0
0.9152542372881356,1.3977272727272727,0.0,0.0,0.0,0.0
0.9491525423728814,1.3977272727272727,0.0,0.0,0.0,0.0
0.9830508474576272,1.3977272727272727,0.0,0.0,0.0,0.0
1.0169491525423728,1.3977272727272727,0.0,0.0,0.0,0.0
1.0508474576271187,1.3977272727272727,0.0,0.0,0.0,0.0
1.0847457627118644,1.3977272727272727,0.0,0.0,0.0,0.0
1.11864406779661,1.3977272727272727,0.0,0.0,0.0,0.0
1.152542372881356,1.3977272727272727,0.0,0.0,0.0,0.0
1.1864406779661016,1.3977272727272727,0.0,0.0,0.0,0.0
1.2203389830508475,1.3977272727272727,0.0,0.0,0.0,0.0
1.2542372881355932,1.3977272727272727,0.0,0.0,0.0,0.0
1.2881355932203389,1.3977272727272727,0.0,0.0,0.0,0.0
1.3220338983050848,1.3977272727272727,0.0,0.0,0.0,0.0
1.3559322033898304,1.3977272727272727,0.0,0.0,0.0,0.0
1.3898305084745763,1.3977272727272727,0.0,0.0,0.0,0.0
1.423728813559322,1.3977272727272727,0.0,0.0,0.0,0.0
1.4576271186440677,1.3977272727272727,0.0,0.0,0.0,0.0
1.4915254237288136,1.3977272727272727,0.0,0.0,0.0,0.0
1.5254237288135593,1.3977272727272727,0.0,0.0,0.0,0.0
1.5593220338983051,1.3977272727272727,0.0,0.0,0.0,0.0
1.5932203389830508,1.3977272727272727,0.0,0.0,0.0,0.0
1.6271186440677967,1.3977272727272727,0.0,0.0,0.0,0.0
1.6610169491525424,1.3977272727272727,0.0,0.0,0.0,0.0
1.694915254237288,1.3977272727272727,0.0,0.0,0.0,0.0
1.728813559322034,1.3977272727272727,0.0,0.0,0.0,0.0
1.7627118644067796,1.3977272727272727,0.0,0.0,0.0,0.0
1.7966101694915255,1.3977272727272727,0.0,0.0,0.0,0.0
1.8305084745762712,1.3977272727272727,0.0,0.0,0.0,0.0
1.8644067796610169,1.3977272727272727,0.0,0.0,0.0,0.0
1.8983050847457628,1.3977272727272727,0.0,0.0,0.0,0.0
1.9322033898305084,1.3977272727272727,0.0,0.0,0.0,0.0
1.9661016949152543,1.3977272727272727,0.0,0.0,0.0,0.0
2.0,1.3977272727272727,0.0,0.0,0.0,0.0
0.0,1.4318181818181817,0.0,0.0,0.0,0.0
0.03389830508474576,1.4318181818181817,0.0,0.0,0.0,0.0
0.06779661016949153,1.4318181818181817,0.0,0.0,0.0,0.0
0.1016949152542373,1.4318181818181817,0.0,0.0,0.0,0.0
0.13559322033898305,1.4318181818181817,0.0,0.0,0.0,0.0
0.1694915254237288,1.4318181818181817,0.0,0.0,0.0,0.0
0.2033898305084746,1.4318181818181817,0.0,0.0,0.0,0.0
0.23728813559322035,1.4318181818181817,0.0,0.0,0.0,0.0
0.2711864406779661,1.4318181818181817,0.0,0.0,0.0,0.0
0.3050847457627119,1.4318181818181817,0.0,0.0,0.0,0.0
0.3389830508474576,1.4318181818181817,0.0,0.0,0.0,0.0
0.3728813559322034,1.4318181818181817,0.0,0.0,0.0,0.0
0.4067796610169492,1.4318181818181817,0.0,0.0,0.0,0.0
0.4406779661016949,1.4318181818181817,0.0,0.0,0.0,0.0
0.4745762711864407,1.4318181818181817,0.0,0.0,0.0,0.0
0.5084745762711864,1.4318181818181817,0.0,0.0,0.0,0.0
0.5423728813559322,1.4318181818181817,0.0,0.0,0.0,0.0
0.576271186440678,1.4318181818181817,0.0,0.0,0.0,0.0
0.6101694915254238,1.4318181818181817,0.0,0.0,0.0,0.0
0.6440677966101694,1.4318181818181817,0.0,0.0,0.0,0.0
0.6779661016949152,1.4318181818181817,0.0,0.0,0.0,0.0
0.711864406779661,1.4318181818181817,0.0,0.0,0.0,0.0
0.7457627118644068,1.4318181818181817,0.0,0.0,0.0,0.0
0.7796610169491526,1.4318181818181817,0.0,0.0,0.0,0.0
0.8135593220338984,1.4318181818181817,0.0,0.0,0.0,0.0
0.847457627118644,1.4318181818181817,0.0,0.0,0.0,0.0
0.8813559322033898,1.4318181818181817,0.0,0.0,0.0,0.0
0.9152542372881356,1.4318181818181817,0.0,0.0,0.0,0.0
0.9491525423728814,1.4318181818181817,0.0,0.0,0.0,0.0
0.9830508474576272,1.4318181818181817,0.0,0.0,0.0,0.0
1.0169491525423728,1.4318181818181817,0.0,0.0,0.0,0.0
1.0508474576271187,1.4318181818181817,0.0,0.0,0.0,0.0
1.0847457627118644,1.4318181818181817,0.0,0.0,0.0,0.0
1.11864406779661,1.4318181818181817,0.0,0.0,0.0,0.0
1.152542372881356,1.4318181818181817,0.0,0.0,0.0,0.0
1.1864406779661016,1.4318181818181817,0.0,0.0,0.0,0.0
1.2203389830508475,1.4318181818181817,0.0,0.0,0.0,0.0
1.2542372881355932,1.4318181818181817,0.0,0.0,0.0,0.0
1.2881355932203389,1.4318181818181817,0.0,0.0,0.0,0.0
1.3220338983050848,1.4318181818181817,0.0,0.0,0.0,0.0
1.3559322033898304,1.4318181818181817,0.0,0.0,0.0,0.0
1.3898305084745763,1.4318181818181817,0.0,0.0,0.0,0.0
1.423728813559322,1.4318181818181817,0.0,0.0,0.0,0.0
1.4576271186440677,1.4318181818181817,0.0,0.0,0.0,0.0
1.4915254237288136,1.4318181818181817,0.0,0.0,0.0,0.0
1.5254237288135593,1.4318181818181817,0.0,0.0,0.0,0.0
1.5593220338983051,1.4318181818181817,0.0,0.0,0.0,0.0
1.5932203389830508,1.4318181818181817,0.0,0.0,0.0,0.0
1.6271186440677967,1.4318181818181817,0.0,0.0,0.0,0.0
1.6610169491525424,1.4318181818181817,0.0,0.0,0.0,0.0
1.694915254237288,1.4318181818181817,0.0,0.0,0.0,0.0
1.728813559322034,1.4318181818181817,0.0,0.0,0.0,0.0
1.7627118644067796,1.4318181818181817,0.0,0.0,0.0,0.0
1.7966101694915255,1.4318181818181817,0.0,0.0,0.0,0.0
1.8305084745762712,1.4318181818181817,0.0,0.0,0.0,0.0
1.8644067796610169,1.4318181818181817,0.0,0.0,0.0,0.0
1.8983050847457628,1.4318181818181817,0.0,0.0,0.0,0.0
1.9322033898305084,1.4318181818181817,0.0,0.0,0.0,0.0
1.9661016949152543,1.4318181818181817,0.0,0.0,0.0,0.0
2.0,1.4318181818181817,0.0,0.0,0.0,0.0
0.0,1.4659090909090908,0.0,0.0,0.0,0.0
0.03389830508474576,1.4659090909090908,0.0,0.0,0.0,0.0
0.06779661016949153,1.4659090909090908,0.0,0.0,0.0,0.0
0.1016949152542373,1.4659090909090908,0.0,0.0,0.0,0.0
0.13559322033898305,1.4659090909090908,0.0,0.0,0.0,0.0
0.1694915254237288,1.4659090909090908,0.0,0.0,0.0,0.0
0.2033898305084746,1.4659090909090908,0.0,0.0,0.0,0.0
0.23728813559322035,1.4659090909090908,0.0,0.0,0.0,0.0
0.2711864406779661,1.4659090909090908,0.0,0.0,0.0,0.0
0.3050847457627119,1.4659090909090908,0.0,0.0,0.0,0.0
0.3389830508474576,1.4659090909090908,0.0,0.0,0.0,0.0
0.3728813559322034,1.4659090909090908,0.0,0.0,0.0,0.0
0.4067796610169492,1.4659090909090908,0.0,0.0,0.0,0.0
0.4406779661016949,1.4659090909090908,0.0,0.0,0.0,0.0
0.4745762711864407,1.4659090909090908,0.0,0.0,0.0,0.0
0.5084745762711864,1.4659090909090908,0.0,0.0,0.0,0.0
0.5423728813559322,1.4659090909090908,0.0,0.0,0.0,0.0
0.576271186440678,1.4659090909090908,0.0,0.0,0.0,0.0
0.6101694915254238,1.4659090909090908,0.0,0.0,0.0,0.0
0.6440677966101694,1.4659090909090908,0.0,0.0,0.0,0.0
0.6779661016949152,1.4659090909090908,0.0,0.0,0.0,0.0
0.711864406779661,1.4659090909090908,0.0,0.0,0.0,0.0
0.7457627118644068,1.4659090909090908,0.0,0.0,0.0,0.0
0.7796610169491526,1.4659090909090908,0.0,0.0,0.0,0.0
0.8135593220338984,1.4659090909090908,0.0,0.0,0.0,0.0
0.847457627118644,1.4659090909090908,0.0,0.0,0.0,0.0
0.8813559322033898,1.4659090909090908,0.0,0.0,0.0,0.0
0.9152542372881356,1.4659090909090908,0.0,0.0,0.0,0.0
0.9491525423728814,1.4659090909090908,0.0,0.0,0.0,0.0
0.9830508474576272,1.4659090909090908,0.0,0.0,0.0,0.0
1.0169491525423728,1.4659090909090908,0.0,0.0,0.0,0.0
1.0508474576271187,1.4659090909090908,0.0,0.0,0.0,0.0
1.0847457627118644,1.4659090909090908,0.0,0.0,0.0,0.0
1.11864406779661,1.4659090909090908,0.0,0.0,0.0,0.0
1.152542372881356,1.4659090909090908,0.0,0.0,0.0,0.0
1.1864406779661016,1.4659090909090908,0.0,0.0,0.0,0.0
1.2203389830508475,1.4659090909090908,0.0,0.0,0.0,0.0
1.2542372881355932,1.4659090909090908,0.0,0.0,0.0,0.0
1.2881355932203389,1.4659090909090908,0.0,0.0,0.0,0.0
1.3220338983050848,1.4659090909090908,0.0,0.0,0.0,0.0
1.3559322033898304,1.4659090909090908,0.0,0.0,0.0,0.0
1.3898305084745763,1.4659090909090908,0.0,0.0,0.0,0.0
1.423728813559322,1.4659090909090908,0.0,0.0,0.0,0.0
1.4576271186440677,1.4659090909090908,0.0,0.0,0.0,0.0
1.4915254237288136,1.4659090909090908,0.0,0.0,0.0,0.0
1.5254237288135593,1.4659090909090908,0.0,0.0,0.0,0.0
1.5593220338983051,1.4659090909090908,0.0,0.0,0.0,0.0
1.5932203389830508,1.4659090909090908,0.0,0.0,0.0,0.0
1.6271186440677967,1.4659090909090908,0.0,0.0,0.0,0.0
1.6610169491525424,1.4659090909090908,0.0,0.0,0.0,0.0
1.694915254237288,1.4659090909090908,0.0,0.0,0.0,0.0
1.728813559322034,1.4659090909090908,0.0,0.0,0.0,0.0
1.7627118644067796,1.4659090909090908,0.0,0.0,0.0,0.0
1.7966101694915255,1.4659090909090908,0.0,0.0,0.0,0.0
1.8305084745762712,1.4659090909090908,0.0,0.0,0.0,0.0
1.8644067796610169,1.4659090909090908,0.0,0.0,0.0,0.0
1.8983050847457628,1.4659090909090908,0.0,0.0,0.0,0.0
1.9322033898305084,1.4659090909090908,0.0,0.0,0.0,0.0
1.9661016949152543,1.4659090909090908,0.0,0.0,0.0,0.0
2.0,1.4659090909090908,0.0,0.0,0.0,0.0
0.0,1.5,0.0,0.0,0.0,0.0
0.03389830508474576,1.5,0.0,0.0,0.0,0.0
0.06779661016949153,1.5,0.0,0.0,0.0,0.0
0.1016949152542373,1.5,0.0,0.0,0.0,0.0
0.13559322033898305,1.5,0.0,0.0,0.0,0.0
0.1694915254237288,1.5,0.0,0.0,0.0,0.0
0.2033898305084746,1.5,0.0,0.0,0.0,0.0
0.23728813559322035,1.5,0.0,0.0,0.0,0.0
0.2711864406779661,1.5,0.0,0.0,0.0,0.0
0.3050847457627119,1.5,0.0,0.0,0.0,0.0
0.3389830508474576,1.5,0.0,0.0,0.0,0.0
0.3728813559322034,1.5,0.0,0.0,0.0,0.0
0.4067796610169492,1.5,0.0,0.0,0.0,0.0
0.4406779661016949,1.5,0.0,0.0,0.0,0.0
0.4745762711864407,1.5,0.0,0.0,0.0,0.0
0.5084745762711864,1.5,0.0,0.0,0.0,0.0
0.5423728813559322,1.5,0.0,0.0,0.0,0.0
0.576271186440678,1.5,0.0,0.0,0.0,0.0
0.6101694915254238,1.5,0.0,0.0,0.0,0.0
0.6440677966101694,1.5,0.0,0.0,0.0,0.0
0.6779661016949152,1.5,0.0,0.0,0.0,0.0
0.711864406779661,1.5,0.0,0.0,0.0,0.0
0.7457627118644068,1.5,0.0,0.0,0.0,0.0
0.7796610169491526,1.5,0.0,0.0,0.0,0.0
0.8135593220338984,1.5,0.0,0.0,0.0,0.0
0.847457627118644,1.5,0.0,0.0,0.0,0.0
0.8813559322033898,1.5,0.0,0.0,0.0,0.0
0.9152542372881356,1.5,0.0,0.0,0.0,0.0
0.9491525423728814,1.5,0.0,0.0,0.0,0.0
0.9830508474576272,1.5,0.0,0.0,0.0,0.0
1.0169491525423728,1.5,0.0,0.0,0.0,0.0
1.0508474576271187,1.5,0.0,0.0,0.0,0.0
1.0847457627118644,1.5,0.0,0.0,0.0,0.0
1.11864406779661,1.5,0.0,0.0,0.0,0.0
1.152542372881356,1.5,0.0,0.0,0.0,0.0
1.1864406779661016,1.5,0.0,0.0,0.0,0.0
1.2203389830508475,1.5,0.0,0.0,0.0,0.0
1.2542372881355932,1.5,0.0,0.0,0.0,0.0
1.2881355932203389,1.5,0.0,0.0,0.0,0.0
1.3220338983050848,1.5,0.0,0.0,0.0,0.0
1.3559322033898304,1.5,0.0,0.0,0.0,0.0
1.3898305084745763,1.5,0.0,0.0,0.0,0.0
1.423728813559322,1.5,0.0,0.0,0.0,0.0
1.4576271186440677,1.5,0.0,0.0,0.0,0.0
1.4915254237288136,1.5,0.0,0.0,0.0,0.0
1.5254237288135593,1.5,0.0,0.0,0.0,0.0
1.5593220338983051,1.5,0.0,0.0,0.0,0.0
1.5932203389830508,1.5,0.0,0.0,0.0,0.0
1.6271186440677967,1.5,0.0,0.0,0.0,0.0
1.6610169491525424,1.5,0.0,0.0,0.0,0.0
1.694915254237288,1.5,0.0,0.0,0.0,0.0
1.728813559322034,1.5,0.0,0.0,0.0,0.0
1.7627118644067796,1.5,0.0,0.0,0.0,0.0
1.7966101694915255,1.5,0.0,0.0,0.0,0.0
1.8305084745762712,1.5,0.0,0.0,0.0,0.0
1.8644067796610169,1.5,0.0,0.0,0.0,0.0
1.8983050847457628,1.5,0.0,0.0,0.0,0.0
1.9322033898305084,1.5,0.0,0.0,0.0,0.0
1.9661016949152543,1.5,0.0,0.0,0.0,0.0
2.0,1.5,0.0,0.0,0.0,0.0
